timestamp;buyer;seller;symbol;currency;price;quantity
0;;TAKER;INTARIAN_PEPPER_ROOT;XIRECS;11992.0;2
0;;TAKER;ASH_COATED_OSMIUM;XIRECS;9988.0;5
200;TAKER;;INTARIAN_PEPPER_ROOT;XIRECS;12006.0;13
300;TAKER;;INTARIAN_PEPPER_ROOT;XIRECS;12006.0;12
300;;TAKER;ASH_COATED_OSMIUM;XIRECS;9988.0;8
600;;TAKER;INTARIAN_PEPPER_ROOT;XIRECS;11991.0;9
700;;TAKER;ASH_COATED_OSMIUM;XIRECS;9987.0;13
800;;TAKER;ASH_COATED_OSMIUM;XIRECS;9993.0;9
1100;;TAKER;INTARIAN_PEPPER_ROOT;XIRECS;11992.0;10
1300;;TAKER;INTARIAN_PEPPER_ROOT;XIRECS;11993.0;10
1500;TAKER;;INTARIAN_PEPPER_ROOT;XIRECS;12006.0;3
1500;TAKER;;ASH_COATED_OSMIUM;XIRECS;10008.0;5
1600;TAKER;;INTARIAN_PEPPER_ROOT;XIRECS;12008.0;10
1600;;TAKER;ASH_COATED_OSMIUM;XIRECS;9994.0;3
1900;;TAKER;INTARIAN_PEPPER_ROOT;XIRECS;11994.0;14
1900;;TAKER;ASH_COATED_OSMIUM;XIRECS;9991.0;12
2000;TAKER;;ASH_COATED_OSMIUM;XIRECS;10007.0;9
2100;TAKER;;INTARIAN_PEPPER_ROOT;XIRECS;12007.0;4
2100;TAKER;;ASH_COATED_OSMIUM;XIRECS;10010.0;7
2200;;TAKER;INTARIAN_PEPPER_ROOT;XIRECS;11992.0;12
2200;TAKER;;ASH_COATED_OSMIUM;XIRECS;10007.0;4
2400;TAKER;;ASH_COATED_OSMIUM;XIRECS;10008.0;6
2800;TAKER;;INTARIAN_PEPPER_ROOT;XIRECS;12008.0;10
2900;TAKER;;ASH_COATED_OSMIUM;XIRECS;10007.0;7
3500;;TAKER;INTARIAN_PEPPER_ROOT;XIRECS;11994.0;4
3700;;TAKER;INTARIAN_PEPPER_ROOT;XIRECS;11993.0;5
4100;;TAKER;INTARIAN_PEPPER_ROOT;XIRECS;11990.0;9
4100;;TAKER;ASH_COATED_OSMIUM;XIRECS;9988.0;6
4200;;TAKER;INTARIAN_PEPPER_ROOT;XIRECS;11992.0;6
4200;;TAKER;ASH_COATED_OSMIUM;XIRECS;9992.0;13
4500;TAKER;;ASH_COATED_OSMIUM;XIRECS;10009.0;8
4600;TAKER;;INTARIAN_PEPPER_ROOT;XIRECS;12006.0;14
4900;TAKER;;ASH_COATED_OSMIUM;XIRECS;10009.0;9
5000;TAKER;;INTARIAN_PEPPER_ROOT;XIRECS;12007.0;15
5200;TAKER;;ASH_COATED_OSMIUM;XIRECS;10011.0;9
5700;TAKER;;INTARIAN_PEPPER_ROOT;XIRECS;12007.0;2
5800;;TAKER;INTARIAN_PEPPER_ROOT;XIRECS;11991.0;14
5900;;TAKER;INTARIAN_PEPPER_ROOT;XIRECS;11994.0;11
6600;TAKER;;INTARIAN_PEPPER_ROOT;XIRECS;12007.0;15
6900;TAKER;;ASH_COATED_OSMIUM;XIRECS;10007.0;7
7000;TAKER;;ASH_COATED_OSMIUM;XIRECS;10003.0;8
7600;;TAKER;INTARIAN_PEPPER_ROOT;XIRECS;11992.0;4
7600;;TAKER;ASH_COATED_OSMIUM;XIRECS;9992.0;3
7700;;TAKER;INTARIAN_PEPPER_ROOT;XIRECS;11993.0;14
8400;TAKER;;INTARIAN_PEPPER_ROOT;XIRECS;12007.0;12
8600;;TAKER;ASH_COATED_OSMIUM;XIRECS;9994.0;12
8900;;TAKER;ASH_COATED_OSMIUM;XIRECS;9988.0;10
9000;TAKER;;INTARIAN_PEPPER_ROOT;XIRECS;12005.0;11
9000;;TAKER;ASH_COATED_OSMIUM;XIRECS;9993.0;10
9100;TAKER;;INTARIAN_PEPPER_ROOT;XIRECS;12008.0;4
9400;;TAKER;INTARIAN_PEPPER_ROOT;XIRECS;11989.0;2
9500;;TAKER;ASH_COATED_OSMIUM;XIRECS;9990.0;10
9600;TAKER;;INTARIAN_PEPPER_ROOT;XIRECS;12007.0;3
9800;;TAKER;INTARIAN_PEPPER_ROOT;XIRECS;11994.0;6
10000;;TAKER;ASH_COATED_OSMIUM;XIRECS;9993.0;9
10100;;TAKER;ASH_COATED_OSMIUM;XIRECS;9988.0;9
10300;;TAKER;ASH_COATED_OSMIUM;XIRECS;9996.0;12
10500;TAKER;;ASH_COATED_OSMIUM;XIRECS;10006.0;11
10600;TAKER;;ASH_COATED_OSMIUM;XIRECS;10008.0;13
10800;TAKER;;INTARIAN_PEPPER_ROOT;XIRECS;12005.0;2
11000;TAKER;;ASH_COATED_OSMIUM;XIRECS;10009.0;2
11100;;TAKER;ASH_COATED_OSMIUM;XIRECS;9993.0;4
11200;TAKER;;ASH_COATED_OSMIUM;XIRECS;10009.0;2
11400;TAKER;;ASH_COATED_OSMIUM;XIRECS;10010.0;12
11600;;TAKER;INTARIAN_PEPPER_ROOT;XIRECS;11991.0;4
12000;TAKER;;ASH_COATED_OSMIUM;XIRECS;10006.0;13
12200;TAKER;;ASH_COATED_OSMIUM;XIRECS;10005.0;14
12300;TAKER;;INTARIAN_PEPPER_ROOT;XIRECS;12004.0;2
12400;TAKER;;INTARIAN_PEPPER_ROOT;XIRECS;12007.0;10
12800;;TAKER;ASH_COATED_OSMIUM;XIRECS;9992.0;4
12900;;TAKER;ASH_COATED_OSMIUM;XIRECS;9989.0;6
13100;TAKER;;ASH_COATED_OSMIUM;XIRECS;10010.0;12
13200;TAKER;;ASH_COATED_OSMIUM;XIRECS;10011.0;2
13700;TAKER;;ASH_COATED_OSMIUM;XIRECS;10005.0;12
13800;TAKER;;INTARIAN_PEPPER_ROOT;XIRECS;12005.0;7
13900;;TAKER;ASH_COATED_OSMIUM;XIRECS;9986.0;3
14000;;TAKER;ASH_COATED_OSMIUM;XIRECS;9992.0;2
14500;;TAKER;INTARIAN_PEPPER_ROOT;XIRECS;11992.0;9
14600;TAKER;;INTARIAN_PEPPER_ROOT;XIRECS;12006.0;4
14800;;TAKER;INTARIAN_PEPPER_ROOT;XIRECS;11990.0;5
14900;;TAKER;ASH_COATED_OSMIUM;XIRECS;9990.0;12
15000;TAKER;;ASH_COATED_OSMIUM;XIRECS;10003.0;2
15200;;TAKER;ASH_COATED_OSMIUM;XIRECS;9991.0;7
15800;;TAKER;INTARIAN_PEPPER_ROOT;XIRECS;11990.0;15
15900;TAKER;;ASH_COATED_OSMIUM;XIRECS;10006.0;8
16000;;TAKER;INTARIAN_PEPPER_ROOT;XIRECS;11988.0;5
16100;TAKER;;ASH_COATED_OSMIUM;XIRECS;10013.0;6
16300;;TAKER;INTARIAN_PEPPER_ROOT;XIRECS;11991.0;12
16400;;TAKER;INTARIAN_PEPPER_ROOT;XIRECS;11992.0;9
16600;;TAKER;INTARIAN_PEPPER_ROOT;XIRECS;11990.0;7
16700;;TAKER;INTARIAN_PEPPER_ROOT;XIRECS;11993.0;11
16800;TAKER;;INTARIAN_PEPPER_ROOT;XIRECS;12003.0;11
16800;TAKER;;ASH_COATED_OSMIUM;XIRECS;10007.0;10
16900;TAKER;;ASH_COATED_OSMIUM;XIRECS;10008.0;4
17000;;TAKER;INTARIAN_PEPPER_ROOT;XIRECS;11993.0;3
17300;;TAKER;ASH_COATED_OSMIUM;XIRECS;9987.0;15
17400;TAKER;;INTARIAN_PEPPER_ROOT;XIRECS;12003.0;15
17500;;TAKER;ASH_COATED_OSMIUM;XIRECS;9991.0;6
17600;TAKER;;ASH_COATED_OSMIUM;XIRECS;10008.0;10
17700;TAKER;;INTARIAN_PEPPER_ROOT;XIRECS;12004.0;7
18200;TAKER;;INTARIAN_PEPPER_ROOT;XIRECS;12006.0;5
18400;;TAKER;ASH_COATED_OSMIUM;XIRECS;9993.0;2
18500;;TAKER;INTARIAN_PEPPER_ROOT;XIRECS;11991.0;8
18700;TAKER;;INTARIAN_PEPPER_ROOT;XIRECS;12005.0;15
19000;;TAKER;INTARIAN_PEPPER_ROOT;XIRECS;11991.0;12
19100;TAKER;;ASH_COATED_OSMIUM;XIRECS;10008.0;11
19300;;TAKER;INTARIAN_PEPPER_ROOT;XIRECS;11991.0;11
19300;;TAKER;ASH_COATED_OSMIUM;XIRECS;9990.0;6
19400;;TAKER;ASH_COATED_OSMIUM;XIRECS;9989.0;10
19500;TAKER;;INTARIAN_PEPPER_ROOT;XIRECS;12005.0;12
19600;;TAKER;ASH_COATED_OSMIUM;XIRECS;9989.0;5
20000;TAKER;;INTARIAN_PEPPER_ROOT;XIRECS;12004.0;11
20100;TAKER;;INTARIAN_PEPPER_ROOT;XIRECS;12005.0;13
20200;;TAKER;INTARIAN_PEPPER_ROOT;XIRECS;11990.0;11
20500;;TAKER;INTARIAN_PEPPER_ROOT;XIRECS;11990.0;12
20900;;TAKER;INTARIAN_PEPPER_ROOT;XIRECS;11988.0;12
21400;TAKER;;INTARIAN_PEPPER_ROOT;XIRECS;12005.0;9
21500;;TAKER;ASH_COATED_OSMIUM;XIRECS;9997.0;7
21700;;TAKER;ASH_COATED_OSMIUM;XIRECS;9994.0;12
21800;;TAKER;INTARIAN_PEPPER_ROOT;XIRECS;11991.0;15
22100;;TAKER;ASH_COATED_OSMIUM;XIRECS;9989.0;9
22400;TAKER;;ASH_COATED_OSMIUM;XIRECS;10010.0;9
22900;;TAKER;INTARIAN_PEPPER_ROOT;XIRECS;11991.0;5
22900;;TAKER;ASH_COATED_OSMIUM;XIRECS;9992.0;3
23100;;TAKER;ASH_COATED_OSMIUM;XIRECS;9995.0;13
23200;;TAKER;INTARIAN_PEPPER_ROOT;XIRECS;11990.0;12
23300;TAKER;;ASH_COATED_OSMIUM;XIRECS;10008.0;11
23500;;TAKER;ASH_COATED_OSMIUM;XIRECS;9988.0;11
23700;TAKER;;INTARIAN_PEPPER_ROOT;XIRECS;12005.0;8
23700;TAKER;;ASH_COATED_OSMIUM;XIRECS;10010.0;12
23900;;TAKER;ASH_COATED_OSMIUM;XIRECS;9991.0;9
24100;;TAKER;INTARIAN_PEPPER_ROOT;XIRECS;11990.0;10
24300;TAKER;;ASH_COATED_OSMIUM;XIRECS;10008.0;15
24500;TAKER;;INTARIAN_PEPPER_ROOT;XIRECS;12002.0;10
24600;;TAKER;INTARIAN_PEPPER_ROOT;XIRECS;11989.0;5
24800;TAKER;;ASH_COATED_OSMIUM;XIRECS;10009.0;13
24900;TAKER;;ASH_COATED_OSMIUM;XIRECS;10009.0;3
25000;TAKER;;INTARIAN_PEPPER_ROOT;XIRECS;12005.0;9
25000;;TAKER;ASH_COATED_OSMIUM;XIRECS;9988.0;2
25300;;TAKER;INTARIAN_PEPPER_ROOT;XIRECS;11991.0;9
25300;;TAKER;ASH_COATED_OSMIUM;XIRECS;9992.0;13
25700;;TAKER;ASH_COATED_OSMIUM;XIRECS;9989.0;15
25800;;TAKER;INTARIAN_PEPPER_ROOT;XIRECS;11989.0;6
25900;;TAKER;ASH_COATED_OSMIUM;XIRECS;9990.0;2
26000;;TAKER;ASH_COATED_OSMIUM;XIRECS;9992.0;7
26200;TAKER;;ASH_COATED_OSMIUM;XIRECS;10005.0;5
26300;TAKER;;ASH_COATED_OSMIUM;XIRECS;10007.0;8
26400;TAKER;;INTARIAN_PEPPER_ROOT;XIRECS;12004.0;2
26500;;TAKER;ASH_COATED_OSMIUM;XIRECS;9994.0;6
26700;TAKER;;INTARIAN_PEPPER_ROOT;XIRECS;12004.0;13
26700;;TAKER;ASH_COATED_OSMIUM;XIRECS;9993.0;14
27000;TAKER;;INTARIAN_PEPPER_ROOT;XIRECS;12004.0;4
27000;;TAKER;ASH_COATED_OSMIUM;XIRECS;9989.0;11
27200;TAKER;;INTARIAN_PEPPER_ROOT;XIRECS;12002.0;3
27400;;TAKER;ASH_COATED_OSMIUM;XIRECS;9990.0;11
27800;;TAKER;ASH_COATED_OSMIUM;XIRECS;9990.0;7
27900;;TAKER;ASH_COATED_OSMIUM;XIRECS;9991.0;11
28100;;TAKER;INTARIAN_PEPPER_ROOT;XIRECS;11991.0;4
28200;;TAKER;ASH_COATED_OSMIUM;XIRECS;9989.0;13
28700;TAKER;;INTARIAN_PEPPER_ROOT;XIRECS;12005.0;13
29000;TAKER;;ASH_COATED_OSMIUM;XIRECS;10006.0;6
29200;TAKER;;INTARIAN_PEPPER_ROOT;XIRECS;12004.0;13
29300;TAKER;;ASH_COATED_OSMIUM;XIRECS;10007.0;2
29500;;TAKER;ASH_COATED_OSMIUM;XIRECS;9986.0;14
29600;TAKER;;ASH_COATED_OSMIUM;XIRECS;10011.0;12
29700;;TAKER;INTARIAN_PEPPER_ROOT;XIRECS;11989.0;9
30100;TAKER;;ASH_COATED_OSMIUM;XIRECS;10010.0;3
30500;;TAKER;ASH_COATED_OSMIUM;XIRECS;9991.0;11
30600;TAKER;;INTARIAN_PEPPER_ROOT;XIRECS;12004.0;13
30800;TAKER;;ASH_COATED_OSMIUM;XIRECS;10008.0;15
31000;TAKER;;INTARIAN_PEPPER_ROOT;XIRECS;12004.0;7
31200;TAKER;;ASH_COATED_OSMIUM;XIRECS;10008.0;5
31300;TAKER;;INTARIAN_PEPPER_ROOT;XIRECS;12002.0;12
31500;TAKER;;ASH_COATED_OSMIUM;XIRECS;10008.0;9
31600;;TAKER;ASH_COATED_OSMIUM;XIRECS;9990.0;3
31700;;TAKER;INTARIAN_PEPPER_ROOT;XIRECS;11989.0;12
31800;;TAKER;INTARIAN_PEPPER_ROOT;XIRECS;11989.0;5
32000;TAKER;;INTARIAN_PEPPER_ROOT;XIRECS;12003.0;13
32400;TAKER;;INTARIAN_PEPPER_ROOT;XIRECS;12002.0;8
32700;;TAKER;INTARIAN_PEPPER_ROOT;XIRECS;11987.0;7
32700;;TAKER;ASH_COATED_OSMIUM;XIRECS;9993.0;13
33100;TAKER;;ASH_COATED_OSMIUM;XIRECS;10008.0;14
33300;;TAKER;ASH_COATED_OSMIUM;XIRECS;9991.0;6
33600;TAKER;;INTARIAN_PEPPER_ROOT;XIRECS;12005.0;6
33600;;TAKER;ASH_COATED_OSMIUM;XIRECS;9988.0;4
33700;TAKER;;INTARIAN_PEPPER_ROOT;XIRECS;12001.0;5
33800;TAKER;;ASH_COATED_OSMIUM;XIRECS;10007.0;13
33900;TAKER;;INTARIAN_PEPPER_ROOT;XIRECS;12004.0;2
34000;;TAKER;INTARIAN_PEPPER_ROOT;XIRECS;11991.0;8
34200;TAKER;;ASH_COATED_OSMIUM;XIRECS;10010.0;13
34500;;TAKER;ASH_COATED_OSMIUM;XIRECS;9990.0;3
34600;TAKER;;ASH_COATED_OSMIUM;XIRECS;10010.0;10
34700;TAKER;;INTARIAN_PEPPER_ROOT;XIRECS;12000.0;9
34700;;TAKER;ASH_COATED_OSMIUM;XIRECS;9988.0;5
34800;;TAKER;INTARIAN_PEPPER_ROOT;XIRECS;11988.0;5
34900;;TAKER;ASH_COATED_OSMIUM;XIRECS;9989.0;5
35200;;TAKER;ASH_COATED_OSMIUM;XIRECS;9990.0;11
35300;;TAKER;ASH_COATED_OSMIUM;XIRECS;9992.0;15
35400;;TAKER;INTARIAN_PEPPER_ROOT;XIRECS;11990.0;4
35600;;TAKER;INTARIAN_PEPPER_ROOT;XIRECS;11988.0;15
35700;TAKER;;ASH_COATED_OSMIUM;XIRECS;10008.0;11
35900;TAKER;;INTARIAN_PEPPER_ROOT;XIRECS;12002.0;12
36400;;TAKER;INTARIAN_PEPPER_ROOT;XIRECS;11989.0;11
36500;TAKER;;ASH_COATED_OSMIUM;XIRECS;10006.0;13
36800;;TAKER;ASH_COATED_OSMIUM;XIRECS;9990.0;12
37100;;TAKER;ASH_COATED_OSMIUM;XIRECS;9992.0;11
37200;;TAKER;INTARIAN_PEPPER_ROOT;XIRECS;11987.0;13
37500;TAKER;;ASH_COATED_OSMIUM;XIRECS;10009.0;12
37800;;TAKER;ASH_COATED_OSMIUM;XIRECS;9993.0;10
38000;;TAKER;ASH_COATED_OSMIUM;XIRECS;9992.0;3
38100;TAKER;;ASH_COATED_OSMIUM;XIRECS;10008.0;11
38300;TAKER;;INTARIAN_PEPPER_ROOT;XIRECS;12003.0;8
38400;;TAKER;INTARIAN_PEPPER_ROOT;XIRECS;11989.0;4
38500;TAKER;;ASH_COATED_OSMIUM;XIRECS;10008.0;6
38700;TAKER;;INTARIAN_PEPPER_ROOT;XIRECS;12002.0;4
38700;TAKER;;ASH_COATED_OSMIUM;XIRECS;10011.0;10
38800;;TAKER;INTARIAN_PEPPER_ROOT;XIRECS;11988.0;14
38800;TAKER;;ASH_COATED_OSMIUM;XIRECS;10006.0;11
38900;TAKER;;INTARIAN_PEPPER_ROOT;XIRECS;12003.0;5
38900;TAKER;;ASH_COATED_OSMIUM;XIRECS;10010.0;10
39200;;TAKER;INTARIAN_PEPPER_ROOT;XIRECS;11989.0;13
39300;TAKER;;INTARIAN_PEPPER_ROOT;XIRECS;12001.0;14
39500;;TAKER;INTARIAN_PEPPER_ROOT;XIRECS;11990.0;12
39900;TAKER;;INTARIAN_PEPPER_ROOT;XIRECS;12003.0;13
40600;TAKER;;ASH_COATED_OSMIUM;XIRECS;10010.0;12
40800;;TAKER;INTARIAN_PEPPER_ROOT;XIRECS;11987.0;15
40900;;TAKER;ASH_COATED_OSMIUM;XIRECS;9991.0;11
41300;;TAKER;INTARIAN_PEPPER_ROOT;XIRECS;11990.0;10
41400;;TAKER;ASH_COATED_OSMIUM;XIRECS;9988.0;9
41500;;TAKER;INTARIAN_PEPPER_ROOT;XIRECS;11988.0;10
41700;;TAKER;ASH_COATED_OSMIUM;XIRECS;9989.0;9
41800;TAKER;;ASH_COATED_OSMIUM;XIRECS;10007.0;9
41900;;TAKER;INTARIAN_PEPPER_ROOT;XIRECS;11987.0;6
42000;;TAKER;INTARIAN_PEPPER_ROOT;XIRECS;11988.0;11
42200;;TAKER;ASH_COATED_OSMIUM;XIRECS;9991.0;3
42500;;TAKER;INTARIAN_PEPPER_ROOT;XIRECS;11989.0;10
42600;;TAKER;INTARIAN_PEPPER_ROOT;XIRECS;11988.0;3
42700;;TAKER;INTARIAN_PEPPER_ROOT;XIRECS;11989.0;6
42700;TAKER;;ASH_COATED_OSMIUM;XIRECS;10008.0;10
42800;TAKER;;ASH_COATED_OSMIUM;XIRECS;10009.0;7
43300;;TAKER;ASH_COATED_OSMIUM;XIRECS;9992.0;9
43500;TAKER;;ASH_COATED_OSMIUM;XIRECS;10006.0;12
43600;;TAKER;INTARIAN_PEPPER_ROOT;XIRECS;11989.0;4
43700;TAKER;;INTARIAN_PEPPER_ROOT;XIRECS;12001.0;15
43700;TAKER;;ASH_COATED_OSMIUM;XIRECS;10012.0;2
44000;TAKER;;INTARIAN_PEPPER_ROOT;XIRECS;12003.0;15
44100;;TAKER;INTARIAN_PEPPER_ROOT;XIRECS;11987.0;2
44600;;TAKER;ASH_COATED_OSMIUM;XIRECS;9990.0;7
44800;TAKER;;ASH_COATED_OSMIUM;XIRECS;10006.0;12
44900;;TAKER;INTARIAN_PEPPER_ROOT;XIRECS;11989.0;6
45100;TAKER;;ASH_COATED_OSMIUM;XIRECS;10006.0;3
45200;TAKER;;ASH_COATED_OSMIUM;XIRECS;10008.0;11
45500;;TAKER;ASH_COATED_OSMIUM;XIRECS;9991.0;11
45600;TAKER;;ASH_COATED_OSMIUM;XIRECS;10006.0;10
46100;TAKER;;INTARIAN_PEPPER_ROOT;XIRECS;12002.0;12
46100;TAKER;;ASH_COATED_OSMIUM;XIRECS;10006.0;3
46500;;TAKER;INTARIAN_PEPPER_ROOT;XIRECS;11989.0;5
46700;TAKER;;INTARIAN_PEPPER_ROOT;XIRECS;12002.0;8
47100;TAKER;;INTARIAN_PEPPER_ROOT;XIRECS;12002.0;7
47400;TAKER;;ASH_COATED_OSMIUM;XIRECS;10009.0;12
47500;TAKER;;INTARIAN_PEPPER_ROOT;XIRECS;12003.0;12
47500;TAKER;;ASH_COATED_OSMIUM;XIRECS;10008.0;8
47600;;TAKER;ASH_COATED_OSMIUM;XIRECS;9987.0;10
47800;TAKER;;ASH_COATED_OSMIUM;XIRECS;10007.0;15
47900;TAKER;;INTARIAN_PEPPER_ROOT;XIRECS;12002.0;11
48000;;TAKER;INTARIAN_PEPPER_ROOT;XIRECS;11989.0;3
48000;TAKER;;ASH_COATED_OSMIUM;XIRECS;10005.0;5
48200;;TAKER;INTARIAN_PEPPER_ROOT;XIRECS;11986.0;3
48300;;TAKER;INTARIAN_PEPPER_ROOT;XIRECS;11988.0;6
48300;TAKER;;ASH_COATED_OSMIUM;XIRECS;10009.0;14
48800;;TAKER;ASH_COATED_OSMIUM;XIRECS;9993.0;9
49000;TAKER;;INTARIAN_PEPPER_ROOT;XIRECS;12001.0;8
49000;TAKER;;ASH_COATED_OSMIUM;XIRECS;10008.0;8
49100;;TAKER;ASH_COATED_OSMIUM;XIRECS;9989.0;5
49700;TAKER;;ASH_COATED_OSMIUM;XIRECS;10007.0;10
49800;TAKER;;INTARIAN_PEPPER_ROOT;XIRECS;12002.0;15
49900;;TAKER;INTARIAN_PEPPER_ROOT;XIRECS;11987.0;12
50000;TAKER;;INTARIAN_PEPPER_ROOT;XIRECS;12000.0;8
50000;TAKER;;ASH_COATED_OSMIUM;XIRECS;10010.0;4
50100;TAKER;;INTARIAN_PEPPER_ROOT;XIRECS;11998.0;2
50200;;TAKER;ASH_COATED_OSMIUM;XIRECS;9990.0;13
50300;;TAKER;ASH_COATED_OSMIUM;XIRECS;9996.0;15
50600;TAKER;;INTARIAN_PEPPER_ROOT;XIRECS;12002.0;13
50900;;TAKER;INTARIAN_PEPPER_ROOT;XIRECS;11989.0;2
50900;;TAKER;ASH_COATED_OSMIUM;XIRECS;9990.0;11
51000;;TAKER;INTARIAN_PEPPER_ROOT;XIRECS;11989.0;7
51100;;TAKER;INTARIAN_PEPPER_ROOT;XIRECS;11989.0;9
51100;;TAKER;ASH_COATED_OSMIUM;XIRECS;9989.0;5
51200;;TAKER;ASH_COATED_OSMIUM;XIRECS;9992.0;11
51300;;TAKER;ASH_COATED_OSMIUM;XIRECS;9990.0;3
51400;TAKER;;ASH_COATED_OSMIUM;XIRECS;10009.0;14
51700;TAKER;;ASH_COATED_OSMIUM;XIRECS;10006.0;11
52100;;TAKER;ASH_COATED_OSMIUM;XIRECS;9989.0;15
52200;TAKER;;INTARIAN_PEPPER_ROOT;XIRECS;12001.0;9
52300;TAKER;;INTARIAN_PEPPER_ROOT;XIRECS;12001.0;2
52300;TAKER;;ASH_COATED_OSMIUM;XIRECS;10007.0;14
52500;;TAKER;INTARIAN_PEPPER_ROOT;XIRECS;11989.0;14
52500;TAKER;;ASH_COATED_OSMIUM;XIRECS;10013.0;4
52800;;TAKER;INTARIAN_PEPPER_ROOT;XIRECS;11986.0;13
52900;;TAKER;INTARIAN_PEPPER_ROOT;XIRECS;11987.0;12
53000;;TAKER;INTARIAN_PEPPER_ROOT;XIRECS;11987.0;6
53200;TAKER;;INTARIAN_PEPPER_ROOT;XIRECS;12000.0;12
53200;;TAKER;ASH_COATED_OSMIUM;XIRECS;9992.0;12
53300;TAKER;;ASH_COATED_OSMIUM;XIRECS;10007.0;13
53400;TAKER;;INTARIAN_PEPPER_ROOT;XIRECS;12003.0;7
53500;TAKER;;INTARIAN_PEPPER_ROOT;XIRECS;12002.0;14
53500;TAKER;;ASH_COATED_OSMIUM;XIRECS;10006.0;5
53600;;TAKER;INTARIAN_PEPPER_ROOT;XIRECS;11988.0;5
53600;;TAKER;ASH_COATED_OSMIUM;XIRECS;9992.0;12
53700;TAKER;;ASH_COATED_OSMIUM;XIRECS;10009.0;9
54000;TAKER;;ASH_COATED_OSMIUM;XIRECS;10006.0;4
54300;;TAKER;INTARIAN_PEPPER_ROOT;XIRECS;11988.0;4
54400;TAKER;;INTARIAN_PEPPER_ROOT;XIRECS;12000.0;10
54400;TAKER;;ASH_COATED_OSMIUM;XIRECS;10011.0;2
54500;TAKER;;INTARIAN_PEPPER_ROOT;XIRECS;12001.0;4
54600;;TAKER;ASH_COATED_OSMIUM;XIRECS;9989.0;8
54800;TAKER;;ASH_COATED_OSMIUM;XIRECS;10003.0;5
54900;;TAKER;INTARIAN_PEPPER_ROOT;XIRECS;11989.0;13
55000;TAKER;;INTARIAN_PEPPER_ROOT;XIRECS;12001.0;10
55200;;TAKER;INTARIAN_PEPPER_ROOT;XIRECS;11988.0;4
55200;TAKER;;ASH_COATED_OSMIUM;XIRECS;10014.0;4
55400;TAKER;;ASH_COATED_OSMIUM;XIRECS;10009.0;6
55500;;TAKER;INTARIAN_PEPPER_ROOT;XIRECS;11989.0;3
55600;;TAKER;ASH_COATED_OSMIUM;XIRECS;9990.0;7
56000;;TAKER;INTARIAN_PEPPER_ROOT;XIRECS;11988.0;11
56100;;TAKER;ASH_COATED_OSMIUM;XIRECS;9990.0;5
56200;TAKER;;INTARIAN_PEPPER_ROOT;XIRECS;12002.0;11
56300;;TAKER;INTARIAN_PEPPER_ROOT;XIRECS;11987.0;14
56300;TAKER;;ASH_COATED_OSMIUM;XIRECS;10008.0;6
56500;;TAKER;ASH_COATED_OSMIUM;XIRECS;9990.0;11
56600;TAKER;;INTARIAN_PEPPER_ROOT;XIRECS;12000.0;9
56600;TAKER;;ASH_COATED_OSMIUM;XIRECS;10012.0;10
57000;;TAKER;INTARIAN_PEPPER_ROOT;XIRECS;11987.0;11
57100;TAKER;;ASH_COATED_OSMIUM;XIRECS;10008.0;9
57200;;TAKER;INTARIAN_PEPPER_ROOT;XIRECS;11986.0;8
57300;;TAKER;INTARIAN_PEPPER_ROOT;XIRECS;11987.0;15
57500;TAKER;;INTARIAN_PEPPER_ROOT;XIRECS;12000.0;4
57800;TAKER;;INTARIAN_PEPPER_ROOT;XIRECS;12001.0;11
58400;;TAKER;INTARIAN_PEPPER_ROOT;XIRECS;11986.0;6
58600;;TAKER;ASH_COATED_OSMIUM;XIRECS;9992.0;10
58700;TAKER;;ASH_COATED_OSMIUM;XIRECS;10010.0;4
58800;TAKER;;INTARIAN_PEPPER_ROOT;XIRECS;12000.0;7
59700;TAKER;;INTARIAN_PEPPER_ROOT;XIRECS;12001.0;2
59700;TAKER;;ASH_COATED_OSMIUM;XIRECS;10007.0;4
59900;;TAKER;INTARIAN_PEPPER_ROOT;XIRECS;11986.0;6
60600;TAKER;;INTARIAN_PEPPER_ROOT;XIRECS;12001.0;11
60600;;TAKER;ASH_COATED_OSMIUM;XIRECS;9990.0;3
61000;;TAKER;INTARIAN_PEPPER_ROOT;XIRECS;11986.0;15
61700;;TAKER;INTARIAN_PEPPER_ROOT;XIRECS;11988.0;5
62000;;TAKER;INTARIAN_PEPPER_ROOT;XIRECS;11986.0;9
62100;;TAKER;ASH_COATED_OSMIUM;XIRECS;9990.0;14
62200;TAKER;;INTARIAN_PEPPER_ROOT;XIRECS;12001.0;4
62200;TAKER;;ASH_COATED_OSMIUM;XIRECS;10009.0;11
62300;;TAKER;ASH_COATED_OSMIUM;XIRECS;9990.0;9
62800;;TAKER;ASH_COATED_OSMIUM;XIRECS;9990.0;4
62900;;TAKER;ASH_COATED_OSMIUM;XIRECS;9991.0;9
63200;TAKER;;INTARIAN_PEPPER_ROOT;XIRECS;12000.0;3
63200;TAKER;;ASH_COATED_OSMIUM;XIRECS;10010.0;8
63300;;TAKER;ASH_COATED_OSMIUM;XIRECS;9987.0;9
63400;;TAKER;ASH_COATED_OSMIUM;XIRECS;9992.0;4
63500;TAKER;;INTARIAN_PEPPER_ROOT;XIRECS;12002.0;5
63600;TAKER;;ASH_COATED_OSMIUM;XIRECS;10009.0;12
63800;;TAKER;INTARIAN_PEPPER_ROOT;XIRECS;11986.0;15
63800;;TAKER;ASH_COATED_OSMIUM;XIRECS;9994.0;8
63900;TAKER;;INTARIAN_PEPPER_ROOT;XIRECS;12001.0;2
63900;TAKER;;ASH_COATED_OSMIUM;XIRECS;10011.0;9
64000;TAKER;;INTARIAN_PEPPER_ROOT;XIRECS;12000.0;6
64300;TAKER;;INTARIAN_PEPPER_ROOT;XIRECS;11998.0;5
64400;;TAKER;ASH_COATED_OSMIUM;XIRECS;9989.0;2
64700;TAKER;;INTARIAN_PEPPER_ROOT;XIRECS;12000.0;4
64800;;TAKER;ASH_COATED_OSMIUM;XIRECS;9992.0;4
65000;;TAKER;ASH_COATED_OSMIUM;XIRECS;9993.0;6
65300;TAKER;;INTARIAN_PEPPER_ROOT;XIRECS;12000.0;13
65400;TAKER;;INTARIAN_PEPPER_ROOT;XIRECS;12001.0;10
65600;TAKER;;INTARIAN_PEPPER_ROOT;XIRECS;11999.0;9
65700;;TAKER;INTARIAN_PEPPER_ROOT;XIRECS;11985.0;2
65700;TAKER;;ASH_COATED_OSMIUM;XIRECS;10009.0;14
65800;;TAKER;ASH_COATED_OSMIUM;XIRECS;9995.0;15
65900;;TAKER;ASH_COATED_OSMIUM;XIRECS;9989.0;2
66000;;TAKER;INTARIAN_PEPPER_ROOT;XIRECS;11985.0;12
66600;TAKER;;ASH_COATED_OSMIUM;XIRECS;10006.0;3
66700;TAKER;;ASH_COATED_OSMIUM;XIRECS;10012.0;4
66900;TAKER;;ASH_COATED_OSMIUM;XIRECS;10008.0;8
67000;TAKER;;INTARIAN_PEPPER_ROOT;XIRECS;12001.0;10
67400;TAKER;;ASH_COATED_OSMIUM;XIRECS;10007.0;4
67500;TAKER;;INTARIAN_PEPPER_ROOT;XIRECS;12000.0;14
67800;TAKER;;INTARIAN_PEPPER_ROOT;XIRECS;12001.0;10
67900;TAKER;;ASH_COATED_OSMIUM;XIRECS;10007.0;11
68000;;TAKER;ASH_COATED_OSMIUM;XIRECS;9990.0;15
68100;TAKER;;INTARIAN_PEPPER_ROOT;XIRECS;11999.0;8
68400;;TAKER;INTARIAN_PEPPER_ROOT;XIRECS;11987.0;4
68500;TAKER;;ASH_COATED_OSMIUM;XIRECS;10008.0;15
68700;TAKER;;INTARIAN_PEPPER_ROOT;XIRECS;12000.0;8
68800;;TAKER;ASH_COATED_OSMIUM;XIRECS;9991.0;7
68900;TAKER;;INTARIAN_PEPPER_ROOT;XIRECS;12000.0;8
68900;;TAKER;ASH_COATED_OSMIUM;XIRECS;9989.0;9
69400;TAKER;;INTARIAN_PEPPER_ROOT;XIRECS;11998.0;2
69500;TAKER;;ASH_COATED_OSMIUM;XIRECS;10008.0;6
69600;;TAKER;INTARIAN_PEPPER_ROOT;XIRECS;11985.0;13
69700;TAKER;;INTARIAN_PEPPER_ROOT;XIRECS;11999.0;4
69800;;TAKER;ASH_COATED_OSMIUM;XIRECS;9993.0;11
69900;;TAKER;INTARIAN_PEPPER_ROOT;XIRECS;11984.0;10
70000;;TAKER;INTARIAN_PEPPER_ROOT;XIRECS;11986.0;12
70100;;TAKER;INTARIAN_PEPPER_ROOT;XIRECS;11985.0;5
70400;;TAKER;INTARIAN_PEPPER_ROOT;XIRECS;11987.0;15
70500;;TAKER;INTARIAN_PEPPER_ROOT;XIRECS;11985.0;9
70500;;TAKER;ASH_COATED_OSMIUM;XIRECS;9989.0;8
70900;;TAKER;ASH_COATED_OSMIUM;XIRECS;9993.0;12
71000;;TAKER;INTARIAN_PEPPER_ROOT;XIRECS;11987.0;11
71000;TAKER;;ASH_COATED_OSMIUM;XIRECS;10007.0;12
71100;;TAKER;INTARIAN_PEPPER_ROOT;XIRECS;11984.0;4
71200;TAKER;;INTARIAN_PEPPER_ROOT;XIRECS;11998.0;13
71300;TAKER;;ASH_COATED_OSMIUM;XIRECS;10008.0;15
71400;TAKER;;INTARIAN_PEPPER_ROOT;XIRECS;12000.0;9
71400;TAKER;;ASH_COATED_OSMIUM;XIRECS;10010.0;5
71600;;TAKER;INTARIAN_PEPPER_ROOT;XIRECS;11987.0;14
71700;TAKER;;ASH_COATED_OSMIUM;XIRECS;10008.0;12
71800;;TAKER;ASH_COATED_OSMIUM;XIRECS;9989.0;13
71900;;TAKER;ASH_COATED_OSMIUM;XIRECS;9993.0;9
72000;;TAKER;ASH_COATED_OSMIUM;XIRECS;9993.0;10
72400;TAKER;;INTARIAN_PEPPER_ROOT;XIRECS;12000.0;13
72500;;TAKER;INTARIAN_PEPPER_ROOT;XIRECS;11985.0;9
72900;;TAKER;ASH_COATED_OSMIUM;XIRECS;9992.0;10
73300;TAKER;;ASH_COATED_OSMIUM;XIRECS;10007.0;15
73400;;TAKER;ASH_COATED_OSMIUM;XIRECS;9991.0;11
73600;;TAKER;INTARIAN_PEPPER_ROOT;XIRECS;11985.0;13
73700;;TAKER;INTARIAN_PEPPER_ROOT;XIRECS;11984.0;3
74200;TAKER;;ASH_COATED_OSMIUM;XIRECS;10012.0;10
74500;;TAKER;ASH_COATED_OSMIUM;XIRECS;9990.0;14
74800;TAKER;;INTARIAN_PEPPER_ROOT;XIRECS;12000.0;6
74900;TAKER;;INTARIAN_PEPPER_ROOT;XIRECS;11998.0;15
75100;;TAKER;ASH_COATED_OSMIUM;XIRECS;9990.0;10
75200;;TAKER;INTARIAN_PEPPER_ROOT;XIRECS;11987.0;10
75500;TAKER;;ASH_COATED_OSMIUM;XIRECS;10009.0;6
76100;;TAKER;ASH_COATED_OSMIUM;XIRECS;9987.0;2
76200;;TAKER;INTARIAN_PEPPER_ROOT;XIRECS;11984.0;13
76700;;TAKER;ASH_COATED_OSMIUM;XIRECS;9994.0;15
76800;TAKER;;INTARIAN_PEPPER_ROOT;XIRECS;12000.0;11
76900;TAKER;;ASH_COATED_OSMIUM;XIRECS;10010.0;15
77100;;TAKER;ASH_COATED_OSMIUM;XIRECS;9989.0;2
77400;;TAKER;INTARIAN_PEPPER_ROOT;XIRECS;11985.0;4
77400;TAKER;;ASH_COATED_OSMIUM;XIRECS;10008.0;7
77600;;TAKER;ASH_COATED_OSMIUM;XIRECS;9992.0;15
77800;;TAKER;INTARIAN_PEPPER_ROOT;XIRECS;11984.0;15
78200;;TAKER;INTARIAN_PEPPER_ROOT;XIRECS;11984.0;15
78300;TAKER;;INTARIAN_PEPPER_ROOT;XIRECS;11997.0;5
78400;TAKER;;INTARIAN_PEPPER_ROOT;XIRECS;11999.0;9
78400;TAKER;;ASH_COATED_OSMIUM;XIRECS;10012.0;6
78900;;TAKER;INTARIAN_PEPPER_ROOT;XIRECS;11984.0;6
79000;;TAKER;ASH_COATED_OSMIUM;XIRECS;9992.0;3
79300;;TAKER;ASH_COATED_OSMIUM;XIRECS;9989.0;6
79400;;TAKER;INTARIAN_PEPPER_ROOT;XIRECS;11985.0;4
79500;TAKER;;INTARIAN_PEPPER_ROOT;XIRECS;11998.0;5
79600;;TAKER;INTARIAN_PEPPER_ROOT;XIRECS;11982.0;13
80100;;TAKER;INTARIAN_PEPPER_ROOT;XIRECS;11984.0;6
80100;;TAKER;ASH_COATED_OSMIUM;XIRECS;9990.0;3
80200;TAKER;;ASH_COATED_OSMIUM;XIRECS;10007.0;8
80400;TAKER;;INTARIAN_PEPPER_ROOT;XIRECS;11998.0;15
80600;TAKER;;INTARIAN_PEPPER_ROOT;XIRECS;11999.0;13
80900;;TAKER;INTARIAN_PEPPER_ROOT;XIRECS;11984.0;7
81000;TAKER;;INTARIAN_PEPPER_ROOT;XIRECS;11996.0;8
81000;;TAKER;ASH_COATED_OSMIUM;XIRECS;9992.0;12
81100;TAKER;;INTARIAN_PEPPER_ROOT;XIRECS;12000.0;14
81400;TAKER;;ASH_COATED_OSMIUM;XIRECS;10008.0;14
81500;TAKER;;ASH_COATED_OSMIUM;XIRECS;10010.0;9
81600;;TAKER;INTARIAN_PEPPER_ROOT;XIRECS;11986.0;6
81600;;TAKER;ASH_COATED_OSMIUM;XIRECS;9990.0;15
82000;TAKER;;INTARIAN_PEPPER_ROOT;XIRECS;11998.0;7
82400;;TAKER;INTARIAN_PEPPER_ROOT;XIRECS;11984.0;15
82700;TAKER;;ASH_COATED_OSMIUM;XIRECS;10007.0;3
82800;;TAKER;INTARIAN_PEPPER_ROOT;XIRECS;11983.0;12
83000;TAKER;;ASH_COATED_OSMIUM;XIRECS;10006.0;5
83300;TAKER;;INTARIAN_PEPPER_ROOT;XIRECS;11997.0;14
83300;TAKER;;ASH_COATED_OSMIUM;XIRECS;10012.0;8
83500;TAKER;;ASH_COATED_OSMIUM;XIRECS;10008.0;10
83600;;TAKER;ASH_COATED_OSMIUM;XIRECS;9989.0;5
83900;;TAKER;INTARIAN_PEPPER_ROOT;XIRECS;11986.0;4
84200;;TAKER;ASH_COATED_OSMIUM;XIRECS;9990.0;10
84400;;TAKER;INTARIAN_PEPPER_ROOT;XIRECS;11985.0;6
84700;TAKER;;ASH_COATED_OSMIUM;XIRECS;10008.0;12
85100;TAKER;;ASH_COATED_OSMIUM;XIRECS;10009.0;9
85200;TAKER;;INTARIAN_PEPPER_ROOT;XIRECS;11997.0;8
85200;;TAKER;ASH_COATED_OSMIUM;XIRECS;9990.0;11
85400;;TAKER;INTARIAN_PEPPER_ROOT;XIRECS;11983.0;4
85500;;TAKER;ASH_COATED_OSMIUM;XIRECS;9993.0;11
86000;;TAKER;INTARIAN_PEPPER_ROOT;XIRECS;11985.0;12
86000;;TAKER;ASH_COATED_OSMIUM;XIRECS;9989.0;7
86200;TAKER;;INTARIAN_PEPPER_ROOT;XIRECS;11999.0;6
86300;TAKER;;ASH_COATED_OSMIUM;XIRECS;10010.0;5
86800;;TAKER;INTARIAN_PEPPER_ROOT;XIRECS;11984.0;9
87200;;TAKER;INTARIAN_PEPPER_ROOT;XIRECS;11983.0;7
87200;;TAKER;ASH_COATED_OSMIUM;XIRECS;9994.0;13
87500;;TAKER;INTARIAN_PEPPER_ROOT;XIRECS;11985.0;6
87800;TAKER;;ASH_COATED_OSMIUM;XIRECS;10009.0;13
88000;TAKER;;ASH_COATED_OSMIUM;XIRECS;10006.0;12
88100;;TAKER;INTARIAN_PEPPER_ROOT;XIRECS;11984.0;6
88100;;TAKER;ASH_COATED_OSMIUM;XIRECS;9990.0;2
88300;;TAKER;INTARIAN_PEPPER_ROOT;XIRECS;11984.0;11
88500;TAKER;;INTARIAN_PEPPER_ROOT;XIRECS;11999.0;15
88600;TAKER;;ASH_COATED_OSMIUM;XIRECS;10007.0;10
88700;TAKER;;ASH_COATED_OSMIUM;XIRECS;10009.0;11
88800;TAKER;;ASH_COATED_OSMIUM;XIRECS;10006.0;14
88900;TAKER;;INTARIAN_PEPPER_ROOT;XIRECS;11998.0;10
89000;TAKER;;INTARIAN_PEPPER_ROOT;XIRECS;11995.0;11
89500;TAKER;;INTARIAN_PEPPER_ROOT;XIRECS;11998.0;5
89500;;TAKER;ASH_COATED_OSMIUM;XIRECS;9988.0;15
89600;;TAKER;INTARIAN_PEPPER_ROOT;XIRECS;11986.0;8
89600;;TAKER;ASH_COATED_OSMIUM;XIRECS;9989.0;15
89700;;TAKER;ASH_COATED_OSMIUM;XIRECS;9988.0;12
89900;TAKER;;INTARIAN_PEPPER_ROOT;XIRECS;11998.0;6
90000;;TAKER;INTARIAN_PEPPER_ROOT;XIRECS;11982.0;11
90200;TAKER;;ASH_COATED_OSMIUM;XIRECS;10009.0;13
90300;TAKER;;INTARIAN_PEPPER_ROOT;XIRECS;11997.0;14
90300;;TAKER;ASH_COATED_OSMIUM;XIRECS;9998.0;9
90400;;TAKER;ASH_COATED_OSMIUM;XIRECS;9992.0;7
90600;;TAKER;ASH_COATED_OSMIUM;XIRECS;9988.0;13
91200;;TAKER;INTARIAN_PEPPER_ROOT;XIRECS;11982.0;13
91300;TAKER;;INTARIAN_PEPPER_ROOT;XIRECS;11996.0;2
91400;;TAKER;INTARIAN_PEPPER_ROOT;XIRECS;11985.0;8
92000;TAKER;;ASH_COATED_OSMIUM;XIRECS;10009.0;7
92100;TAKER;;ASH_COATED_OSMIUM;XIRECS;10010.0;9
92300;;TAKER;ASH_COATED_OSMIUM;XIRECS;9990.0;11
92500;TAKER;;INTARIAN_PEPPER_ROOT;XIRECS;11998.0;9
92600;TAKER;;ASH_COATED_OSMIUM;XIRECS;10007.0;13
92900;TAKER;;ASH_COATED_OSMIUM;XIRECS;10008.0;3
93100;TAKER;;ASH_COATED_OSMIUM;XIRECS;10010.0;14
93500;;TAKER;INTARIAN_PEPPER_ROOT;XIRECS;11984.0;8
93500;TAKER;;ASH_COATED_OSMIUM;XIRECS;10003.0;13
93600;TAKER;;ASH_COATED_OSMIUM;XIRECS;10008.0;11
94400;TAKER;;INTARIAN_PEPPER_ROOT;XIRECS;11999.0;6
94600;TAKER;;INTARIAN_PEPPER_ROOT;XIRECS;11996.0;8
94600;;TAKER;ASH_COATED_OSMIUM;XIRECS;9987.0;9
94700;TAKER;;INTARIAN_PEPPER_ROOT;XIRECS;11998.0;5
95300;;TAKER;INTARIAN_PEPPER_ROOT;XIRECS;11984.0;4
95400;;TAKER;ASH_COATED_OSMIUM;XIRECS;9992.0;5
95500;;TAKER;INTARIAN_PEPPER_ROOT;XIRECS;11984.0;14
95600;;TAKER;ASH_COATED_OSMIUM;XIRECS;9994.0;6
95800;TAKER;;ASH_COATED_OSMIUM;XIRECS;10011.0;5
96100;TAKER;;INTARIAN_PEPPER_ROOT;XIRECS;11997.0;14
96400;TAKER;;INTARIAN_PEPPER_ROOT;XIRECS;11995.0;13
96600;;TAKER;ASH_COATED_OSMIUM;XIRECS;9989.0;14
96900;;TAKER;ASH_COATED_OSMIUM;XIRECS;9993.0;7
97100;TAKER;;ASH_COATED_OSMIUM;XIRECS;10008.0;4
97200;;TAKER;INTARIAN_PEPPER_ROOT;XIRECS;11982.0;13
97300;TAKER;;INTARIAN_PEPPER_ROOT;XIRECS;11996.0;8
97400;TAKER;;ASH_COATED_OSMIUM;XIRECS;10010.0;7
97500;;TAKER;ASH_COATED_OSMIUM;XIRECS;9992.0;11
97600;;TAKER;INTARIAN_PEPPER_ROOT;XIRECS;11983.0;9
97700;TAKER;;ASH_COATED_OSMIUM;XIRECS;10008.0;11
98000;;TAKER;ASH_COATED_OSMIUM;XIRECS;9990.0;7
98100;TAKER;;ASH_COATED_OSMIUM;XIRECS;10011.0;7
98300;TAKER;;ASH_COATED_OSMIUM;XIRECS;10007.0;10
98900;;TAKER;INTARIAN_PEPPER_ROOT;XIRECS;11980.0;10
99100;TAKER;;INTARIAN_PEPPER_ROOT;XIRECS;11996.0;5
99300;TAKER;;ASH_COATED_OSMIUM;XIRECS;10008.0;5
99400;;TAKER;INTARIAN_PEPPER_ROOT;XIRECS;11983.0;6
99500;;TAKER;INTARIAN_PEPPER_ROOT;XIRECS;11982.0;10
99600;;TAKER;ASH_COATED_OSMIUM;XIRECS;9987.0;10
99700;;TAKER;ASH_COATED_OSMIUM;XIRECS;9989.0;9
99800;TAKER;;INTARIAN_PEPPER_ROOT;XIRECS;11997.0;13
99800;TAKER;;ASH_COATED_OSMIUM;XIRECS;10007.0;12
99900;;TAKER;ASH_COATED_OSMIUM;XIRECS;9990.0;12
100000;;TAKER;ASH_COATED_OSMIUM;XIRECS;9989.0;2
100200;;TAKER;INTARIAN_PEPPER_ROOT;XIRECS;11982.0;3
100200;;TAKER;ASH_COATED_OSMIUM;XIRECS;9992.0;4
100700;TAKER;;INTARIAN_PEPPER_ROOT;XIRECS;11997.0;11
100800;;TAKER;ASH_COATED_OSMIUM;XIRECS;9992.0;9
100900;;TAKER;INTARIAN_PEPPER_ROOT;XIRECS;11984.0;11
100900;TAKER;;ASH_COATED_OSMIUM;XIRECS;10007.0;9
101000;;TAKER;ASH_COATED_OSMIUM;XIRECS;9990.0;11
101200;;TAKER;INTARIAN_PEPPER_ROOT;XIRECS;11984.0;7
101400;;TAKER;ASH_COATED_OSMIUM;XIRECS;9994.0;10
101500;;TAKER;INTARIAN_PEPPER_ROOT;XIRECS;11981.0;11
101500;TAKER;;ASH_COATED_OSMIUM;XIRECS;10009.0;7
101700;;TAKER;ASH_COATED_OSMIUM;XIRECS;9991.0;9
101800;TAKER;;INTARIAN_PEPPER_ROOT;XIRECS;11995.0;5
101900;;TAKER;INTARIAN_PEPPER_ROOT;XIRECS;11981.0;5
102300;;TAKER;INTARIAN_PEPPER_ROOT;XIRECS;11982.0;7
102400;;TAKER;INTARIAN_PEPPER_ROOT;XIRECS;11984.0;11
102500;TAKER;;INTARIAN_PEPPER_ROOT;XIRECS;11997.0;11
102600;TAKER;;INTARIAN_PEPPER_ROOT;XIRECS;11995.0;2
103000;;TAKER;ASH_COATED_OSMIUM;XIRECS;9993.0;8
103300;TAKER;;ASH_COATED_OSMIUM;XIRECS;10008.0;8
103400;;TAKER;INTARIAN_PEPPER_ROOT;XIRECS;11984.0;11
103700;TAKER;;ASH_COATED_OSMIUM;XIRECS;10012.0;10
103800;TAKER;;INTARIAN_PEPPER_ROOT;XIRECS;11997.0;3
104200;;TAKER;ASH_COATED_OSMIUM;XIRECS;9992.0;11
104400;;TAKER;INTARIAN_PEPPER_ROOT;XIRECS;11982.0;8
104700;TAKER;;INTARIAN_PEPPER_ROOT;XIRECS;11995.0;14
105000;TAKER;;INTARIAN_PEPPER_ROOT;XIRECS;11995.0;14
105200;TAKER;;INTARIAN_PEPPER_ROOT;XIRECS;11996.0;10
105200;TAKER;;ASH_COATED_OSMIUM;XIRECS;10008.0;14
105300;;TAKER;INTARIAN_PEPPER_ROOT;XIRECS;11982.0;5
105700;;TAKER;ASH_COATED_OSMIUM;XIRECS;9989.0;6
106000;TAKER;;INTARIAN_PEPPER_ROOT;XIRECS;11997.0;15
106100;TAKER;;INTARIAN_PEPPER_ROOT;XIRECS;11996.0;3
106300;;TAKER;INTARIAN_PEPPER_ROOT;XIRECS;11984.0;8
106700;;TAKER;INTARIAN_PEPPER_ROOT;XIRECS;11981.0;5
106900;TAKER;;INTARIAN_PEPPER_ROOT;XIRECS;11996.0;14
107300;;TAKER;INTARIAN_PEPPER_ROOT;XIRECS;11981.0;3
107400;;TAKER;INTARIAN_PEPPER_ROOT;XIRECS;11983.0;7
107600;TAKER;;ASH_COATED_OSMIUM;XIRECS;10006.0;7
107800;;TAKER;ASH_COATED_OSMIUM;XIRECS;9988.0;15
107900;;TAKER;INTARIAN_PEPPER_ROOT;XIRECS;11983.0;12
108300;;TAKER;INTARIAN_PEPPER_ROOT;XIRECS;11983.0;12
108500;TAKER;;ASH_COATED_OSMIUM;XIRECS;10010.0;10
108600;;TAKER;ASH_COATED_OSMIUM;XIRECS;9992.0;14
108900;TAKER;;ASH_COATED_OSMIUM;XIRECS;10009.0;6
109100;;TAKER;INTARIAN_PEPPER_ROOT;XIRECS;11981.0;2
109500;TAKER;;INTARIAN_PEPPER_ROOT;XIRECS;11995.0;7
109900;;TAKER;ASH_COATED_OSMIUM;XIRECS;9990.0;6
110000;;TAKER;ASH_COATED_OSMIUM;XIRECS;9990.0;8
110100;;TAKER;INTARIAN_PEPPER_ROOT;XIRECS;11982.0;6
110200;TAKER;;INTARIAN_PEPPER_ROOT;XIRECS;11996.0;15
110300;TAKER;;ASH_COATED_OSMIUM;XIRECS;10010.0;3
110500;;TAKER;INTARIAN_PEPPER_ROOT;XIRECS;11980.0;5
110500;TAKER;;ASH_COATED_OSMIUM;XIRECS;10008.0;7
110700;;TAKER;INTARIAN_PEPPER_ROOT;XIRECS;11982.0;13
110800;;TAKER;INTARIAN_PEPPER_ROOT;XIRECS;11980.0;15
110900;;TAKER;INTARIAN_PEPPER_ROOT;XIRECS;11982.0;4
110900;;TAKER;ASH_COATED_OSMIUM;XIRECS;9991.0;12
111000;TAKER;;ASH_COATED_OSMIUM;XIRECS;10010.0;3
111100;TAKER;;ASH_COATED_OSMIUM;XIRECS;10007.0;12
111300;;TAKER;ASH_COATED_OSMIUM;XIRECS;9988.0;7
112000;;TAKER;ASH_COATED_OSMIUM;XIRECS;9986.0;15
112100;TAKER;;ASH_COATED_OSMIUM;XIRECS;10008.0;6
112500;TAKER;;ASH_COATED_OSMIUM;XIRECS;10008.0;12
112600;TAKER;;ASH_COATED_OSMIUM;XIRECS;10010.0;6
112700;;TAKER;ASH_COATED_OSMIUM;XIRECS;9992.0;8
113000;;TAKER;INTARIAN_PEPPER_ROOT;XIRECS;11981.0;6
113100;;TAKER;ASH_COATED_OSMIUM;XIRECS;9991.0;14
113300;TAKER;;INTARIAN_PEPPER_ROOT;XIRECS;11994.0;6
113400;TAKER;;INTARIAN_PEPPER_ROOT;XIRECS;11994.0;13
113500;;TAKER;ASH_COATED_OSMIUM;XIRECS;9991.0;7
113700;TAKER;;INTARIAN_PEPPER_ROOT;XIRECS;11994.0;6
113800;;TAKER;INTARIAN_PEPPER_ROOT;XIRECS;11984.0;11
114000;;TAKER;INTARIAN_PEPPER_ROOT;XIRECS;11979.0;10
114000;TAKER;;ASH_COATED_OSMIUM;XIRECS;10003.0;7
114100;;TAKER;INTARIAN_PEPPER_ROOT;XIRECS;11982.0;13
114500;TAKER;;INTARIAN_PEPPER_ROOT;XIRECS;11993.0;8
114600;;TAKER;ASH_COATED_OSMIUM;XIRECS;9993.0;2
114800;TAKER;;ASH_COATED_OSMIUM;XIRECS;10010.0;5
115200;;TAKER;ASH_COATED_OSMIUM;XIRECS;9988.0;10
115400;TAKER;;ASH_COATED_OSMIUM;XIRECS;10003.0;2
115500;;TAKER;ASH_COATED_OSMIUM;XIRECS;9993.0;8
115600;;TAKER;INTARIAN_PEPPER_ROOT;XIRECS;11981.0;12
115800;;TAKER;INTARIAN_PEPPER_ROOT;XIRECS;11981.0;13
115800;;TAKER;ASH_COATED_OSMIUM;XIRECS;9992.0;13
115900;;TAKER;INTARIAN_PEPPER_ROOT;XIRECS;11982.0;10
116000;TAKER;;INTARIAN_PEPPER_ROOT;XIRECS;11994.0;13
116200;;TAKER;ASH_COATED_OSMIUM;XIRECS;9991.0;5
116600;TAKER;;INTARIAN_PEPPER_ROOT;XIRECS;11995.0;15
116700;TAKER;;INTARIAN_PEPPER_ROOT;XIRECS;11996.0;3
116800;TAKER;;INTARIAN_PEPPER_ROOT;XIRECS;11997.0;4
117500;TAKER;;ASH_COATED_OSMIUM;XIRECS;10006.0;12
118000;TAKER;;ASH_COATED_OSMIUM;XIRECS;10011.0;2
118100;TAKER;;ASH_COATED_OSMIUM;XIRECS;10011.0;6
118300;TAKER;;ASH_COATED_OSMIUM;XIRECS;10011.0;15
118700;;TAKER;INTARIAN_PEPPER_ROOT;XIRECS;11983.0;5
118700;;TAKER;ASH_COATED_OSMIUM;XIRECS;9988.0;10
118800;;TAKER;INTARIAN_PEPPER_ROOT;XIRECS;11980.0;14
119000;TAKER;;INTARIAN_PEPPER_ROOT;XIRECS;11995.0;4
119300;;TAKER;INTARIAN_PEPPER_ROOT;XIRECS;11979.0;11
119700;;TAKER;ASH_COATED_OSMIUM;XIRECS;9991.0;15
119800;;TAKER;INTARIAN_PEPPER_ROOT;XIRECS;11982.0;6
120000;TAKER;;ASH_COATED_OSMIUM;XIRECS;10010.0;14
120300;;TAKER;ASH_COATED_OSMIUM;XIRECS;9992.0;4
120400;TAKER;;INTARIAN_PEPPER_ROOT;XIRECS;11997.0;2
120400;;TAKER;ASH_COATED_OSMIUM;XIRECS;9990.0;7
120500;TAKER;;INTARIAN_PEPPER_ROOT;XIRECS;11994.0;12
120500;;TAKER;ASH_COATED_OSMIUM;XIRECS;9990.0;4
120800;TAKER;;INTARIAN_PEPPER_ROOT;XIRECS;11995.0;13
120900;TAKER;;INTARIAN_PEPPER_ROOT;XIRECS;11996.0;3
121000;;TAKER;INTARIAN_PEPPER_ROOT;XIRECS;11981.0;12
121100;;TAKER;ASH_COATED_OSMIUM;XIRECS;9991.0;6
121300;;TAKER;INTARIAN_PEPPER_ROOT;XIRECS;11980.0;8
121400;;TAKER;INTARIAN_PEPPER_ROOT;XIRECS;11981.0;11
121800;TAKER;;INTARIAN_PEPPER_ROOT;XIRECS;11994.0;3
121900;;TAKER;INTARIAN_PEPPER_ROOT;XIRECS;11981.0;14
122000;TAKER;;ASH_COATED_OSMIUM;XIRECS;10009.0;3
122400;;TAKER;INTARIAN_PEPPER_ROOT;XIRECS;11979.0;5
122400;;TAKER;ASH_COATED_OSMIUM;XIRECS;9993.0;3
122700;;TAKER;ASH_COATED_OSMIUM;XIRECS;9989.0;14
123000;TAKER;;INTARIAN_PEPPER_ROOT;XIRECS;11993.0;14
123200;TAKER;;INTARIAN_PEPPER_ROOT;XIRECS;11993.0;7
123300;TAKER;;INTARIAN_PEPPER_ROOT;XIRECS;11995.0;4
123700;TAKER;;ASH_COATED_OSMIUM;XIRECS;10008.0;14
123800;;TAKER;INTARIAN_PEPPER_ROOT;XIRECS;11981.0;6
123900;TAKER;;INTARIAN_PEPPER_ROOT;XIRECS;11993.0;7
123900;;TAKER;ASH_COATED_OSMIUM;XIRECS;9990.0;8
124000;TAKER;;ASH_COATED_OSMIUM;XIRECS;10014.0;11
124200;;TAKER;INTARIAN_PEPPER_ROOT;XIRECS;11981.0;14
124400;TAKER;;INTARIAN_PEPPER_ROOT;XIRECS;11993.0;13
124400;;TAKER;ASH_COATED_OSMIUM;XIRECS;9990.0;15
124600;;TAKER;ASH_COATED_OSMIUM;XIRECS;9988.0;13
124900;TAKER;;INTARIAN_PEPPER_ROOT;XIRECS;11997.0;9
125400;;TAKER;ASH_COATED_OSMIUM;XIRECS;9993.0;5
125500;TAKER;;INTARIAN_PEPPER_ROOT;XIRECS;11994.0;9
125600;TAKER;;INTARIAN_PEPPER_ROOT;XIRECS;11994.0;14
125700;;TAKER;ASH_COATED_OSMIUM;XIRECS;9991.0;2
125900;;TAKER;ASH_COATED_OSMIUM;XIRECS;9991.0;5
126000;TAKER;;INTARIAN_PEPPER_ROOT;XIRECS;11995.0;8
126200;TAKER;;INTARIAN_PEPPER_ROOT;XIRECS;11995.0;9
126600;;TAKER;INTARIAN_PEPPER_ROOT;XIRECS;11979.0;11
126700;TAKER;;ASH_COATED_OSMIUM;XIRECS;10001.0;13
126800;TAKER;;ASH_COATED_OSMIUM;XIRECS;10013.0;8
127200;;TAKER;INTARIAN_PEPPER_ROOT;XIRECS;11980.0;10
127200;;TAKER;ASH_COATED_OSMIUM;XIRECS;9988.0;14
127300;TAKER;;INTARIAN_PEPPER_ROOT;XIRECS;11993.0;7
127300;;TAKER;ASH_COATED_OSMIUM;XIRECS;9991.0;8
127400;;TAKER;INTARIAN_PEPPER_ROOT;XIRECS;11981.0;5
127400;TAKER;;ASH_COATED_OSMIUM;XIRECS;10007.0;13
127500;;TAKER;ASH_COATED_OSMIUM;XIRECS;9989.0;4
127600;TAKER;;INTARIAN_PEPPER_ROOT;XIRECS;11993.0;4
127700;TAKER;;ASH_COATED_OSMIUM;XIRECS;10010.0;11
127900;;TAKER;INTARIAN_PEPPER_ROOT;XIRECS;11981.0;7
128500;;TAKER;ASH_COATED_OSMIUM;XIRECS;9991.0;10
128600;TAKER;;ASH_COATED_OSMIUM;XIRECS;10014.0;15
128700;TAKER;;ASH_COATED_OSMIUM;XIRECS;10006.0;6
128800;TAKER;;INTARIAN_PEPPER_ROOT;XIRECS;11993.0;2
128900;;TAKER;INTARIAN_PEPPER_ROOT;XIRECS;11981.0;14
129000;TAKER;;INTARIAN_PEPPER_ROOT;XIRECS;11993.0;10
129000;;TAKER;ASH_COATED_OSMIUM;XIRECS;9990.0;15
129300;;TAKER;ASH_COATED_OSMIUM;XIRECS;9993.0;3
129400;TAKER;;ASH_COATED_OSMIUM;XIRECS;10009.0;4
129900;;TAKER;INTARIAN_PEPPER_ROOT;XIRECS;11980.0;2
130100;TAKER;;INTARIAN_PEPPER_ROOT;XIRECS;11992.0;6
130800;;TAKER;INTARIAN_PEPPER_ROOT;XIRECS;11979.0;7
130800;TAKER;;ASH_COATED_OSMIUM;XIRECS;10008.0;2
130900;;TAKER;INTARIAN_PEPPER_ROOT;XIRECS;11979.0;13
131000;;TAKER;INTARIAN_PEPPER_ROOT;XIRECS;11981.0;2
131100;TAKER;;ASH_COATED_OSMIUM;XIRECS;10010.0;2
131200;TAKER;;INTARIAN_PEPPER_ROOT;XIRECS;11993.0;7
131200;;TAKER;ASH_COATED_OSMIUM;XIRECS;9988.0;7
131300;TAKER;;INTARIAN_PEPPER_ROOT;XIRECS;11995.0;8
131500;TAKER;;ASH_COATED_OSMIUM;XIRECS;10009.0;6
131600;TAKER;;INTARIAN_PEPPER_ROOT;XIRECS;11993.0;14
131700;;TAKER;ASH_COATED_OSMIUM;XIRECS;9991.0;4
131800;;TAKER;INTARIAN_PEPPER_ROOT;XIRECS;11978.0;6
132000;TAKER;;INTARIAN_PEPPER_ROOT;XIRECS;11993.0;5
132200;TAKER;;INTARIAN_PEPPER_ROOT;XIRECS;11993.0;6
132200;TAKER;;ASH_COATED_OSMIUM;XIRECS;10009.0;11
132400;TAKER;;INTARIAN_PEPPER_ROOT;XIRECS;11993.0;7
132600;;TAKER;INTARIAN_PEPPER_ROOT;XIRECS;11978.0;8
132700;;TAKER;ASH_COATED_OSMIUM;XIRECS;9993.0;15
132800;;TAKER;ASH_COATED_OSMIUM;XIRECS;9993.0;13
132900;;TAKER;INTARIAN_PEPPER_ROOT;XIRECS;11977.0;7
132900;;TAKER;ASH_COATED_OSMIUM;XIRECS;9992.0;14
133000;TAKER;;INTARIAN_PEPPER_ROOT;XIRECS;11995.0;3
133200;TAKER;;INTARIAN_PEPPER_ROOT;XIRECS;11994.0;5
133500;;TAKER;ASH_COATED_OSMIUM;XIRECS;9991.0;10
133600;TAKER;;ASH_COATED_OSMIUM;XIRECS;10004.0;12
133700;TAKER;;INTARIAN_PEPPER_ROOT;XIRECS;11993.0;15
133700;;TAKER;ASH_COATED_OSMIUM;XIRECS;9990.0;14
133900;TAKER;;INTARIAN_PEPPER_ROOT;XIRECS;11992.0;8
133900;TAKER;;ASH_COATED_OSMIUM;XIRECS;10009.0;9
134100;;TAKER;ASH_COATED_OSMIUM;XIRECS;9990.0;3
134300;;TAKER;ASH_COATED_OSMIUM;XIRECS;9989.0;6
134400;TAKER;;INTARIAN_PEPPER_ROOT;XIRECS;11992.0;13
134500;TAKER;;ASH_COATED_OSMIUM;XIRECS;10008.0;5
134600;TAKER;;ASH_COATED_OSMIUM;XIRECS;10008.0;2
134800;;TAKER;INTARIAN_PEPPER_ROOT;XIRECS;11979.0;2
135600;TAKER;;ASH_COATED_OSMIUM;XIRECS;10006.0;13
135800;;TAKER;ASH_COATED_OSMIUM;XIRECS;9992.0;11
136500;TAKER;;ASH_COATED_OSMIUM;XIRECS;10009.0;15
136600;;TAKER;INTARIAN_PEPPER_ROOT;XIRECS;11981.0;3
136600;TAKER;;ASH_COATED_OSMIUM;XIRECS;10010.0;12
136900;TAKER;;INTARIAN_PEPPER_ROOT;XIRECS;11990.0;15
137100;TAKER;;INTARIAN_PEPPER_ROOT;XIRECS;11993.0;12
137200;TAKER;;INTARIAN_PEPPER_ROOT;XIRECS;11992.0;8
137400;TAKER;;ASH_COATED_OSMIUM;XIRECS;10007.0;7
137500;TAKER;;ASH_COATED_OSMIUM;XIRECS;10008.0;2
137600;;TAKER;ASH_COATED_OSMIUM;XIRECS;9993.0;13
137700;TAKER;;ASH_COATED_OSMIUM;XIRECS;10010.0;14
137800;TAKER;;ASH_COATED_OSMIUM;XIRECS;10007.0;14
138300;TAKER;;ASH_COATED_OSMIUM;XIRECS;10010.0;5
138500;;TAKER;INTARIAN_PEPPER_ROOT;XIRECS;11978.0;4
138500;;TAKER;ASH_COATED_OSMIUM;XIRECS;9992.0;3
138600;TAKER;;INTARIAN_PEPPER_ROOT;XIRECS;11992.0;9
138800;TAKER;;INTARIAN_PEPPER_ROOT;XIRECS;11994.0;15
138800;TAKER;;ASH_COATED_OSMIUM;XIRECS;10009.0;14
139000;;TAKER;INTARIAN_PEPPER_ROOT;XIRECS;11978.0;6
139100;;TAKER;INTARIAN_PEPPER_ROOT;XIRECS;11979.0;4
139300;;TAKER;INTARIAN_PEPPER_ROOT;XIRECS;11979.0;14
139300;;TAKER;ASH_COATED_OSMIUM;XIRECS;9988.0;2
139400;TAKER;;INTARIAN_PEPPER_ROOT;XIRECS;11994.0;15
139400;;TAKER;ASH_COATED_OSMIUM;XIRECS;9992.0;10
139900;TAKER;;INTARIAN_PEPPER_ROOT;XIRECS;11992.0;7
140100;;TAKER;ASH_COATED_OSMIUM;XIRECS;9991.0;15
140200;;TAKER;INTARIAN_PEPPER_ROOT;XIRECS;11979.0;15
140500;TAKER;;ASH_COATED_OSMIUM;XIRECS;10010.0;6
140700;;TAKER;ASH_COATED_OSMIUM;XIRECS;9995.0;3
140900;TAKER;;ASH_COATED_OSMIUM;XIRECS;10007.0;4
141100;;TAKER;ASH_COATED_OSMIUM;XIRECS;9990.0;11
141300;;TAKER;INTARIAN_PEPPER_ROOT;XIRECS;11979.0;4
141400;TAKER;;INTARIAN_PEPPER_ROOT;XIRECS;11991.0;15
141600;;TAKER;ASH_COATED_OSMIUM;XIRECS;9990.0;2
141700;TAKER;;INTARIAN_PEPPER_ROOT;XIRECS;11994.0;8
141700;;TAKER;ASH_COATED_OSMIUM;XIRECS;9991.0;10
141800;;TAKER;INTARIAN_PEPPER_ROOT;XIRECS;11977.0;3
142100;TAKER;;ASH_COATED_OSMIUM;XIRECS;10001.0;3
142200;TAKER;;INTARIAN_PEPPER_ROOT;XIRECS;11990.0;7
142300;TAKER;;ASH_COATED_OSMIUM;XIRECS;10007.0;9
142400;TAKER;;INTARIAN_PEPPER_ROOT;XIRECS;11994.0;4
142500;;TAKER;ASH_COATED_OSMIUM;XIRECS;9993.0;11
142600;;TAKER;INTARIAN_PEPPER_ROOT;XIRECS;11977.0;10
142600;TAKER;;ASH_COATED_OSMIUM;XIRECS;10008.0;8
142800;TAKER;;INTARIAN_PEPPER_ROOT;XIRECS;11994.0;9
143000;TAKER;;INTARIAN_PEPPER_ROOT;XIRECS;11992.0;11
143200;;TAKER;INTARIAN_PEPPER_ROOT;XIRECS;11978.0;14
143300;;TAKER;ASH_COATED_OSMIUM;XIRECS;9992.0;14
143400;TAKER;;INTARIAN_PEPPER_ROOT;XIRECS;11991.0;4
143800;;TAKER;INTARIAN_PEPPER_ROOT;XIRECS;11977.0;10
144100;;TAKER;ASH_COATED_OSMIUM;XIRECS;9989.0;15
144500;TAKER;;INTARIAN_PEPPER_ROOT;XIRECS;11991.0;14
144700;;TAKER;ASH_COATED_OSMIUM;XIRECS;9989.0;9
144900;TAKER;;INTARIAN_PEPPER_ROOT;XIRECS;11992.0;14
145000;TAKER;;ASH_COATED_OSMIUM;XIRECS;10009.0;6
145100;;TAKER;INTARIAN_PEPPER_ROOT;XIRECS;11980.0;15
145300;TAKER;;INTARIAN_PEPPER_ROOT;XIRECS;11992.0;10
145300;;TAKER;ASH_COATED_OSMIUM;XIRECS;9991.0;2
145600;;TAKER;ASH_COATED_OSMIUM;XIRECS;9995.0;10
145700;;TAKER;INTARIAN_PEPPER_ROOT;XIRECS;11977.0;15
145900;;TAKER;INTARIAN_PEPPER_ROOT;XIRECS;11978.0;13
146500;TAKER;;INTARIAN_PEPPER_ROOT;XIRECS;11993.0;4
146800;TAKER;;INTARIAN_PEPPER_ROOT;XIRECS;11991.0;14
147000;;TAKER;ASH_COATED_OSMIUM;XIRECS;9991.0;15
147100;TAKER;;ASH_COATED_OSMIUM;XIRECS;10006.0;3
147200;;TAKER;INTARIAN_PEPPER_ROOT;XIRECS;11980.0;4
147300;;TAKER;INTARIAN_PEPPER_ROOT;XIRECS;11980.0;8
147900;;TAKER;INTARIAN_PEPPER_ROOT;XIRECS;11978.0;10
147900;;TAKER;ASH_COATED_OSMIUM;XIRECS;9995.0;13
148000;;TAKER;INTARIAN_PEPPER_ROOT;XIRECS;11979.0;4
148000;;TAKER;ASH_COATED_OSMIUM;XIRECS;9989.0;4
148100;;TAKER;INTARIAN_PEPPER_ROOT;XIRECS;11977.0;8
148200;TAKER;;INTARIAN_PEPPER_ROOT;XIRECS;11991.0;10
148400;TAKER;;ASH_COATED_OSMIUM;XIRECS;10007.0;11
148600;TAKER;;ASH_COATED_OSMIUM;XIRECS;10009.0;14
149400;;TAKER;INTARIAN_PEPPER_ROOT;XIRECS;11978.0;5
149700;;TAKER;INTARIAN_PEPPER_ROOT;XIRECS;11977.0;7
149900;TAKER;;INTARIAN_PEPPER_ROOT;XIRECS;11991.0;10
150000;TAKER;;INTARIAN_PEPPER_ROOT;XIRECS;11992.0;3
150300;TAKER;;INTARIAN_PEPPER_ROOT;XIRECS;11992.0;10
150300;TAKER;;ASH_COATED_OSMIUM;XIRECS;10007.0;6
150600;TAKER;;ASH_COATED_OSMIUM;XIRECS;10008.0;10
151000;;TAKER;INTARIAN_PEPPER_ROOT;XIRECS;11975.0;7
151000;;TAKER;ASH_COATED_OSMIUM;XIRECS;9989.0;9
151300;TAKER;;INTARIAN_PEPPER_ROOT;XIRECS;11992.0;11
151300;TAKER;;ASH_COATED_OSMIUM;XIRECS;10010.0;3
151400;TAKER;;ASH_COATED_OSMIUM;XIRECS;10010.0;15
151500;;TAKER;ASH_COATED_OSMIUM;XIRECS;9992.0;10
151600;;TAKER;INTARIAN_PEPPER_ROOT;XIRECS;11977.0;5
151600;TAKER;;ASH_COATED_OSMIUM;XIRECS;10010.0;9
151700;;TAKER;ASH_COATED_OSMIUM;XIRECS;9990.0;11
152100;TAKER;;ASH_COATED_OSMIUM;XIRECS;10010.0;9
152300;TAKER;;INTARIAN_PEPPER_ROOT;XIRECS;11992.0;6
152400;TAKER;;ASH_COATED_OSMIUM;XIRECS;10010.0;6
152500;;TAKER;ASH_COATED_OSMIUM;XIRECS;9993.0;8
152700;TAKER;;INTARIAN_PEPPER_ROOT;XIRECS;11990.0;11
152900;TAKER;;INTARIAN_PEPPER_ROOT;XIRECS;11990.0;11
152900;TAKER;;ASH_COATED_OSMIUM;XIRECS;10012.0;11
153000;TAKER;;INTARIAN_PEPPER_ROOT;XIRECS;11992.0;5
153100;TAKER;;INTARIAN_PEPPER_ROOT;XIRECS;11991.0;5
153100;TAKER;;ASH_COATED_OSMIUM;XIRECS;10010.0;5
153200;TAKER;;ASH_COATED_OSMIUM;XIRECS;10009.0;3
153300;;TAKER;INTARIAN_PEPPER_ROOT;XIRECS;11977.0;3
153800;;TAKER;INTARIAN_PEPPER_ROOT;XIRECS;11979.0;13
154100;;TAKER;INTARIAN_PEPPER_ROOT;XIRECS;11979.0;10
154200;;TAKER;INTARIAN_PEPPER_ROOT;XIRECS;11978.0;11
154200;;TAKER;ASH_COATED_OSMIUM;XIRECS;9992.0;4
154600;TAKER;;ASH_COATED_OSMIUM;XIRECS;10010.0;10
154900;;TAKER;INTARIAN_PEPPER_ROOT;XIRECS;11977.0;10
154900;TAKER;;ASH_COATED_OSMIUM;XIRECS;10011.0;11
155000;;TAKER;INTARIAN_PEPPER_ROOT;XIRECS;11976.0;8
155100;;TAKER;INTARIAN_PEPPER_ROOT;XIRECS;11976.0;4
155400;;TAKER;ASH_COATED_OSMIUM;XIRECS;9991.0;8
155500;TAKER;;INTARIAN_PEPPER_ROOT;XIRECS;11991.0;14
155500;;TAKER;ASH_COATED_OSMIUM;XIRECS;9997.0;8
155700;;TAKER;INTARIAN_PEPPER_ROOT;XIRECS;11976.0;11
155700;;TAKER;ASH_COATED_OSMIUM;XIRECS;9993.0;9
155800;TAKER;;INTARIAN_PEPPER_ROOT;XIRECS;11991.0;14
155900;;TAKER;INTARIAN_PEPPER_ROOT;XIRECS;11976.0;13
155900;TAKER;;ASH_COATED_OSMIUM;XIRECS;10010.0;13
156000;TAKER;;ASH_COATED_OSMIUM;XIRECS;10005.0;4
156100;TAKER;;INTARIAN_PEPPER_ROOT;XIRECS;11989.0;11
156300;;TAKER;INTARIAN_PEPPER_ROOT;XIRECS;11978.0;2
156600;TAKER;;INTARIAN_PEPPER_ROOT;XIRECS;11992.0;9
156800;;TAKER;ASH_COATED_OSMIUM;XIRECS;9987.0;9
156900;TAKER;;INTARIAN_PEPPER_ROOT;XIRECS;11988.0;8
157500;;TAKER;ASH_COATED_OSMIUM;XIRECS;9991.0;11
157600;TAKER;;ASH_COATED_OSMIUM;XIRECS;10008.0;10
157700;TAKER;;ASH_COATED_OSMIUM;XIRECS;10011.0;2
157900;;TAKER;ASH_COATED_OSMIUM;XIRECS;9991.0;4
158200;TAKER;;ASH_COATED_OSMIUM;XIRECS;10009.0;15
158300;TAKER;;INTARIAN_PEPPER_ROOT;XIRECS;11990.0;8
158400;TAKER;;ASH_COATED_OSMIUM;XIRECS;10009.0;15
158700;TAKER;;INTARIAN_PEPPER_ROOT;XIRECS;11992.0;12
159000;;TAKER;ASH_COATED_OSMIUM;XIRECS;9990.0;8
159400;;TAKER;ASH_COATED_OSMIUM;XIRECS;9990.0;10
159900;;TAKER;INTARIAN_PEPPER_ROOT;XIRECS;11978.0;14
159900;;TAKER;ASH_COATED_OSMIUM;XIRECS;9991.0;2
160000;;TAKER;ASH_COATED_OSMIUM;XIRECS;9994.0;5
160100;;TAKER;INTARIAN_PEPPER_ROOT;XIRECS;11976.0;8
160100;;TAKER;ASH_COATED_OSMIUM;XIRECS;9989.0;9
160300;;TAKER;INTARIAN_PEPPER_ROOT;XIRECS;11977.0;12
160400;TAKER;;ASH_COATED_OSMIUM;XIRECS;10010.0;14
160600;TAKER;;INTARIAN_PEPPER_ROOT;XIRECS;11991.0;11
160700;TAKER;;INTARIAN_PEPPER_ROOT;XIRECS;11991.0;13
160700;TAKER;;ASH_COATED_OSMIUM;XIRECS;10013.0;10
161200;;TAKER;ASH_COATED_OSMIUM;XIRECS;9993.0;4
161300;TAKER;;INTARIAN_PEPPER_ROOT;XIRECS;11990.0;11
161300;;TAKER;ASH_COATED_OSMIUM;XIRECS;9994.0;6
161500;;TAKER;ASH_COATED_OSMIUM;XIRECS;9995.0;8
161600;;TAKER;ASH_COATED_OSMIUM;XIRECS;9993.0;10
161700;;TAKER;INTARIAN_PEPPER_ROOT;XIRECS;11978.0;14
161800;;TAKER;INTARIAN_PEPPER_ROOT;XIRECS;11977.0;8
162000;TAKER;;INTARIAN_PEPPER_ROOT;XIRECS;11991.0;4
162000;;TAKER;ASH_COATED_OSMIUM;XIRECS;9992.0;2
162100;;TAKER;INTARIAN_PEPPER_ROOT;XIRECS;11976.0;14
162100;;TAKER;ASH_COATED_OSMIUM;XIRECS;9993.0;15
162200;;TAKER;INTARIAN_PEPPER_ROOT;XIRECS;11977.0;5
162300;TAKER;;INTARIAN_PEPPER_ROOT;XIRECS;11988.0;14
162400;TAKER;;ASH_COATED_OSMIUM;XIRECS;10007.0;5
162500;;TAKER;ASH_COATED_OSMIUM;XIRECS;9990.0;14
162600;TAKER;;ASH_COATED_OSMIUM;XIRECS;10007.0;2
162700;;TAKER;ASH_COATED_OSMIUM;XIRECS;9994.0;14
162900;;TAKER;INTARIAN_PEPPER_ROOT;XIRECS;11978.0;3
163000;TAKER;;INTARIAN_PEPPER_ROOT;XIRECS;11992.0;10
163000;;TAKER;ASH_COATED_OSMIUM;XIRECS;9993.0;13
163100;TAKER;;INTARIAN_PEPPER_ROOT;XIRECS;11990.0;10
163100;TAKER;;ASH_COATED_OSMIUM;XIRECS;10008.0;11
163200;;TAKER;ASH_COATED_OSMIUM;XIRECS;9990.0;13
163500;;TAKER;INTARIAN_PEPPER_ROOT;XIRECS;11976.0;6
163700;TAKER;;ASH_COATED_OSMIUM;XIRECS;10008.0;3
164000;TAKER;;INTARIAN_PEPPER_ROOT;XIRECS;11990.0;7
164100;TAKER;;ASH_COATED_OSMIUM;XIRECS;10006.0;10
164500;TAKER;;ASH_COATED_OSMIUM;XIRECS;10012.0;9
164700;;TAKER;INTARIAN_PEPPER_ROOT;XIRECS;11975.0;10
164800;;TAKER;ASH_COATED_OSMIUM;XIRECS;9989.0;11
165100;TAKER;;INTARIAN_PEPPER_ROOT;XIRECS;11991.0;14
165100;TAKER;;ASH_COATED_OSMIUM;XIRECS;10007.0;15
165400;TAKER;;INTARIAN_PEPPER_ROOT;XIRECS;11990.0;15
165400;;TAKER;ASH_COATED_OSMIUM;XIRECS;9991.0;4
166200;;TAKER;ASH_COATED_OSMIUM;XIRECS;9991.0;8
166300;TAKER;;INTARIAN_PEPPER_ROOT;XIRECS;11990.0;8
166400;;TAKER;INTARIAN_PEPPER_ROOT;XIRECS;11977.0;6
166800;;TAKER;INTARIAN_PEPPER_ROOT;XIRECS;11975.0;6
166800;;TAKER;ASH_COATED_OSMIUM;XIRECS;9991.0;11
166900;TAKER;;ASH_COATED_OSMIUM;XIRECS;10008.0;15
167000;TAKER;;INTARIAN_PEPPER_ROOT;XIRECS;11990.0;6
167000;TAKER;;ASH_COATED_OSMIUM;XIRECS;10006.0;2
167800;;TAKER;INTARIAN_PEPPER_ROOT;XIRECS;11976.0;14
168000;;TAKER;INTARIAN_PEPPER_ROOT;XIRECS;11978.0;8
168000;;TAKER;ASH_COATED_OSMIUM;XIRECS;9991.0;3
168300;;TAKER;INTARIAN_PEPPER_ROOT;XIRECS;11976.0;11
168300;;TAKER;ASH_COATED_OSMIUM;XIRECS;9989.0;9
168400;TAKER;;INTARIAN_PEPPER_ROOT;XIRECS;11988.0;5
168500;;TAKER;INTARIAN_PEPPER_ROOT;XIRECS;11974.0;5
168700;TAKER;;ASH_COATED_OSMIUM;XIRECS;10010.0;4
169000;;TAKER;ASH_COATED_OSMIUM;XIRECS;9990.0;12
169100;TAKER;;INTARIAN_PEPPER_ROOT;XIRECS;11990.0;2
169100;TAKER;;ASH_COATED_OSMIUM;XIRECS;10008.0;7
169200;;TAKER;INTARIAN_PEPPER_ROOT;XIRECS;11975.0;7
169500;TAKER;;ASH_COATED_OSMIUM;XIRECS;10011.0;10
169600;TAKER;;INTARIAN_PEPPER_ROOT;XIRECS;11990.0;15
169800;TAKER;;ASH_COATED_OSMIUM;XIRECS;10008.0;7
169900;TAKER;;INTARIAN_PEPPER_ROOT;XIRECS;11987.0;3
170200;TAKER;;INTARIAN_PEPPER_ROOT;XIRECS;11988.0;15
170300;TAKER;;INTARIAN_PEPPER_ROOT;XIRECS;11990.0;8
170400;;TAKER;INTARIAN_PEPPER_ROOT;XIRECS;11974.0;10
170700;TAKER;;ASH_COATED_OSMIUM;XIRECS;10008.0;8
170800;;TAKER;INTARIAN_PEPPER_ROOT;XIRECS;11974.0;9
170800;TAKER;;ASH_COATED_OSMIUM;XIRECS;10005.0;10
171000;TAKER;;ASH_COATED_OSMIUM;XIRECS;10005.0;12
171100;TAKER;;INTARIAN_PEPPER_ROOT;XIRECS;11991.0;14
171400;TAKER;;INTARIAN_PEPPER_ROOT;XIRECS;11989.0;2
171500;;TAKER;INTARIAN_PEPPER_ROOT;XIRECS;11975.0;14
171600;;TAKER;ASH_COATED_OSMIUM;XIRECS;9994.0;6
171700;TAKER;;INTARIAN_PEPPER_ROOT;XIRECS;11988.0;10
171800;;TAKER;INTARIAN_PEPPER_ROOT;XIRECS;11976.0;13
171900;;TAKER;INTARIAN_PEPPER_ROOT;XIRECS;11975.0;12
172000;TAKER;;INTARIAN_PEPPER_ROOT;XIRECS;11990.0;10
172100;;TAKER;ASH_COATED_OSMIUM;XIRECS;9992.0;14
172400;TAKER;;INTARIAN_PEPPER_ROOT;XIRECS;11991.0;13
172500;TAKER;;ASH_COATED_OSMIUM;XIRECS;10010.0;3
172600;TAKER;;ASH_COATED_OSMIUM;XIRECS;10013.0;3
172700;TAKER;;INTARIAN_PEPPER_ROOT;XIRECS;11987.0;7
172900;TAKER;;INTARIAN_PEPPER_ROOT;XIRECS;11990.0;12
173000;;TAKER;INTARIAN_PEPPER_ROOT;XIRECS;11974.0;2
173200;;TAKER;ASH_COATED_OSMIUM;XIRECS;9991.0;2
173400;TAKER;;ASH_COATED_OSMIUM;XIRECS;10011.0;14
173600;TAKER;;INTARIAN_PEPPER_ROOT;XIRECS;11987.0;10
173600;;TAKER;ASH_COATED_OSMIUM;XIRECS;9986.0;13
174000;;TAKER;INTARIAN_PEPPER_ROOT;XIRECS;11976.0;6
174100;;TAKER;INTARIAN_PEPPER_ROOT;XIRECS;11977.0;6
174200;TAKER;;ASH_COATED_OSMIUM;XIRECS;10006.0;3
174300;;TAKER;ASH_COATED_OSMIUM;XIRECS;9990.0;5
174400;TAKER;;ASH_COATED_OSMIUM;XIRECS;10008.0;10
174700;TAKER;;ASH_COATED_OSMIUM;XIRECS;10009.0;4
175000;;TAKER;ASH_COATED_OSMIUM;XIRECS;9991.0;7
175400;TAKER;;INTARIAN_PEPPER_ROOT;XIRECS;11988.0;5
175400;TAKER;;ASH_COATED_OSMIUM;XIRECS;10007.0;5
175500;;TAKER;ASH_COATED_OSMIUM;XIRECS;9990.0;9
175900;;TAKER;INTARIAN_PEPPER_ROOT;XIRECS;11975.0;12
176000;TAKER;;ASH_COATED_OSMIUM;XIRECS;10010.0;15
176200;TAKER;;ASH_COATED_OSMIUM;XIRECS;10009.0;14
176300;TAKER;;ASH_COATED_OSMIUM;XIRECS;10013.0;2
176500;TAKER;;INTARIAN_PEPPER_ROOT;XIRECS;11989.0;15
176600;;TAKER;ASH_COATED_OSMIUM;XIRECS;9991.0;15
176900;;TAKER;ASH_COATED_OSMIUM;XIRECS;9993.0;3
177000;;TAKER;ASH_COATED_OSMIUM;XIRECS;9991.0;15
177100;;TAKER;INTARIAN_PEPPER_ROOT;XIRECS;11973.0;13
177200;TAKER;;INTARIAN_PEPPER_ROOT;XIRECS;11989.0;4
177300;;TAKER;ASH_COATED_OSMIUM;XIRECS;9989.0;10
177400;;TAKER;ASH_COATED_OSMIUM;XIRECS;9991.0;4
177700;;TAKER;INTARIAN_PEPPER_ROOT;XIRECS;11974.0;12
177900;;TAKER;INTARIAN_PEPPER_ROOT;XIRECS;11973.0;13
178200;TAKER;;INTARIAN_PEPPER_ROOT;XIRECS;11991.0;15
178300;;TAKER;ASH_COATED_OSMIUM;XIRECS;9992.0;12
178400;TAKER;;ASH_COATED_OSMIUM;XIRECS;10007.0;3
178600;TAKER;;INTARIAN_PEPPER_ROOT;XIRECS;11989.0;6
178600;TAKER;;ASH_COATED_OSMIUM;XIRECS;10005.0;5
178800;TAKER;;INTARIAN_PEPPER_ROOT;XIRECS;11988.0;5
179300;;TAKER;ASH_COATED_OSMIUM;XIRECS;9991.0;15
179700;TAKER;;ASH_COATED_OSMIUM;XIRECS;10008.0;6
179900;;TAKER;INTARIAN_PEPPER_ROOT;XIRECS;11974.0;3
180000;;TAKER;INTARIAN_PEPPER_ROOT;XIRECS;11975.0;2
180100;;TAKER;INTARIAN_PEPPER_ROOT;XIRECS;11973.0;3
180200;;TAKER;INTARIAN_PEPPER_ROOT;XIRECS;11976.0;6
180300;;TAKER;ASH_COATED_OSMIUM;XIRECS;9991.0;5
180800;;TAKER;INTARIAN_PEPPER_ROOT;XIRECS;11976.0;6
180900;;TAKER;ASH_COATED_OSMIUM;XIRECS;9992.0;8
181000;;TAKER;INTARIAN_PEPPER_ROOT;XIRECS;11973.0;14
181100;;TAKER;ASH_COATED_OSMIUM;XIRECS;9993.0;14
181300;TAKER;;INTARIAN_PEPPER_ROOT;XIRECS;11989.0;9
181400;TAKER;;ASH_COATED_OSMIUM;XIRECS;10005.0;14
181500;TAKER;;INTARIAN_PEPPER_ROOT;XIRECS;11989.0;2
181500;;TAKER;ASH_COATED_OSMIUM;XIRECS;9988.0;5
181600;;TAKER;ASH_COATED_OSMIUM;XIRECS;9994.0;6
181700;TAKER;;INTARIAN_PEPPER_ROOT;XIRECS;11989.0;8
182000;TAKER;;ASH_COATED_OSMIUM;XIRECS;10009.0;15
182100;TAKER;;INTARIAN_PEPPER_ROOT;XIRECS;11988.0;14
182100;TAKER;;ASH_COATED_OSMIUM;XIRECS;10008.0;13
182200;TAKER;;INTARIAN_PEPPER_ROOT;XIRECS;11989.0;11
182200;TAKER;;ASH_COATED_OSMIUM;XIRECS;10009.0;12
182500;;TAKER;ASH_COATED_OSMIUM;XIRECS;9992.0;13
182700;TAKER;;INTARIAN_PEPPER_ROOT;XIRECS;11988.0;12
182700;TAKER;;ASH_COATED_OSMIUM;XIRECS;10008.0;12
182800;TAKER;;ASH_COATED_OSMIUM;XIRECS;10007.0;12
182900;;TAKER;ASH_COATED_OSMIUM;XIRECS;9991.0;3
183000;;TAKER;ASH_COATED_OSMIUM;XIRECS;9990.0;15
183200;;TAKER;ASH_COATED_OSMIUM;XIRECS;9989.0;11
183300;TAKER;;INTARIAN_PEPPER_ROOT;XIRECS;11988.0;11
183600;TAKER;;ASH_COATED_OSMIUM;XIRECS;10013.0;6
184300;;TAKER;ASH_COATED_OSMIUM;XIRECS;9989.0;9
184800;TAKER;;ASH_COATED_OSMIUM;XIRECS;10008.0;13
185100;;TAKER;ASH_COATED_OSMIUM;XIRECS;9990.0;5
185300;;TAKER;ASH_COATED_OSMIUM;XIRECS;9995.0;3
185400;;TAKER;INTARIAN_PEPPER_ROOT;XIRECS;11974.0;10
185700;TAKER;;INTARIAN_PEPPER_ROOT;XIRECS;11988.0;12
185800;;TAKER;INTARIAN_PEPPER_ROOT;XIRECS;11974.0;14
185900;;TAKER;ASH_COATED_OSMIUM;XIRECS;9993.0;6
186200;;TAKER;INTARIAN_PEPPER_ROOT;XIRECS;11974.0;9
186900;;TAKER;INTARIAN_PEPPER_ROOT;XIRECS;11972.0;14
187200;;TAKER;INTARIAN_PEPPER_ROOT;XIRECS;11974.0;15
187500;;TAKER;INTARIAN_PEPPER_ROOT;XIRECS;11976.0;15
187600;;TAKER;ASH_COATED_OSMIUM;XIRECS;9995.0;2
187800;TAKER;;INTARIAN_PEPPER_ROOT;XIRECS;11990.0;15
188000;;TAKER;INTARIAN_PEPPER_ROOT;XIRECS;11974.0;8
188100;;TAKER;ASH_COATED_OSMIUM;XIRECS;9990.0;13
188200;TAKER;;INTARIAN_PEPPER_ROOT;XIRECS;11988.0;7
188200;;TAKER;ASH_COATED_OSMIUM;XIRECS;9987.0;8
188600;TAKER;;INTARIAN_PEPPER_ROOT;XIRECS;11988.0;3
188600;;TAKER;ASH_COATED_OSMIUM;XIRECS;9988.0;9
189000;;TAKER;ASH_COATED_OSMIUM;XIRECS;9987.0;12
189300;TAKER;;INTARIAN_PEPPER_ROOT;XIRECS;11987.0;7
189800;;TAKER;ASH_COATED_OSMIUM;XIRECS;9992.0;6
189900;;TAKER;INTARIAN_PEPPER_ROOT;XIRECS;11973.0;5
190000;TAKER;;INTARIAN_PEPPER_ROOT;XIRECS;11986.0;2
190000;TAKER;;ASH_COATED_OSMIUM;XIRECS;10010.0;9
190100;TAKER;;ASH_COATED_OSMIUM;XIRECS;10010.0;4
190200;TAKER;;INTARIAN_PEPPER_ROOT;XIRECS;11988.0;3
190300;;TAKER;ASH_COATED_OSMIUM;XIRECS;9986.0;9
190400;;TAKER;ASH_COATED_OSMIUM;XIRECS;9986.0;6
190600;TAKER;;INTARIAN_PEPPER_ROOT;XIRECS;11988.0;14
190700;;TAKER;INTARIAN_PEPPER_ROOT;XIRECS;11972.0;2
190700;;TAKER;ASH_COATED_OSMIUM;XIRECS;9991.0;2
191000;;TAKER;ASH_COATED_OSMIUM;XIRECS;9994.0;2
191500;;TAKER;ASH_COATED_OSMIUM;XIRECS;9993.0;3
191700;TAKER;;INTARIAN_PEPPER_ROOT;XIRECS;11986.0;9
191700;;TAKER;ASH_COATED_OSMIUM;XIRECS;9993.0;7
191900;TAKER;;ASH_COATED_OSMIUM;XIRECS;10008.0;12
192400;TAKER;;INTARIAN_PEPPER_ROOT;XIRECS;11988.0;9
192700;TAKER;;INTARIAN_PEPPER_ROOT;XIRECS;11988.0;11
192700;TAKER;;ASH_COATED_OSMIUM;XIRECS;10009.0;5
192800;;TAKER;INTARIAN_PEPPER_ROOT;XIRECS;11974.0;9
193000;;TAKER;INTARIAN_PEPPER_ROOT;XIRECS;11975.0;10
193100;TAKER;;INTARIAN_PEPPER_ROOT;XIRECS;11988.0;15
193400;;TAKER;INTARIAN_PEPPER_ROOT;XIRECS;11972.0;7
193400;TAKER;;ASH_COATED_OSMIUM;XIRECS;10007.0;8
193500;TAKER;;INTARIAN_PEPPER_ROOT;XIRECS;11987.0;6
193700;;TAKER;INTARIAN_PEPPER_ROOT;XIRECS;11975.0;13
193800;TAKER;;ASH_COATED_OSMIUM;XIRECS;10007.0;3
194700;;TAKER;ASH_COATED_OSMIUM;XIRECS;9991.0;7
195000;;TAKER;ASH_COATED_OSMIUM;XIRECS;9991.0;15
195300;;TAKER;INTARIAN_PEPPER_ROOT;XIRECS;11972.0;7
195500;;TAKER;ASH_COATED_OSMIUM;XIRECS;9987.0;10
195700;TAKER;;INTARIAN_PEPPER_ROOT;XIRECS;11985.0;14
195700;TAKER;;ASH_COATED_OSMIUM;XIRECS;10009.0;14
195800;;TAKER;INTARIAN_PEPPER_ROOT;XIRECS;11973.0;2
196000;;TAKER;ASH_COATED_OSMIUM;XIRECS;9993.0;7
196100;;TAKER;INTARIAN_PEPPER_ROOT;XIRECS;11973.0;10
196100;;TAKER;ASH_COATED_OSMIUM;XIRECS;9992.0;6
196200;TAKER;;ASH_COATED_OSMIUM;XIRECS;10012.0;14
196300;;TAKER;INTARIAN_PEPPER_ROOT;XIRECS;11976.0;3
196400;TAKER;;INTARIAN_PEPPER_ROOT;XIRECS;11988.0;13
196500;;TAKER;INTARIAN_PEPPER_ROOT;XIRECS;11973.0;14
196600;;TAKER;ASH_COATED_OSMIUM;XIRECS;9990.0;11
196800;TAKER;;INTARIAN_PEPPER_ROOT;XIRECS;11986.0;9
196800;;TAKER;ASH_COATED_OSMIUM;XIRECS;9989.0;11
197400;TAKER;;INTARIAN_PEPPER_ROOT;XIRECS;11987.0;14
197500;;TAKER;INTARIAN_PEPPER_ROOT;XIRECS;11973.0;4
197600;TAKER;;ASH_COATED_OSMIUM;XIRECS;10009.0;9
197700;TAKER;;ASH_COATED_OSMIUM;XIRECS;10010.0;9
197800;;TAKER;ASH_COATED_OSMIUM;XIRECS;9990.0;6
197900;;TAKER;INTARIAN_PEPPER_ROOT;XIRECS;11972.0;4
198200;;TAKER;ASH_COATED_OSMIUM;XIRECS;9991.0;15
198400;;TAKER;INTARIAN_PEPPER_ROOT;XIRECS;11974.0;8
198700;;TAKER;ASH_COATED_OSMIUM;XIRECS;9992.0;2
198900;;TAKER;ASH_COATED_OSMIUM;XIRECS;9990.0;8
199000;;TAKER;ASH_COATED_OSMIUM;XIRECS;9993.0;2
199400;;TAKER;INTARIAN_PEPPER_ROOT;XIRECS;11975.0;4
199500;;TAKER;ASH_COATED_OSMIUM;XIRECS;9992.0;14
199600;;TAKER;ASH_COATED_OSMIUM;XIRECS;9989.0;5
199800;;TAKER;ASH_COATED_OSMIUM;XIRECS;9992.0;7
199900;;TAKER;INTARIAN_PEPPER_ROOT;XIRECS;11973.0;15
200000;TAKER;;INTARIAN_PEPPER_ROOT;XIRECS;11988.0;4
200200;;TAKER;ASH_COATED_OSMIUM;XIRECS;9995.0;7
200300;TAKER;;INTARIAN_PEPPER_ROOT;XIRECS;11985.0;4
200400;;TAKER;ASH_COATED_OSMIUM;XIRECS;9989.0;5
200600;;TAKER;INTARIAN_PEPPER_ROOT;XIRECS;11972.0;2
200700;TAKER;;INTARIAN_PEPPER_ROOT;XIRECS;11986.0;11
200700;;TAKER;ASH_COATED_OSMIUM;XIRECS;9989.0;10
200800;TAKER;;INTARIAN_PEPPER_ROOT;XIRECS;11985.0;10
201100;TAKER;;INTARIAN_PEPPER_ROOT;XIRECS;11987.0;7
201400;;TAKER;INTARIAN_PEPPER_ROOT;XIRECS;11971.0;2
201400;;TAKER;ASH_COATED_OSMIUM;XIRECS;9986.0;11
201600;TAKER;;ASH_COATED_OSMIUM;XIRECS;10010.0;11
201800;TAKER;;INTARIAN_PEPPER_ROOT;XIRECS;11986.0;4
202000;;TAKER;INTARIAN_PEPPER_ROOT;XIRECS;11973.0;7
202100;TAKER;;ASH_COATED_OSMIUM;XIRECS;10006.0;13
202400;TAKER;;INTARIAN_PEPPER_ROOT;XIRECS;11985.0;11
202500;TAKER;;ASH_COATED_OSMIUM;XIRECS;10009.0;14
202600;TAKER;;INTARIAN_PEPPER_ROOT;XIRECS;11987.0;5
202800;TAKER;;ASH_COATED_OSMIUM;XIRECS;10011.0;12
203000;TAKER;;INTARIAN_PEPPER_ROOT;XIRECS;11985.0;13
203000;;TAKER;ASH_COATED_OSMIUM;XIRECS;9991.0;9
203100;TAKER;;INTARIAN_PEPPER_ROOT;XIRECS;11985.0;15
203100;;TAKER;ASH_COATED_OSMIUM;XIRECS;9990.0;9
203200;;TAKER;INTARIAN_PEPPER_ROOT;XIRECS;11973.0;6
203400;;TAKER;INTARIAN_PEPPER_ROOT;XIRECS;11971.0;3
203700;TAKER;;ASH_COATED_OSMIUM;XIRECS;10008.0;12
204100;TAKER;;INTARIAN_PEPPER_ROOT;XIRECS;11987.0;15
204200;;TAKER;INTARIAN_PEPPER_ROOT;XIRECS;11974.0;5
204600;TAKER;;INTARIAN_PEPPER_ROOT;XIRECS;11984.0;12
205100;;TAKER;INTARIAN_PEPPER_ROOT;XIRECS;11972.0;7
205200;;TAKER;INTARIAN_PEPPER_ROOT;XIRECS;11972.0;15
205200;TAKER;;ASH_COATED_OSMIUM;XIRECS;10009.0;7
205300;TAKER;;INTARIAN_PEPPER_ROOT;XIRECS;11988.0;2
205800;;TAKER;ASH_COATED_OSMIUM;XIRECS;9989.0;13
205900;;TAKER;ASH_COATED_OSMIUM;XIRECS;9987.0;3
206000;;TAKER;INTARIAN_PEPPER_ROOT;XIRECS;11973.0;2
206000;;TAKER;ASH_COATED_OSMIUM;XIRECS;9991.0;14
206100;TAKER;;ASH_COATED_OSMIUM;XIRECS;10007.0;2
206300;;TAKER;INTARIAN_PEPPER_ROOT;XIRECS;11970.0;14
206300;TAKER;;ASH_COATED_OSMIUM;XIRECS;10007.0;3
206600;TAKER;;ASH_COATED_OSMIUM;XIRECS;10011.0;11
206900;TAKER;;ASH_COATED_OSMIUM;XIRECS;10005.0;11
207000;;TAKER;INTARIAN_PEPPER_ROOT;XIRECS;11972.0;12
207100;;TAKER;INTARIAN_PEPPER_ROOT;XIRECS;11972.0;3
207100;;TAKER;ASH_COATED_OSMIUM;XIRECS;9992.0;10
207400;TAKER;;ASH_COATED_OSMIUM;XIRECS;10011.0;3
207500;;TAKER;INTARIAN_PEPPER_ROOT;XIRECS;11973.0;13
207500;TAKER;;ASH_COATED_OSMIUM;XIRECS;10004.0;7
207900;;TAKER;INTARIAN_PEPPER_ROOT;XIRECS;11973.0;12
208000;;TAKER;INTARIAN_PEPPER_ROOT;XIRECS;11971.0;10
208200;;TAKER;INTARIAN_PEPPER_ROOT;XIRECS;11971.0;14
208600;;TAKER;INTARIAN_PEPPER_ROOT;XIRECS;11969.0;4
208800;;TAKER;INTARIAN_PEPPER_ROOT;XIRECS;11972.0;6
209100;TAKER;;INTARIAN_PEPPER_ROOT;XIRECS;11986.0;9
209300;TAKER;;INTARIAN_PEPPER_ROOT;XIRECS;11984.0;3
209400;TAKER;;ASH_COATED_OSMIUM;XIRECS;10005.0;5
209700;TAKER;;INTARIAN_PEPPER_ROOT;XIRECS;11984.0;5
209900;;TAKER;ASH_COATED_OSMIUM;XIRECS;9990.0;8
210300;TAKER;;ASH_COATED_OSMIUM;XIRECS;10008.0;5
210600;;TAKER;INTARIAN_PEPPER_ROOT;XIRECS;11970.0;13
210900;TAKER;;INTARIAN_PEPPER_ROOT;XIRECS;11986.0;15
211100;TAKER;;INTARIAN_PEPPER_ROOT;XIRECS;11987.0;10
211500;;TAKER;INTARIAN_PEPPER_ROOT;XIRECS;11969.0;6
211500;;TAKER;ASH_COATED_OSMIUM;XIRECS;9988.0;13
211600;;TAKER;INTARIAN_PEPPER_ROOT;XIRECS;11972.0;13
211600;;TAKER;ASH_COATED_OSMIUM;XIRECS;9992.0;15
211800;TAKER;;INTARIAN_PEPPER_ROOT;XIRECS;11986.0;11
212200;;TAKER;ASH_COATED_OSMIUM;XIRECS;9991.0;4
212500;TAKER;;INTARIAN_PEPPER_ROOT;XIRECS;11987.0;15
212600;TAKER;;INTARIAN_PEPPER_ROOT;XIRECS;11988.0;14
212700;;TAKER;INTARIAN_PEPPER_ROOT;XIRECS;11971.0;11
212800;;TAKER;INTARIAN_PEPPER_ROOT;XIRECS;11972.0;7
213000;TAKER;;INTARIAN_PEPPER_ROOT;XIRECS;11985.0;3
213100;;TAKER;ASH_COATED_OSMIUM;XIRECS;9988.0;13
213500;;TAKER;INTARIAN_PEPPER_ROOT;XIRECS;11969.0;2
213500;;TAKER;ASH_COATED_OSMIUM;XIRECS;9992.0;15
213600;;TAKER;ASH_COATED_OSMIUM;XIRECS;9993.0;10
214200;TAKER;;ASH_COATED_OSMIUM;XIRECS;10006.0;3
214500;;TAKER;INTARIAN_PEPPER_ROOT;XIRECS;11973.0;6
214500;TAKER;;ASH_COATED_OSMIUM;XIRECS;10010.0;14
215100;;TAKER;ASH_COATED_OSMIUM;XIRECS;9990.0;9
215400;;TAKER;INTARIAN_PEPPER_ROOT;XIRECS;11971.0;4
215800;TAKER;;INTARIAN_PEPPER_ROOT;XIRECS;11984.0;5
215800;TAKER;;ASH_COATED_OSMIUM;XIRECS;10009.0;14
215900;TAKER;;INTARIAN_PEPPER_ROOT;XIRECS;11987.0;10
216000;;TAKER;ASH_COATED_OSMIUM;XIRECS;9993.0;11
216100;TAKER;;ASH_COATED_OSMIUM;XIRECS;10007.0;13
216400;;TAKER;ASH_COATED_OSMIUM;XIRECS;9990.0;5
216500;;TAKER;INTARIAN_PEPPER_ROOT;XIRECS;11969.0;15
216600;TAKER;;INTARIAN_PEPPER_ROOT;XIRECS;11984.0;4
216700;TAKER;;INTARIAN_PEPPER_ROOT;XIRECS;11983.0;11
216900;;TAKER;INTARIAN_PEPPER_ROOT;XIRECS;11971.0;11
217100;;TAKER;INTARIAN_PEPPER_ROOT;XIRECS;11971.0;13
217200;;TAKER;ASH_COATED_OSMIUM;XIRECS;9992.0;14
217500;;TAKER;ASH_COATED_OSMIUM;XIRECS;9990.0;7
217900;TAKER;;INTARIAN_PEPPER_ROOT;XIRECS;11984.0;7
218100;;TAKER;ASH_COATED_OSMIUM;XIRECS;9993.0;13
218400;;TAKER;INTARIAN_PEPPER_ROOT;XIRECS;11971.0;4
218500;;TAKER;INTARIAN_PEPPER_ROOT;XIRECS;11971.0;7
218900;TAKER;;INTARIAN_PEPPER_ROOT;XIRECS;11985.0;3
219300;;TAKER;INTARIAN_PEPPER_ROOT;XIRECS;11971.0;3
219300;TAKER;;ASH_COATED_OSMIUM;XIRECS;10011.0;2
219400;;TAKER;ASH_COATED_OSMIUM;XIRECS;9994.0;15
220300;;TAKER;INTARIAN_PEPPER_ROOT;XIRECS;11969.0;14
220300;TAKER;;ASH_COATED_OSMIUM;XIRECS;10009.0;15
220400;;TAKER;INTARIAN_PEPPER_ROOT;XIRECS;11970.0;2
220600;;TAKER;ASH_COATED_OSMIUM;XIRECS;9989.0;3
220800;TAKER;;INTARIAN_PEPPER_ROOT;XIRECS;11984.0;14
220900;;TAKER;INTARIAN_PEPPER_ROOT;XIRECS;11970.0;12
221000;;TAKER;INTARIAN_PEPPER_ROOT;XIRECS;11970.0;10
221100;TAKER;;ASH_COATED_OSMIUM;XIRECS;10011.0;13
221400;TAKER;;INTARIAN_PEPPER_ROOT;XIRECS;11985.0;6
221400;;TAKER;ASH_COATED_OSMIUM;XIRECS;9991.0;2
221700;TAKER;;INTARIAN_PEPPER_ROOT;XIRECS;11985.0;7
222500;TAKER;;INTARIAN_PEPPER_ROOT;XIRECS;11983.0;4
222600;TAKER;;INTARIAN_PEPPER_ROOT;XIRECS;11983.0;3
223400;TAKER;;ASH_COATED_OSMIUM;XIRECS;10011.0;3
223700;;TAKER;ASH_COATED_OSMIUM;XIRECS;9989.0;2
223900;TAKER;;ASH_COATED_OSMIUM;XIRECS;10014.0;4
224000;TAKER;;ASH_COATED_OSMIUM;XIRECS;10002.0;2
224200;;TAKER;INTARIAN_PEPPER_ROOT;XIRECS;11970.0;10
224300;;TAKER;INTARIAN_PEPPER_ROOT;XIRECS;11971.0;13
224700;TAKER;;ASH_COATED_OSMIUM;XIRECS;10011.0;11
224800;;TAKER;ASH_COATED_OSMIUM;XIRECS;9990.0;9
225000;;TAKER;ASH_COATED_OSMIUM;XIRECS;9990.0;14
225200;;TAKER;INTARIAN_PEPPER_ROOT;XIRECS;11970.0;12
225400;TAKER;;INTARIAN_PEPPER_ROOT;XIRECS;11983.0;3
225400;;TAKER;ASH_COATED_OSMIUM;XIRECS;9987.0;15
225500;;TAKER;INTARIAN_PEPPER_ROOT;XIRECS;11969.0;11
226100;;TAKER;INTARIAN_PEPPER_ROOT;XIRECS;11970.0;14
226400;;TAKER;ASH_COATED_OSMIUM;XIRECS;9992.0;9
226600;;TAKER;ASH_COATED_OSMIUM;XIRECS;9994.0;12
226900;;TAKER;ASH_COATED_OSMIUM;XIRECS;9993.0;5
227600;;TAKER;INTARIAN_PEPPER_ROOT;XIRECS;11970.0;6
227700;;TAKER;ASH_COATED_OSMIUM;XIRECS;9991.0;12
228000;;TAKER;ASH_COATED_OSMIUM;XIRECS;9990.0;4
228400;;TAKER;INTARIAN_PEPPER_ROOT;XIRECS;11969.0;11
228500;TAKER;;INTARIAN_PEPPER_ROOT;XIRECS;11985.0;3
228600;;TAKER;ASH_COATED_OSMIUM;XIRECS;9988.0;4
228800;TAKER;;INTARIAN_PEPPER_ROOT;XIRECS;11982.0;7
228800;TAKER;;ASH_COATED_OSMIUM;XIRECS;10012.0;2
228900;TAKER;;INTARIAN_PEPPER_ROOT;XIRECS;11984.0;10
229100;TAKER;;INTARIAN_PEPPER_ROOT;XIRECS;11983.0;12
229300;;TAKER;INTARIAN_PEPPER_ROOT;XIRECS;11971.0;15
229900;;TAKER;ASH_COATED_OSMIUM;XIRECS;9990.0;14
230200;TAKER;;INTARIAN_PEPPER_ROOT;XIRECS;11983.0;5
230500;;TAKER;INTARIAN_PEPPER_ROOT;XIRECS;11968.0;9
230600;TAKER;;ASH_COATED_OSMIUM;XIRECS;10009.0;2
230700;TAKER;;ASH_COATED_OSMIUM;XIRECS;10012.0;11
231100;TAKER;;INTARIAN_PEPPER_ROOT;XIRECS;11984.0;5
231500;;TAKER;ASH_COATED_OSMIUM;XIRECS;9993.0;15
232000;;TAKER;ASH_COATED_OSMIUM;XIRECS;9993.0;7
232100;;TAKER;INTARIAN_PEPPER_ROOT;XIRECS;11967.0;13
232300;;TAKER;INTARIAN_PEPPER_ROOT;XIRECS;11967.0;14
232300;TAKER;;ASH_COATED_OSMIUM;XIRECS;10009.0;4
232600;;TAKER;INTARIAN_PEPPER_ROOT;XIRECS;11971.0;5
232700;TAKER;;ASH_COATED_OSMIUM;XIRECS;10008.0;11
233000;TAKER;;ASH_COATED_OSMIUM;XIRECS;10009.0;8
233200;;TAKER;ASH_COATED_OSMIUM;XIRECS;9993.0;2
233500;TAKER;;INTARIAN_PEPPER_ROOT;XIRECS;11982.0;14
233900;;TAKER;INTARIAN_PEPPER_ROOT;XIRECS;11968.0;5
234000;TAKER;;INTARIAN_PEPPER_ROOT;XIRECS;11981.0;8
234100;;TAKER;INTARIAN_PEPPER_ROOT;XIRECS;11970.0;13
234100;TAKER;;ASH_COATED_OSMIUM;XIRECS;10013.0;13
234300;TAKER;;INTARIAN_PEPPER_ROOT;XIRECS;11982.0;15
234400;TAKER;;INTARIAN_PEPPER_ROOT;XIRECS;11983.0;14
234400;;TAKER;ASH_COATED_OSMIUM;XIRECS;9990.0;10
234500;TAKER;;INTARIAN_PEPPER_ROOT;XIRECS;11982.0;9
234600;;TAKER;ASH_COATED_OSMIUM;XIRECS;9989.0;11
234700;TAKER;;ASH_COATED_OSMIUM;XIRECS;10010.0;10
234900;TAKER;;ASH_COATED_OSMIUM;XIRECS;10008.0;15
235000;TAKER;;INTARIAN_PEPPER_ROOT;XIRECS;11980.0;12
235200;TAKER;;ASH_COATED_OSMIUM;XIRECS;10011.0;9
235300;TAKER;;INTARIAN_PEPPER_ROOT;XIRECS;11984.0;4
235400;TAKER;;INTARIAN_PEPPER_ROOT;XIRECS;11984.0;10
235700;;TAKER;INTARIAN_PEPPER_ROOT;XIRECS;11969.0;9
235800;TAKER;;ASH_COATED_OSMIUM;XIRECS;10011.0;14
235900;;TAKER;ASH_COATED_OSMIUM;XIRECS;9989.0;14
236300;TAKER;;INTARIAN_PEPPER_ROOT;XIRECS;11984.0;9
236400;;TAKER;ASH_COATED_OSMIUM;XIRECS;9989.0;7
236700;;TAKER;INTARIAN_PEPPER_ROOT;XIRECS;11968.0;7
236700;;TAKER;ASH_COATED_OSMIUM;XIRECS;9993.0;8
236900;TAKER;;INTARIAN_PEPPER_ROOT;XIRECS;11982.0;8
237100;TAKER;;INTARIAN_PEPPER_ROOT;XIRECS;11984.0;13
237100;;TAKER;ASH_COATED_OSMIUM;XIRECS;9992.0;8
237200;TAKER;;ASH_COATED_OSMIUM;XIRECS;10009.0;6
237300;;TAKER;INTARIAN_PEPPER_ROOT;XIRECS;11970.0;9
237400;TAKER;;INTARIAN_PEPPER_ROOT;XIRECS;11982.0;9
237400;;TAKER;ASH_COATED_OSMIUM;XIRECS;9989.0;3
237500;TAKER;;INTARIAN_PEPPER_ROOT;XIRECS;11984.0;10
238000;;TAKER;ASH_COATED_OSMIUM;XIRECS;9991.0;4
238100;;TAKER;ASH_COATED_OSMIUM;XIRECS;9989.0;2
238300;TAKER;;INTARIAN_PEPPER_ROOT;XIRECS;11983.0;15
238500;;TAKER;INTARIAN_PEPPER_ROOT;XIRECS;11968.0;9
238500;TAKER;;ASH_COATED_OSMIUM;XIRECS;10009.0;15
238800;TAKER;;ASH_COATED_OSMIUM;XIRECS;10011.0;8
239100;TAKER;;INTARIAN_PEPPER_ROOT;XIRECS;11984.0;11
239400;;TAKER;INTARIAN_PEPPER_ROOT;XIRECS;11968.0;15
239600;;TAKER;ASH_COATED_OSMIUM;XIRECS;9990.0;10
239700;TAKER;;INTARIAN_PEPPER_ROOT;XIRECS;11983.0;11
239800;TAKER;;INTARIAN_PEPPER_ROOT;XIRECS;11983.0;10
239900;TAKER;;ASH_COATED_OSMIUM;XIRECS;10007.0;8
240300;;TAKER;INTARIAN_PEPPER_ROOT;XIRECS;11969.0;6
240300;TAKER;;ASH_COATED_OSMIUM;XIRECS;10011.0;4
240500;TAKER;;INTARIAN_PEPPER_ROOT;XIRECS;11983.0;13
240600;;TAKER;INTARIAN_PEPPER_ROOT;XIRECS;11969.0;9
240600;TAKER;;ASH_COATED_OSMIUM;XIRECS;10008.0;2
240700;;TAKER;INTARIAN_PEPPER_ROOT;XIRECS;11968.0;2
240700;TAKER;;ASH_COATED_OSMIUM;XIRECS;10007.0;15
240900;;TAKER;ASH_COATED_OSMIUM;XIRECS;9993.0;3
241000;TAKER;;ASH_COATED_OSMIUM;XIRECS;10008.0;9
241200;;TAKER;INTARIAN_PEPPER_ROOT;XIRECS;11968.0;6
241200;TAKER;;ASH_COATED_OSMIUM;XIRECS;10009.0;15
241300;TAKER;;ASH_COATED_OSMIUM;XIRECS;10005.0;11
241500;;TAKER;INTARIAN_PEPPER_ROOT;XIRECS;11970.0;8
241600;;TAKER;ASH_COATED_OSMIUM;XIRECS;9988.0;14
241900;TAKER;;INTARIAN_PEPPER_ROOT;XIRECS;11980.0;10
242000;TAKER;;INTARIAN_PEPPER_ROOT;XIRECS;11981.0;11
242300;TAKER;;INTARIAN_PEPPER_ROOT;XIRECS;11983.0;13
242300;TAKER;;ASH_COATED_OSMIUM;XIRECS;10010.0;13
242600;;TAKER;INTARIAN_PEPPER_ROOT;XIRECS;11966.0;13
242600;;TAKER;ASH_COATED_OSMIUM;XIRECS;9990.0;15
242700;;TAKER;ASH_COATED_OSMIUM;XIRECS;9989.0;11
243100;;TAKER;INTARIAN_PEPPER_ROOT;XIRECS;11968.0;12
243300;;TAKER;INTARIAN_PEPPER_ROOT;XIRECS;11971.0;13
243400;;TAKER;INTARIAN_PEPPER_ROOT;XIRECS;11969.0;14
243500;TAKER;;INTARIAN_PEPPER_ROOT;XIRECS;11980.0;6
243500;TAKER;;ASH_COATED_OSMIUM;XIRECS;10009.0;5
243600;TAKER;;ASH_COATED_OSMIUM;XIRECS;10009.0;14
243700;TAKER;;INTARIAN_PEPPER_ROOT;XIRECS;11983.0;9
244000;;TAKER;ASH_COATED_OSMIUM;XIRECS;9992.0;13
244200;TAKER;;ASH_COATED_OSMIUM;XIRECS;10008.0;13
244400;;TAKER;ASH_COATED_OSMIUM;XIRECS;9989.0;6
244500;;TAKER;INTARIAN_PEPPER_ROOT;XIRECS;11970.0;6
244700;;TAKER;INTARIAN_PEPPER_ROOT;XIRECS;11966.0;8
244800;TAKER;;INTARIAN_PEPPER_ROOT;XIRECS;11980.0;5
244800;;TAKER;ASH_COATED_OSMIUM;XIRECS;9993.0;4
245100;;TAKER;ASH_COATED_OSMIUM;XIRECS;9993.0;7
245400;;TAKER;INTARIAN_PEPPER_ROOT;XIRECS;11967.0;6
245400;;TAKER;ASH_COATED_OSMIUM;XIRECS;9988.0;14
245500;TAKER;;INTARIAN_PEPPER_ROOT;XIRECS;11983.0;11
245600;;TAKER;INTARIAN_PEPPER_ROOT;XIRECS;11967.0;6
245600;TAKER;;ASH_COATED_OSMIUM;XIRECS;10009.0;10
245800;TAKER;;INTARIAN_PEPPER_ROOT;XIRECS;11981.0;10
246200;;TAKER;ASH_COATED_OSMIUM;XIRECS;9991.0;15
246300;TAKER;;ASH_COATED_OSMIUM;XIRECS;10007.0;8
246400;TAKER;;INTARIAN_PEPPER_ROOT;XIRECS;11984.0;8
246700;;TAKER;ASH_COATED_OSMIUM;XIRECS;9987.0;13
246900;;TAKER;INTARIAN_PEPPER_ROOT;XIRECS;11968.0;2
246900;TAKER;;ASH_COATED_OSMIUM;XIRECS;10009.0;12
247000;TAKER;;ASH_COATED_OSMIUM;XIRECS;10011.0;2
247200;TAKER;;INTARIAN_PEPPER_ROOT;XIRECS;11980.0;3
247300;;TAKER;ASH_COATED_OSMIUM;XIRECS;9986.0;9
247400;TAKER;;ASH_COATED_OSMIUM;XIRECS;10012.0;11
247500;TAKER;;INTARIAN_PEPPER_ROOT;XIRECS;11983.0;12
247700;;TAKER;INTARIAN_PEPPER_ROOT;XIRECS;11969.0;13
247800;TAKER;;INTARIAN_PEPPER_ROOT;XIRECS;11983.0;12
247900;;TAKER;ASH_COATED_OSMIUM;XIRECS;9994.0;12
248200;;TAKER;INTARIAN_PEPPER_ROOT;XIRECS;11968.0;9
248500;TAKER;;INTARIAN_PEPPER_ROOT;XIRECS;11981.0;11
248800;;TAKER;ASH_COATED_OSMIUM;XIRECS;9994.0;5
248900;TAKER;;ASH_COATED_OSMIUM;XIRECS;10007.0;6
249000;TAKER;;INTARIAN_PEPPER_ROOT;XIRECS;11983.0;7
249000;TAKER;;ASH_COATED_OSMIUM;XIRECS;10010.0;3
249100;TAKER;;INTARIAN_PEPPER_ROOT;XIRECS;11980.0;8
249200;;TAKER;ASH_COATED_OSMIUM;XIRECS;9988.0;12
249300;TAKER;;ASH_COATED_OSMIUM;XIRECS;10007.0;2
249400;;TAKER;ASH_COATED_OSMIUM;XIRECS;9989.0;14
249500;;TAKER;INTARIAN_PEPPER_ROOT;XIRECS;11968.0;8
249700;TAKER;;ASH_COATED_OSMIUM;XIRECS;10008.0;6
249800;TAKER;;INTARIAN_PEPPER_ROOT;XIRECS;11980.0;10
249800;;TAKER;ASH_COATED_OSMIUM;XIRECS;9990.0;8
250000;;TAKER;ASH_COATED_OSMIUM;XIRECS;9987.0;9
250100;;TAKER;ASH_COATED_OSMIUM;XIRECS;9989.0;9
250200;TAKER;;INTARIAN_PEPPER_ROOT;XIRECS;11981.0;12
250200;;TAKER;ASH_COATED_OSMIUM;XIRECS;9989.0;6
250300;;TAKER;INTARIAN_PEPPER_ROOT;XIRECS;11968.0;10
250500;TAKER;;INTARIAN_PEPPER_ROOT;XIRECS;11982.0;10
250700;;TAKER;INTARIAN_PEPPER_ROOT;XIRECS;11968.0;10
250900;TAKER;;INTARIAN_PEPPER_ROOT;XIRECS;11980.0;6
251100;;TAKER;ASH_COATED_OSMIUM;XIRECS;9989.0;7
251500;TAKER;;ASH_COATED_OSMIUM;XIRECS;10007.0;4
251600;TAKER;;ASH_COATED_OSMIUM;XIRECS;10007.0;11
251900;;TAKER;ASH_COATED_OSMIUM;XIRECS;9990.0;14
252000;;TAKER;ASH_COATED_OSMIUM;XIRECS;9990.0;11
252300;TAKER;;INTARIAN_PEPPER_ROOT;XIRECS;11983.0;10
252600;;TAKER;INTARIAN_PEPPER_ROOT;XIRECS;11967.0;4
252600;;TAKER;ASH_COATED_OSMIUM;XIRECS;9993.0;14
252700;;TAKER;ASH_COATED_OSMIUM;XIRECS;9990.0;4
252900;;TAKER;ASH_COATED_OSMIUM;XIRECS;9990.0;3
253200;TAKER;;INTARIAN_PEPPER_ROOT;XIRECS;11981.0;2
253300;TAKER;;ASH_COATED_OSMIUM;XIRECS;10012.0;3
253400;;TAKER;ASH_COATED_OSMIUM;XIRECS;9991.0;11
253800;;TAKER;INTARIAN_PEPPER_ROOT;XIRECS;11967.0;4
254100;TAKER;;INTARIAN_PEPPER_ROOT;XIRECS;11979.0;7
254200;TAKER;;ASH_COATED_OSMIUM;XIRECS;10008.0;15
254700;;TAKER;INTARIAN_PEPPER_ROOT;XIRECS;11966.0;3
254800;TAKER;;ASH_COATED_OSMIUM;XIRECS;10008.0;13
255100;;TAKER;INTARIAN_PEPPER_ROOT;XIRECS;11964.0;15
255200;;TAKER;INTARIAN_PEPPER_ROOT;XIRECS;11967.0;4
255300;;TAKER;INTARIAN_PEPPER_ROOT;XIRECS;11967.0;15
255400;TAKER;;INTARIAN_PEPPER_ROOT;XIRECS;11981.0;15
255500;TAKER;;INTARIAN_PEPPER_ROOT;XIRECS;11981.0;15
255600;;TAKER;ASH_COATED_OSMIUM;XIRECS;9992.0;6
255700;TAKER;;INTARIAN_PEPPER_ROOT;XIRECS;11980.0;4
255700;TAKER;;ASH_COATED_OSMIUM;XIRECS;10012.0;12
255900;;TAKER;INTARIAN_PEPPER_ROOT;XIRECS;11967.0;5
256000;TAKER;;ASH_COATED_OSMIUM;XIRECS;10007.0;9
256200;;TAKER;ASH_COATED_OSMIUM;XIRECS;9989.0;11
256300;;TAKER;ASH_COATED_OSMIUM;XIRECS;9989.0;8
256400;TAKER;;INTARIAN_PEPPER_ROOT;XIRECS;11980.0;12
256600;TAKER;;INTARIAN_PEPPER_ROOT;XIRECS;11979.0;7
256600;;TAKER;ASH_COATED_OSMIUM;XIRECS;9989.0;14
256700;;TAKER;INTARIAN_PEPPER_ROOT;XIRECS;11967.0;4
256700;TAKER;;ASH_COATED_OSMIUM;XIRECS;10006.0;14
257000;TAKER;;ASH_COATED_OSMIUM;XIRECS;10007.0;10
257100;;TAKER;INTARIAN_PEPPER_ROOT;XIRECS;11966.0;8
257200;TAKER;;INTARIAN_PEPPER_ROOT;XIRECS;11981.0;3
257400;;TAKER;INTARIAN_PEPPER_ROOT;XIRECS;11964.0;8
257500;;TAKER;INTARIAN_PEPPER_ROOT;XIRECS;11967.0;2
257500;TAKER;;ASH_COATED_OSMIUM;XIRECS;10004.0;6
257900;;TAKER;INTARIAN_PEPPER_ROOT;XIRECS;11966.0;2
258000;;TAKER;ASH_COATED_OSMIUM;XIRECS;9994.0;15
258200;;TAKER;ASH_COATED_OSMIUM;XIRECS;9988.0;3
258400;;TAKER;ASH_COATED_OSMIUM;XIRECS;9988.0;5
258500;TAKER;;ASH_COATED_OSMIUM;XIRECS;10008.0;8
258700;TAKER;;INTARIAN_PEPPER_ROOT;XIRECS;11980.0;2
258700;;TAKER;ASH_COATED_OSMIUM;XIRECS;9989.0;9
258900;;TAKER;INTARIAN_PEPPER_ROOT;XIRECS;11966.0;14
259000;TAKER;;INTARIAN_PEPPER_ROOT;XIRECS;11982.0;12
259500;TAKER;;ASH_COATED_OSMIUM;XIRECS;10009.0;11
259600;;TAKER;INTARIAN_PEPPER_ROOT;XIRECS;11968.0;2
259800;;TAKER;INTARIAN_PEPPER_ROOT;XIRECS;11967.0;3
259900;;TAKER;ASH_COATED_OSMIUM;XIRECS;9992.0;6
260000;;TAKER;INTARIAN_PEPPER_ROOT;XIRECS;11968.0;14
260200;;TAKER;INTARIAN_PEPPER_ROOT;XIRECS;11966.0;5
260300;TAKER;;INTARIAN_PEPPER_ROOT;XIRECS;11978.0;9
260300;TAKER;;ASH_COATED_OSMIUM;XIRECS;10009.0;2
260500;;TAKER;INTARIAN_PEPPER_ROOT;XIRECS;11966.0;11
260500;TAKER;;ASH_COATED_OSMIUM;XIRECS;10005.0;5
260800;;TAKER;INTARIAN_PEPPER_ROOT;XIRECS;11964.0;4
261200;;TAKER;INTARIAN_PEPPER_ROOT;XIRECS;11967.0;11
262100;;TAKER;INTARIAN_PEPPER_ROOT;XIRECS;11965.0;15
262400;;TAKER;ASH_COATED_OSMIUM;XIRECS;9989.0;14
262500;;TAKER;ASH_COATED_OSMIUM;XIRECS;9988.0;9
262700;TAKER;;ASH_COATED_OSMIUM;XIRECS;10005.0;13
262900;TAKER;;ASH_COATED_OSMIUM;XIRECS;10008.0;15
263100;;TAKER;INTARIAN_PEPPER_ROOT;XIRECS;11965.0;2
263200;TAKER;;ASH_COATED_OSMIUM;XIRECS;10007.0;4
263300;;TAKER;INTARIAN_PEPPER_ROOT;XIRECS;11967.0;14
263300;TAKER;;ASH_COATED_OSMIUM;XIRECS;10006.0;8
264000;;TAKER;INTARIAN_PEPPER_ROOT;XIRECS;11966.0;14
264000;;TAKER;ASH_COATED_OSMIUM;XIRECS;9993.0;3
264200;TAKER;;INTARIAN_PEPPER_ROOT;XIRECS;11979.0;5
264200;;TAKER;ASH_COATED_OSMIUM;XIRECS;9989.0;15
264300;;TAKER;ASH_COATED_OSMIUM;XIRECS;9991.0;4
264600;;TAKER;INTARIAN_PEPPER_ROOT;XIRECS;11965.0;11
264700;;TAKER;INTARIAN_PEPPER_ROOT;XIRECS;11967.0;15
265000;;TAKER;INTARIAN_PEPPER_ROOT;XIRECS;11963.0;7
265000;TAKER;;ASH_COATED_OSMIUM;XIRECS;10007.0;15
265100;;TAKER;INTARIAN_PEPPER_ROOT;XIRECS;11967.0;15
265200;;TAKER;INTARIAN_PEPPER_ROOT;XIRECS;11965.0;5
265300;;TAKER;INTARIAN_PEPPER_ROOT;XIRECS;11966.0;2
265500;;TAKER;ASH_COATED_OSMIUM;XIRECS;9991.0;13
265600;;TAKER;INTARIAN_PEPPER_ROOT;XIRECS;11967.0;14
265600;TAKER;;ASH_COATED_OSMIUM;XIRECS;10006.0;15
266000;;TAKER;INTARIAN_PEPPER_ROOT;XIRECS;11965.0;15
266100;TAKER;;INTARIAN_PEPPER_ROOT;XIRECS;11981.0;13
266100;TAKER;;ASH_COATED_OSMIUM;XIRECS;10010.0;13
266200;TAKER;;INTARIAN_PEPPER_ROOT;XIRECS;11980.0;9
266200;;TAKER;ASH_COATED_OSMIUM;XIRECS;9988.0;4
266500;TAKER;;INTARIAN_PEPPER_ROOT;XIRECS;11982.0;8
266600;;TAKER;INTARIAN_PEPPER_ROOT;XIRECS;11966.0;13
266600;TAKER;;ASH_COATED_OSMIUM;XIRECS;10009.0;14
266800;TAKER;;ASH_COATED_OSMIUM;XIRECS;10009.0;15
267100;;TAKER;ASH_COATED_OSMIUM;XIRECS;9989.0;3
267200;;TAKER;INTARIAN_PEPPER_ROOT;XIRECS;11968.0;2
267400;TAKER;;INTARIAN_PEPPER_ROOT;XIRECS;11980.0;3
267400;;TAKER;ASH_COATED_OSMIUM;XIRECS;9989.0;2
267500;TAKER;;ASH_COATED_OSMIUM;XIRECS;10008.0;7
267800;;TAKER;INTARIAN_PEPPER_ROOT;XIRECS;11966.0;8
267900;;TAKER;INTARIAN_PEPPER_ROOT;XIRECS;11965.0;15
268100;TAKER;;ASH_COATED_OSMIUM;XIRECS;10012.0;8
268400;;TAKER;ASH_COATED_OSMIUM;XIRECS;9989.0;14
268700;;TAKER;INTARIAN_PEPPER_ROOT;XIRECS;11966.0;12
268900;TAKER;;ASH_COATED_OSMIUM;XIRECS;10011.0;5
269200;TAKER;;INTARIAN_PEPPER_ROOT;XIRECS;11979.0;6
269300;;TAKER;INTARIAN_PEPPER_ROOT;XIRECS;11967.0;14
269500;TAKER;;INTARIAN_PEPPER_ROOT;XIRECS;11978.0;8
269700;;TAKER;ASH_COATED_OSMIUM;XIRECS;9990.0;9
269800;;TAKER;ASH_COATED_OSMIUM;XIRECS;9990.0;13
269900;TAKER;;ASH_COATED_OSMIUM;XIRECS;10007.0;9
270000;TAKER;;INTARIAN_PEPPER_ROOT;XIRECS;11980.0;9
270000;;TAKER;ASH_COATED_OSMIUM;XIRECS;9993.0;8
270300;TAKER;;INTARIAN_PEPPER_ROOT;XIRECS;11979.0;7
270300;TAKER;;ASH_COATED_OSMIUM;XIRECS;10011.0;7
270400;;TAKER;INTARIAN_PEPPER_ROOT;XIRECS;11967.0;4
270500;;TAKER;INTARIAN_PEPPER_ROOT;XIRECS;11966.0;10
270500;TAKER;;ASH_COATED_OSMIUM;XIRECS;10012.0;8
270600;TAKER;;INTARIAN_PEPPER_ROOT;XIRECS;11977.0;15
270700;;TAKER;INTARIAN_PEPPER_ROOT;XIRECS;11966.0;5
270800;;TAKER;ASH_COATED_OSMIUM;XIRECS;9993.0;15
271000;TAKER;;INTARIAN_PEPPER_ROOT;XIRECS;11978.0;4
271100;;TAKER;INTARIAN_PEPPER_ROOT;XIRECS;11966.0;2
271100;;TAKER;ASH_COATED_OSMIUM;XIRECS;9990.0;4
271400;;TAKER;INTARIAN_PEPPER_ROOT;XIRECS;11966.0;11
271400;;TAKER;ASH_COATED_OSMIUM;XIRECS;9989.0;7
271500;;TAKER;INTARIAN_PEPPER_ROOT;XIRECS;11967.0;3
271600;;TAKER;ASH_COATED_OSMIUM;XIRECS;9993.0;7
271800;;TAKER;ASH_COATED_OSMIUM;XIRECS;9994.0;13
271900;;TAKER;INTARIAN_PEPPER_ROOT;XIRECS;11965.0;6
272000;;TAKER;INTARIAN_PEPPER_ROOT;XIRECS;11965.0;3
272100;TAKER;;ASH_COATED_OSMIUM;XIRECS;10007.0;10
272200;;TAKER;INTARIAN_PEPPER_ROOT;XIRECS;11965.0;9
272400;TAKER;;INTARIAN_PEPPER_ROOT;XIRECS;11977.0;6
272500;;TAKER;INTARIAN_PEPPER_ROOT;XIRECS;11966.0;4
272500;;TAKER;ASH_COATED_OSMIUM;XIRECS;9988.0;14
273100;TAKER;;INTARIAN_PEPPER_ROOT;XIRECS;11980.0;13
273400;TAKER;;INTARIAN_PEPPER_ROOT;XIRECS;11978.0;5
273500;TAKER;;ASH_COATED_OSMIUM;XIRECS;10005.0;8
273600;TAKER;;INTARIAN_PEPPER_ROOT;XIRECS;11981.0;4
273600;;TAKER;ASH_COATED_OSMIUM;XIRECS;9990.0;13
273700;TAKER;;ASH_COATED_OSMIUM;XIRECS;10007.0;14
274300;;TAKER;ASH_COATED_OSMIUM;XIRECS;9995.0;7
274700;;TAKER;INTARIAN_PEPPER_ROOT;XIRECS;11968.0;10
274700;TAKER;;ASH_COATED_OSMIUM;XIRECS;10008.0;2
274900;;TAKER;INTARIAN_PEPPER_ROOT;XIRECS;11965.0;4
275000;;TAKER;ASH_COATED_OSMIUM;XIRECS;9994.0;13
275400;;TAKER;ASH_COATED_OSMIUM;XIRECS;9990.0;6
275700;;TAKER;INTARIAN_PEPPER_ROOT;XIRECS;11962.0;7
275700;;TAKER;ASH_COATED_OSMIUM;XIRECS;9991.0;12
275900;TAKER;;INTARIAN_PEPPER_ROOT;XIRECS;11978.0;5
276000;TAKER;;INTARIAN_PEPPER_ROOT;XIRECS;11979.0;3
276000;TAKER;;ASH_COATED_OSMIUM;XIRECS;10008.0;12
276100;;TAKER;ASH_COATED_OSMIUM;XIRECS;9990.0;10
276200;TAKER;;ASH_COATED_OSMIUM;XIRECS;10007.0;8
276300;TAKER;;INTARIAN_PEPPER_ROOT;XIRECS;11980.0;5
276400;;TAKER;INTARIAN_PEPPER_ROOT;XIRECS;11967.0;12
276500;TAKER;;INTARIAN_PEPPER_ROOT;XIRECS;11981.0;15
276500;TAKER;;ASH_COATED_OSMIUM;XIRECS;10008.0;15
276700;;TAKER;ASH_COATED_OSMIUM;XIRECS;9992.0;7
277100;;TAKER;INTARIAN_PEPPER_ROOT;XIRECS;11965.0;5
277400;TAKER;;INTARIAN_PEPPER_ROOT;XIRECS;11981.0;12
277400;;TAKER;ASH_COATED_OSMIUM;XIRECS;9988.0;4
277600;;TAKER;INTARIAN_PEPPER_ROOT;XIRECS;11965.0;2
277700;;TAKER;INTARIAN_PEPPER_ROOT;XIRECS;11963.0;12
277900;TAKER;;ASH_COATED_OSMIUM;XIRECS;10014.0;15
278000;TAKER;;ASH_COATED_OSMIUM;XIRECS;10007.0;3
278200;;TAKER;INTARIAN_PEPPER_ROOT;XIRECS;11967.0;4
278300;TAKER;;INTARIAN_PEPPER_ROOT;XIRECS;11981.0;15
278400;;TAKER;INTARIAN_PEPPER_ROOT;XIRECS;11963.0;3
278500;;TAKER;ASH_COATED_OSMIUM;XIRECS;9988.0;2
278600;TAKER;;INTARIAN_PEPPER_ROOT;XIRECS;11978.0;6
278900;TAKER;;INTARIAN_PEPPER_ROOT;XIRECS;11979.0;8
279000;;TAKER;INTARIAN_PEPPER_ROOT;XIRECS;11966.0;15
279200;TAKER;;INTARIAN_PEPPER_ROOT;XIRECS;11979.0;15
279400;;TAKER;INTARIAN_PEPPER_ROOT;XIRECS;11964.0;13
279400;;TAKER;ASH_COATED_OSMIUM;XIRECS;9993.0;13
279600;TAKER;;ASH_COATED_OSMIUM;XIRECS;10010.0;5
279700;;TAKER;ASH_COATED_OSMIUM;XIRECS;9989.0;5
279800;TAKER;;INTARIAN_PEPPER_ROOT;XIRECS;11976.0;11
279900;;TAKER;INTARIAN_PEPPER_ROOT;XIRECS;11965.0;3
280000;TAKER;;ASH_COATED_OSMIUM;XIRECS;10006.0;15
280300;TAKER;;ASH_COATED_OSMIUM;XIRECS;10005.0;4
280500;;TAKER;INTARIAN_PEPPER_ROOT;XIRECS;11964.0;7
280500;;TAKER;ASH_COATED_OSMIUM;XIRECS;9992.0;14
280700;;TAKER;INTARIAN_PEPPER_ROOT;XIRECS;11963.0;7
280700;TAKER;;ASH_COATED_OSMIUM;XIRECS;10011.0;6
280900;;TAKER;ASH_COATED_OSMIUM;XIRECS;9990.0;3
281000;;TAKER;INTARIAN_PEPPER_ROOT;XIRECS;11965.0;12
281100;TAKER;;ASH_COATED_OSMIUM;XIRECS;10012.0;2
281200;;TAKER;ASH_COATED_OSMIUM;XIRECS;9994.0;3
281300;TAKER;;INTARIAN_PEPPER_ROOT;XIRECS;11980.0;12
281600;TAKER;;ASH_COATED_OSMIUM;XIRECS;10008.0;9
281800;TAKER;;ASH_COATED_OSMIUM;XIRECS;10006.0;10
281900;TAKER;;INTARIAN_PEPPER_ROOT;XIRECS;11979.0;7
282300;TAKER;;INTARIAN_PEPPER_ROOT;XIRECS;11979.0;3
282500;;TAKER;INTARIAN_PEPPER_ROOT;XIRECS;11965.0;6
282700;;TAKER;INTARIAN_PEPPER_ROOT;XIRECS;11965.0;12
282800;TAKER;;INTARIAN_PEPPER_ROOT;XIRECS;11977.0;5
282800;;TAKER;ASH_COATED_OSMIUM;XIRECS;9994.0;13
282900;;TAKER;ASH_COATED_OSMIUM;XIRECS;9991.0;15
283000;;TAKER;ASH_COATED_OSMIUM;XIRECS;9992.0;6
283100;;TAKER;INTARIAN_PEPPER_ROOT;XIRECS;11964.0;3
283100;;TAKER;ASH_COATED_OSMIUM;XIRECS;9992.0;8
283400;;TAKER;INTARIAN_PEPPER_ROOT;XIRECS;11963.0;10
283400;TAKER;;ASH_COATED_OSMIUM;XIRECS;10009.0;7
283600;;TAKER;INTARIAN_PEPPER_ROOT;XIRECS;11965.0;3
283700;;TAKER;ASH_COATED_OSMIUM;XIRECS;9989.0;5
284100;;TAKER;INTARIAN_PEPPER_ROOT;XIRECS;11963.0;13
284100;TAKER;;ASH_COATED_OSMIUM;XIRECS;10007.0;12
284300;;TAKER;INTARIAN_PEPPER_ROOT;XIRECS;11964.0;6
284500;;TAKER;INTARIAN_PEPPER_ROOT;XIRECS;11965.0;5
284700;TAKER;;ASH_COATED_OSMIUM;XIRECS;10010.0;14
284800;TAKER;;ASH_COATED_OSMIUM;XIRECS;10010.0;10
285000;TAKER;;INTARIAN_PEPPER_ROOT;XIRECS;11976.0;10
285000;TAKER;;ASH_COATED_OSMIUM;XIRECS;10010.0;4
285400;TAKER;;ASH_COATED_OSMIUM;XIRECS;10006.0;15
285600;;TAKER;INTARIAN_PEPPER_ROOT;XIRECS;11965.0;12
285600;TAKER;;ASH_COATED_OSMIUM;XIRECS;10009.0;11
285700;TAKER;;ASH_COATED_OSMIUM;XIRECS;10010.0;11
285800;;TAKER;INTARIAN_PEPPER_ROOT;XIRECS;11964.0;15
286100;TAKER;;ASH_COATED_OSMIUM;XIRECS;10005.0;8
286300;TAKER;;INTARIAN_PEPPER_ROOT;XIRECS;11978.0;9
286300;TAKER;;ASH_COATED_OSMIUM;XIRECS;10007.0;7
286400;;TAKER;ASH_COATED_OSMIUM;XIRECS;9992.0;15
286500;TAKER;;INTARIAN_PEPPER_ROOT;XIRECS;11979.0;14
286600;TAKER;;ASH_COATED_OSMIUM;XIRECS;10009.0;3
286900;;TAKER;INTARIAN_PEPPER_ROOT;XIRECS;11964.0;13
287000;TAKER;;INTARIAN_PEPPER_ROOT;XIRECS;11978.0;13
287100;TAKER;;INTARIAN_PEPPER_ROOT;XIRECS;11978.0;6
287100;TAKER;;ASH_COATED_OSMIUM;XIRECS;10008.0;12
287200;TAKER;;ASH_COATED_OSMIUM;XIRECS;10007.0;10
287500;TAKER;;INTARIAN_PEPPER_ROOT;XIRECS;11978.0;14
287500;TAKER;;ASH_COATED_OSMIUM;XIRECS;10013.0;5
287800;TAKER;;ASH_COATED_OSMIUM;XIRECS;10011.0;12
288100;TAKER;;ASH_COATED_OSMIUM;XIRECS;10003.0;11
288700;;TAKER;ASH_COATED_OSMIUM;XIRECS;9993.0;13
288900;;TAKER;INTARIAN_PEPPER_ROOT;XIRECS;11965.0;9
288900;;TAKER;ASH_COATED_OSMIUM;XIRECS;9990.0;11
289600;;TAKER;INTARIAN_PEPPER_ROOT;XIRECS;11961.0;13
289600;TAKER;;ASH_COATED_OSMIUM;XIRECS;10009.0;5
289700;TAKER;;ASH_COATED_OSMIUM;XIRECS;10011.0;2
289900;;TAKER;INTARIAN_PEPPER_ROOT;XIRECS;11964.0;3
290000;TAKER;;INTARIAN_PEPPER_ROOT;XIRECS;11977.0;13
290000;;TAKER;ASH_COATED_OSMIUM;XIRECS;9995.0;12
290200;TAKER;;ASH_COATED_OSMIUM;XIRECS;10006.0;7
290400;TAKER;;ASH_COATED_OSMIUM;XIRECS;10005.0;7
290700;;TAKER;ASH_COATED_OSMIUM;XIRECS;9988.0;10
290800;;TAKER;INTARIAN_PEPPER_ROOT;XIRECS;11965.0;8
290800;;TAKER;ASH_COATED_OSMIUM;XIRECS;9989.0;5
291000;;TAKER;ASH_COATED_OSMIUM;XIRECS;9988.0;14
291100;TAKER;;ASH_COATED_OSMIUM;XIRECS;10005.0;9
291600;TAKER;;INTARIAN_PEPPER_ROOT;XIRECS;11978.0;10
291600;TAKER;;ASH_COATED_OSMIUM;XIRECS;10006.0;4
291800;TAKER;;ASH_COATED_OSMIUM;XIRECS;10009.0;10
291900;;TAKER;ASH_COATED_OSMIUM;XIRECS;9992.0;9
292200;;TAKER;INTARIAN_PEPPER_ROOT;XIRECS;11963.0;9
292600;TAKER;;INTARIAN_PEPPER_ROOT;XIRECS;11977.0;10
292700;TAKER;;ASH_COATED_OSMIUM;XIRECS;10007.0;15
293100;;TAKER;ASH_COATED_OSMIUM;XIRECS;9992.0;12
293200;TAKER;;ASH_COATED_OSMIUM;XIRECS;10012.0;14
293500;;TAKER;ASH_COATED_OSMIUM;XIRECS;9989.0;2
293600;TAKER;;ASH_COATED_OSMIUM;XIRECS;10010.0;5
293700;;TAKER;INTARIAN_PEPPER_ROOT;XIRECS;11965.0;6
293900;TAKER;;INTARIAN_PEPPER_ROOT;XIRECS;11977.0;4
294200;TAKER;;ASH_COATED_OSMIUM;XIRECS;10007.0;4
294600;;TAKER;INTARIAN_PEPPER_ROOT;XIRECS;11961.0;14
294700;TAKER;;ASH_COATED_OSMIUM;XIRECS;10011.0;5
294800;TAKER;;INTARIAN_PEPPER_ROOT;XIRECS;11977.0;4
295100;TAKER;;INTARIAN_PEPPER_ROOT;XIRECS;11975.0;5
295200;;TAKER;ASH_COATED_OSMIUM;XIRECS;9991.0;10
295300;;TAKER;INTARIAN_PEPPER_ROOT;XIRECS;11964.0;6
295300;;TAKER;ASH_COATED_OSMIUM;XIRECS;9992.0;8
295400;;TAKER;INTARIAN_PEPPER_ROOT;XIRECS;11963.0;8
295600;;TAKER;ASH_COATED_OSMIUM;XIRECS;9993.0;14
295800;;TAKER;INTARIAN_PEPPER_ROOT;XIRECS;11962.0;3
295800;TAKER;;ASH_COATED_OSMIUM;XIRECS;10008.0;6
295900;;TAKER;INTARIAN_PEPPER_ROOT;XIRECS;11964.0;3
296000;;TAKER;INTARIAN_PEPPER_ROOT;XIRECS;11962.0;15
296400;;TAKER;ASH_COATED_OSMIUM;XIRECS;9992.0;9
296500;TAKER;;ASH_COATED_OSMIUM;XIRECS;10006.0;8
296800;;TAKER;ASH_COATED_OSMIUM;XIRECS;9990.0;11
297000;;TAKER;ASH_COATED_OSMIUM;XIRECS;9991.0;10
297100;TAKER;;INTARIAN_PEPPER_ROOT;XIRECS;11977.0;8
297400;;TAKER;INTARIAN_PEPPER_ROOT;XIRECS;11962.0;14
297600;TAKER;;INTARIAN_PEPPER_ROOT;XIRECS;11976.0;10
297900;TAKER;;INTARIAN_PEPPER_ROOT;XIRECS;11975.0;10
298100;TAKER;;INTARIAN_PEPPER_ROOT;XIRECS;11977.0;14
298200;TAKER;;INTARIAN_PEPPER_ROOT;XIRECS;11978.0;7
298400;;TAKER;ASH_COATED_OSMIUM;XIRECS;9987.0;13
298500;;TAKER;INTARIAN_PEPPER_ROOT;XIRECS;11964.0;12
298500;;TAKER;ASH_COATED_OSMIUM;XIRECS;9988.0;10
298800;;TAKER;ASH_COATED_OSMIUM;XIRECS;9992.0;13
299000;;TAKER;ASH_COATED_OSMIUM;XIRECS;9992.0;14
299100;;TAKER;ASH_COATED_OSMIUM;XIRECS;9992.0;12
299600;TAKER;;ASH_COATED_OSMIUM;XIRECS;10012.0;6
299800;TAKER;;INTARIAN_PEPPER_ROOT;XIRECS;11977.0;10
299900;TAKER;;INTARIAN_PEPPER_ROOT;XIRECS;11976.0;11
300000;TAKER;;INTARIAN_PEPPER_ROOT;XIRECS;11978.0;5
300200;TAKER;;INTARIAN_PEPPER_ROOT;XIRECS;11976.0;8
301000;;TAKER;INTARIAN_PEPPER_ROOT;XIRECS;11961.0;3
301000;TAKER;;ASH_COATED_OSMIUM;XIRECS;10009.0;4
301300;TAKER;;INTARIAN_PEPPER_ROOT;XIRECS;11975.0;8
301500;;TAKER;INTARIAN_PEPPER_ROOT;XIRECS;11962.0;12
301800;;TAKER;INTARIAN_PEPPER_ROOT;XIRECS;11962.0;7
301800;TAKER;;ASH_COATED_OSMIUM;XIRECS;10013.0;12
301900;;TAKER;INTARIAN_PEPPER_ROOT;XIRECS;11963.0;7
302000;;TAKER;INTARIAN_PEPPER_ROOT;XIRECS;11962.0;11
302100;TAKER;;ASH_COATED_OSMIUM;XIRECS;10007.0;10
302500;TAKER;;INTARIAN_PEPPER_ROOT;XIRECS;11976.0;14
302500;TAKER;;ASH_COATED_OSMIUM;XIRECS;10007.0;5
303000;;TAKER;INTARIAN_PEPPER_ROOT;XIRECS;11963.0;4
303000;;TAKER;ASH_COATED_OSMIUM;XIRECS;9990.0;12
303100;;TAKER;ASH_COATED_OSMIUM;XIRECS;9993.0;13
303400;TAKER;;INTARIAN_PEPPER_ROOT;XIRECS;11976.0;12
303400;;TAKER;ASH_COATED_OSMIUM;XIRECS;9990.0;14
303600;;TAKER;ASH_COATED_OSMIUM;XIRECS;9993.0;11
303700;TAKER;;INTARIAN_PEPPER_ROOT;XIRECS;11974.0;4
303900;;TAKER;INTARIAN_PEPPER_ROOT;XIRECS;11961.0;5
304000;;TAKER;INTARIAN_PEPPER_ROOT;XIRECS;11961.0;6
304100;;TAKER;INTARIAN_PEPPER_ROOT;XIRECS;11963.0;11
304300;;TAKER;INTARIAN_PEPPER_ROOT;XIRECS;11962.0;10
304600;TAKER;;ASH_COATED_OSMIUM;XIRECS;10010.0;6
304700;TAKER;;ASH_COATED_OSMIUM;XIRECS;10006.0;11
305200;;TAKER;INTARIAN_PEPPER_ROOT;XIRECS;11961.0;10
305300;TAKER;;INTARIAN_PEPPER_ROOT;XIRECS;11977.0;11
305400;;TAKER;INTARIAN_PEPPER_ROOT;XIRECS;11964.0;2
305800;;TAKER;INTARIAN_PEPPER_ROOT;XIRECS;11961.0;14
305900;TAKER;;INTARIAN_PEPPER_ROOT;XIRECS;11976.0;3
306200;TAKER;;INTARIAN_PEPPER_ROOT;XIRECS;11976.0;10
306200;;TAKER;ASH_COATED_OSMIUM;XIRECS;9992.0;13
306300;;TAKER;INTARIAN_PEPPER_ROOT;XIRECS;11963.0;14
306300;TAKER;;ASH_COATED_OSMIUM;XIRECS;10007.0;6
306400;TAKER;;INTARIAN_PEPPER_ROOT;XIRECS;11976.0;2
306400;;TAKER;ASH_COATED_OSMIUM;XIRECS;9991.0;12
306500;TAKER;;INTARIAN_PEPPER_ROOT;XIRECS;11976.0;9
306600;TAKER;;ASH_COATED_OSMIUM;XIRECS;10007.0;2
307000;TAKER;;INTARIAN_PEPPER_ROOT;XIRECS;11977.0;3
307200;TAKER;;ASH_COATED_OSMIUM;XIRECS;10011.0;5
307700;;TAKER;ASH_COATED_OSMIUM;XIRECS;9992.0;6
307800;TAKER;;ASH_COATED_OSMIUM;XIRECS;10010.0;12
308000;;TAKER;ASH_COATED_OSMIUM;XIRECS;9989.0;3
308100;;TAKER;INTARIAN_PEPPER_ROOT;XIRECS;11963.0;12
308500;;TAKER;INTARIAN_PEPPER_ROOT;XIRECS;11961.0;15
308600;;TAKER;INTARIAN_PEPPER_ROOT;XIRECS;11963.0;2
308800;;TAKER;INTARIAN_PEPPER_ROOT;XIRECS;11962.0;10
308900;TAKER;;ASH_COATED_OSMIUM;XIRECS;10009.0;6
309000;;TAKER;ASH_COATED_OSMIUM;XIRECS;9992.0;2
309100;TAKER;;ASH_COATED_OSMIUM;XIRECS;10008.0;15
309300;;TAKER;ASH_COATED_OSMIUM;XIRECS;9989.0;12
309400;TAKER;;INTARIAN_PEPPER_ROOT;XIRECS;11975.0;15
309600;TAKER;;INTARIAN_PEPPER_ROOT;XIRECS;11976.0;11
309700;TAKER;;ASH_COATED_OSMIUM;XIRECS;10009.0;11
309900;;TAKER;ASH_COATED_OSMIUM;XIRECS;9989.0;8
310000;;TAKER;INTARIAN_PEPPER_ROOT;XIRECS;11962.0;5
310100;;TAKER;ASH_COATED_OSMIUM;XIRECS;9991.0;7
310200;TAKER;;ASH_COATED_OSMIUM;XIRECS;10009.0;7
310500;TAKER;;ASH_COATED_OSMIUM;XIRECS;10011.0;2
310900;;TAKER;ASH_COATED_OSMIUM;XIRECS;9989.0;10
311100;TAKER;;INTARIAN_PEPPER_ROOT;XIRECS;11977.0;12
311300;TAKER;;INTARIAN_PEPPER_ROOT;XIRECS;11975.0;11
311300;;TAKER;ASH_COATED_OSMIUM;XIRECS;9994.0;12
311400;TAKER;;INTARIAN_PEPPER_ROOT;XIRECS;11974.0;5
311400;;TAKER;ASH_COATED_OSMIUM;XIRECS;9992.0;3
311500;;TAKER;INTARIAN_PEPPER_ROOT;XIRECS;11963.0;9
311700;TAKER;;ASH_COATED_OSMIUM;XIRECS;10009.0;5
311800;TAKER;;ASH_COATED_OSMIUM;XIRECS;10010.0;8
312100;TAKER;;INTARIAN_PEPPER_ROOT;XIRECS;11977.0;4
312200;TAKER;;ASH_COATED_OSMIUM;XIRECS;10009.0;7
312300;;TAKER;ASH_COATED_OSMIUM;XIRECS;9991.0;5
312500;TAKER;;INTARIAN_PEPPER_ROOT;XIRECS;11976.0;7
312600;;TAKER;ASH_COATED_OSMIUM;XIRECS;9989.0;6
312700;TAKER;;ASH_COATED_OSMIUM;XIRECS;10005.0;6
312900;TAKER;;ASH_COATED_OSMIUM;XIRECS;10006.0;2
313000;TAKER;;ASH_COATED_OSMIUM;XIRECS;10010.0;6
313100;TAKER;;INTARIAN_PEPPER_ROOT;XIRECS;11974.0;5
313100;TAKER;;ASH_COATED_OSMIUM;XIRECS;10007.0;15
313400;TAKER;;INTARIAN_PEPPER_ROOT;XIRECS;11975.0;9
313400;;TAKER;ASH_COATED_OSMIUM;XIRECS;9994.0;6
313500;TAKER;;ASH_COATED_OSMIUM;XIRECS;10009.0;11
313700;TAKER;;ASH_COATED_OSMIUM;XIRECS;10005.0;9
313900;TAKER;;INTARIAN_PEPPER_ROOT;XIRECS;11974.0;14
314400;TAKER;;ASH_COATED_OSMIUM;XIRECS;10008.0;7
314500;TAKER;;INTARIAN_PEPPER_ROOT;XIRECS;11976.0;5
314700;TAKER;;INTARIAN_PEPPER_ROOT;XIRECS;11974.0;14
314700;TAKER;;ASH_COATED_OSMIUM;XIRECS;10013.0;2
315000;TAKER;;INTARIAN_PEPPER_ROOT;XIRECS;11975.0;6
315100;TAKER;;INTARIAN_PEPPER_ROOT;XIRECS;11975.0;10
315300;;TAKER;ASH_COATED_OSMIUM;XIRECS;9990.0;6
315400;;TAKER;ASH_COATED_OSMIUM;XIRECS;9990.0;10
315600;TAKER;;ASH_COATED_OSMIUM;XIRECS;10005.0;7
316000;;TAKER;ASH_COATED_OSMIUM;XIRECS;9992.0;5
316100;TAKER;;INTARIAN_PEPPER_ROOT;XIRECS;11973.0;12
316200;TAKER;;ASH_COATED_OSMIUM;XIRECS;10009.0;3
316400;TAKER;;INTARIAN_PEPPER_ROOT;XIRECS;11975.0;9
316500;;TAKER;INTARIAN_PEPPER_ROOT;XIRECS;11961.0;3
316800;;TAKER;INTARIAN_PEPPER_ROOT;XIRECS;11961.0;11
317000;TAKER;;INTARIAN_PEPPER_ROOT;XIRECS;11976.0;3
317000;;TAKER;ASH_COATED_OSMIUM;XIRECS;9990.0;9
317100;TAKER;;INTARIAN_PEPPER_ROOT;XIRECS;11975.0;15
317100;TAKER;;ASH_COATED_OSMIUM;XIRECS;10009.0;10
317200;;TAKER;INTARIAN_PEPPER_ROOT;XIRECS;11961.0;12
317300;TAKER;;INTARIAN_PEPPER_ROOT;XIRECS;11974.0;12
317400;TAKER;;INTARIAN_PEPPER_ROOT;XIRECS;11974.0;9
317600;;TAKER;INTARIAN_PEPPER_ROOT;XIRECS;11961.0;2
317600;;TAKER;ASH_COATED_OSMIUM;XIRECS;9991.0;12
317700;TAKER;;INTARIAN_PEPPER_ROOT;XIRECS;11977.0;13
317900;TAKER;;INTARIAN_PEPPER_ROOT;XIRECS;11975.0;12
318000;;TAKER;ASH_COATED_OSMIUM;XIRECS;9991.0;12
318300;;TAKER;INTARIAN_PEPPER_ROOT;XIRECS;11961.0;5
319100;;TAKER;INTARIAN_PEPPER_ROOT;XIRECS;11962.0;12
319200;TAKER;;INTARIAN_PEPPER_ROOT;XIRECS;11972.0;3
319300;TAKER;;INTARIAN_PEPPER_ROOT;XIRECS;11978.0;11
319400;TAKER;;ASH_COATED_OSMIUM;XIRECS;10009.0;15
319500;TAKER;;INTARIAN_PEPPER_ROOT;XIRECS;11974.0;11
319600;;TAKER;INTARIAN_PEPPER_ROOT;XIRECS;11962.0;3
319700;TAKER;;INTARIAN_PEPPER_ROOT;XIRECS;11975.0;4
319800;TAKER;;ASH_COATED_OSMIUM;XIRECS;10006.0;12
319900;TAKER;;ASH_COATED_OSMIUM;XIRECS;10007.0;5
320100;;TAKER;INTARIAN_PEPPER_ROOT;XIRECS;11961.0;3
320200;;TAKER;INTARIAN_PEPPER_ROOT;XIRECS;11961.0;5
320500;TAKER;;INTARIAN_PEPPER_ROOT;XIRECS;11975.0;11
320600;TAKER;;INTARIAN_PEPPER_ROOT;XIRECS;11975.0;7
320700;;TAKER;ASH_COATED_OSMIUM;XIRECS;9991.0;3
320900;;TAKER;INTARIAN_PEPPER_ROOT;XIRECS;11960.0;2
321000;;TAKER;ASH_COATED_OSMIUM;XIRECS;9989.0;12
321100;;TAKER;INTARIAN_PEPPER_ROOT;XIRECS;11962.0;8
321600;TAKER;;INTARIAN_PEPPER_ROOT;XIRECS;11976.0;6
321600;;TAKER;ASH_COATED_OSMIUM;XIRECS;9986.0;4
321700;;TAKER;ASH_COATED_OSMIUM;XIRECS;9990.0;12
321900;TAKER;;INTARIAN_PEPPER_ROOT;XIRECS;11972.0;5
322000;;TAKER;INTARIAN_PEPPER_ROOT;XIRECS;11961.0;2
322100;TAKER;;ASH_COATED_OSMIUM;XIRECS;10008.0;8
322200;TAKER;;INTARIAN_PEPPER_ROOT;XIRECS;11976.0;14
322400;TAKER;;ASH_COATED_OSMIUM;XIRECS;10009.0;2
322500;TAKER;;ASH_COATED_OSMIUM;XIRECS;10007.0;4
322600;TAKER;;INTARIAN_PEPPER_ROOT;XIRECS;11973.0;10
322600;;TAKER;ASH_COATED_OSMIUM;XIRECS;9992.0;4
322800;;TAKER;INTARIAN_PEPPER_ROOT;XIRECS;11960.0;8
323000;;TAKER;ASH_COATED_OSMIUM;XIRECS;9993.0;6
323400;TAKER;;INTARIAN_PEPPER_ROOT;XIRECS;11972.0;6
323600;TAKER;;ASH_COATED_OSMIUM;XIRECS;10006.0;11
323700;TAKER;;INTARIAN_PEPPER_ROOT;XIRECS;11973.0;6
323900;;TAKER;INTARIAN_PEPPER_ROOT;XIRECS;11958.0;9
324000;TAKER;;ASH_COATED_OSMIUM;XIRECS;10011.0;6
324100;;TAKER;INTARIAN_PEPPER_ROOT;XIRECS;11961.0;13
324100;TAKER;;ASH_COATED_OSMIUM;XIRECS;10007.0;14
324500;TAKER;;INTARIAN_PEPPER_ROOT;XIRECS;11973.0;3
324500;;TAKER;ASH_COATED_OSMIUM;XIRECS;9992.0;6
324700;;TAKER;INTARIAN_PEPPER_ROOT;XIRECS;11958.0;15
325000;;TAKER;ASH_COATED_OSMIUM;XIRECS;9989.0;14
325300;TAKER;;INTARIAN_PEPPER_ROOT;XIRECS;11973.0;11
325300;TAKER;;ASH_COATED_OSMIUM;XIRECS;10006.0;9
325400;;TAKER;INTARIAN_PEPPER_ROOT;XIRECS;11961.0;10
325600;TAKER;;INTARIAN_PEPPER_ROOT;XIRECS;11973.0;3
325600;TAKER;;ASH_COATED_OSMIUM;XIRECS;10006.0;12
325800;;TAKER;ASH_COATED_OSMIUM;XIRECS;9989.0;3
325900;TAKER;;INTARIAN_PEPPER_ROOT;XIRECS;11972.0;10
326100;;TAKER;ASH_COATED_OSMIUM;XIRECS;9991.0;9
326200;TAKER;;INTARIAN_PEPPER_ROOT;XIRECS;11974.0;6
326400;;TAKER;ASH_COATED_OSMIUM;XIRECS;9991.0;4
326500;;TAKER;ASH_COATED_OSMIUM;XIRECS;9993.0;3
326600;;TAKER;ASH_COATED_OSMIUM;XIRECS;9990.0;10
326700;TAKER;;ASH_COATED_OSMIUM;XIRECS;10009.0;12
327000;TAKER;;ASH_COATED_OSMIUM;XIRECS;10008.0;3
327100;TAKER;;INTARIAN_PEPPER_ROOT;XIRECS;11974.0;12
327700;;TAKER;INTARIAN_PEPPER_ROOT;XIRECS;11957.0;6
327700;TAKER;;ASH_COATED_OSMIUM;XIRECS;10007.0;10
327800;TAKER;;INTARIAN_PEPPER_ROOT;XIRECS;11974.0;14
328500;;TAKER;INTARIAN_PEPPER_ROOT;XIRECS;11960.0;4
328600;TAKER;;ASH_COATED_OSMIUM;XIRECS;10007.0;10
328900;;TAKER;INTARIAN_PEPPER_ROOT;XIRECS;11960.0;5
329000;TAKER;;INTARIAN_PEPPER_ROOT;XIRECS;11974.0;7
329100;TAKER;;INTARIAN_PEPPER_ROOT;XIRECS;11973.0;7
329200;TAKER;;ASH_COATED_OSMIUM;XIRECS;10009.0;14
329500;;TAKER;ASH_COATED_OSMIUM;XIRECS;9993.0;9
329600;TAKER;;INTARIAN_PEPPER_ROOT;XIRECS;11974.0;3
329600;TAKER;;ASH_COATED_OSMIUM;XIRECS;10004.0;12
329800;TAKER;;ASH_COATED_OSMIUM;XIRECS;10009.0;13
329900;;TAKER;ASH_COATED_OSMIUM;XIRECS;9994.0;9
330200;;TAKER;INTARIAN_PEPPER_ROOT;XIRECS;11960.0;3
330400;;TAKER;ASH_COATED_OSMIUM;XIRECS;9993.0;8
330500;;TAKER;ASH_COATED_OSMIUM;XIRECS;9988.0;7
330600;TAKER;;INTARIAN_PEPPER_ROOT;XIRECS;11973.0;4
330800;;TAKER;INTARIAN_PEPPER_ROOT;XIRECS;11959.0;6
331100;;TAKER;INTARIAN_PEPPER_ROOT;XIRECS;11961.0;5
331300;TAKER;;ASH_COATED_OSMIUM;XIRECS;10009.0;12
331400;;TAKER;INTARIAN_PEPPER_ROOT;XIRECS;11960.0;7
331400;TAKER;;ASH_COATED_OSMIUM;XIRECS;10010.0;4
331500;TAKER;;ASH_COATED_OSMIUM;XIRECS;10004.0;13
331800;;TAKER;INTARIAN_PEPPER_ROOT;XIRECS;11960.0;5
332000;;TAKER;ASH_COATED_OSMIUM;XIRECS;9994.0;5
332100;TAKER;;INTARIAN_PEPPER_ROOT;XIRECS;11973.0;11
332200;;TAKER;INTARIAN_PEPPER_ROOT;XIRECS;11960.0;12
332300;;TAKER;ASH_COATED_OSMIUM;XIRECS;9988.0;2
332400;;TAKER;ASH_COATED_OSMIUM;XIRECS;9990.0;2
332800;TAKER;;ASH_COATED_OSMIUM;XIRECS;10005.0;10
332900;TAKER;;ASH_COATED_OSMIUM;XIRECS;10004.0;10
333000;;TAKER;INTARIAN_PEPPER_ROOT;XIRECS;11960.0;10
333000;;TAKER;ASH_COATED_OSMIUM;XIRECS;9991.0;10
333100;;TAKER;ASH_COATED_OSMIUM;XIRECS;9988.0;14
333200;;TAKER;ASH_COATED_OSMIUM;XIRECS;9991.0;15
333300;TAKER;;ASH_COATED_OSMIUM;XIRECS;10010.0;11
333600;TAKER;;ASH_COATED_OSMIUM;XIRECS;10004.0;2
333700;;TAKER;INTARIAN_PEPPER_ROOT;XIRECS;11958.0;11
333900;TAKER;;INTARIAN_PEPPER_ROOT;XIRECS;11974.0;12
334000;;TAKER;ASH_COATED_OSMIUM;XIRECS;9989.0;14
334100;;TAKER;INTARIAN_PEPPER_ROOT;XIRECS;11958.0;8
334200;;TAKER;ASH_COATED_OSMIUM;XIRECS;9990.0;7
334300;TAKER;;INTARIAN_PEPPER_ROOT;XIRECS;11973.0;10
334400;TAKER;;INTARIAN_PEPPER_ROOT;XIRECS;11974.0;15
334400;TAKER;;ASH_COATED_OSMIUM;XIRECS;10010.0;3
334600;TAKER;;ASH_COATED_OSMIUM;XIRECS;10009.0;6
334700;;TAKER;ASH_COATED_OSMIUM;XIRECS;9990.0;4
334800;TAKER;;ASH_COATED_OSMIUM;XIRECS;10010.0;13
334900;TAKER;;ASH_COATED_OSMIUM;XIRECS;10009.0;12
335000;;TAKER;ASH_COATED_OSMIUM;XIRECS;9989.0;7
335300;;TAKER;INTARIAN_PEPPER_ROOT;XIRECS;11960.0;7
335400;;TAKER;INTARIAN_PEPPER_ROOT;XIRECS;11959.0;3
335600;;TAKER;INTARIAN_PEPPER_ROOT;XIRECS;11960.0;12
335600;TAKER;;ASH_COATED_OSMIUM;XIRECS;10014.0;5
335800;;TAKER;ASH_COATED_OSMIUM;XIRECS;9987.0;8
336700;;TAKER;INTARIAN_PEPPER_ROOT;XIRECS;11959.0;11
337000;TAKER;;ASH_COATED_OSMIUM;XIRECS;10011.0;11
337100;;TAKER;INTARIAN_PEPPER_ROOT;XIRECS;11958.0;2
337200;TAKER;;INTARIAN_PEPPER_ROOT;XIRECS;11974.0;6
337200;TAKER;;ASH_COATED_OSMIUM;XIRECS;10008.0;12
337300;;TAKER;INTARIAN_PEPPER_ROOT;XIRECS;11959.0;8
337300;TAKER;;ASH_COATED_OSMIUM;XIRECS;10010.0;11
337400;TAKER;;INTARIAN_PEPPER_ROOT;XIRECS;11974.0;15
337500;TAKER;;INTARIAN_PEPPER_ROOT;XIRECS;11974.0;13
337600;;TAKER;INTARIAN_PEPPER_ROOT;XIRECS;11959.0;4
337600;;TAKER;ASH_COATED_OSMIUM;XIRECS;9990.0;6
337700;;TAKER;ASH_COATED_OSMIUM;XIRECS;9990.0;7
337800;;TAKER;ASH_COATED_OSMIUM;XIRECS;9988.0;11
338100;TAKER;;ASH_COATED_OSMIUM;XIRECS;10004.0;9
338300;TAKER;;INTARIAN_PEPPER_ROOT;XIRECS;11971.0;14
338500;TAKER;;ASH_COATED_OSMIUM;XIRECS;10011.0;6
338700;TAKER;;INTARIAN_PEPPER_ROOT;XIRECS;11971.0;13
338900;TAKER;;INTARIAN_PEPPER_ROOT;XIRECS;11972.0;5
339000;;TAKER;INTARIAN_PEPPER_ROOT;XIRECS;11959.0;4
339200;;TAKER;ASH_COATED_OSMIUM;XIRECS;9990.0;3
339300;;TAKER;INTARIAN_PEPPER_ROOT;XIRECS;11960.0;3
339400;TAKER;;ASH_COATED_OSMIUM;XIRECS;10008.0;3
339500;;TAKER;INTARIAN_PEPPER_ROOT;XIRECS;11961.0;14
339600;;TAKER;ASH_COATED_OSMIUM;XIRECS;9987.0;2
340100;TAKER;;INTARIAN_PEPPER_ROOT;XIRECS;11971.0;14
340100;;TAKER;ASH_COATED_OSMIUM;XIRECS;9993.0;10
340200;TAKER;;INTARIAN_PEPPER_ROOT;XIRECS;11972.0;2
340300;TAKER;;INTARIAN_PEPPER_ROOT;XIRECS;11971.0;8
340300;TAKER;;ASH_COATED_OSMIUM;XIRECS;10007.0;2
340700;;TAKER;ASH_COATED_OSMIUM;XIRECS;9990.0;4
340900;;TAKER;INTARIAN_PEPPER_ROOT;XIRECS;11957.0;13
341000;;TAKER;INTARIAN_PEPPER_ROOT;XIRECS;11960.0;2
341200;TAKER;;INTARIAN_PEPPER_ROOT;XIRECS;11975.0;10
341200;;TAKER;ASH_COATED_OSMIUM;XIRECS;9988.0;12
341900;TAKER;;INTARIAN_PEPPER_ROOT;XIRECS;11971.0;5
341900;;TAKER;ASH_COATED_OSMIUM;XIRECS;9992.0;5
342200;;TAKER;INTARIAN_PEPPER_ROOT;XIRECS;11957.0;15
342300;;TAKER;INTARIAN_PEPPER_ROOT;XIRECS;11960.0;9
342500;;TAKER;ASH_COATED_OSMIUM;XIRECS;9994.0;4
342600;TAKER;;INTARIAN_PEPPER_ROOT;XIRECS;11973.0;11
342700;;TAKER;INTARIAN_PEPPER_ROOT;XIRECS;11958.0;9
342700;TAKER;;ASH_COATED_OSMIUM;XIRECS;10010.0;5
342800;TAKER;;ASH_COATED_OSMIUM;XIRECS;10008.0;11
342900;TAKER;;INTARIAN_PEPPER_ROOT;XIRECS;11973.0;12
343000;TAKER;;INTARIAN_PEPPER_ROOT;XIRECS;11971.0;2
343600;TAKER;;INTARIAN_PEPPER_ROOT;XIRECS;11970.0;11
343800;TAKER;;ASH_COATED_OSMIUM;XIRECS;10006.0;3
344000;TAKER;;INTARIAN_PEPPER_ROOT;XIRECS;11973.0;3
344100;TAKER;;ASH_COATED_OSMIUM;XIRECS;10009.0;15
344200;TAKER;;INTARIAN_PEPPER_ROOT;XIRECS;11971.0;3
344200;TAKER;;ASH_COATED_OSMIUM;XIRECS;10007.0;10
344300;;TAKER;INTARIAN_PEPPER_ROOT;XIRECS;11958.0;10
344500;;TAKER;INTARIAN_PEPPER_ROOT;XIRECS;11956.0;3
344700;TAKER;;INTARIAN_PEPPER_ROOT;XIRECS;11970.0;10
344800;;TAKER;INTARIAN_PEPPER_ROOT;XIRECS;11959.0;15
344900;TAKER;;INTARIAN_PEPPER_ROOT;XIRECS;11972.0;6
344900;;TAKER;ASH_COATED_OSMIUM;XIRECS;9990.0;2
345200;;TAKER;INTARIAN_PEPPER_ROOT;XIRECS;11959.0;8
345400;;TAKER;ASH_COATED_OSMIUM;XIRECS;9989.0;3
345500;;TAKER;INTARIAN_PEPPER_ROOT;XIRECS;11957.0;7
345700;TAKER;;INTARIAN_PEPPER_ROOT;XIRECS;11974.0;5
345900;;TAKER;INTARIAN_PEPPER_ROOT;XIRECS;11958.0;13
346000;TAKER;;INTARIAN_PEPPER_ROOT;XIRECS;11971.0;13
346100;;TAKER;ASH_COATED_OSMIUM;XIRECS;9991.0;10
346200;TAKER;;INTARIAN_PEPPER_ROOT;XIRECS;11972.0;13
346200;TAKER;;ASH_COATED_OSMIUM;XIRECS;10004.0;7
346400;;TAKER;INTARIAN_PEPPER_ROOT;XIRECS;11958.0;12
346500;TAKER;;INTARIAN_PEPPER_ROOT;XIRECS;11973.0;10
346800;;TAKER;INTARIAN_PEPPER_ROOT;XIRECS;11956.0;5
346800;;TAKER;ASH_COATED_OSMIUM;XIRECS;9995.0;5
346900;TAKER;;ASH_COATED_OSMIUM;XIRECS;10008.0;8
347100;TAKER;;INTARIAN_PEPPER_ROOT;XIRECS;11973.0;13
347200;TAKER;;INTARIAN_PEPPER_ROOT;XIRECS;11972.0;4
347400;;TAKER;ASH_COATED_OSMIUM;XIRECS;9994.0;7
347500;;TAKER;INTARIAN_PEPPER_ROOT;XIRECS;11957.0;8
347600;TAKER;;ASH_COATED_OSMIUM;XIRECS;10007.0;6
347700;TAKER;;INTARIAN_PEPPER_ROOT;XIRECS;11970.0;3
347800;TAKER;;INTARIAN_PEPPER_ROOT;XIRECS;11970.0;11
347900;;TAKER;INTARIAN_PEPPER_ROOT;XIRECS;11958.0;4
347900;TAKER;;ASH_COATED_OSMIUM;XIRECS;10007.0;6
348100;;TAKER;ASH_COATED_OSMIUM;XIRECS;9994.0;8
348400;TAKER;;INTARIAN_PEPPER_ROOT;XIRECS;11972.0;12
348700;TAKER;;ASH_COATED_OSMIUM;XIRECS;10010.0;9
349000;;TAKER;INTARIAN_PEPPER_ROOT;XIRECS;11957.0;10
349000;TAKER;;ASH_COATED_OSMIUM;XIRECS;10010.0;8
349200;;TAKER;INTARIAN_PEPPER_ROOT;XIRECS;11961.0;2
349200;TAKER;;ASH_COATED_OSMIUM;XIRECS;10008.0;6
349300;;TAKER;ASH_COATED_OSMIUM;XIRECS;9987.0;14
349500;;TAKER;INTARIAN_PEPPER_ROOT;XIRECS;11958.0;15
349600;TAKER;;INTARIAN_PEPPER_ROOT;XIRECS;11972.0;6
349700;TAKER;;ASH_COATED_OSMIUM;XIRECS;10008.0;5
349900;;TAKER;INTARIAN_PEPPER_ROOT;XIRECS;11960.0;15
350200;;TAKER;INTARIAN_PEPPER_ROOT;XIRECS;11956.0;8
350500;TAKER;;INTARIAN_PEPPER_ROOT;XIRECS;11970.0;9
350900;TAKER;;ASH_COATED_OSMIUM;XIRECS;10010.0;9
351000;;TAKER;ASH_COATED_OSMIUM;XIRECS;9991.0;9
351100;;TAKER;INTARIAN_PEPPER_ROOT;XIRECS;11958.0;8
351300;;TAKER;INTARIAN_PEPPER_ROOT;XIRECS;11959.0;15
351400;TAKER;;ASH_COATED_OSMIUM;XIRECS;10007.0;6
351600;;TAKER;ASH_COATED_OSMIUM;XIRECS;9988.0;4
351900;;TAKER;INTARIAN_PEPPER_ROOT;XIRECS;11958.0;14
351900;TAKER;;ASH_COATED_OSMIUM;XIRECS;10011.0;10
352000;TAKER;;INTARIAN_PEPPER_ROOT;XIRECS;11973.0;11
352100;;TAKER;INTARIAN_PEPPER_ROOT;XIRECS;11956.0;4
352300;;TAKER;ASH_COATED_OSMIUM;XIRECS;9995.0;12
352500;TAKER;;INTARIAN_PEPPER_ROOT;XIRECS;11971.0;2
352600;;TAKER;ASH_COATED_OSMIUM;XIRECS;9989.0;11
352700;;TAKER;INTARIAN_PEPPER_ROOT;XIRECS;11956.0;15
352800;TAKER;;INTARIAN_PEPPER_ROOT;XIRECS;11970.0;3
352900;;TAKER;INTARIAN_PEPPER_ROOT;XIRECS;11956.0;5
353000;TAKER;;INTARIAN_PEPPER_ROOT;XIRECS;11971.0;6
353100;TAKER;;INTARIAN_PEPPER_ROOT;XIRECS;11970.0;2
353400;TAKER;;ASH_COATED_OSMIUM;XIRECS;10011.0;11
354400;TAKER;;ASH_COATED_OSMIUM;XIRECS;10010.0;14
354500;;TAKER;INTARIAN_PEPPER_ROOT;XIRECS;11959.0;3
354600;;TAKER;ASH_COATED_OSMIUM;XIRECS;9993.0;3
354700;;TAKER;INTARIAN_PEPPER_ROOT;XIRECS;11958.0;7
354900;;TAKER;INTARIAN_PEPPER_ROOT;XIRECS;11959.0;5
354900;;TAKER;ASH_COATED_OSMIUM;XIRECS;9992.0;6
355100;;TAKER;ASH_COATED_OSMIUM;XIRECS;9990.0;2
355300;;TAKER;ASH_COATED_OSMIUM;XIRECS;9990.0;12
355400;TAKER;;INTARIAN_PEPPER_ROOT;XIRECS;11970.0;14
355600;TAKER;;INTARIAN_PEPPER_ROOT;XIRECS;11972.0;8
355600;;TAKER;ASH_COATED_OSMIUM;XIRECS;9990.0;11
355700;;TAKER;INTARIAN_PEPPER_ROOT;XIRECS;11958.0;6
355800;TAKER;;INTARIAN_PEPPER_ROOT;XIRECS;11971.0;11
355900;;TAKER;INTARIAN_PEPPER_ROOT;XIRECS;11956.0;5
355900;TAKER;;ASH_COATED_OSMIUM;XIRECS;10010.0;11
356100;;TAKER;ASH_COATED_OSMIUM;XIRECS;9990.0;7
356200;;TAKER;INTARIAN_PEPPER_ROOT;XIRECS;11957.0;14
356200;;TAKER;ASH_COATED_OSMIUM;XIRECS;9988.0;14
356800;TAKER;;ASH_COATED_OSMIUM;XIRECS;10008.0;14
357100;TAKER;;INTARIAN_PEPPER_ROOT;XIRECS;11971.0;4
357100;;TAKER;ASH_COATED_OSMIUM;XIRECS;9994.0;7
357200;;TAKER;ASH_COATED_OSMIUM;XIRECS;9989.0;5
357300;TAKER;;INTARIAN_PEPPER_ROOT;XIRECS;11971.0;12
357400;;TAKER;INTARIAN_PEPPER_ROOT;XIRECS;11957.0;6
357400;TAKER;;ASH_COATED_OSMIUM;XIRECS;10009.0;2
357500;;TAKER;ASH_COATED_OSMIUM;XIRECS;9993.0;4
357800;TAKER;;ASH_COATED_OSMIUM;XIRECS;10010.0;15
357900;TAKER;;ASH_COATED_OSMIUM;XIRECS;10012.0;11
358100;;TAKER;ASH_COATED_OSMIUM;XIRECS;9989.0;9
358200;;TAKER;INTARIAN_PEPPER_ROOT;XIRECS;11955.0;5
358300;TAKER;;INTARIAN_PEPPER_ROOT;XIRECS;11970.0;2
358500;;TAKER;INTARIAN_PEPPER_ROOT;XIRECS;11958.0;10
358600;TAKER;;ASH_COATED_OSMIUM;XIRECS;10004.0;7
358700;;TAKER;ASH_COATED_OSMIUM;XIRECS;9991.0;10
359000;;TAKER;ASH_COATED_OSMIUM;XIRECS;9986.0;4
359400;TAKER;;ASH_COATED_OSMIUM;XIRECS;10010.0;7
359600;;TAKER;ASH_COATED_OSMIUM;XIRECS;9990.0;6
359700;TAKER;;ASH_COATED_OSMIUM;XIRECS;10008.0;2
359800;TAKER;;ASH_COATED_OSMIUM;XIRECS;10012.0;8
359900;TAKER;;INTARIAN_PEPPER_ROOT;XIRECS;11971.0;12
359900;TAKER;;ASH_COATED_OSMIUM;XIRECS;10006.0;6
360000;;TAKER;INTARIAN_PEPPER_ROOT;XIRECS;11955.0;5
360200;;TAKER;ASH_COATED_OSMIUM;XIRECS;9992.0;13
360300;;TAKER;ASH_COATED_OSMIUM;XIRECS;9989.0;9
360400;;TAKER;INTARIAN_PEPPER_ROOT;XIRECS;11957.0;13
360500;;TAKER;ASH_COATED_OSMIUM;XIRECS;9988.0;3
360600;TAKER;;INTARIAN_PEPPER_ROOT;XIRECS;11970.0;3
360700;TAKER;;ASH_COATED_OSMIUM;XIRECS;10008.0;13
360900;TAKER;;ASH_COATED_OSMIUM;XIRECS;10007.0;10
361200;;TAKER;ASH_COATED_OSMIUM;XIRECS;9990.0;2
361300;;TAKER;INTARIAN_PEPPER_ROOT;XIRECS;11955.0;13
361400;;TAKER;INTARIAN_PEPPER_ROOT;XIRECS;11955.0;12
361500;;TAKER;INTARIAN_PEPPER_ROOT;XIRECS;11956.0;12
361500;TAKER;;ASH_COATED_OSMIUM;XIRECS;10008.0;2
361600;;TAKER;ASH_COATED_OSMIUM;XIRECS;9990.0;5
361900;TAKER;;INTARIAN_PEPPER_ROOT;XIRECS;11969.0;15
362000;;TAKER;ASH_COATED_OSMIUM;XIRECS;9989.0;13
362300;;TAKER;INTARIAN_PEPPER_ROOT;XIRECS;11956.0;6
362400;;TAKER;INTARIAN_PEPPER_ROOT;XIRECS;11955.0;8
362400;TAKER;;ASH_COATED_OSMIUM;XIRECS;10005.0;11
362500;;TAKER;INTARIAN_PEPPER_ROOT;XIRECS;11956.0;9
362500;TAKER;;ASH_COATED_OSMIUM;XIRECS;10008.0;6
362700;;TAKER;INTARIAN_PEPPER_ROOT;XIRECS;11956.0;7
362800;TAKER;;ASH_COATED_OSMIUM;XIRECS;10010.0;10
362900;TAKER;;INTARIAN_PEPPER_ROOT;XIRECS;11969.0;3
363000;;TAKER;INTARIAN_PEPPER_ROOT;XIRECS;11957.0;11
363100;TAKER;;INTARIAN_PEPPER_ROOT;XIRECS;11970.0;6
363100;;TAKER;ASH_COATED_OSMIUM;XIRECS;9997.0;6
363300;;TAKER;INTARIAN_PEPPER_ROOT;XIRECS;11959.0;14
363600;TAKER;;INTARIAN_PEPPER_ROOT;XIRECS;11970.0;12
363600;;TAKER;ASH_COATED_OSMIUM;XIRECS;9993.0;8
363800;TAKER;;INTARIAN_PEPPER_ROOT;XIRECS;11971.0;13
363800;TAKER;;ASH_COATED_OSMIUM;XIRECS;10011.0;7
364400;TAKER;;INTARIAN_PEPPER_ROOT;XIRECS;11970.0;11
364500;;TAKER;ASH_COATED_OSMIUM;XIRECS;9988.0;12
364900;;TAKER;INTARIAN_PEPPER_ROOT;XIRECS;11954.0;7
365000;TAKER;;ASH_COATED_OSMIUM;XIRECS;10008.0;5
365100;TAKER;;INTARIAN_PEPPER_ROOT;XIRECS;11969.0;14
365200;TAKER;;INTARIAN_PEPPER_ROOT;XIRECS;11970.0;3
365500;;TAKER;INTARIAN_PEPPER_ROOT;XIRECS;11956.0;8
365500;;TAKER;ASH_COATED_OSMIUM;XIRECS;9988.0;15
365700;;TAKER;INTARIAN_PEPPER_ROOT;XIRECS;11958.0;7
365800;TAKER;;INTARIAN_PEPPER_ROOT;XIRECS;11970.0;14
365800;;TAKER;ASH_COATED_OSMIUM;XIRECS;9989.0;7
366000;TAKER;;INTARIAN_PEPPER_ROOT;XIRECS;11969.0;7
366200;;TAKER;INTARIAN_PEPPER_ROOT;XIRECS;11957.0;7
366200;;TAKER;ASH_COATED_OSMIUM;XIRECS;9992.0;10
366300;;TAKER;INTARIAN_PEPPER_ROOT;XIRECS;11958.0;10
366300;TAKER;;ASH_COATED_OSMIUM;XIRECS;10009.0;5
366500;;TAKER;ASH_COATED_OSMIUM;XIRECS;9991.0;9
366700;;TAKER;INTARIAN_PEPPER_ROOT;XIRECS;11957.0;15
366700;TAKER;;ASH_COATED_OSMIUM;XIRECS;10007.0;14
366900;TAKER;;INTARIAN_PEPPER_ROOT;XIRECS;11969.0;5
366900;TAKER;;ASH_COATED_OSMIUM;XIRECS;10008.0;13
367000;TAKER;;ASH_COATED_OSMIUM;XIRECS;10010.0;10
367400;TAKER;;INTARIAN_PEPPER_ROOT;XIRECS;11968.0;11
367700;;TAKER;INTARIAN_PEPPER_ROOT;XIRECS;11956.0;2
367900;TAKER;;INTARIAN_PEPPER_ROOT;XIRECS;11971.0;13
368200;;TAKER;INTARIAN_PEPPER_ROOT;XIRECS;11956.0;11
368200;TAKER;;ASH_COATED_OSMIUM;XIRECS;10006.0;8
368400;TAKER;;ASH_COATED_OSMIUM;XIRECS;10008.0;2
368500;;TAKER;ASH_COATED_OSMIUM;XIRECS;9987.0;7
368800;;TAKER;ASH_COATED_OSMIUM;XIRECS;9993.0;14
369000;TAKER;;ASH_COATED_OSMIUM;XIRECS;10010.0;7
369200;TAKER;;ASH_COATED_OSMIUM;XIRECS;10010.0;7
369300;TAKER;;INTARIAN_PEPPER_ROOT;XIRECS;11972.0;12
369300;TAKER;;ASH_COATED_OSMIUM;XIRECS;10010.0;7
369600;;TAKER;INTARIAN_PEPPER_ROOT;XIRECS;11955.0;10
370000;TAKER;;ASH_COATED_OSMIUM;XIRECS;10012.0;5
370500;;TAKER;ASH_COATED_OSMIUM;XIRECS;9993.0;9
370900;TAKER;;INTARIAN_PEPPER_ROOT;XIRECS;11971.0;5
371100;;TAKER;INTARIAN_PEPPER_ROOT;XIRECS;11954.0;12
371100;TAKER;;ASH_COATED_OSMIUM;XIRECS;10010.0;6
371200;;TAKER;INTARIAN_PEPPER_ROOT;XIRECS;11954.0;6
371200;;TAKER;ASH_COATED_OSMIUM;XIRECS;9990.0;9
371400;TAKER;;INTARIAN_PEPPER_ROOT;XIRECS;11968.0;7
371500;;TAKER;INTARIAN_PEPPER_ROOT;XIRECS;11955.0;4
371800;TAKER;;INTARIAN_PEPPER_ROOT;XIRECS;11971.0;14
371800;;TAKER;ASH_COATED_OSMIUM;XIRECS;9988.0;11
372200;;TAKER;INTARIAN_PEPPER_ROOT;XIRECS;11955.0;8
372300;;TAKER;INTARIAN_PEPPER_ROOT;XIRECS;11954.0;11
372300;TAKER;;ASH_COATED_OSMIUM;XIRECS;10007.0;8
372700;;TAKER;INTARIAN_PEPPER_ROOT;XIRECS;11957.0;8
372800;TAKER;;ASH_COATED_OSMIUM;XIRECS;10008.0;2
372900;TAKER;;INTARIAN_PEPPER_ROOT;XIRECS;11970.0;2
373300;;TAKER;ASH_COATED_OSMIUM;XIRECS;9990.0;11
373400;;TAKER;ASH_COATED_OSMIUM;XIRECS;9993.0;6
373600;TAKER;;ASH_COATED_OSMIUM;XIRECS;10007.0;13
373700;;TAKER;ASH_COATED_OSMIUM;XIRECS;9991.0;12
373800;TAKER;;INTARIAN_PEPPER_ROOT;XIRECS;11969.0;7
373800;TAKER;;ASH_COATED_OSMIUM;XIRECS;10008.0;4
373900;;TAKER;ASH_COATED_OSMIUM;XIRECS;9990.0;14
374000;TAKER;;INTARIAN_PEPPER_ROOT;XIRECS;11969.0;12
374100;;TAKER;INTARIAN_PEPPER_ROOT;XIRECS;11955.0;9
374300;TAKER;;INTARIAN_PEPPER_ROOT;XIRECS;11967.0;8
374300;;TAKER;ASH_COATED_OSMIUM;XIRECS;9989.0;11
374400;TAKER;;INTARIAN_PEPPER_ROOT;XIRECS;11971.0;9
374500;TAKER;;ASH_COATED_OSMIUM;XIRECS;10011.0;6
374600;TAKER;;ASH_COATED_OSMIUM;XIRECS;10007.0;11
374700;;TAKER;ASH_COATED_OSMIUM;XIRECS;9989.0;15
374900;;TAKER;ASH_COATED_OSMIUM;XIRECS;9992.0;5
375400;TAKER;;INTARIAN_PEPPER_ROOT;XIRECS;11968.0;5
375500;TAKER;;ASH_COATED_OSMIUM;XIRECS;10009.0;6
375600;;TAKER;INTARIAN_PEPPER_ROOT;XIRECS;11955.0;8
375700;;TAKER;INTARIAN_PEPPER_ROOT;XIRECS;11954.0;15
375900;;TAKER;INTARIAN_PEPPER_ROOT;XIRECS;11954.0;3
375900;;TAKER;ASH_COATED_OSMIUM;XIRECS;9992.0;11
376200;;TAKER;INTARIAN_PEPPER_ROOT;XIRECS;11955.0;2
376200;TAKER;;ASH_COATED_OSMIUM;XIRECS;10010.0;13
376400;TAKER;;ASH_COATED_OSMIUM;XIRECS;10009.0;5
376600;;TAKER;INTARIAN_PEPPER_ROOT;XIRECS;11953.0;3
376600;TAKER;;ASH_COATED_OSMIUM;XIRECS;10005.0;2
376800;TAKER;;INTARIAN_PEPPER_ROOT;XIRECS;11971.0;15
377100;TAKER;;INTARIAN_PEPPER_ROOT;XIRECS;11972.0;11
377200;;TAKER;INTARIAN_PEPPER_ROOT;XIRECS;11955.0;4
377400;TAKER;;INTARIAN_PEPPER_ROOT;XIRECS;11969.0;13
377500;;TAKER;ASH_COATED_OSMIUM;XIRECS;9992.0;4
377800;;TAKER;ASH_COATED_OSMIUM;XIRECS;9988.0;2
377900;;TAKER;INTARIAN_PEPPER_ROOT;XIRECS;11954.0;9
378000;;TAKER;ASH_COATED_OSMIUM;XIRECS;9988.0;4
378100;;TAKER;INTARIAN_PEPPER_ROOT;XIRECS;11955.0;8
378300;TAKER;;INTARIAN_PEPPER_ROOT;XIRECS;11968.0;8
378400;;TAKER;INTARIAN_PEPPER_ROOT;XIRECS;11954.0;7
378400;;TAKER;ASH_COATED_OSMIUM;XIRECS;9989.0;4
378500;;TAKER;INTARIAN_PEPPER_ROOT;XIRECS;11955.0;2
378500;;TAKER;ASH_COATED_OSMIUM;XIRECS;9989.0;10
378700;;TAKER;INTARIAN_PEPPER_ROOT;XIRECS;11954.0;14
379000;TAKER;;INTARIAN_PEPPER_ROOT;XIRECS;11968.0;15
379400;TAKER;;INTARIAN_PEPPER_ROOT;XIRECS;11969.0;9
379400;TAKER;;ASH_COATED_OSMIUM;XIRECS;10013.0;2
379600;;TAKER;INTARIAN_PEPPER_ROOT;XIRECS;11955.0;15
379800;;TAKER;INTARIAN_PEPPER_ROOT;XIRECS;11956.0;11
379900;;TAKER;ASH_COATED_OSMIUM;XIRECS;9989.0;5
380000;TAKER;;INTARIAN_PEPPER_ROOT;XIRECS;11967.0;5
380100;TAKER;;ASH_COATED_OSMIUM;XIRECS;10008.0;9
380300;;TAKER;INTARIAN_PEPPER_ROOT;XIRECS;11954.0;14
380400;;TAKER;ASH_COATED_OSMIUM;XIRECS;9991.0;11
380900;;TAKER;INTARIAN_PEPPER_ROOT;XIRECS;11954.0;8
381000;TAKER;;ASH_COATED_OSMIUM;XIRECS;10006.0;14
381300;TAKER;;INTARIAN_PEPPER_ROOT;XIRECS;11967.0;13
381300;;TAKER;ASH_COATED_OSMIUM;XIRECS;9989.0;7
381400;TAKER;;ASH_COATED_OSMIUM;XIRECS;10009.0;10
381600;TAKER;;INTARIAN_PEPPER_ROOT;XIRECS;11969.0;4
381600;;TAKER;ASH_COATED_OSMIUM;XIRECS;9993.0;2
381900;TAKER;;INTARIAN_PEPPER_ROOT;XIRECS;11969.0;5
381900;;TAKER;ASH_COATED_OSMIUM;XIRECS;9992.0;7
382100;TAKER;;ASH_COATED_OSMIUM;XIRECS;10008.0;5
382200;TAKER;;INTARIAN_PEPPER_ROOT;XIRECS;11969.0;4
382200;;TAKER;ASH_COATED_OSMIUM;XIRECS;9991.0;5
382300;TAKER;;INTARIAN_PEPPER_ROOT;XIRECS;11968.0;15
382400;;TAKER;INTARIAN_PEPPER_ROOT;XIRECS;11954.0;11
382500;;TAKER;INTARIAN_PEPPER_ROOT;XIRECS;11956.0;13
382900;TAKER;;INTARIAN_PEPPER_ROOT;XIRECS;11969.0;9
383100;;TAKER;INTARIAN_PEPPER_ROOT;XIRECS;11956.0;5
383200;;TAKER;ASH_COATED_OSMIUM;XIRECS;9989.0;2
383400;;TAKER;INTARIAN_PEPPER_ROOT;XIRECS;11954.0;6
383400;TAKER;;ASH_COATED_OSMIUM;XIRECS;10009.0;10
383500;;TAKER;ASH_COATED_OSMIUM;XIRECS;9986.0;10
383600;;TAKER;INTARIAN_PEPPER_ROOT;XIRECS;11954.0;13
384100;TAKER;;ASH_COATED_OSMIUM;XIRECS;10013.0;3
384200;;TAKER;INTARIAN_PEPPER_ROOT;XIRECS;11953.0;14
384300;;TAKER;INTARIAN_PEPPER_ROOT;XIRECS;11954.0;8
384500;;TAKER;ASH_COATED_OSMIUM;XIRECS;9991.0;8
384800;TAKER;;INTARIAN_PEPPER_ROOT;XIRECS;11967.0;14
384800;;TAKER;ASH_COATED_OSMIUM;XIRECS;9990.0;8
385000;TAKER;;ASH_COATED_OSMIUM;XIRECS;10008.0;11
385300;TAKER;;ASH_COATED_OSMIUM;XIRECS;10008.0;11
385500;;TAKER;ASH_COATED_OSMIUM;XIRECS;9991.0;11
385600;TAKER;;INTARIAN_PEPPER_ROOT;XIRECS;11967.0;8
386300;TAKER;;INTARIAN_PEPPER_ROOT;XIRECS;11966.0;13
386400;;TAKER;ASH_COATED_OSMIUM;XIRECS;9994.0;14
386600;TAKER;;ASH_COATED_OSMIUM;XIRECS;10008.0;11
386700;TAKER;;INTARIAN_PEPPER_ROOT;XIRECS;11968.0;9
386800;;TAKER;INTARIAN_PEPPER_ROOT;XIRECS;11956.0;13
386900;;TAKER;INTARIAN_PEPPER_ROOT;XIRECS;11955.0;9
387100;;TAKER;INTARIAN_PEPPER_ROOT;XIRECS;11954.0;6
387200;TAKER;;ASH_COATED_OSMIUM;XIRECS;10006.0;12
387300;;TAKER;INTARIAN_PEPPER_ROOT;XIRECS;11953.0;7
387400;TAKER;;INTARIAN_PEPPER_ROOT;XIRECS;11968.0;12
387500;TAKER;;ASH_COATED_OSMIUM;XIRECS;10013.0;6
387600;;TAKER;INTARIAN_PEPPER_ROOT;XIRECS;11953.0;8
387800;TAKER;;INTARIAN_PEPPER_ROOT;XIRECS;11966.0;11
387900;;TAKER;INTARIAN_PEPPER_ROOT;XIRECS;11955.0;12
387900;TAKER;;ASH_COATED_OSMIUM;XIRECS;10008.0;11
388100;;TAKER;ASH_COATED_OSMIUM;XIRECS;9994.0;2
388200;TAKER;;INTARIAN_PEPPER_ROOT;XIRECS;11965.0;7
388400;;TAKER;INTARIAN_PEPPER_ROOT;XIRECS;11954.0;15
388400;;TAKER;ASH_COATED_OSMIUM;XIRECS;9990.0;3
388500;;TAKER;INTARIAN_PEPPER_ROOT;XIRECS;11954.0;14
388500;TAKER;;ASH_COATED_OSMIUM;XIRECS;10007.0;14
388700;;TAKER;INTARIAN_PEPPER_ROOT;XIRECS;11956.0;7
388800;TAKER;;INTARIAN_PEPPER_ROOT;XIRECS;11969.0;7
389000;;TAKER;ASH_COATED_OSMIUM;XIRECS;9990.0;6
389100;TAKER;;INTARIAN_PEPPER_ROOT;XIRECS;11967.0;6
389500;;TAKER;INTARIAN_PEPPER_ROOT;XIRECS;11954.0;7
389900;;TAKER;INTARIAN_PEPPER_ROOT;XIRECS;11954.0;7
389900;TAKER;;ASH_COATED_OSMIUM;XIRECS;10010.0;11
390100;;TAKER;ASH_COATED_OSMIUM;XIRECS;9994.0;12
390500;TAKER;;INTARIAN_PEPPER_ROOT;XIRECS;11968.0;9
390500;;TAKER;ASH_COATED_OSMIUM;XIRECS;9990.0;10
390900;;TAKER;INTARIAN_PEPPER_ROOT;XIRECS;11954.0;4
391100;;TAKER;ASH_COATED_OSMIUM;XIRECS;9991.0;11
391300;;TAKER;INTARIAN_PEPPER_ROOT;XIRECS;11954.0;10
391500;TAKER;;ASH_COATED_OSMIUM;XIRECS;10006.0;15
391700;;TAKER;INTARIAN_PEPPER_ROOT;XIRECS;11954.0;13
392000;TAKER;;ASH_COATED_OSMIUM;XIRECS;10009.0;12
392200;;TAKER;ASH_COATED_OSMIUM;XIRECS;9990.0;2
392300;TAKER;;ASH_COATED_OSMIUM;XIRECS;10006.0;15
392400;;TAKER;INTARIAN_PEPPER_ROOT;XIRECS;11953.0;8
392500;;TAKER;ASH_COATED_OSMIUM;XIRECS;9990.0;2
392600;;TAKER;INTARIAN_PEPPER_ROOT;XIRECS;11954.0;12
392600;TAKER;;ASH_COATED_OSMIUM;XIRECS;10009.0;2
392700;TAKER;;INTARIAN_PEPPER_ROOT;XIRECS;11966.0;7
392800;;TAKER;INTARIAN_PEPPER_ROOT;XIRECS;11952.0;3
392800;TAKER;;ASH_COATED_OSMIUM;XIRECS;10011.0;9
393000;TAKER;;INTARIAN_PEPPER_ROOT;XIRECS;11966.0;3
393000;TAKER;;ASH_COATED_OSMIUM;XIRECS;10007.0;3
393200;TAKER;;INTARIAN_PEPPER_ROOT;XIRECS;11966.0;13
393200;;TAKER;ASH_COATED_OSMIUM;XIRECS;9995.0;11
393300;;TAKER;INTARIAN_PEPPER_ROOT;XIRECS;11952.0;12
393300;TAKER;;ASH_COATED_OSMIUM;XIRECS;10008.0;10
393400;TAKER;;INTARIAN_PEPPER_ROOT;XIRECS;11968.0;6
393600;TAKER;;INTARIAN_PEPPER_ROOT;XIRECS;11967.0;2
393900;TAKER;;INTARIAN_PEPPER_ROOT;XIRECS;11966.0;2
394000;;TAKER;ASH_COATED_OSMIUM;XIRECS;9990.0;7
394200;;TAKER;ASH_COATED_OSMIUM;XIRECS;9989.0;2
394400;TAKER;;INTARIAN_PEPPER_ROOT;XIRECS;11968.0;2
394700;TAKER;;INTARIAN_PEPPER_ROOT;XIRECS;11968.0;4
394900;;TAKER;INTARIAN_PEPPER_ROOT;XIRECS;11954.0;7
395100;TAKER;;INTARIAN_PEPPER_ROOT;XIRECS;11967.0;10
395200;TAKER;;INTARIAN_PEPPER_ROOT;XIRECS;11968.0;7
395400;;TAKER;INTARIAN_PEPPER_ROOT;XIRECS;11952.0;2
395400;;TAKER;ASH_COATED_OSMIUM;XIRECS;9989.0;8
395500;TAKER;;INTARIAN_PEPPER_ROOT;XIRECS;11968.0;8
395500;TAKER;;ASH_COATED_OSMIUM;XIRECS;10009.0;15
395700;;TAKER;ASH_COATED_OSMIUM;XIRECS;9987.0;6
396000;TAKER;;ASH_COATED_OSMIUM;XIRECS;10010.0;3
396300;;TAKER;ASH_COATED_OSMIUM;XIRECS;9990.0;10
396400;TAKER;;INTARIAN_PEPPER_ROOT;XIRECS;11966.0;5
396500;TAKER;;ASH_COATED_OSMIUM;XIRECS;10009.0;2
396600;TAKER;;INTARIAN_PEPPER_ROOT;XIRECS;11966.0;5
396600;TAKER;;ASH_COATED_OSMIUM;XIRECS;10008.0;9
396700;TAKER;;INTARIAN_PEPPER_ROOT;XIRECS;11966.0;5
396700;TAKER;;ASH_COATED_OSMIUM;XIRECS;10006.0;13
396800;;TAKER;INTARIAN_PEPPER_ROOT;XIRECS;11953.0;2
396800;;TAKER;ASH_COATED_OSMIUM;XIRECS;9989.0;3
396900;;TAKER;ASH_COATED_OSMIUM;XIRECS;9990.0;15
397100;TAKER;;INTARIAN_PEPPER_ROOT;XIRECS;11966.0;8
397600;;TAKER;INTARIAN_PEPPER_ROOT;XIRECS;11954.0;14
397700;;TAKER;ASH_COATED_OSMIUM;XIRECS;9988.0;12
397900;;TAKER;INTARIAN_PEPPER_ROOT;XIRECS;11954.0;2
398100;TAKER;;INTARIAN_PEPPER_ROOT;XIRECS;11966.0;4
398200;TAKER;;INTARIAN_PEPPER_ROOT;XIRECS;11964.0;14
398200;TAKER;;ASH_COATED_OSMIUM;XIRECS;10012.0;6
398300;;TAKER;INTARIAN_PEPPER_ROOT;XIRECS;11953.0;15
398400;;TAKER;ASH_COATED_OSMIUM;XIRECS;9987.0;2
398500;;TAKER;INTARIAN_PEPPER_ROOT;XIRECS;11952.0;13
398500;;TAKER;ASH_COATED_OSMIUM;XIRECS;9993.0;6
398700;TAKER;;ASH_COATED_OSMIUM;XIRECS;10012.0;7
399400;;TAKER;INTARIAN_PEPPER_ROOT;XIRECS;11954.0;3
399500;TAKER;;INTARIAN_PEPPER_ROOT;XIRECS;11965.0;14
399600;TAKER;;ASH_COATED_OSMIUM;XIRECS;10009.0;10
399900;TAKER;;INTARIAN_PEPPER_ROOT;XIRECS;11964.0;11
399900;;TAKER;ASH_COATED_OSMIUM;XIRECS;9987.0;8
400000;;TAKER;INTARIAN_PEPPER_ROOT;XIRECS;11953.0;13
400200;;TAKER;INTARIAN_PEPPER_ROOT;XIRECS;11951.0;10
400300;TAKER;;INTARIAN_PEPPER_ROOT;XIRECS;11967.0;13
400400;TAKER;;INTARIAN_PEPPER_ROOT;XIRECS;11967.0;9
400500;;TAKER;INTARIAN_PEPPER_ROOT;XIRECS;11950.0;8
400700;;TAKER;ASH_COATED_OSMIUM;XIRECS;9988.0;14
400800;TAKER;;INTARIAN_PEPPER_ROOT;XIRECS;11967.0;12
401100;TAKER;;INTARIAN_PEPPER_ROOT;XIRECS;11967.0;9
401300;TAKER;;INTARIAN_PEPPER_ROOT;XIRECS;11967.0;11
401500;TAKER;;INTARIAN_PEPPER_ROOT;XIRECS;11967.0;7
401500;TAKER;;ASH_COATED_OSMIUM;XIRECS;10005.0;9
401800;TAKER;;ASH_COATED_OSMIUM;XIRECS;10011.0;12
401900;TAKER;;INTARIAN_PEPPER_ROOT;XIRECS;11966.0;8
402100;TAKER;;INTARIAN_PEPPER_ROOT;XIRECS;11965.0;9
402400;;TAKER;INTARIAN_PEPPER_ROOT;XIRECS;11953.0;8
402400;TAKER;;ASH_COATED_OSMIUM;XIRECS;10011.0;2
402500;TAKER;;INTARIAN_PEPPER_ROOT;XIRECS;11967.0;12
402700;TAKER;;INTARIAN_PEPPER_ROOT;XIRECS;11967.0;14
403000;TAKER;;INTARIAN_PEPPER_ROOT;XIRECS;11966.0;3
403400;;TAKER;INTARIAN_PEPPER_ROOT;XIRECS;11952.0;8
403600;;TAKER;INTARIAN_PEPPER_ROOT;XIRECS;11950.0;6
403600;;TAKER;ASH_COATED_OSMIUM;XIRECS;9992.0;12
404000;TAKER;;ASH_COATED_OSMIUM;XIRECS;10011.0;6
404200;TAKER;;INTARIAN_PEPPER_ROOT;XIRECS;11966.0;6
404500;TAKER;;INTARIAN_PEPPER_ROOT;XIRECS;11966.0;2
404600;TAKER;;ASH_COATED_OSMIUM;XIRECS;10011.0;7
404700;;TAKER;ASH_COATED_OSMIUM;XIRECS;9993.0;13
404900;;TAKER;INTARIAN_PEPPER_ROOT;XIRECS;11952.0;4
404900;TAKER;;ASH_COATED_OSMIUM;XIRECS;10011.0;13
405000;;TAKER;ASH_COATED_OSMIUM;XIRECS;9990.0;2
405100;TAKER;;ASH_COATED_OSMIUM;XIRECS;10009.0;8
405200;;TAKER;ASH_COATED_OSMIUM;XIRECS;9989.0;10
405700;;TAKER;ASH_COATED_OSMIUM;XIRECS;9991.0;8
405800;TAKER;;ASH_COATED_OSMIUM;XIRECS;10012.0;8
405900;TAKER;;INTARIAN_PEPPER_ROOT;XIRECS;11965.0;7
406300;;TAKER;INTARIAN_PEPPER_ROOT;XIRECS;11953.0;15
406600;;TAKER;INTARIAN_PEPPER_ROOT;XIRECS;11952.0;14
406700;TAKER;;INTARIAN_PEPPER_ROOT;XIRECS;11965.0;4
406800;TAKER;;ASH_COATED_OSMIUM;XIRECS;10010.0;2
406900;;TAKER;INTARIAN_PEPPER_ROOT;XIRECS;11953.0;12
406900;TAKER;;ASH_COATED_OSMIUM;XIRECS;10011.0;4
407000;;TAKER;ASH_COATED_OSMIUM;XIRECS;9993.0;3
407300;TAKER;;ASH_COATED_OSMIUM;XIRECS;10009.0;10
407800;TAKER;;ASH_COATED_OSMIUM;XIRECS;10011.0;11
407900;TAKER;;INTARIAN_PEPPER_ROOT;XIRECS;11966.0;7
407900;TAKER;;ASH_COATED_OSMIUM;XIRECS;10008.0;2
408100;TAKER;;INTARIAN_PEPPER_ROOT;XIRECS;11966.0;14
408200;TAKER;;INTARIAN_PEPPER_ROOT;XIRECS;11965.0;13
408600;;TAKER;INTARIAN_PEPPER_ROOT;XIRECS;11954.0;14
408700;TAKER;;ASH_COATED_OSMIUM;XIRECS;10009.0;5
408800;;TAKER;ASH_COATED_OSMIUM;XIRECS;9990.0;8
408900;TAKER;;INTARIAN_PEPPER_ROOT;XIRECS;11963.0;5
409700;TAKER;;INTARIAN_PEPPER_ROOT;XIRECS;11965.0;8
409700;;TAKER;ASH_COATED_OSMIUM;XIRECS;9990.0;9
410200;;TAKER;INTARIAN_PEPPER_ROOT;XIRECS;11953.0;13
410600;;TAKER;ASH_COATED_OSMIUM;XIRECS;9993.0;11
410700;TAKER;;INTARIAN_PEPPER_ROOT;XIRECS;11965.0;8
410900;TAKER;;ASH_COATED_OSMIUM;XIRECS;10010.0;6
411300;TAKER;;INTARIAN_PEPPER_ROOT;XIRECS;11966.0;14
411700;;TAKER;INTARIAN_PEPPER_ROOT;XIRECS;11950.0;15
411800;TAKER;;INTARIAN_PEPPER_ROOT;XIRECS;11964.0;7
411900;;TAKER;ASH_COATED_OSMIUM;XIRECS;9989.0;14
412000;;TAKER;ASH_COATED_OSMIUM;XIRECS;9990.0;10
412100;;TAKER;INTARIAN_PEPPER_ROOT;XIRECS;11952.0;10
412200;;TAKER;INTARIAN_PEPPER_ROOT;XIRECS;11952.0;9
412700;;TAKER;INTARIAN_PEPPER_ROOT;XIRECS;11953.0;10
413100;TAKER;;ASH_COATED_OSMIUM;XIRECS;10006.0;14
413200;;TAKER;INTARIAN_PEPPER_ROOT;XIRECS;11951.0;5
413500;TAKER;;ASH_COATED_OSMIUM;XIRECS;10012.0;2
413700;TAKER;;ASH_COATED_OSMIUM;XIRECS;10010.0;9
414000;TAKER;;INTARIAN_PEPPER_ROOT;XIRECS;11965.0;4
414100;TAKER;;INTARIAN_PEPPER_ROOT;XIRECS;11965.0;6
414100;TAKER;;ASH_COATED_OSMIUM;XIRECS;10007.0;10
414400;;TAKER;INTARIAN_PEPPER_ROOT;XIRECS;11951.0;13
414700;;TAKER;ASH_COATED_OSMIUM;XIRECS;9994.0;15
414900;;TAKER;ASH_COATED_OSMIUM;XIRECS;9992.0;3
415000;TAKER;;INTARIAN_PEPPER_ROOT;XIRECS;11963.0;5
415200;TAKER;;INTARIAN_PEPPER_ROOT;XIRECS;11965.0;15
415300;;TAKER;INTARIAN_PEPPER_ROOT;XIRECS;11951.0;13
415300;TAKER;;ASH_COATED_OSMIUM;XIRECS;10008.0;3
415700;;TAKER;INTARIAN_PEPPER_ROOT;XIRECS;11952.0;11
415700;TAKER;;ASH_COATED_OSMIUM;XIRECS;10009.0;6
416000;TAKER;;INTARIAN_PEPPER_ROOT;XIRECS;11964.0;12
416100;TAKER;;ASH_COATED_OSMIUM;XIRECS;10006.0;2
416300;;TAKER;INTARIAN_PEPPER_ROOT;XIRECS;11949.0;10
416500;;TAKER;INTARIAN_PEPPER_ROOT;XIRECS;11952.0;14
416500;TAKER;;ASH_COATED_OSMIUM;XIRECS;10007.0;10
416900;TAKER;;ASH_COATED_OSMIUM;XIRECS;10009.0;8
417000;;TAKER;INTARIAN_PEPPER_ROOT;XIRECS;11951.0;2
417000;;TAKER;ASH_COATED_OSMIUM;XIRECS;9989.0;8
417100;;TAKER;INTARIAN_PEPPER_ROOT;XIRECS;11953.0;7
417500;TAKER;;INTARIAN_PEPPER_ROOT;XIRECS;11964.0;2
417500;;TAKER;ASH_COATED_OSMIUM;XIRECS;9990.0;4
418200;TAKER;;INTARIAN_PEPPER_ROOT;XIRECS;11965.0;7
418200;TAKER;;ASH_COATED_OSMIUM;XIRECS;10008.0;3
418300;TAKER;;INTARIAN_PEPPER_ROOT;XIRECS;11965.0;13
418500;TAKER;;INTARIAN_PEPPER_ROOT;XIRECS;11964.0;9
418500;;TAKER;ASH_COATED_OSMIUM;XIRECS;9988.0;12
418800;;TAKER;INTARIAN_PEPPER_ROOT;XIRECS;11953.0;5
419000;;TAKER;ASH_COATED_OSMIUM;XIRECS;9991.0;2
419100;;TAKER;INTARIAN_PEPPER_ROOT;XIRECS;11951.0;10
419100;;TAKER;ASH_COATED_OSMIUM;XIRECS;9992.0;5
419200;;TAKER;ASH_COATED_OSMIUM;XIRECS;9990.0;14
419300;;TAKER;ASH_COATED_OSMIUM;XIRECS;9997.0;7
419500;TAKER;;INTARIAN_PEPPER_ROOT;XIRECS;11963.0;4
419500;;TAKER;ASH_COATED_OSMIUM;XIRECS;9992.0;8
419600;;TAKER;INTARIAN_PEPPER_ROOT;XIRECS;11950.0;3
419600;TAKER;;ASH_COATED_OSMIUM;XIRECS;10007.0;13
419800;;TAKER;INTARIAN_PEPPER_ROOT;XIRECS;11951.0;10
419900;;TAKER;INTARIAN_PEPPER_ROOT;XIRECS;11951.0;9
419900;TAKER;;ASH_COATED_OSMIUM;XIRECS;10009.0;5
420200;;TAKER;INTARIAN_PEPPER_ROOT;XIRECS;11950.0;15
420400;;TAKER;INTARIAN_PEPPER_ROOT;XIRECS;11951.0;12
420500;TAKER;;INTARIAN_PEPPER_ROOT;XIRECS;11965.0;2
420500;TAKER;;ASH_COATED_OSMIUM;XIRECS;10010.0;2
420600;TAKER;;ASH_COATED_OSMIUM;XIRECS;10010.0;2
420800;;TAKER;INTARIAN_PEPPER_ROOT;XIRECS;11949.0;10
420900;;TAKER;INTARIAN_PEPPER_ROOT;XIRECS;11950.0;11
421000;;TAKER;ASH_COATED_OSMIUM;XIRECS;9990.0;7
421300;TAKER;;ASH_COATED_OSMIUM;XIRECS;10007.0;11
421500;;TAKER;INTARIAN_PEPPER_ROOT;XIRECS;11950.0;3
421600;;TAKER;ASH_COATED_OSMIUM;XIRECS;9994.0;6
421900;;TAKER;INTARIAN_PEPPER_ROOT;XIRECS;11950.0;13
422000;;TAKER;INTARIAN_PEPPER_ROOT;XIRECS;11950.0;3
422100;;TAKER;INTARIAN_PEPPER_ROOT;XIRECS;11949.0;13
422100;TAKER;;ASH_COATED_OSMIUM;XIRECS;10009.0;15
422300;TAKER;;INTARIAN_PEPPER_ROOT;XIRECS;11963.0;13
422300;TAKER;;ASH_COATED_OSMIUM;XIRECS;10010.0;15
422500;;TAKER;INTARIAN_PEPPER_ROOT;XIRECS;11949.0;12
422700;;TAKER;ASH_COATED_OSMIUM;XIRECS;9988.0;12
422800;;TAKER;INTARIAN_PEPPER_ROOT;XIRECS;11951.0;13
422800;;TAKER;ASH_COATED_OSMIUM;XIRECS;9991.0;8
423000;;TAKER;INTARIAN_PEPPER_ROOT;XIRECS;11949.0;6
423000;;TAKER;ASH_COATED_OSMIUM;XIRECS;9991.0;12
423200;;TAKER;INTARIAN_PEPPER_ROOT;XIRECS;11949.0;12
423300;;TAKER;ASH_COATED_OSMIUM;XIRECS;9990.0;3
423600;TAKER;;INTARIAN_PEPPER_ROOT;XIRECS;11965.0;3
423700;TAKER;;ASH_COATED_OSMIUM;XIRECS;10005.0;10
423900;TAKER;;INTARIAN_PEPPER_ROOT;XIRECS;11963.0;8
424000;;TAKER;ASH_COATED_OSMIUM;XIRECS;9993.0;15
424200;TAKER;;ASH_COATED_OSMIUM;XIRECS;10007.0;12
424300;;TAKER;ASH_COATED_OSMIUM;XIRECS;9988.0;12
424400;TAKER;;ASH_COATED_OSMIUM;XIRECS;10007.0;11
424500;TAKER;;INTARIAN_PEPPER_ROOT;XIRECS;11965.0;12
424600;TAKER;;INTARIAN_PEPPER_ROOT;XIRECS;11963.0;14
424700;TAKER;;INTARIAN_PEPPER_ROOT;XIRECS;11964.0;14
425600;TAKER;;INTARIAN_PEPPER_ROOT;XIRECS;11964.0;3
425700;;TAKER;INTARIAN_PEPPER_ROOT;XIRECS;11949.0;13
425700;;TAKER;ASH_COATED_OSMIUM;XIRECS;9993.0;10
426000;;TAKER;INTARIAN_PEPPER_ROOT;XIRECS;11953.0;6
426200;;TAKER;INTARIAN_PEPPER_ROOT;XIRECS;11950.0;6
426400;TAKER;;ASH_COATED_OSMIUM;XIRECS;10005.0;9
426500;;TAKER;INTARIAN_PEPPER_ROOT;XIRECS;11950.0;11
426500;TAKER;;ASH_COATED_OSMIUM;XIRECS;10006.0;9
426600;TAKER;;INTARIAN_PEPPER_ROOT;XIRECS;11962.0;14
426700;;TAKER;ASH_COATED_OSMIUM;XIRECS;9989.0;5
426900;;TAKER;ASH_COATED_OSMIUM;XIRECS;9993.0;4
427200;TAKER;;INTARIAN_PEPPER_ROOT;XIRECS;11964.0;5
427500;TAKER;;ASH_COATED_OSMIUM;XIRECS;10010.0;9
427700;TAKER;;ASH_COATED_OSMIUM;XIRECS;10008.0;10
427800;TAKER;;INTARIAN_PEPPER_ROOT;XIRECS;11963.0;4
427900;;TAKER;ASH_COATED_OSMIUM;XIRECS;9989.0;5
428000;;TAKER;ASH_COATED_OSMIUM;XIRECS;9992.0;6
428100;TAKER;;INTARIAN_PEPPER_ROOT;XIRECS;11964.0;11
428100;;TAKER;ASH_COATED_OSMIUM;XIRECS;9992.0;5
428300;;TAKER;INTARIAN_PEPPER_ROOT;XIRECS;11949.0;2
428400;TAKER;;INTARIAN_PEPPER_ROOT;XIRECS;11966.0;14
428400;TAKER;;ASH_COATED_OSMIUM;XIRECS;10008.0;5
428500;;TAKER;INTARIAN_PEPPER_ROOT;XIRECS;11949.0;14
428500;TAKER;;ASH_COATED_OSMIUM;XIRECS;10007.0;15
428600;;TAKER;INTARIAN_PEPPER_ROOT;XIRECS;11949.0;9
428600;;TAKER;ASH_COATED_OSMIUM;XIRECS;9991.0;10
428900;TAKER;;INTARIAN_PEPPER_ROOT;XIRECS;11962.0;9
428900;TAKER;;ASH_COATED_OSMIUM;XIRECS;10008.0;11
429100;TAKER;;INTARIAN_PEPPER_ROOT;XIRECS;11964.0;12
429100;;TAKER;ASH_COATED_OSMIUM;XIRECS;9989.0;12
429300;TAKER;;ASH_COATED_OSMIUM;XIRECS;10012.0;13
429600;TAKER;;ASH_COATED_OSMIUM;XIRECS;10007.0;5
429800;;TAKER;INTARIAN_PEPPER_ROOT;XIRECS;11949.0;5
430000;TAKER;;INTARIAN_PEPPER_ROOT;XIRECS;11963.0;13
430300;;TAKER;INTARIAN_PEPPER_ROOT;XIRECS;11950.0;9
430300;TAKER;;ASH_COATED_OSMIUM;XIRECS;10010.0;4
430400;;TAKER;INTARIAN_PEPPER_ROOT;XIRECS;11950.0;7
430600;;TAKER;ASH_COATED_OSMIUM;XIRECS;9992.0;10
430800;;TAKER;INTARIAN_PEPPER_ROOT;XIRECS;11951.0;5
430800;;TAKER;ASH_COATED_OSMIUM;XIRECS;9989.0;8
431000;TAKER;;INTARIAN_PEPPER_ROOT;XIRECS;11963.0;10
431500;;TAKER;INTARIAN_PEPPER_ROOT;XIRECS;11950.0;3
431500;TAKER;;ASH_COATED_OSMIUM;XIRECS;10008.0;13
431600;TAKER;;INTARIAN_PEPPER_ROOT;XIRECS;11964.0;7
431900;;TAKER;INTARIAN_PEPPER_ROOT;XIRECS;11949.0;6
432300;;TAKER;INTARIAN_PEPPER_ROOT;XIRECS;11950.0;7
432400;TAKER;;INTARIAN_PEPPER_ROOT;XIRECS;11964.0;9
432600;TAKER;;INTARIAN_PEPPER_ROOT;XIRECS;11962.0;9
432600;TAKER;;ASH_COATED_OSMIUM;XIRECS;10011.0;11
432800;;TAKER;ASH_COATED_OSMIUM;XIRECS;9990.0;3
433000;;TAKER;INTARIAN_PEPPER_ROOT;XIRECS;11949.0;13
433000;;TAKER;ASH_COATED_OSMIUM;XIRECS;9990.0;7
433100;;TAKER;INTARIAN_PEPPER_ROOT;XIRECS;11949.0;6
433100;;TAKER;ASH_COATED_OSMIUM;XIRECS;9989.0;8
433200;;TAKER;INTARIAN_PEPPER_ROOT;XIRECS;11948.0;11
433400;;TAKER;INTARIAN_PEPPER_ROOT;XIRECS;11949.0;12
433400;;TAKER;ASH_COATED_OSMIUM;XIRECS;9991.0;5
433500;;TAKER;ASH_COATED_OSMIUM;XIRECS;9988.0;11
433700;TAKER;;ASH_COATED_OSMIUM;XIRECS;10010.0;10
433800;;TAKER;INTARIAN_PEPPER_ROOT;XIRECS;11948.0;8
433900;TAKER;;ASH_COATED_OSMIUM;XIRECS;10010.0;3
434300;;TAKER;ASH_COATED_OSMIUM;XIRECS;9990.0;3
434500;;TAKER;INTARIAN_PEPPER_ROOT;XIRECS;11949.0;9
434700;;TAKER;ASH_COATED_OSMIUM;XIRECS;9990.0;15
434800;TAKER;;ASH_COATED_OSMIUM;XIRECS;10006.0;7
434900;TAKER;;INTARIAN_PEPPER_ROOT;XIRECS;11964.0;11
435100;;TAKER;ASH_COATED_OSMIUM;XIRECS;9990.0;14
435300;;TAKER;INTARIAN_PEPPER_ROOT;XIRECS;11949.0;3
435300;TAKER;;ASH_COATED_OSMIUM;XIRECS;10009.0;14
435500;TAKER;;INTARIAN_PEPPER_ROOT;XIRECS;11962.0;9
435500;;TAKER;ASH_COATED_OSMIUM;XIRECS;9992.0;13
435700;TAKER;;INTARIAN_PEPPER_ROOT;XIRECS;11963.0;5
435700;;TAKER;ASH_COATED_OSMIUM;XIRECS;9992.0;5
436000;TAKER;;ASH_COATED_OSMIUM;XIRECS;10003.0;15
436100;TAKER;;INTARIAN_PEPPER_ROOT;XIRECS;11963.0;4
436200;;TAKER;INTARIAN_PEPPER_ROOT;XIRECS;11950.0;12
436500;TAKER;;INTARIAN_PEPPER_ROOT;XIRECS;11964.0;4
436600;TAKER;;INTARIAN_PEPPER_ROOT;XIRECS;11962.0;9
437000;;TAKER;INTARIAN_PEPPER_ROOT;XIRECS;11949.0;9
437000;TAKER;;ASH_COATED_OSMIUM;XIRECS;10008.0;3
437400;TAKER;;INTARIAN_PEPPER_ROOT;XIRECS;11963.0;14
437600;;TAKER;ASH_COATED_OSMIUM;XIRECS;9990.0;7
438000;;TAKER;ASH_COATED_OSMIUM;XIRECS;9991.0;12
438100;;TAKER;INTARIAN_PEPPER_ROOT;XIRECS;11948.0;5
438400;TAKER;;INTARIAN_PEPPER_ROOT;XIRECS;11963.0;7
438800;;TAKER;ASH_COATED_OSMIUM;XIRECS;9991.0;12
438900;TAKER;;INTARIAN_PEPPER_ROOT;XIRECS;11964.0;11
438900;;TAKER;ASH_COATED_OSMIUM;XIRECS;9991.0;3
439300;TAKER;;ASH_COATED_OSMIUM;XIRECS;10010.0;10
439400;;TAKER;INTARIAN_PEPPER_ROOT;XIRECS;11949.0;7
439700;TAKER;;INTARIAN_PEPPER_ROOT;XIRECS;11963.0;8
439700;;TAKER;ASH_COATED_OSMIUM;XIRECS;9990.0;7
439800;;TAKER;ASH_COATED_OSMIUM;XIRECS;9991.0;14
439900;;TAKER;INTARIAN_PEPPER_ROOT;XIRECS;11946.0;7
439900;;TAKER;ASH_COATED_OSMIUM;XIRECS;9987.0;11
440100;;TAKER;ASH_COATED_OSMIUM;XIRECS;9991.0;11
440200;TAKER;;INTARIAN_PEPPER_ROOT;XIRECS;11961.0;11
440300;TAKER;;ASH_COATED_OSMIUM;XIRECS;10007.0;9
440600;TAKER;;ASH_COATED_OSMIUM;XIRECS;10004.0;11
440800;TAKER;;INTARIAN_PEPPER_ROOT;XIRECS;11962.0;15
441000;TAKER;;INTARIAN_PEPPER_ROOT;XIRECS;11962.0;8
441200;;TAKER;ASH_COATED_OSMIUM;XIRECS;9992.0;11
441400;;TAKER;ASH_COATED_OSMIUM;XIRECS;9989.0;7
441500;TAKER;;INTARIAN_PEPPER_ROOT;XIRECS;11961.0;5
441500;;TAKER;ASH_COATED_OSMIUM;XIRECS;9991.0;2
441600;TAKER;;ASH_COATED_OSMIUM;XIRECS;10007.0;6
441700;;TAKER;INTARIAN_PEPPER_ROOT;XIRECS;11949.0;7
441900;;TAKER;ASH_COATED_OSMIUM;XIRECS;9992.0;7
442100;TAKER;;ASH_COATED_OSMIUM;XIRECS;10009.0;4
442300;;TAKER;INTARIAN_PEPPER_ROOT;XIRECS;11950.0;9
442500;TAKER;;ASH_COATED_OSMIUM;XIRECS;10009.0;8
442600;TAKER;;ASH_COATED_OSMIUM;XIRECS;10009.0;5
442700;TAKER;;ASH_COATED_OSMIUM;XIRECS;10009.0;2
442800;TAKER;;INTARIAN_PEPPER_ROOT;XIRECS;11962.0;3
442800;;TAKER;ASH_COATED_OSMIUM;XIRECS;9989.0;13
442900;;TAKER;INTARIAN_PEPPER_ROOT;XIRECS;11947.0;6
443400;TAKER;;ASH_COATED_OSMIUM;XIRECS;10008.0;5
444000;TAKER;;INTARIAN_PEPPER_ROOT;XIRECS;11962.0;7
444300;TAKER;;INTARIAN_PEPPER_ROOT;XIRECS;11963.0;4
444400;;TAKER;INTARIAN_PEPPER_ROOT;XIRECS;11949.0;3
444500;;TAKER;ASH_COATED_OSMIUM;XIRECS;9991.0;15
444700;;TAKER;ASH_COATED_OSMIUM;XIRECS;9992.0;15
444800;;TAKER;INTARIAN_PEPPER_ROOT;XIRECS;11948.0;8
444800;;TAKER;ASH_COATED_OSMIUM;XIRECS;9989.0;8
445000;;TAKER;INTARIAN_PEPPER_ROOT;XIRECS;11948.0;14
445000;;TAKER;ASH_COATED_OSMIUM;XIRECS;9991.0;5
445100;TAKER;;ASH_COATED_OSMIUM;XIRECS;10009.0;14
445600;TAKER;;INTARIAN_PEPPER_ROOT;XIRECS;11964.0;12
445600;TAKER;;ASH_COATED_OSMIUM;XIRECS;10011.0;4
445800;;TAKER;ASH_COATED_OSMIUM;XIRECS;9989.0;5
445900;TAKER;;INTARIAN_PEPPER_ROOT;XIRECS;11963.0;12
446000;TAKER;;ASH_COATED_OSMIUM;XIRECS;10006.0;6
446600;TAKER;;INTARIAN_PEPPER_ROOT;XIRECS;11962.0;3
446800;TAKER;;INTARIAN_PEPPER_ROOT;XIRECS;11963.0;3
446800;TAKER;;ASH_COATED_OSMIUM;XIRECS;10007.0;8
446900;TAKER;;ASH_COATED_OSMIUM;XIRECS;10009.0;5
447100;;TAKER;INTARIAN_PEPPER_ROOT;XIRECS;11948.0;2
447100;;TAKER;ASH_COATED_OSMIUM;XIRECS;9992.0;10
447300;TAKER;;ASH_COATED_OSMIUM;XIRECS;10006.0;10
447400;;TAKER;INTARIAN_PEPPER_ROOT;XIRECS;11948.0;13
447600;TAKER;;ASH_COATED_OSMIUM;XIRECS;10005.0;12
447700;TAKER;;ASH_COATED_OSMIUM;XIRECS;10005.0;2
447800;TAKER;;ASH_COATED_OSMIUM;XIRECS;10012.0;3
447900;;TAKER;ASH_COATED_OSMIUM;XIRECS;9991.0;2
448400;;TAKER;ASH_COATED_OSMIUM;XIRECS;9988.0;14
448600;TAKER;;ASH_COATED_OSMIUM;XIRECS;10006.0;6
448900;;TAKER;INTARIAN_PEPPER_ROOT;XIRECS;11947.0;8
449000;TAKER;;INTARIAN_PEPPER_ROOT;XIRECS;11961.0;14
449000;TAKER;;ASH_COATED_OSMIUM;XIRECS;10006.0;10
449100;TAKER;;ASH_COATED_OSMIUM;XIRECS;10008.0;6
449200;;TAKER;INTARIAN_PEPPER_ROOT;XIRECS;11945.0;14
449300;TAKER;;INTARIAN_PEPPER_ROOT;XIRECS;11961.0;9
449300;TAKER;;ASH_COATED_OSMIUM;XIRECS;10011.0;5
449400;;TAKER;ASH_COATED_OSMIUM;XIRECS;9990.0;3
450200;TAKER;;ASH_COATED_OSMIUM;XIRECS;10008.0;5
450500;;TAKER;ASH_COATED_OSMIUM;XIRECS;9988.0;9
450600;TAKER;;ASH_COATED_OSMIUM;XIRECS;10012.0;13
450900;;TAKER;INTARIAN_PEPPER_ROOT;XIRECS;11947.0;3
451000;TAKER;;ASH_COATED_OSMIUM;XIRECS;10007.0;11
451200;;TAKER;INTARIAN_PEPPER_ROOT;XIRECS;11948.0;9
451300;TAKER;;INTARIAN_PEPPER_ROOT;XIRECS;11961.0;7
451400;TAKER;;ASH_COATED_OSMIUM;XIRECS;10010.0;2
451500;TAKER;;INTARIAN_PEPPER_ROOT;XIRECS;11961.0;11
451600;TAKER;;INTARIAN_PEPPER_ROOT;XIRECS;11963.0;9
452000;;TAKER;ASH_COATED_OSMIUM;XIRECS;9989.0;5
452100;;TAKER;ASH_COATED_OSMIUM;XIRECS;9990.0;7
452400;TAKER;;ASH_COATED_OSMIUM;XIRECS;10012.0;14
452500;TAKER;;INTARIAN_PEPPER_ROOT;XIRECS;11961.0;8
452600;TAKER;;INTARIAN_PEPPER_ROOT;XIRECS;11962.0;12
452700;;TAKER;ASH_COATED_OSMIUM;XIRECS;9991.0;11
452800;TAKER;;INTARIAN_PEPPER_ROOT;XIRECS;11961.0;13
452800;TAKER;;ASH_COATED_OSMIUM;XIRECS;10012.0;9
452900;;TAKER;ASH_COATED_OSMIUM;XIRECS;9988.0;3
453000;;TAKER;INTARIAN_PEPPER_ROOT;XIRECS;11947.0;11
453100;TAKER;;INTARIAN_PEPPER_ROOT;XIRECS;11962.0;13
453200;;TAKER;INTARIAN_PEPPER_ROOT;XIRECS;11944.0;3
453300;;TAKER;INTARIAN_PEPPER_ROOT;XIRECS;11946.0;11
453300;TAKER;;ASH_COATED_OSMIUM;XIRECS;10010.0;2
453500;TAKER;;INTARIAN_PEPPER_ROOT;XIRECS;11962.0;6
453600;;TAKER;ASH_COATED_OSMIUM;XIRECS;9992.0;9
453700;TAKER;;INTARIAN_PEPPER_ROOT;XIRECS;11958.0;14
454000;;TAKER;ASH_COATED_OSMIUM;XIRECS;9990.0;6
454400;;TAKER;INTARIAN_PEPPER_ROOT;XIRECS;11947.0;4
454600;TAKER;;ASH_COATED_OSMIUM;XIRECS;10009.0;6
454900;TAKER;;INTARIAN_PEPPER_ROOT;XIRECS;11960.0;8
455100;TAKER;;INTARIAN_PEPPER_ROOT;XIRECS;11960.0;5
455200;TAKER;;INTARIAN_PEPPER_ROOT;XIRECS;11961.0;12
455300;TAKER;;ASH_COATED_OSMIUM;XIRECS;10012.0;11
455500;TAKER;;ASH_COATED_OSMIUM;XIRECS;10006.0;7
455600;;TAKER;INTARIAN_PEPPER_ROOT;XIRECS;11947.0;5
455700;TAKER;;INTARIAN_PEPPER_ROOT;XIRECS;11962.0;12
455900;TAKER;;ASH_COATED_OSMIUM;XIRECS;10013.0;10
456300;TAKER;;ASH_COATED_OSMIUM;XIRECS;10008.0;2
456400;TAKER;;ASH_COATED_OSMIUM;XIRECS;10011.0;4
456600;TAKER;;ASH_COATED_OSMIUM;XIRECS;10008.0;14
456700;TAKER;;ASH_COATED_OSMIUM;XIRECS;10009.0;15
456800;;TAKER;ASH_COATED_OSMIUM;XIRECS;9986.0;11
457100;;TAKER;ASH_COATED_OSMIUM;XIRECS;9988.0;13
457200;TAKER;;ASH_COATED_OSMIUM;XIRECS;10007.0;15
457400;TAKER;;INTARIAN_PEPPER_ROOT;XIRECS;11961.0;11
457600;TAKER;;ASH_COATED_OSMIUM;XIRECS;10008.0;14
457800;;TAKER;ASH_COATED_OSMIUM;XIRECS;9991.0;5
458000;TAKER;;INTARIAN_PEPPER_ROOT;XIRECS;11961.0;4
458200;;TAKER;ASH_COATED_OSMIUM;XIRECS;9987.0;5
458300;TAKER;;INTARIAN_PEPPER_ROOT;XIRECS;11959.0;14
458400;;TAKER;INTARIAN_PEPPER_ROOT;XIRECS;11947.0;12
458700;TAKER;;INTARIAN_PEPPER_ROOT;XIRECS;11960.0;4
458800;;TAKER;INTARIAN_PEPPER_ROOT;XIRECS;11944.0;15
458900;TAKER;;INTARIAN_PEPPER_ROOT;XIRECS;11961.0;10
458900;;TAKER;ASH_COATED_OSMIUM;XIRECS;9993.0;5
459000;TAKER;;INTARIAN_PEPPER_ROOT;XIRECS;11961.0;13
459200;;TAKER;ASH_COATED_OSMIUM;XIRECS;9992.0;3
459300;;TAKER;ASH_COATED_OSMIUM;XIRECS;9990.0;14
459400;;TAKER;ASH_COATED_OSMIUM;XIRECS;9988.0;14
459500;TAKER;;INTARIAN_PEPPER_ROOT;XIRECS;11958.0;7
459700;TAKER;;INTARIAN_PEPPER_ROOT;XIRECS;11959.0;7
460000;TAKER;;INTARIAN_PEPPER_ROOT;XIRECS;11960.0;3
460100;TAKER;;INTARIAN_PEPPER_ROOT;XIRECS;11961.0;4
460400;;TAKER;INTARIAN_PEPPER_ROOT;XIRECS;11946.0;13
460500;TAKER;;INTARIAN_PEPPER_ROOT;XIRECS;11961.0;6
460600;TAKER;;INTARIAN_PEPPER_ROOT;XIRECS;11961.0;14
460600;;TAKER;ASH_COATED_OSMIUM;XIRECS;9990.0;8
460700;;TAKER;INTARIAN_PEPPER_ROOT;XIRECS;11946.0;15
460800;TAKER;;INTARIAN_PEPPER_ROOT;XIRECS;11961.0;2
460800;TAKER;;ASH_COATED_OSMIUM;XIRECS;10010.0;13
461000;TAKER;;INTARIAN_PEPPER_ROOT;XIRECS;11961.0;12
461000;;TAKER;ASH_COATED_OSMIUM;XIRECS;9990.0;9
461200;TAKER;;INTARIAN_PEPPER_ROOT;XIRECS;11960.0;2
461400;;TAKER;ASH_COATED_OSMIUM;XIRECS;9988.0;11
461500;TAKER;;INTARIAN_PEPPER_ROOT;XIRECS;11961.0;10
461900;TAKER;;ASH_COATED_OSMIUM;XIRECS;10010.0;11
462000;;TAKER;INTARIAN_PEPPER_ROOT;XIRECS;11947.0;11
462000;TAKER;;ASH_COATED_OSMIUM;XIRECS;10009.0;12
462100;TAKER;;INTARIAN_PEPPER_ROOT;XIRECS;11960.0;14
462400;TAKER;;INTARIAN_PEPPER_ROOT;XIRECS;11959.0;2
462500;;TAKER;INTARIAN_PEPPER_ROOT;XIRECS;11946.0;14
462500;;TAKER;ASH_COATED_OSMIUM;XIRECS;9990.0;13
462600;TAKER;;ASH_COATED_OSMIUM;XIRECS;10012.0;15
462700;;TAKER;ASH_COATED_OSMIUM;XIRECS;9991.0;6
462800;;TAKER;INTARIAN_PEPPER_ROOT;XIRECS;11947.0;11
462900;TAKER;;INTARIAN_PEPPER_ROOT;XIRECS;11959.0;3
462900;TAKER;;ASH_COATED_OSMIUM;XIRECS;10005.0;9
463600;TAKER;;INTARIAN_PEPPER_ROOT;XIRECS;11960.0;6
463600;TAKER;;ASH_COATED_OSMIUM;XIRECS;10011.0;5
463700;TAKER;;INTARIAN_PEPPER_ROOT;XIRECS;11958.0;8
463700;TAKER;;ASH_COATED_OSMIUM;XIRECS;10011.0;5
463900;TAKER;;ASH_COATED_OSMIUM;XIRECS;10006.0;11
464700;TAKER;;INTARIAN_PEPPER_ROOT;XIRECS;11960.0;12
464800;;TAKER;INTARIAN_PEPPER_ROOT;XIRECS;11949.0;11
465000;TAKER;;ASH_COATED_OSMIUM;XIRECS;10008.0;12
465100;;TAKER;INTARIAN_PEPPER_ROOT;XIRECS;11946.0;8
465100;TAKER;;ASH_COATED_OSMIUM;XIRECS;10009.0;2
465300;TAKER;;INTARIAN_PEPPER_ROOT;XIRECS;11961.0;7
465400;TAKER;;ASH_COATED_OSMIUM;XIRECS;10012.0;11
465500;;TAKER;INTARIAN_PEPPER_ROOT;XIRECS;11945.0;4
465500;TAKER;;ASH_COATED_OSMIUM;XIRECS;10011.0;6
465600;TAKER;;ASH_COATED_OSMIUM;XIRECS;10010.0;4
465800;TAKER;;INTARIAN_PEPPER_ROOT;XIRECS;11961.0;12
465900;TAKER;;INTARIAN_PEPPER_ROOT;XIRECS;11958.0;5
466000;TAKER;;ASH_COATED_OSMIUM;XIRECS;10010.0;8
466200;;TAKER;ASH_COATED_OSMIUM;XIRECS;9992.0;10
466500;;TAKER;ASH_COATED_OSMIUM;XIRECS;9990.0;9
466600;;TAKER;ASH_COATED_OSMIUM;XIRECS;9991.0;7
466700;;TAKER;INTARIAN_PEPPER_ROOT;XIRECS;11946.0;5
466700;;TAKER;ASH_COATED_OSMIUM;XIRECS;9991.0;13
466800;;TAKER;ASH_COATED_OSMIUM;XIRECS;9990.0;15
467100;;TAKER;ASH_COATED_OSMIUM;XIRECS;9989.0;2
467400;;TAKER;INTARIAN_PEPPER_ROOT;XIRECS;11948.0;12
467600;TAKER;;INTARIAN_PEPPER_ROOT;XIRECS;11958.0;3
467900;TAKER;;ASH_COATED_OSMIUM;XIRECS;10006.0;3
468200;TAKER;;ASH_COATED_OSMIUM;XIRECS;10010.0;11
468300;;TAKER;INTARIAN_PEPPER_ROOT;XIRECS;11947.0;4
468400;TAKER;;INTARIAN_PEPPER_ROOT;XIRECS;11960.0;15
468500;TAKER;;INTARIAN_PEPPER_ROOT;XIRECS;11959.0;11
468700;TAKER;;ASH_COATED_OSMIUM;XIRECS;10008.0;3
468900;;TAKER;ASH_COATED_OSMIUM;XIRECS;9988.0;9
469000;TAKER;;INTARIAN_PEPPER_ROOT;XIRECS;11959.0;10
469100;TAKER;;ASH_COATED_OSMIUM;XIRECS;10009.0;7
469500;;TAKER;INTARIAN_PEPPER_ROOT;XIRECS;11945.0;5
469600;TAKER;;ASH_COATED_OSMIUM;XIRECS;10008.0;4
469700;TAKER;;ASH_COATED_OSMIUM;XIRECS;10010.0;15
469900;;TAKER;ASH_COATED_OSMIUM;XIRECS;9987.0;8
470000;;TAKER;INTARIAN_PEPPER_ROOT;XIRECS;11945.0;7
470000;TAKER;;ASH_COATED_OSMIUM;XIRECS;10007.0;12
470200;TAKER;;ASH_COATED_OSMIUM;XIRECS;10009.0;5
470300;;TAKER;ASH_COATED_OSMIUM;XIRECS;9988.0;15
470600;;TAKER;INTARIAN_PEPPER_ROOT;XIRECS;11945.0;10
470900;TAKER;;INTARIAN_PEPPER_ROOT;XIRECS;11959.0;11
470900;;TAKER;ASH_COATED_OSMIUM;XIRECS;9993.0;13
471000;;TAKER;INTARIAN_PEPPER_ROOT;XIRECS;11945.0;11
471200;TAKER;;ASH_COATED_OSMIUM;XIRECS;10009.0;6
471400;;TAKER;ASH_COATED_OSMIUM;XIRECS;9989.0;7
471700;TAKER;;INTARIAN_PEPPER_ROOT;XIRECS;11959.0;15
472000;TAKER;;ASH_COATED_OSMIUM;XIRECS;10010.0;12
472300;TAKER;;INTARIAN_PEPPER_ROOT;XIRECS;11959.0;7
472400;TAKER;;ASH_COATED_OSMIUM;XIRECS;10010.0;6
472600;;TAKER;ASH_COATED_OSMIUM;XIRECS;9987.0;2
472700;;TAKER;INTARIAN_PEPPER_ROOT;XIRECS;11945.0;13
472800;;TAKER;INTARIAN_PEPPER_ROOT;XIRECS;11945.0;4
473500;TAKER;;INTARIAN_PEPPER_ROOT;XIRECS;11959.0;15
473600;TAKER;;INTARIAN_PEPPER_ROOT;XIRECS;11959.0;15
473600;;TAKER;ASH_COATED_OSMIUM;XIRECS;9991.0;14
473700;;TAKER;INTARIAN_PEPPER_ROOT;XIRECS;11945.0;14
474100;TAKER;;ASH_COATED_OSMIUM;XIRECS;10003.0;9
474200;TAKER;;ASH_COATED_OSMIUM;XIRECS;10012.0;3
474300;;TAKER;INTARIAN_PEPPER_ROOT;XIRECS;11946.0;10
474400;;TAKER;INTARIAN_PEPPER_ROOT;XIRECS;11946.0;9
475100;TAKER;;INTARIAN_PEPPER_ROOT;XIRECS;11958.0;4
475200;TAKER;;INTARIAN_PEPPER_ROOT;XIRECS;11960.0;3
475400;TAKER;;INTARIAN_PEPPER_ROOT;XIRECS;11961.0;7
475700;;TAKER;ASH_COATED_OSMIUM;XIRECS;9989.0;15
475800;TAKER;;ASH_COATED_OSMIUM;XIRECS;10013.0;15
475900;TAKER;;ASH_COATED_OSMIUM;XIRECS;10008.0;5
476000;;TAKER;INTARIAN_PEPPER_ROOT;XIRECS;11945.0;12
476000;TAKER;;ASH_COATED_OSMIUM;XIRECS;10006.0;5
476200;TAKER;;ASH_COATED_OSMIUM;XIRECS;10005.0;8
476300;;TAKER;ASH_COATED_OSMIUM;XIRECS;9992.0;15
476500;;TAKER;INTARIAN_PEPPER_ROOT;XIRECS;11944.0;13
476600;;TAKER;INTARIAN_PEPPER_ROOT;XIRECS;11945.0;11
476700;;TAKER;ASH_COATED_OSMIUM;XIRECS;9990.0;10
477000;TAKER;;ASH_COATED_OSMIUM;XIRECS;10006.0;8
477300;TAKER;;INTARIAN_PEPPER_ROOT;XIRECS;11959.0;12
477400;;TAKER;ASH_COATED_OSMIUM;XIRECS;9994.0;3
477600;;TAKER;INTARIAN_PEPPER_ROOT;XIRECS;11944.0;4
478000;TAKER;;INTARIAN_PEPPER_ROOT;XIRECS;11958.0;5
478000;;TAKER;ASH_COATED_OSMIUM;XIRECS;9992.0;2
478100;TAKER;;INTARIAN_PEPPER_ROOT;XIRECS;11960.0;5
478300;TAKER;;ASH_COATED_OSMIUM;XIRECS;10013.0;10
478400;;TAKER;ASH_COATED_OSMIUM;XIRECS;9988.0;6
478600;TAKER;;INTARIAN_PEPPER_ROOT;XIRECS;11961.0;11
478600;TAKER;;ASH_COATED_OSMIUM;XIRECS;10006.0;9
478700;TAKER;;ASH_COATED_OSMIUM;XIRECS;10010.0;9
479600;;TAKER;ASH_COATED_OSMIUM;XIRECS;9990.0;4
479800;TAKER;;INTARIAN_PEPPER_ROOT;XIRECS;11958.0;14
479900;TAKER;;INTARIAN_PEPPER_ROOT;XIRECS;11957.0;4
480000;TAKER;;ASH_COATED_OSMIUM;XIRECS;10010.0;6
480100;TAKER;;ASH_COATED_OSMIUM;XIRECS;10012.0;10
480200;TAKER;;INTARIAN_PEPPER_ROOT;XIRECS;11959.0;2
480300;TAKER;;INTARIAN_PEPPER_ROOT;XIRECS;11957.0;8
480400;;TAKER;ASH_COATED_OSMIUM;XIRECS;9988.0;15
480500;;TAKER;ASH_COATED_OSMIUM;XIRECS;9991.0;6
480600;TAKER;;INTARIAN_PEPPER_ROOT;XIRECS;11960.0;9
480700;TAKER;;ASH_COATED_OSMIUM;XIRECS;10006.0;4
480800;TAKER;;INTARIAN_PEPPER_ROOT;XIRECS;11957.0;12
480900;TAKER;;INTARIAN_PEPPER_ROOT;XIRECS;11958.0;10
481000;;TAKER;ASH_COATED_OSMIUM;XIRECS;9987.0;3
481500;;TAKER;INTARIAN_PEPPER_ROOT;XIRECS;11945.0;13
481500;TAKER;;ASH_COATED_OSMIUM;XIRECS;10009.0;5
481800;TAKER;;ASH_COATED_OSMIUM;XIRECS;10008.0;10
481900;;TAKER;ASH_COATED_OSMIUM;XIRECS;9991.0;6
482000;;TAKER;INTARIAN_PEPPER_ROOT;XIRECS;11943.0;3
482000;;TAKER;ASH_COATED_OSMIUM;XIRECS;9994.0;5
482300;;TAKER;ASH_COATED_OSMIUM;XIRECS;9993.0;9
482500;TAKER;;INTARIAN_PEPPER_ROOT;XIRECS;11957.0;2
482500;TAKER;;ASH_COATED_OSMIUM;XIRECS;10010.0;5
482600;;TAKER;ASH_COATED_OSMIUM;XIRECS;9988.0;9
482700;;TAKER;INTARIAN_PEPPER_ROOT;XIRECS;11943.0;11
482800;TAKER;;INTARIAN_PEPPER_ROOT;XIRECS;11958.0;5
483200;TAKER;;ASH_COATED_OSMIUM;XIRECS;10006.0;10
483500;;TAKER;INTARIAN_PEPPER_ROOT;XIRECS;11943.0;10
483600;;TAKER;ASH_COATED_OSMIUM;XIRECS;9990.0;8
483700;;TAKER;INTARIAN_PEPPER_ROOT;XIRECS;11946.0;11
483800;TAKER;;ASH_COATED_OSMIUM;XIRECS;10007.0;10
483900;TAKER;;ASH_COATED_OSMIUM;XIRECS;10010.0;9
484000;;TAKER;ASH_COATED_OSMIUM;XIRECS;9995.0;10
484300;;TAKER;ASH_COATED_OSMIUM;XIRECS;9988.0;6
484500;TAKER;;INTARIAN_PEPPER_ROOT;XIRECS;11959.0;13
484600;TAKER;;INTARIAN_PEPPER_ROOT;XIRECS;11955.0;14
484700;TAKER;;ASH_COATED_OSMIUM;XIRECS;10007.0;9
484800;;TAKER;ASH_COATED_OSMIUM;XIRECS;9991.0;15
485000;;TAKER;ASH_COATED_OSMIUM;XIRECS;9989.0;9
485100;;TAKER;INTARIAN_PEPPER_ROOT;XIRECS;11946.0;5
485100;;TAKER;ASH_COATED_OSMIUM;XIRECS;9990.0;10
485200;;TAKER;INTARIAN_PEPPER_ROOT;XIRECS;11943.0;8
485200;;TAKER;ASH_COATED_OSMIUM;XIRECS;9992.0;14
485600;TAKER;;INTARIAN_PEPPER_ROOT;XIRECS;11958.0;7
485800;;TAKER;INTARIAN_PEPPER_ROOT;XIRECS;11943.0;14
486000;TAKER;;INTARIAN_PEPPER_ROOT;XIRECS;11957.0;5
486100;TAKER;;ASH_COATED_OSMIUM;XIRECS;10009.0;13
486200;;TAKER;ASH_COATED_OSMIUM;XIRECS;9993.0;13
486300;;TAKER;ASH_COATED_OSMIUM;XIRECS;9989.0;12
486500;;TAKER;INTARIAN_PEPPER_ROOT;XIRECS;11945.0;15
486500;;TAKER;ASH_COATED_OSMIUM;XIRECS;9989.0;7
487000;TAKER;;INTARIAN_PEPPER_ROOT;XIRECS;11957.0;9
487100;;TAKER;INTARIAN_PEPPER_ROOT;XIRECS;11943.0;13
487100;;TAKER;ASH_COATED_OSMIUM;XIRECS;9988.0;5
487200;;TAKER;ASH_COATED_OSMIUM;XIRECS;9991.0;4
487400;;TAKER;INTARIAN_PEPPER_ROOT;XIRECS;11943.0;5
487500;TAKER;;INTARIAN_PEPPER_ROOT;XIRECS;11957.0;3
487600;TAKER;;INTARIAN_PEPPER_ROOT;XIRECS;11955.0;5
487700;TAKER;;INTARIAN_PEPPER_ROOT;XIRECS;11958.0;7
487700;TAKER;;ASH_COATED_OSMIUM;XIRECS;10006.0;8
488000;TAKER;;INTARIAN_PEPPER_ROOT;XIRECS;11959.0;9
488000;TAKER;;ASH_COATED_OSMIUM;XIRECS;10009.0;5
488400;;TAKER;ASH_COATED_OSMIUM;XIRECS;9990.0;4
488500;TAKER;;ASH_COATED_OSMIUM;XIRECS;10008.0;6
488800;;TAKER;ASH_COATED_OSMIUM;XIRECS;9991.0;15
488900;TAKER;;INTARIAN_PEPPER_ROOT;XIRECS;11956.0;7
489000;TAKER;;ASH_COATED_OSMIUM;XIRECS;10008.0;4
489100;TAKER;;INTARIAN_PEPPER_ROOT;XIRECS;11957.0;10
489200;;TAKER;INTARIAN_PEPPER_ROOT;XIRECS;11944.0;14
489300;;TAKER;INTARIAN_PEPPER_ROOT;XIRECS;11944.0;4
489600;TAKER;;INTARIAN_PEPPER_ROOT;XIRECS;11958.0;13
489700;;TAKER;INTARIAN_PEPPER_ROOT;XIRECS;11942.0;4
489700;TAKER;;ASH_COATED_OSMIUM;XIRECS;10006.0;8
489800;TAKER;;INTARIAN_PEPPER_ROOT;XIRECS;11958.0;14
489900;;TAKER;INTARIAN_PEPPER_ROOT;XIRECS;11945.0;15
490000;;TAKER;ASH_COATED_OSMIUM;XIRECS;9991.0;5
490400;TAKER;;INTARIAN_PEPPER_ROOT;XIRECS;11957.0;3
490500;TAKER;;INTARIAN_PEPPER_ROOT;XIRECS;11957.0;5
490500;TAKER;;ASH_COATED_OSMIUM;XIRECS;10011.0;7
490600;TAKER;;ASH_COATED_OSMIUM;XIRECS;10008.0;9
490800;;TAKER;INTARIAN_PEPPER_ROOT;XIRECS;11945.0;11
491000;;TAKER;INTARIAN_PEPPER_ROOT;XIRECS;11945.0;12
491100;;TAKER;ASH_COATED_OSMIUM;XIRECS;9990.0;9
491300;;TAKER;ASH_COATED_OSMIUM;XIRECS;9988.0;3
491400;;TAKER;INTARIAN_PEPPER_ROOT;XIRECS;11944.0;12
491600;;TAKER;INTARIAN_PEPPER_ROOT;XIRECS;11945.0;7
491700;TAKER;;INTARIAN_PEPPER_ROOT;XIRECS;11956.0;7
491700;;TAKER;ASH_COATED_OSMIUM;XIRECS;9993.0;12
492000;;TAKER;INTARIAN_PEPPER_ROOT;XIRECS;11944.0;5
492200;;TAKER;INTARIAN_PEPPER_ROOT;XIRECS;11944.0;3
492300;;TAKER;INTARIAN_PEPPER_ROOT;XIRECS;11943.0;15
492500;;TAKER;ASH_COATED_OSMIUM;XIRECS;9994.0;4
492700;TAKER;;INTARIAN_PEPPER_ROOT;XIRECS;11955.0;7
492800;;TAKER;INTARIAN_PEPPER_ROOT;XIRECS;11943.0;2
493000;;TAKER;ASH_COATED_OSMIUM;XIRECS;9993.0;12
493100;TAKER;;INTARIAN_PEPPER_ROOT;XIRECS;11957.0;7
493200;TAKER;;INTARIAN_PEPPER_ROOT;XIRECS;11956.0;9
493400;;TAKER;INTARIAN_PEPPER_ROOT;XIRECS;11944.0;15
493400;;TAKER;ASH_COATED_OSMIUM;XIRECS;9986.0;10
494100;TAKER;;INTARIAN_PEPPER_ROOT;XIRECS;11955.0;3
494300;TAKER;;INTARIAN_PEPPER_ROOT;XIRECS;11956.0;7
494400;TAKER;;INTARIAN_PEPPER_ROOT;XIRECS;11955.0;12
494600;TAKER;;INTARIAN_PEPPER_ROOT;XIRECS;11957.0;4
494800;TAKER;;INTARIAN_PEPPER_ROOT;XIRECS;11959.0;4
494900;TAKER;;ASH_COATED_OSMIUM;XIRECS;10008.0;15
495000;TAKER;;INTARIAN_PEPPER_ROOT;XIRECS;11956.0;2
495000;TAKER;;ASH_COATED_OSMIUM;XIRECS;10009.0;13
495200;;TAKER;ASH_COATED_OSMIUM;XIRECS;9987.0;6
495800;TAKER;;INTARIAN_PEPPER_ROOT;XIRECS;11956.0;15
495900;;TAKER;INTARIAN_PEPPER_ROOT;XIRECS;11941.0;2
495900;TAKER;;ASH_COATED_OSMIUM;XIRECS;10008.0;9
496100;;TAKER;INTARIAN_PEPPER_ROOT;XIRECS;11945.0;9
496100;;TAKER;ASH_COATED_OSMIUM;XIRECS;9991.0;4
496400;TAKER;;ASH_COATED_OSMIUM;XIRECS;10010.0;5
496600;;TAKER;INTARIAN_PEPPER_ROOT;XIRECS;11943.0;9
497300;;TAKER;ASH_COATED_OSMIUM;XIRECS;9993.0;11
497400;TAKER;;ASH_COATED_OSMIUM;XIRECS;10010.0;2
497500;TAKER;;ASH_COATED_OSMIUM;XIRECS;10009.0;3
497600;;TAKER;ASH_COATED_OSMIUM;XIRECS;9990.0;12
497700;;TAKER;INTARIAN_PEPPER_ROOT;XIRECS;11942.0;13
497800;;TAKER;ASH_COATED_OSMIUM;XIRECS;9992.0;13
498000;;TAKER;INTARIAN_PEPPER_ROOT;XIRECS;11941.0;7
498100;TAKER;;INTARIAN_PEPPER_ROOT;XIRECS;11957.0;13
498300;TAKER;;ASH_COATED_OSMIUM;XIRECS;10010.0;5
498400;TAKER;;ASH_COATED_OSMIUM;XIRECS;10012.0;5
498600;TAKER;;ASH_COATED_OSMIUM;XIRECS;10008.0;7
498700;;TAKER;INTARIAN_PEPPER_ROOT;XIRECS;11942.0;15
498700;;TAKER;ASH_COATED_OSMIUM;XIRECS;9991.0;10
498800;TAKER;;ASH_COATED_OSMIUM;XIRECS;10009.0;2
498900;;TAKER;INTARIAN_PEPPER_ROOT;XIRECS;11942.0;10
499100;;TAKER;INTARIAN_PEPPER_ROOT;XIRECS;11942.0;7
499100;TAKER;;ASH_COATED_OSMIUM;XIRECS;10009.0;5
499200;;TAKER;ASH_COATED_OSMIUM;XIRECS;9989.0;11
499300;TAKER;;ASH_COATED_OSMIUM;XIRECS;10008.0;15
499400;;TAKER;ASH_COATED_OSMIUM;XIRECS;9990.0;3
499500;;TAKER;ASH_COATED_OSMIUM;XIRECS;9990.0;3
499700;TAKER;;ASH_COATED_OSMIUM;XIRECS;10009.0;3
499800;;TAKER;INTARIAN_PEPPER_ROOT;XIRECS;11945.0;10
499800;;TAKER;ASH_COATED_OSMIUM;XIRECS;9988.0;14
499900;;TAKER;INTARIAN_PEPPER_ROOT;XIRECS;11944.0;2
500100;;TAKER;ASH_COATED_OSMIUM;XIRECS;9992.0;7
500500;TAKER;;INTARIAN_PEPPER_ROOT;XIRECS;11956.0;3
500600;;TAKER;INTARIAN_PEPPER_ROOT;XIRECS;11940.0;13
500800;TAKER;;INTARIAN_PEPPER_ROOT;XIRECS;11957.0;13
501200;;TAKER;ASH_COATED_OSMIUM;XIRECS;9992.0;8
501400;;TAKER;INTARIAN_PEPPER_ROOT;XIRECS;11942.0;5
501400;TAKER;;ASH_COATED_OSMIUM;XIRECS;10012.0;2
501500;TAKER;;INTARIAN_PEPPER_ROOT;XIRECS;11957.0;8
501700;TAKER;;INTARIAN_PEPPER_ROOT;XIRECS;11958.0;3
501700;;TAKER;ASH_COATED_OSMIUM;XIRECS;9993.0;4
502100;TAKER;;ASH_COATED_OSMIUM;XIRECS;10010.0;4
502200;;TAKER;ASH_COATED_OSMIUM;XIRECS;9993.0;5
502300;TAKER;;ASH_COATED_OSMIUM;XIRECS;10011.0;5
502500;;TAKER;INTARIAN_PEPPER_ROOT;XIRECS;11943.0;12
502700;;TAKER;INTARIAN_PEPPER_ROOT;XIRECS;11943.0;11
502800;;TAKER;INTARIAN_PEPPER_ROOT;XIRECS;11942.0;11
502800;;TAKER;ASH_COATED_OSMIUM;XIRECS;9988.0;3
503100;TAKER;;ASH_COATED_OSMIUM;XIRECS;10009.0;6
503200;;TAKER;ASH_COATED_OSMIUM;XIRECS;9991.0;4
503300;;TAKER;ASH_COATED_OSMIUM;XIRECS;9988.0;6
503500;;TAKER;INTARIAN_PEPPER_ROOT;XIRECS;11942.0;5
503500;;TAKER;ASH_COATED_OSMIUM;XIRECS;9990.0;3
503600;;TAKER;ASH_COATED_OSMIUM;XIRECS;9993.0;14
503900;;TAKER;ASH_COATED_OSMIUM;XIRECS;9987.0;10
504000;TAKER;;INTARIAN_PEPPER_ROOT;XIRECS;11956.0;3
504200;TAKER;;ASH_COATED_OSMIUM;XIRECS;10009.0;14
504400;;TAKER;INTARIAN_PEPPER_ROOT;XIRECS;11942.0;5
504400;TAKER;;ASH_COATED_OSMIUM;XIRECS;10009.0;3
504500;;TAKER;INTARIAN_PEPPER_ROOT;XIRECS;11940.0;6
504900;TAKER;;INTARIAN_PEPPER_ROOT;XIRECS;11956.0;14
505000;TAKER;;ASH_COATED_OSMIUM;XIRECS;10006.0;12
505100;TAKER;;INTARIAN_PEPPER_ROOT;XIRECS;11955.0;9
505200;;TAKER;ASH_COATED_OSMIUM;XIRECS;9989.0;10
505400;;TAKER;ASH_COATED_OSMIUM;XIRECS;9992.0;8
505500;;TAKER;ASH_COATED_OSMIUM;XIRECS;9989.0;13
506000;TAKER;;INTARIAN_PEPPER_ROOT;XIRECS;11955.0;3
506400;;TAKER;ASH_COATED_OSMIUM;XIRECS;9990.0;3
506600;TAKER;;INTARIAN_PEPPER_ROOT;XIRECS;11955.0;4
506800;TAKER;;INTARIAN_PEPPER_ROOT;XIRECS;11957.0;9
506800;;TAKER;ASH_COATED_OSMIUM;XIRECS;9989.0;12
506900;TAKER;;INTARIAN_PEPPER_ROOT;XIRECS;11956.0;13
507000;TAKER;;ASH_COATED_OSMIUM;XIRECS;10011.0;12
507300;TAKER;;ASH_COATED_OSMIUM;XIRECS;10010.0;12
507700;;TAKER;INTARIAN_PEPPER_ROOT;XIRECS;11944.0;15
507900;TAKER;;INTARIAN_PEPPER_ROOT;XIRECS;11958.0;14
508000;TAKER;;INTARIAN_PEPPER_ROOT;XIRECS;11956.0;12
508200;;TAKER;INTARIAN_PEPPER_ROOT;XIRECS;11943.0;14
508400;;TAKER;INTARIAN_PEPPER_ROOT;XIRECS;11942.0;12
508500;;TAKER;ASH_COATED_OSMIUM;XIRECS;9993.0;5
508600;TAKER;;INTARIAN_PEPPER_ROOT;XIRECS;11954.0;9
508600;TAKER;;ASH_COATED_OSMIUM;XIRECS;10004.0;7
509000;;TAKER;INTARIAN_PEPPER_ROOT;XIRECS;11941.0;11
509100;TAKER;;INTARIAN_PEPPER_ROOT;XIRECS;11954.0;11
509200;TAKER;;INTARIAN_PEPPER_ROOT;XIRECS;11954.0;5
509300;;TAKER;ASH_COATED_OSMIUM;XIRECS;9990.0;10
509400;;TAKER;ASH_COATED_OSMIUM;XIRECS;9988.0;2
509800;TAKER;;INTARIAN_PEPPER_ROOT;XIRECS;11955.0;8
509800;TAKER;;ASH_COATED_OSMIUM;XIRECS;10006.0;7
509900;;TAKER;INTARIAN_PEPPER_ROOT;XIRECS;11943.0;7
509900;;TAKER;ASH_COATED_OSMIUM;XIRECS;9990.0;13
510000;;TAKER;INTARIAN_PEPPER_ROOT;XIRECS;11941.0;5
510000;TAKER;;ASH_COATED_OSMIUM;XIRECS;10010.0;11
510100;TAKER;;ASH_COATED_OSMIUM;XIRECS;10009.0;10
510700;TAKER;;INTARIAN_PEPPER_ROOT;XIRECS;11956.0;8
510900;;TAKER;INTARIAN_PEPPER_ROOT;XIRECS;11941.0;2
511000;TAKER;;ASH_COATED_OSMIUM;XIRECS;10011.0;12
511400;;TAKER;INTARIAN_PEPPER_ROOT;XIRECS;11942.0;4
511400;;TAKER;ASH_COATED_OSMIUM;XIRECS;9989.0;3
511500;;TAKER;INTARIAN_PEPPER_ROOT;XIRECS;11941.0;2
512400;;TAKER;INTARIAN_PEPPER_ROOT;XIRECS;11942.0;11
512600;;TAKER;INTARIAN_PEPPER_ROOT;XIRECS;11944.0;14
512700;;TAKER;INTARIAN_PEPPER_ROOT;XIRECS;11941.0;15
513000;;TAKER;INTARIAN_PEPPER_ROOT;XIRECS;11944.0;13
513000;;TAKER;ASH_COATED_OSMIUM;XIRECS;9993.0;8
513200;TAKER;;ASH_COATED_OSMIUM;XIRECS;10007.0;15
513500;TAKER;;INTARIAN_PEPPER_ROOT;XIRECS;11956.0;12
513600;TAKER;;INTARIAN_PEPPER_ROOT;XIRECS;11956.0;9
513700;TAKER;;ASH_COATED_OSMIUM;XIRECS;10007.0;6
513800;TAKER;;INTARIAN_PEPPER_ROOT;XIRECS;11956.0;4
513900;;TAKER;INTARIAN_PEPPER_ROOT;XIRECS;11941.0;14
513900;TAKER;;ASH_COATED_OSMIUM;XIRECS;10008.0;9
514000;TAKER;;ASH_COATED_OSMIUM;XIRECS;10012.0;7
514100;;TAKER;INTARIAN_PEPPER_ROOT;XIRECS;11942.0;3
514100;;TAKER;ASH_COATED_OSMIUM;XIRECS;9991.0;15
514200;;TAKER;INTARIAN_PEPPER_ROOT;XIRECS;11943.0;8
514400;TAKER;;ASH_COATED_OSMIUM;XIRECS;10009.0;2
514600;;TAKER;ASH_COATED_OSMIUM;XIRECS;9989.0;15
514900;;TAKER;INTARIAN_PEPPER_ROOT;XIRECS;11940.0;9
515100;;TAKER;INTARIAN_PEPPER_ROOT;XIRECS;11943.0;13
515200;;TAKER;ASH_COATED_OSMIUM;XIRECS;9988.0;7
515500;;TAKER;INTARIAN_PEPPER_ROOT;XIRECS;11942.0;12
515700;TAKER;;ASH_COATED_OSMIUM;XIRECS;10006.0;14
515800;;TAKER;ASH_COATED_OSMIUM;XIRECS;9991.0;6
515900;;TAKER;ASH_COATED_OSMIUM;XIRECS;9992.0;14
516000;TAKER;;ASH_COATED_OSMIUM;XIRECS;10009.0;6
516200;TAKER;;INTARIAN_PEPPER_ROOT;XIRECS;11955.0;5
516300;;TAKER;ASH_COATED_OSMIUM;XIRECS;9990.0;14
517000;TAKER;;ASH_COATED_OSMIUM;XIRECS;10009.0;7
517100;TAKER;;ASH_COATED_OSMIUM;XIRECS;10005.0;10
517300;;TAKER;INTARIAN_PEPPER_ROOT;XIRECS;11940.0;9
517300;;TAKER;ASH_COATED_OSMIUM;XIRECS;9993.0;12
517400;TAKER;;ASH_COATED_OSMIUM;XIRECS;10007.0;10
517500;TAKER;;INTARIAN_PEPPER_ROOT;XIRECS;11953.0;13
517800;;TAKER;ASH_COATED_OSMIUM;XIRECS;9995.0;14
518000;TAKER;;INTARIAN_PEPPER_ROOT;XIRECS;11954.0;8
518300;;TAKER;ASH_COATED_OSMIUM;XIRECS;9988.0;3
518400;TAKER;;ASH_COATED_OSMIUM;XIRECS;10010.0;11
518600;;TAKER;INTARIAN_PEPPER_ROOT;XIRECS;11940.0;14
518700;TAKER;;INTARIAN_PEPPER_ROOT;XIRECS;11954.0;11
518800;TAKER;;INTARIAN_PEPPER_ROOT;XIRECS;11956.0;2
519000;TAKER;;ASH_COATED_OSMIUM;XIRECS;10008.0;4
519200;;TAKER;INTARIAN_PEPPER_ROOT;XIRECS;11939.0;2
519600;;TAKER;INTARIAN_PEPPER_ROOT;XIRECS;11940.0;12
520300;;TAKER;ASH_COATED_OSMIUM;XIRECS;9990.0;6
520600;;TAKER;INTARIAN_PEPPER_ROOT;XIRECS;11941.0;9
520600;TAKER;;ASH_COATED_OSMIUM;XIRECS;10012.0;6
520800;;TAKER;ASH_COATED_OSMIUM;XIRECS;9988.0;8
520900;TAKER;;INTARIAN_PEPPER_ROOT;XIRECS;11956.0;6
521100;TAKER;;INTARIAN_PEPPER_ROOT;XIRECS;11955.0;8
521200;TAKER;;ASH_COATED_OSMIUM;XIRECS;10007.0;5
521600;;TAKER;ASH_COATED_OSMIUM;XIRECS;9988.0;11
521800;;TAKER;INTARIAN_PEPPER_ROOT;XIRECS;11941.0;12
522100;TAKER;;INTARIAN_PEPPER_ROOT;XIRECS;11952.0;9
522400;TAKER;;INTARIAN_PEPPER_ROOT;XIRECS;11954.0;12
522500;TAKER;;INTARIAN_PEPPER_ROOT;XIRECS;11953.0;11
522500;;TAKER;ASH_COATED_OSMIUM;XIRECS;9995.0;11
522600;TAKER;;INTARIAN_PEPPER_ROOT;XIRECS;11955.0;7
522700;;TAKER;INTARIAN_PEPPER_ROOT;XIRECS;11939.0;14
522800;TAKER;;ASH_COATED_OSMIUM;XIRECS;10009.0;7
523100;TAKER;;INTARIAN_PEPPER_ROOT;XIRECS;11954.0;4
523300;TAKER;;ASH_COATED_OSMIUM;XIRECS;10007.0;13
523500;TAKER;;ASH_COATED_OSMIUM;XIRECS;10006.0;11
524000;;TAKER;INTARIAN_PEPPER_ROOT;XIRECS;11942.0;6
524000;;TAKER;ASH_COATED_OSMIUM;XIRECS;9993.0;12
524100;TAKER;;INTARIAN_PEPPER_ROOT;XIRECS;11952.0;11
524300;;TAKER;ASH_COATED_OSMIUM;XIRECS;9990.0;3
524400;TAKER;;ASH_COATED_OSMIUM;XIRECS;10004.0;13
524900;TAKER;;ASH_COATED_OSMIUM;XIRECS;10009.0;15
525100;;TAKER;INTARIAN_PEPPER_ROOT;XIRECS;11941.0;9
525100;TAKER;;ASH_COATED_OSMIUM;XIRECS;10008.0;9
525200;;TAKER;INTARIAN_PEPPER_ROOT;XIRECS;11939.0;3
525300;TAKER;;ASH_COATED_OSMIUM;XIRECS;10008.0;10
525800;TAKER;;INTARIAN_PEPPER_ROOT;XIRECS;11955.0;13
525800;TAKER;;ASH_COATED_OSMIUM;XIRECS;10010.0;13
525900;TAKER;;ASH_COATED_OSMIUM;XIRECS;10007.0;14
526000;;TAKER;ASH_COATED_OSMIUM;XIRECS;9989.0;12
526100;TAKER;;INTARIAN_PEPPER_ROOT;XIRECS;11953.0;3
526100;TAKER;;ASH_COATED_OSMIUM;XIRECS;10009.0;3
526200;;TAKER;ASH_COATED_OSMIUM;XIRECS;9988.0;3
526400;TAKER;;INTARIAN_PEPPER_ROOT;XIRECS;11952.0;3
526800;;TAKER;INTARIAN_PEPPER_ROOT;XIRECS;11939.0;7
527600;;TAKER;ASH_COATED_OSMIUM;XIRECS;9987.0;9
527800;TAKER;;INTARIAN_PEPPER_ROOT;XIRECS;11953.0;9
527900;;TAKER;ASH_COATED_OSMIUM;XIRECS;9989.0;6
528000;;TAKER;ASH_COATED_OSMIUM;XIRECS;9994.0;7
528200;TAKER;;INTARIAN_PEPPER_ROOT;XIRECS;11953.0;9
528600;TAKER;;ASH_COATED_OSMIUM;XIRECS;10007.0;6
528800;TAKER;;ASH_COATED_OSMIUM;XIRECS;10009.0;13
529300;;TAKER;ASH_COATED_OSMIUM;XIRECS;9989.0;9
529500;;TAKER;INTARIAN_PEPPER_ROOT;XIRECS;11939.0;15
529500;;TAKER;ASH_COATED_OSMIUM;XIRECS;9990.0;8
529800;TAKER;;ASH_COATED_OSMIUM;XIRECS;10012.0;12
530000;TAKER;;INTARIAN_PEPPER_ROOT;XIRECS;11957.0;4
530000;;TAKER;ASH_COATED_OSMIUM;XIRECS;9988.0;15
530300;TAKER;;ASH_COATED_OSMIUM;XIRECS;10012.0;4
530400;TAKER;;ASH_COATED_OSMIUM;XIRECS;10008.0;2
530800;;TAKER;ASH_COATED_OSMIUM;XIRECS;9992.0;11
530900;TAKER;;INTARIAN_PEPPER_ROOT;XIRECS;11952.0;13
531000;TAKER;;INTARIAN_PEPPER_ROOT;XIRECS;11954.0;5
531000;;TAKER;ASH_COATED_OSMIUM;XIRECS;9987.0;4
531300;TAKER;;INTARIAN_PEPPER_ROOT;XIRECS;11953.0;6
531400;;TAKER;ASH_COATED_OSMIUM;XIRECS;9986.0;8
531600;TAKER;;INTARIAN_PEPPER_ROOT;XIRECS;11952.0;9
531900;;TAKER;INTARIAN_PEPPER_ROOT;XIRECS;11939.0;3
531900;;TAKER;ASH_COATED_OSMIUM;XIRECS;9986.0;4
532300;TAKER;;ASH_COATED_OSMIUM;XIRECS;10009.0;7
532400;;TAKER;INTARIAN_PEPPER_ROOT;XIRECS;11938.0;3
532500;TAKER;;ASH_COATED_OSMIUM;XIRECS;10006.0;10
532600;TAKER;;INTARIAN_PEPPER_ROOT;XIRECS;11953.0;10
532700;TAKER;;INTARIAN_PEPPER_ROOT;XIRECS;11951.0;11
532800;TAKER;;INTARIAN_PEPPER_ROOT;XIRECS;11954.0;3
532800;;TAKER;ASH_COATED_OSMIUM;XIRECS;9993.0;7
532900;;TAKER;INTARIAN_PEPPER_ROOT;XIRECS;11940.0;15
533100;TAKER;;ASH_COATED_OSMIUM;XIRECS;10008.0;3
533200;TAKER;;ASH_COATED_OSMIUM;XIRECS;10007.0;6
533300;TAKER;;INTARIAN_PEPPER_ROOT;XIRECS;11951.0;2
533300;TAKER;;ASH_COATED_OSMIUM;XIRECS;10009.0;6
533500;TAKER;;INTARIAN_PEPPER_ROOT;XIRECS;11955.0;9
533600;TAKER;;ASH_COATED_OSMIUM;XIRECS;10009.0;9
533700;TAKER;;ASH_COATED_OSMIUM;XIRECS;10008.0;6
533900;TAKER;;ASH_COATED_OSMIUM;XIRECS;10009.0;14
534200;TAKER;;ASH_COATED_OSMIUM;XIRECS;10008.0;7
534300;TAKER;;INTARIAN_PEPPER_ROOT;XIRECS;11953.0;13
534400;TAKER;;INTARIAN_PEPPER_ROOT;XIRECS;11952.0;15
534400;;TAKER;ASH_COATED_OSMIUM;XIRECS;9991.0;11
534500;;TAKER;INTARIAN_PEPPER_ROOT;XIRECS;11940.0;7
534500;TAKER;;ASH_COATED_OSMIUM;XIRECS;10006.0;2
534700;TAKER;;INTARIAN_PEPPER_ROOT;XIRECS;11951.0;5
534900;;TAKER;ASH_COATED_OSMIUM;XIRECS;9992.0;6
535700;;TAKER;ASH_COATED_OSMIUM;XIRECS;9989.0;2
536500;;TAKER;ASH_COATED_OSMIUM;XIRECS;9994.0;8
536700;;TAKER;INTARIAN_PEPPER_ROOT;XIRECS;11938.0;6
537100;;TAKER;INTARIAN_PEPPER_ROOT;XIRECS;11938.0;2
537100;;TAKER;ASH_COATED_OSMIUM;XIRECS;9987.0;10
537300;;TAKER;ASH_COATED_OSMIUM;XIRECS;9989.0;5
537600;TAKER;;INTARIAN_PEPPER_ROOT;XIRECS;11950.0;3
537600;;TAKER;ASH_COATED_OSMIUM;XIRECS;9988.0;7
537700;TAKER;;INTARIAN_PEPPER_ROOT;XIRECS;11951.0;6
537700;;TAKER;ASH_COATED_OSMIUM;XIRECS;9994.0;7
537800;;TAKER;INTARIAN_PEPPER_ROOT;XIRECS;11938.0;6
537900;TAKER;;INTARIAN_PEPPER_ROOT;XIRECS;11951.0;10
538000;TAKER;;INTARIAN_PEPPER_ROOT;XIRECS;11952.0;3
538100;;TAKER;ASH_COATED_OSMIUM;XIRECS;9991.0;2
538300;;TAKER;INTARIAN_PEPPER_ROOT;XIRECS;11937.0;4
538300;;TAKER;ASH_COATED_OSMIUM;XIRECS;9990.0;12
538500;;TAKER;INTARIAN_PEPPER_ROOT;XIRECS;11941.0;11
538900;TAKER;;INTARIAN_PEPPER_ROOT;XIRECS;11952.0;13
539000;;TAKER;ASH_COATED_OSMIUM;XIRECS;9993.0;9
539200;TAKER;;INTARIAN_PEPPER_ROOT;XIRECS;11953.0;2
539300;;TAKER;INTARIAN_PEPPER_ROOT;XIRECS;11936.0;13
539300;;TAKER;ASH_COATED_OSMIUM;XIRECS;9986.0;8
539800;;TAKER;INTARIAN_PEPPER_ROOT;XIRECS;11940.0;5
539900;;TAKER;ASH_COATED_OSMIUM;XIRECS;9992.0;4
540100;TAKER;;INTARIAN_PEPPER_ROOT;XIRECS;11953.0;4
540100;TAKER;;ASH_COATED_OSMIUM;XIRECS;10009.0;8
540200;;TAKER;INTARIAN_PEPPER_ROOT;XIRECS;11940.0;15
540300;;TAKER;ASH_COATED_OSMIUM;XIRECS;9987.0;3
540700;;TAKER;INTARIAN_PEPPER_ROOT;XIRECS;11938.0;3
540900;TAKER;;INTARIAN_PEPPER_ROOT;XIRECS;11951.0;4
541200;TAKER;;ASH_COATED_OSMIUM;XIRECS;10009.0;11
541600;;TAKER;INTARIAN_PEPPER_ROOT;XIRECS;11939.0;5
541900;TAKER;;ASH_COATED_OSMIUM;XIRECS;10008.0;3
542400;;TAKER;INTARIAN_PEPPER_ROOT;XIRECS;11940.0;8
542700;;TAKER;INTARIAN_PEPPER_ROOT;XIRECS;11937.0;3
542700;;TAKER;ASH_COATED_OSMIUM;XIRECS;9992.0;6
542900;TAKER;;INTARIAN_PEPPER_ROOT;XIRECS;11954.0;11
542900;TAKER;;ASH_COATED_OSMIUM;XIRECS;10011.0;10
543000;;TAKER;INTARIAN_PEPPER_ROOT;XIRECS;11938.0;10
543000;;TAKER;ASH_COATED_OSMIUM;XIRECS;9993.0;9
543200;;TAKER;INTARIAN_PEPPER_ROOT;XIRECS;11937.0;7
543200;;TAKER;ASH_COATED_OSMIUM;XIRECS;9989.0;11
543300;TAKER;;INTARIAN_PEPPER_ROOT;XIRECS;11951.0;14
543800;;TAKER;INTARIAN_PEPPER_ROOT;XIRECS;11938.0;11
543800;TAKER;;ASH_COATED_OSMIUM;XIRECS;10011.0;4
543900;;TAKER;INTARIAN_PEPPER_ROOT;XIRECS;11938.0;8
544500;TAKER;;ASH_COATED_OSMIUM;XIRECS;10011.0;12
544600;TAKER;;ASH_COATED_OSMIUM;XIRECS;10012.0;4
544800;TAKER;;INTARIAN_PEPPER_ROOT;XIRECS;11951.0;10
545000;TAKER;;ASH_COATED_OSMIUM;XIRECS;10013.0;2
545200;TAKER;;ASH_COATED_OSMIUM;XIRECS;10009.0;3
545500;;TAKER;ASH_COATED_OSMIUM;XIRECS;9988.0;9
545700;;TAKER;INTARIAN_PEPPER_ROOT;XIRECS;11939.0;12
545900;;TAKER;ASH_COATED_OSMIUM;XIRECS;9993.0;7
546000;TAKER;;INTARIAN_PEPPER_ROOT;XIRECS;11952.0;11
546200;TAKER;;INTARIAN_PEPPER_ROOT;XIRECS;11951.0;13
546300;;TAKER;ASH_COATED_OSMIUM;XIRECS;9991.0;3
546500;;TAKER;ASH_COATED_OSMIUM;XIRECS;9990.0;2
546700;TAKER;;INTARIAN_PEPPER_ROOT;XIRECS;11952.0;4
547300;TAKER;;INTARIAN_PEPPER_ROOT;XIRECS;11953.0;11
547500;;TAKER;INTARIAN_PEPPER_ROOT;XIRECS;11937.0;9
547500;;TAKER;ASH_COATED_OSMIUM;XIRECS;9989.0;6
547900;TAKER;;ASH_COATED_OSMIUM;XIRECS;10009.0;8
548100;TAKER;;INTARIAN_PEPPER_ROOT;XIRECS;11953.0;7
548400;;TAKER;INTARIAN_PEPPER_ROOT;XIRECS;11936.0;4
548400;;TAKER;ASH_COATED_OSMIUM;XIRECS;9987.0;10
548500;;TAKER;ASH_COATED_OSMIUM;XIRECS;9993.0;11
548700;;TAKER;ASH_COATED_OSMIUM;XIRECS;9991.0;3
548900;TAKER;;ASH_COATED_OSMIUM;XIRECS;10007.0;9
549100;;TAKER;ASH_COATED_OSMIUM;XIRECS;9990.0;11
549200;TAKER;;INTARIAN_PEPPER_ROOT;XIRECS;11951.0;4
549200;TAKER;;ASH_COATED_OSMIUM;XIRECS;10008.0;2
549400;TAKER;;ASH_COATED_OSMIUM;XIRECS;10009.0;2
549500;;TAKER;ASH_COATED_OSMIUM;XIRECS;9991.0;13
549600;TAKER;;ASH_COATED_OSMIUM;XIRECS;10008.0;6
549800;TAKER;;ASH_COATED_OSMIUM;XIRECS;10009.0;7
549900;TAKER;;INTARIAN_PEPPER_ROOT;XIRECS;11952.0;8
549900;TAKER;;ASH_COATED_OSMIUM;XIRECS;10006.0;3
550200;TAKER;;INTARIAN_PEPPER_ROOT;XIRECS;11952.0;8
550300;;TAKER;ASH_COATED_OSMIUM;XIRECS;9989.0;10
550400;;TAKER;INTARIAN_PEPPER_ROOT;XIRECS;11938.0;10
550600;;TAKER;INTARIAN_PEPPER_ROOT;XIRECS;11936.0;11
550700;TAKER;;ASH_COATED_OSMIUM;XIRECS;10012.0;3
550800;TAKER;;INTARIAN_PEPPER_ROOT;XIRECS;11949.0;11
550900;;TAKER;INTARIAN_PEPPER_ROOT;XIRECS;11939.0;11
550900;;TAKER;ASH_COATED_OSMIUM;XIRECS;9988.0;13
551400;;TAKER;ASH_COATED_OSMIUM;XIRECS;9988.0;7
551600;;TAKER;INTARIAN_PEPPER_ROOT;XIRECS;11939.0;11
551700;;TAKER;ASH_COATED_OSMIUM;XIRECS;9989.0;12
551800;;TAKER;ASH_COATED_OSMIUM;XIRECS;9989.0;13
551900;;TAKER;INTARIAN_PEPPER_ROOT;XIRECS;11936.0;2
552100;TAKER;;INTARIAN_PEPPER_ROOT;XIRECS;11950.0;12
552100;TAKER;;ASH_COATED_OSMIUM;XIRECS;10008.0;4
552300;TAKER;;INTARIAN_PEPPER_ROOT;XIRECS;11952.0;13
552300;TAKER;;ASH_COATED_OSMIUM;XIRECS;10008.0;3
552600;;TAKER;ASH_COATED_OSMIUM;XIRECS;9989.0;4
552700;;TAKER;INTARIAN_PEPPER_ROOT;XIRECS;11938.0;5
552800;;TAKER;INTARIAN_PEPPER_ROOT;XIRECS;11937.0;10
552800;TAKER;;ASH_COATED_OSMIUM;XIRECS;10005.0;11
552900;TAKER;;ASH_COATED_OSMIUM;XIRECS;10006.0;6
553000;TAKER;;ASH_COATED_OSMIUM;XIRECS;10007.0;14
553100;TAKER;;INTARIAN_PEPPER_ROOT;XIRECS;11952.0;8
553200;;TAKER;ASH_COATED_OSMIUM;XIRECS;9992.0;8
553900;TAKER;;INTARIAN_PEPPER_ROOT;XIRECS;11951.0;14
554200;TAKER;;INTARIAN_PEPPER_ROOT;XIRECS;11948.0;10
554500;TAKER;;INTARIAN_PEPPER_ROOT;XIRECS;11951.0;9
554500;TAKER;;ASH_COATED_OSMIUM;XIRECS;10007.0;13
554600;TAKER;;INTARIAN_PEPPER_ROOT;XIRECS;11950.0;15
554700;;TAKER;INTARIAN_PEPPER_ROOT;XIRECS;11939.0;10
554800;TAKER;;INTARIAN_PEPPER_ROOT;XIRECS;11950.0;8
554800;;TAKER;ASH_COATED_OSMIUM;XIRECS;9992.0;2
554900;TAKER;;INTARIAN_PEPPER_ROOT;XIRECS;11951.0;9
555100;;TAKER;INTARIAN_PEPPER_ROOT;XIRECS;11939.0;7
555600;;TAKER;ASH_COATED_OSMIUM;XIRECS;9992.0;4
555700;TAKER;;ASH_COATED_OSMIUM;XIRECS;10006.0;7
555800;;TAKER;INTARIAN_PEPPER_ROOT;XIRECS;11936.0;6
555900;;TAKER;INTARIAN_PEPPER_ROOT;XIRECS;11938.0;6
555900;;TAKER;ASH_COATED_OSMIUM;XIRECS;9986.0;14
556000;;TAKER;ASH_COATED_OSMIUM;XIRECS;9994.0;13
556100;TAKER;;INTARIAN_PEPPER_ROOT;XIRECS;11952.0;11
556100;;TAKER;ASH_COATED_OSMIUM;XIRECS;9994.0;12
556300;TAKER;;INTARIAN_PEPPER_ROOT;XIRECS;11951.0;14
556400;;TAKER;ASH_COATED_OSMIUM;XIRECS;9988.0;5
556500;TAKER;;ASH_COATED_OSMIUM;XIRECS;10010.0;8
556900;;TAKER;INTARIAN_PEPPER_ROOT;XIRECS;11939.0;10
556900;;TAKER;ASH_COATED_OSMIUM;XIRECS;9985.0;4
557100;TAKER;;ASH_COATED_OSMIUM;XIRECS;10012.0;15
557200;TAKER;;INTARIAN_PEPPER_ROOT;XIRECS;11950.0;11
557300;TAKER;;ASH_COATED_OSMIUM;XIRECS;10006.0;15
557400;;TAKER;INTARIAN_PEPPER_ROOT;XIRECS;11937.0;5
557500;;TAKER;INTARIAN_PEPPER_ROOT;XIRECS;11938.0;7
557500;TAKER;;ASH_COATED_OSMIUM;XIRECS;10009.0;13
557600;TAKER;;INTARIAN_PEPPER_ROOT;XIRECS;11950.0;13
557700;;TAKER;INTARIAN_PEPPER_ROOT;XIRECS;11936.0;5
557900;;TAKER;INTARIAN_PEPPER_ROOT;XIRECS;11937.0;4
558000;;TAKER;ASH_COATED_OSMIUM;XIRECS;9989.0;7
558100;TAKER;;INTARIAN_PEPPER_ROOT;XIRECS;11952.0;12
558100;TAKER;;ASH_COATED_OSMIUM;XIRECS;10008.0;15
558300;;TAKER;INTARIAN_PEPPER_ROOT;XIRECS;11936.0;6
558400;TAKER;;INTARIAN_PEPPER_ROOT;XIRECS;11953.0;2
558400;TAKER;;ASH_COATED_OSMIUM;XIRECS;10009.0;11
558500;TAKER;;ASH_COATED_OSMIUM;XIRECS;10010.0;9
558700;;TAKER;ASH_COATED_OSMIUM;XIRECS;9990.0;3
558800;;TAKER;ASH_COATED_OSMIUM;XIRECS;9990.0;8
558900;;TAKER;INTARIAN_PEPPER_ROOT;XIRECS;11935.0;7
559100;TAKER;;ASH_COATED_OSMIUM;XIRECS;10007.0;10
559600;;TAKER;INTARIAN_PEPPER_ROOT;XIRECS;11937.0;6
559700;TAKER;;ASH_COATED_OSMIUM;XIRECS;10009.0;9
559800;;TAKER;INTARIAN_PEPPER_ROOT;XIRECS;11936.0;2
559800;;TAKER;ASH_COATED_OSMIUM;XIRECS;9990.0;6
560500;;TAKER;ASH_COATED_OSMIUM;XIRECS;9987.0;5
560600;TAKER;;INTARIAN_PEPPER_ROOT;XIRECS;11949.0;14
560600;TAKER;;ASH_COATED_OSMIUM;XIRECS;10008.0;13
560700;;TAKER;ASH_COATED_OSMIUM;XIRECS;9990.0;11
560800;;TAKER;INTARIAN_PEPPER_ROOT;XIRECS;11935.0;4
560900;;TAKER;ASH_COATED_OSMIUM;XIRECS;9992.0;9
561200;TAKER;;ASH_COATED_OSMIUM;XIRECS;10006.0;8
561400;TAKER;;INTARIAN_PEPPER_ROOT;XIRECS;11949.0;10
561600;TAKER;;INTARIAN_PEPPER_ROOT;XIRECS;11953.0;4
561600;TAKER;;ASH_COATED_OSMIUM;XIRECS;10011.0;9
561700;TAKER;;ASH_COATED_OSMIUM;XIRECS;10010.0;15
561800;;TAKER;ASH_COATED_OSMIUM;XIRECS;9987.0;13
562000;TAKER;;ASH_COATED_OSMIUM;XIRECS;10005.0;15
562100;TAKER;;ASH_COATED_OSMIUM;XIRECS;10012.0;5
562200;TAKER;;INTARIAN_PEPPER_ROOT;XIRECS;11950.0;14
562300;TAKER;;INTARIAN_PEPPER_ROOT;XIRECS;11952.0;8
562800;;TAKER;INTARIAN_PEPPER_ROOT;XIRECS;11938.0;11
563000;TAKER;;ASH_COATED_OSMIUM;XIRECS;10013.0;11
563200;;TAKER;INTARIAN_PEPPER_ROOT;XIRECS;11936.0;13
563300;TAKER;;INTARIAN_PEPPER_ROOT;XIRECS;11951.0;4
563500;TAKER;;ASH_COATED_OSMIUM;XIRECS;10009.0;14
564000;;TAKER;INTARIAN_PEPPER_ROOT;XIRECS;11936.0;4
564400;;TAKER;ASH_COATED_OSMIUM;XIRECS;9992.0;7
564500;TAKER;;INTARIAN_PEPPER_ROOT;XIRECS;11949.0;2
564700;;TAKER;INTARIAN_PEPPER_ROOT;XIRECS;11935.0;5
565100;TAKER;;INTARIAN_PEPPER_ROOT;XIRECS;11951.0;10
565200;TAKER;;INTARIAN_PEPPER_ROOT;XIRECS;11952.0;11
565300;;TAKER;INTARIAN_PEPPER_ROOT;XIRECS;11935.0;5
565400;;TAKER;INTARIAN_PEPPER_ROOT;XIRECS;11937.0;14
565600;TAKER;;INTARIAN_PEPPER_ROOT;XIRECS;11951.0;13
565800;;TAKER;ASH_COATED_OSMIUM;XIRECS;9989.0;15
566100;;TAKER;INTARIAN_PEPPER_ROOT;XIRECS;11936.0;5
566400;;TAKER;INTARIAN_PEPPER_ROOT;XIRECS;11936.0;6
566500;;TAKER;ASH_COATED_OSMIUM;XIRECS;9987.0;10
566600;;TAKER;INTARIAN_PEPPER_ROOT;XIRECS;11934.0;11
566700;TAKER;;INTARIAN_PEPPER_ROOT;XIRECS;11950.0;14
566700;TAKER;;ASH_COATED_OSMIUM;XIRECS;10011.0;11
567600;;TAKER;ASH_COATED_OSMIUM;XIRECS;9993.0;8
567800;;TAKER;INTARIAN_PEPPER_ROOT;XIRECS;11934.0;7
567900;;TAKER;INTARIAN_PEPPER_ROOT;XIRECS;11934.0;15
568000;;TAKER;ASH_COATED_OSMIUM;XIRECS;9991.0;2
568200;;TAKER;INTARIAN_PEPPER_ROOT;XIRECS;11935.0;14
568200;;TAKER;ASH_COATED_OSMIUM;XIRECS;9991.0;7
568400;;TAKER;ASH_COATED_OSMIUM;XIRECS;9991.0;15
568800;TAKER;;INTARIAN_PEPPER_ROOT;XIRECS;11949.0;6
568800;TAKER;;ASH_COATED_OSMIUM;XIRECS;10007.0;15
569000;TAKER;;INTARIAN_PEPPER_ROOT;XIRECS;11952.0;13
569200;;TAKER;INTARIAN_PEPPER_ROOT;XIRECS;11936.0;5
569600;;TAKER;INTARIAN_PEPPER_ROOT;XIRECS;11935.0;2
570000;;TAKER;INTARIAN_PEPPER_ROOT;XIRECS;11934.0;2
570100;TAKER;;ASH_COATED_OSMIUM;XIRECS;10006.0;2
570600;TAKER;;INTARIAN_PEPPER_ROOT;XIRECS;11949.0;8
570800;;TAKER;INTARIAN_PEPPER_ROOT;XIRECS;11938.0;14
570900;;TAKER;INTARIAN_PEPPER_ROOT;XIRECS;11938.0;13
571000;;TAKER;ASH_COATED_OSMIUM;XIRECS;9994.0;2
571300;TAKER;;ASH_COATED_OSMIUM;XIRECS;10006.0;11
571600;;TAKER;INTARIAN_PEPPER_ROOT;XIRECS;11938.0;10
571700;TAKER;;ASH_COATED_OSMIUM;XIRECS;10009.0;12
572000;TAKER;;ASH_COATED_OSMIUM;XIRECS;10008.0;4
572500;TAKER;;INTARIAN_PEPPER_ROOT;XIRECS;11948.0;7
572500;;TAKER;ASH_COATED_OSMIUM;XIRECS;9987.0;6
572600;TAKER;;INTARIAN_PEPPER_ROOT;XIRECS;11948.0;2
572600;;TAKER;ASH_COATED_OSMIUM;XIRECS;9991.0;13
572700;;TAKER;INTARIAN_PEPPER_ROOT;XIRECS;11934.0;2
573100;TAKER;;INTARIAN_PEPPER_ROOT;XIRECS;11949.0;15
573200;TAKER;;INTARIAN_PEPPER_ROOT;XIRECS;11949.0;14
573200;;TAKER;ASH_COATED_OSMIUM;XIRECS;9987.0;7
573300;;TAKER;INTARIAN_PEPPER_ROOT;XIRECS;11935.0;8
573600;;TAKER;ASH_COATED_OSMIUM;XIRECS;9987.0;11
573900;TAKER;;INTARIAN_PEPPER_ROOT;XIRECS;11947.0;8
574300;TAKER;;ASH_COATED_OSMIUM;XIRECS;10007.0;2
574700;;TAKER;INTARIAN_PEPPER_ROOT;XIRECS;11934.0;15
574700;TAKER;;ASH_COATED_OSMIUM;XIRECS;10010.0;9
574800;TAKER;;INTARIAN_PEPPER_ROOT;XIRECS;11950.0;13
574800;TAKER;;ASH_COATED_OSMIUM;XIRECS;10011.0;10
575200;TAKER;;ASH_COATED_OSMIUM;XIRECS;10007.0;11
575600;;TAKER;INTARIAN_PEPPER_ROOT;XIRECS;11936.0;9
575700;;TAKER;ASH_COATED_OSMIUM;XIRECS;9992.0;15
575900;;TAKER;INTARIAN_PEPPER_ROOT;XIRECS;11935.0;8
576100;;TAKER;ASH_COATED_OSMIUM;XIRECS;9994.0;13
576200;TAKER;;ASH_COATED_OSMIUM;XIRECS;10011.0;12
576300;TAKER;;ASH_COATED_OSMIUM;XIRECS;10011.0;5
576600;TAKER;;INTARIAN_PEPPER_ROOT;XIRECS;11949.0;10
576600;TAKER;;ASH_COATED_OSMIUM;XIRECS;10009.0;4
576700;TAKER;;INTARIAN_PEPPER_ROOT;XIRECS;11947.0;3
576900;TAKER;;INTARIAN_PEPPER_ROOT;XIRECS;11950.0;13
577000;TAKER;;ASH_COATED_OSMIUM;XIRECS;10009.0;12
577100;TAKER;;ASH_COATED_OSMIUM;XIRECS;10009.0;3
577200;;TAKER;ASH_COATED_OSMIUM;XIRECS;9994.0;11
577300;TAKER;;INTARIAN_PEPPER_ROOT;XIRECS;11948.0;3
577300;TAKER;;ASH_COATED_OSMIUM;XIRECS;10006.0;13
577400;TAKER;;ASH_COATED_OSMIUM;XIRECS;10005.0;11
577600;;TAKER;INTARIAN_PEPPER_ROOT;XIRECS;11935.0;9
577800;TAKER;;ASH_COATED_OSMIUM;XIRECS;10005.0;15
578100;TAKER;;INTARIAN_PEPPER_ROOT;XIRECS;11947.0;13
578400;;TAKER;ASH_COATED_OSMIUM;XIRECS;9990.0;7
578800;TAKER;;ASH_COATED_OSMIUM;XIRECS;10009.0;15
579600;;TAKER;ASH_COATED_OSMIUM;XIRECS;9992.0;14
579800;TAKER;;ASH_COATED_OSMIUM;XIRECS;10008.0;6
579900;;TAKER;ASH_COATED_OSMIUM;XIRECS;9994.0;6
580100;TAKER;;ASH_COATED_OSMIUM;XIRECS;10008.0;4
580300;TAKER;;ASH_COATED_OSMIUM;XIRECS;10009.0;5
580400;TAKER;;ASH_COATED_OSMIUM;XIRECS;10010.0;5
580500;;TAKER;INTARIAN_PEPPER_ROOT;XIRECS;11934.0;6
580500;TAKER;;ASH_COATED_OSMIUM;XIRECS;10011.0;3
580600;;TAKER;ASH_COATED_OSMIUM;XIRECS;9988.0;2
580700;TAKER;;INTARIAN_PEPPER_ROOT;XIRECS;11949.0;9
581100;TAKER;;ASH_COATED_OSMIUM;XIRECS;10010.0;13
581200;TAKER;;INTARIAN_PEPPER_ROOT;XIRECS;11949.0;11
581200;TAKER;;ASH_COATED_OSMIUM;XIRECS;10007.0;5
581300;TAKER;;INTARIAN_PEPPER_ROOT;XIRECS;11951.0;9
581400;;TAKER;ASH_COATED_OSMIUM;XIRECS;9991.0;9
581600;TAKER;;ASH_COATED_OSMIUM;XIRECS;10010.0;14
581700;;TAKER;INTARIAN_PEPPER_ROOT;XIRECS;11937.0;10
582100;;TAKER;ASH_COATED_OSMIUM;XIRECS;9989.0;5
582200;TAKER;;INTARIAN_PEPPER_ROOT;XIRECS;11951.0;9
582500;TAKER;;INTARIAN_PEPPER_ROOT;XIRECS;11949.0;3
582500;;TAKER;ASH_COATED_OSMIUM;XIRECS;9992.0;9
582600;TAKER;;ASH_COATED_OSMIUM;XIRECS;10011.0;3
582700;TAKER;;INTARIAN_PEPPER_ROOT;XIRECS;11949.0;15
582700;TAKER;;ASH_COATED_OSMIUM;XIRECS;10013.0;7
583100;;TAKER;ASH_COATED_OSMIUM;XIRECS;9993.0;2
583200;;TAKER;ASH_COATED_OSMIUM;XIRECS;9990.0;12
583600;TAKER;;ASH_COATED_OSMIUM;XIRECS;10007.0;14
583800;TAKER;;INTARIAN_PEPPER_ROOT;XIRECS;11949.0;9
584000;;TAKER;ASH_COATED_OSMIUM;XIRECS;9991.0;11
584100;TAKER;;INTARIAN_PEPPER_ROOT;XIRECS;11947.0;8
584100;;TAKER;ASH_COATED_OSMIUM;XIRECS;9989.0;3
584200;TAKER;;ASH_COATED_OSMIUM;XIRECS;10003.0;13
584300;TAKER;;INTARIAN_PEPPER_ROOT;XIRECS;11948.0;3
584300;TAKER;;ASH_COATED_OSMIUM;XIRECS;10010.0;6
584500;;TAKER;INTARIAN_PEPPER_ROOT;XIRECS;11934.0;15
584900;;TAKER;INTARIAN_PEPPER_ROOT;XIRECS;11937.0;5
585000;TAKER;;INTARIAN_PEPPER_ROOT;XIRECS;11946.0;14
585200;;TAKER;INTARIAN_PEPPER_ROOT;XIRECS;11934.0;7
585400;;TAKER;ASH_COATED_OSMIUM;XIRECS;9989.0;14
585500;;TAKER;ASH_COATED_OSMIUM;XIRECS;9989.0;6
585700;TAKER;;INTARIAN_PEPPER_ROOT;XIRECS;11947.0;12
586200;TAKER;;INTARIAN_PEPPER_ROOT;XIRECS;11948.0;11
586600;TAKER;;ASH_COATED_OSMIUM;XIRECS;10010.0;13
586900;;TAKER;INTARIAN_PEPPER_ROOT;XIRECS;11934.0;9
587000;;TAKER;ASH_COATED_OSMIUM;XIRECS;9990.0;11
587200;;TAKER;INTARIAN_PEPPER_ROOT;XIRECS;11933.0;8
587300;TAKER;;INTARIAN_PEPPER_ROOT;XIRECS;11948.0;7
587500;;TAKER;INTARIAN_PEPPER_ROOT;XIRECS;11933.0;13
587800;;TAKER;ASH_COATED_OSMIUM;XIRECS;9987.0;13
588000;TAKER;;INTARIAN_PEPPER_ROOT;XIRECS;11948.0;4
588000;TAKER;;ASH_COATED_OSMIUM;XIRECS;10007.0;8
588400;TAKER;;INTARIAN_PEPPER_ROOT;XIRECS;11946.0;3
588500;;TAKER;ASH_COATED_OSMIUM;XIRECS;9992.0;5
588700;;TAKER;ASH_COATED_OSMIUM;XIRECS;9989.0;14
588800;;TAKER;INTARIAN_PEPPER_ROOT;XIRECS;11934.0;4
588900;TAKER;;INTARIAN_PEPPER_ROOT;XIRECS;11946.0;2
589300;TAKER;;INTARIAN_PEPPER_ROOT;XIRECS;11949.0;14
589300;TAKER;;ASH_COATED_OSMIUM;XIRECS;10007.0;14
589400;TAKER;;INTARIAN_PEPPER_ROOT;XIRECS;11948.0;13
589800;TAKER;;INTARIAN_PEPPER_ROOT;XIRECS;11949.0;5
589900;;TAKER;INTARIAN_PEPPER_ROOT;XIRECS;11935.0;12
589900;TAKER;;ASH_COATED_OSMIUM;XIRECS;10008.0;10
590000;TAKER;;INTARIAN_PEPPER_ROOT;XIRECS;11947.0;2
590000;TAKER;;ASH_COATED_OSMIUM;XIRECS;10009.0;2
590100;;TAKER;ASH_COATED_OSMIUM;XIRECS;9992.0;10
590300;TAKER;;INTARIAN_PEPPER_ROOT;XIRECS;11947.0;2
590300;TAKER;;ASH_COATED_OSMIUM;XIRECS;10008.0;10
590700;TAKER;;ASH_COATED_OSMIUM;XIRECS;10006.0;8
590800;;TAKER;INTARIAN_PEPPER_ROOT;XIRECS;11932.0;14
590900;;TAKER;INTARIAN_PEPPER_ROOT;XIRECS;11933.0;15
591700;;TAKER;ASH_COATED_OSMIUM;XIRECS;9988.0;8
591800;;TAKER;INTARIAN_PEPPER_ROOT;XIRECS;11932.0;8
592000;;TAKER;ASH_COATED_OSMIUM;XIRECS;9993.0;3
592100;;TAKER;ASH_COATED_OSMIUM;XIRECS;9991.0;4
592200;;TAKER;ASH_COATED_OSMIUM;XIRECS;9990.0;10
592400;TAKER;;ASH_COATED_OSMIUM;XIRECS;10008.0;6
592500;TAKER;;ASH_COATED_OSMIUM;XIRECS;10007.0;14
592700;TAKER;;ASH_COATED_OSMIUM;XIRECS;10010.0;12
593100;TAKER;;ASH_COATED_OSMIUM;XIRECS;10010.0;5
593200;TAKER;;ASH_COATED_OSMIUM;XIRECS;10010.0;7
593300;TAKER;;ASH_COATED_OSMIUM;XIRECS;10010.0;4
593400;;TAKER;INTARIAN_PEPPER_ROOT;XIRECS;11933.0;5
593500;TAKER;;ASH_COATED_OSMIUM;XIRECS;10013.0;3
593600;TAKER;;ASH_COATED_OSMIUM;XIRECS;10012.0;14
593900;TAKER;;INTARIAN_PEPPER_ROOT;XIRECS;11947.0;9
594300;TAKER;;INTARIAN_PEPPER_ROOT;XIRECS;11948.0;9
594500;TAKER;;ASH_COATED_OSMIUM;XIRECS;10009.0;13
594600;TAKER;;ASH_COATED_OSMIUM;XIRECS;10006.0;2
594900;TAKER;;INTARIAN_PEPPER_ROOT;XIRECS;11947.0;12
594900;;TAKER;ASH_COATED_OSMIUM;XIRECS;9988.0;2
595100;;TAKER;INTARIAN_PEPPER_ROOT;XIRECS;11934.0;13
595100;;TAKER;ASH_COATED_OSMIUM;XIRECS;9989.0;14
595300;;TAKER;INTARIAN_PEPPER_ROOT;XIRECS;11934.0;8
595700;;TAKER;INTARIAN_PEPPER_ROOT;XIRECS;11935.0;6
595800;;TAKER;INTARIAN_PEPPER_ROOT;XIRECS;11934.0;11
596200;TAKER;;INTARIAN_PEPPER_ROOT;XIRECS;11947.0;8
596400;;TAKER;INTARIAN_PEPPER_ROOT;XIRECS;11933.0;11
596500;;TAKER;INTARIAN_PEPPER_ROOT;XIRECS;11933.0;11
596600;TAKER;;ASH_COATED_OSMIUM;XIRECS;10008.0;7
596800;TAKER;;ASH_COATED_OSMIUM;XIRECS;10010.0;6
596900;TAKER;;INTARIAN_PEPPER_ROOT;XIRECS;11948.0;4
596900;TAKER;;ASH_COATED_OSMIUM;XIRECS;10009.0;2
597000;;TAKER;INTARIAN_PEPPER_ROOT;XIRECS;11933.0;9
597300;TAKER;;ASH_COATED_OSMIUM;XIRECS;10012.0;15
597400;TAKER;;ASH_COATED_OSMIUM;XIRECS;10008.0;4
597800;TAKER;;ASH_COATED_OSMIUM;XIRECS;10011.0;2
597900;TAKER;;INTARIAN_PEPPER_ROOT;XIRECS;11947.0;10
598000;TAKER;;INTARIAN_PEPPER_ROOT;XIRECS;11947.0;13
598100;TAKER;;ASH_COATED_OSMIUM;XIRECS;10008.0;3
598200;TAKER;;ASH_COATED_OSMIUM;XIRECS;10011.0;11
598300;;TAKER;ASH_COATED_OSMIUM;XIRECS;9991.0;11
598400;;TAKER;ASH_COATED_OSMIUM;XIRECS;9988.0;10
598500;TAKER;;INTARIAN_PEPPER_ROOT;XIRECS;11946.0;11
598800;;TAKER;ASH_COATED_OSMIUM;XIRECS;9991.0;8
599000;;TAKER;ASH_COATED_OSMIUM;XIRECS;9988.0;8
599100;TAKER;;INTARIAN_PEPPER_ROOT;XIRECS;11946.0;3
599200;TAKER;;INTARIAN_PEPPER_ROOT;XIRECS;11946.0;15
599300;TAKER;;INTARIAN_PEPPER_ROOT;XIRECS;11947.0;8
599300;TAKER;;ASH_COATED_OSMIUM;XIRECS;10010.0;5
599400;TAKER;;INTARIAN_PEPPER_ROOT;XIRECS;11945.0;7
599600;TAKER;;INTARIAN_PEPPER_ROOT;XIRECS;11947.0;14
599800;TAKER;;INTARIAN_PEPPER_ROOT;XIRECS;11946.0;6
599900;TAKER;;ASH_COATED_OSMIUM;XIRECS;10012.0;13
600000;;TAKER;ASH_COATED_OSMIUM;XIRECS;9990.0;3
600100;TAKER;;INTARIAN_PEPPER_ROOT;XIRECS;11948.0;8
600300;;TAKER;INTARIAN_PEPPER_ROOT;XIRECS;11931.0;12
600500;;TAKER;INTARIAN_PEPPER_ROOT;XIRECS;11935.0;14
600500;;TAKER;ASH_COATED_OSMIUM;XIRECS;9989.0;9
600800;TAKER;;INTARIAN_PEPPER_ROOT;XIRECS;11946.0;13
600800;TAKER;;ASH_COATED_OSMIUM;XIRECS;10008.0;4
600900;TAKER;;ASH_COATED_OSMIUM;XIRECS;10012.0;9
601000;TAKER;;INTARIAN_PEPPER_ROOT;XIRECS;11947.0;9
601500;;TAKER;INTARIAN_PEPPER_ROOT;XIRECS;11932.0;8
601600;;TAKER;INTARIAN_PEPPER_ROOT;XIRECS;11931.0;15
601700;;TAKER;INTARIAN_PEPPER_ROOT;XIRECS;11933.0;14
601800;TAKER;;INTARIAN_PEPPER_ROOT;XIRECS;11945.0;10
601900;TAKER;;INTARIAN_PEPPER_ROOT;XIRECS;11945.0;9
602100;TAKER;;ASH_COATED_OSMIUM;XIRECS;10007.0;7
602200;;TAKER;INTARIAN_PEPPER_ROOT;XIRECS;11933.0;15
602300;TAKER;;ASH_COATED_OSMIUM;XIRECS;10005.0;15
602400;TAKER;;INTARIAN_PEPPER_ROOT;XIRECS;11947.0;6
602800;;TAKER;INTARIAN_PEPPER_ROOT;XIRECS;11933.0;3
603100;;TAKER;ASH_COATED_OSMIUM;XIRECS;9988.0;14
603400;TAKER;;ASH_COATED_OSMIUM;XIRECS;10008.0;12
603500;;TAKER;INTARIAN_PEPPER_ROOT;XIRECS;11932.0;7
603800;TAKER;;INTARIAN_PEPPER_ROOT;XIRECS;11948.0;4
603800;TAKER;;ASH_COATED_OSMIUM;XIRECS;10009.0;7
604000;TAKER;;INTARIAN_PEPPER_ROOT;XIRECS;11946.0;15
604100;TAKER;;INTARIAN_PEPPER_ROOT;XIRECS;11948.0;2
604100;;TAKER;ASH_COATED_OSMIUM;XIRECS;9989.0;2
604200;;TAKER;INTARIAN_PEPPER_ROOT;XIRECS;11933.0;15
604200;;TAKER;ASH_COATED_OSMIUM;XIRECS;9990.0;6
604300;TAKER;;ASH_COATED_OSMIUM;XIRECS;10008.0;2
604600;TAKER;;ASH_COATED_OSMIUM;XIRECS;10005.0;6
604700;TAKER;;INTARIAN_PEPPER_ROOT;XIRECS;11943.0;11
604800;TAKER;;ASH_COATED_OSMIUM;XIRECS;10009.0;8
605000;TAKER;;INTARIAN_PEPPER_ROOT;XIRECS;11947.0;15
605200;TAKER;;ASH_COATED_OSMIUM;XIRECS;10010.0;4
605500;;TAKER;INTARIAN_PEPPER_ROOT;XIRECS;11931.0;11
605800;TAKER;;INTARIAN_PEPPER_ROOT;XIRECS;11946.0;7
606000;TAKER;;ASH_COATED_OSMIUM;XIRECS;10009.0;10
606200;TAKER;;ASH_COATED_OSMIUM;XIRECS;10007.0;15
606500;TAKER;;INTARIAN_PEPPER_ROOT;XIRECS;11944.0;6
606600;;TAKER;INTARIAN_PEPPER_ROOT;XIRECS;11931.0;11
606700;TAKER;;INTARIAN_PEPPER_ROOT;XIRECS;11947.0;11
606700;TAKER;;ASH_COATED_OSMIUM;XIRECS;10009.0;8
606800;;TAKER;ASH_COATED_OSMIUM;XIRECS;9995.0;12
607100;TAKER;;ASH_COATED_OSMIUM;XIRECS;10012.0;6
607200;TAKER;;ASH_COATED_OSMIUM;XIRECS;10007.0;2
607400;TAKER;;INTARIAN_PEPPER_ROOT;XIRECS;11948.0;5
607800;TAKER;;ASH_COATED_OSMIUM;XIRECS;10006.0;9
608100;;TAKER;ASH_COATED_OSMIUM;XIRECS;9989.0;9
608400;;TAKER;INTARIAN_PEPPER_ROOT;XIRECS;11932.0;14
608500;;TAKER;ASH_COATED_OSMIUM;XIRECS;9989.0;12
608600;TAKER;;INTARIAN_PEPPER_ROOT;XIRECS;11946.0;13
608700;;TAKER;ASH_COATED_OSMIUM;XIRECS;9993.0;14
608900;TAKER;;INTARIAN_PEPPER_ROOT;XIRECS;11947.0;10
609000;TAKER;;ASH_COATED_OSMIUM;XIRECS;10006.0;9
609100;TAKER;;INTARIAN_PEPPER_ROOT;XIRECS;11945.0;3
609600;;TAKER;INTARIAN_PEPPER_ROOT;XIRECS;11931.0;7
609800;TAKER;;INTARIAN_PEPPER_ROOT;XIRECS;11946.0;9
609900;;TAKER;INTARIAN_PEPPER_ROOT;XIRECS;11931.0;12
610100;;TAKER;INTARIAN_PEPPER_ROOT;XIRECS;11933.0;2
610100;;TAKER;ASH_COATED_OSMIUM;XIRECS;9989.0;2
610400;TAKER;;INTARIAN_PEPPER_ROOT;XIRECS;11946.0;11
610400;;TAKER;ASH_COATED_OSMIUM;XIRECS;9995.0;15
610500;;TAKER;ASH_COATED_OSMIUM;XIRECS;9990.0;6
610900;;TAKER;INTARIAN_PEPPER_ROOT;XIRECS;11933.0;13
611100;;TAKER;INTARIAN_PEPPER_ROOT;XIRECS;11930.0;6
611100;;TAKER;ASH_COATED_OSMIUM;XIRECS;9990.0;6
611400;;TAKER;ASH_COATED_OSMIUM;XIRECS;9989.0;10
611500;TAKER;;ASH_COATED_OSMIUM;XIRECS;10009.0;3
611600;TAKER;;INTARIAN_PEPPER_ROOT;XIRECS;11944.0;13
612300;TAKER;;ASH_COATED_OSMIUM;XIRECS;10011.0;4
612400;TAKER;;INTARIAN_PEPPER_ROOT;XIRECS;11942.0;15
612700;TAKER;;INTARIAN_PEPPER_ROOT;XIRECS;11944.0;12
612700;;TAKER;ASH_COATED_OSMIUM;XIRECS;9989.0;4
612800;;TAKER;INTARIAN_PEPPER_ROOT;XIRECS;11930.0;8
612800;TAKER;;ASH_COATED_OSMIUM;XIRECS;10005.0;15
613000;TAKER;;ASH_COATED_OSMIUM;XIRECS;10008.0;6
613400;;TAKER;INTARIAN_PEPPER_ROOT;XIRECS;11933.0;14
613500;;TAKER;INTARIAN_PEPPER_ROOT;XIRECS;11931.0;9
613500;TAKER;;ASH_COATED_OSMIUM;XIRECS;10007.0;8
613600;;TAKER;INTARIAN_PEPPER_ROOT;XIRECS;11930.0;12
613600;;TAKER;ASH_COATED_OSMIUM;XIRECS;9987.0;2
613800;TAKER;;INTARIAN_PEPPER_ROOT;XIRECS;11946.0;12
614100;TAKER;;INTARIAN_PEPPER_ROOT;XIRECS;11946.0;3
614300;;TAKER;INTARIAN_PEPPER_ROOT;XIRECS;11931.0;5
614400;;TAKER;INTARIAN_PEPPER_ROOT;XIRECS;11933.0;13
614400;;TAKER;ASH_COATED_OSMIUM;XIRECS;9993.0;13
614500;TAKER;;INTARIAN_PEPPER_ROOT;XIRECS;11943.0;6
615200;TAKER;;ASH_COATED_OSMIUM;XIRECS;10010.0;14
615500;;TAKER;INTARIAN_PEPPER_ROOT;XIRECS;11930.0;4
616600;TAKER;;INTARIAN_PEPPER_ROOT;XIRECS;11946.0;5
617100;TAKER;;INTARIAN_PEPPER_ROOT;XIRECS;11943.0;15
617100;TAKER;;ASH_COATED_OSMIUM;XIRECS;10006.0;14
617400;;TAKER;ASH_COATED_OSMIUM;XIRECS;9993.0;2
617700;TAKER;;ASH_COATED_OSMIUM;XIRECS;10012.0;7
617900;;TAKER;ASH_COATED_OSMIUM;XIRECS;9989.0;6
618100;;TAKER;INTARIAN_PEPPER_ROOT;XIRECS;11931.0;2
618200;TAKER;;ASH_COATED_OSMIUM;XIRECS;10008.0;6
618300;;TAKER;INTARIAN_PEPPER_ROOT;XIRECS;11933.0;4
618800;;TAKER;ASH_COATED_OSMIUM;XIRECS;9995.0;15
618900;TAKER;;ASH_COATED_OSMIUM;XIRECS;10009.0;9
619000;;TAKER;INTARIAN_PEPPER_ROOT;XIRECS;11929.0;6
619100;;TAKER;ASH_COATED_OSMIUM;XIRECS;9990.0;7
619300;;TAKER;ASH_COATED_OSMIUM;XIRECS;9990.0;8
619400;TAKER;;INTARIAN_PEPPER_ROOT;XIRECS;11945.0;2
619500;TAKER;;INTARIAN_PEPPER_ROOT;XIRECS;11945.0;5
619600;;TAKER;INTARIAN_PEPPER_ROOT;XIRECS;11930.0;8
619600;;TAKER;ASH_COATED_OSMIUM;XIRECS;9992.0;14
619900;TAKER;;ASH_COATED_OSMIUM;XIRECS;10004.0;11
620000;;TAKER;ASH_COATED_OSMIUM;XIRECS;9990.0;9
620100;TAKER;;INTARIAN_PEPPER_ROOT;XIRECS;11944.0;7
620400;;TAKER;INTARIAN_PEPPER_ROOT;XIRECS;11930.0;12
620500;TAKER;;ASH_COATED_OSMIUM;XIRECS;10008.0;12
620800;TAKER;;ASH_COATED_OSMIUM;XIRECS;10010.0;5
621000;;TAKER;ASH_COATED_OSMIUM;XIRECS;9991.0;7
621200;TAKER;;INTARIAN_PEPPER_ROOT;XIRECS;11944.0;10
621200;TAKER;;ASH_COATED_OSMIUM;XIRECS;10011.0;15
621300;;TAKER;ASH_COATED_OSMIUM;XIRECS;9994.0;15
621400;;TAKER;INTARIAN_PEPPER_ROOT;XIRECS;11932.0;5
621400;TAKER;;ASH_COATED_OSMIUM;XIRECS;10008.0;10
621500;TAKER;;INTARIAN_PEPPER_ROOT;XIRECS;11945.0;13
621800;;TAKER;INTARIAN_PEPPER_ROOT;XIRECS;11932.0;9
621900;;TAKER;INTARIAN_PEPPER_ROOT;XIRECS;11930.0;3
621900;;TAKER;ASH_COATED_OSMIUM;XIRECS;9991.0;10
622000;;TAKER;INTARIAN_PEPPER_ROOT;XIRECS;11930.0;5
622100;TAKER;;ASH_COATED_OSMIUM;XIRECS;10009.0;5
622200;TAKER;;ASH_COATED_OSMIUM;XIRECS;10011.0;12
622300;;TAKER;INTARIAN_PEPPER_ROOT;XIRECS;11928.0;2
622300;;TAKER;ASH_COATED_OSMIUM;XIRECS;9989.0;9
622400;;TAKER;INTARIAN_PEPPER_ROOT;XIRECS;11931.0;13
622500;TAKER;;ASH_COATED_OSMIUM;XIRECS;10011.0;13
622600;TAKER;;ASH_COATED_OSMIUM;XIRECS;10011.0;13
623400;TAKER;;INTARIAN_PEPPER_ROOT;XIRECS;11945.0;7
624200;TAKER;;ASH_COATED_OSMIUM;XIRECS;10008.0;8
624300;TAKER;;INTARIAN_PEPPER_ROOT;XIRECS;11943.0;12
624300;TAKER;;ASH_COATED_OSMIUM;XIRECS;10008.0;8
624400;TAKER;;INTARIAN_PEPPER_ROOT;XIRECS;11942.0;8
624400;;TAKER;ASH_COATED_OSMIUM;XIRECS;9991.0;10
624500;;TAKER;INTARIAN_PEPPER_ROOT;XIRECS;11931.0;9
624600;;TAKER;ASH_COATED_OSMIUM;XIRECS;9989.0;15
624800;TAKER;;INTARIAN_PEPPER_ROOT;XIRECS;11946.0;6
624900;TAKER;;ASH_COATED_OSMIUM;XIRECS;10009.0;7
625600;TAKER;;ASH_COATED_OSMIUM;XIRECS;10010.0;9
625700;TAKER;;ASH_COATED_OSMIUM;XIRECS;10007.0;10
625800;TAKER;;INTARIAN_PEPPER_ROOT;XIRECS;11942.0;10
625800;;TAKER;ASH_COATED_OSMIUM;XIRECS;9997.0;13
625900;TAKER;;INTARIAN_PEPPER_ROOT;XIRECS;11944.0;8
625900;;TAKER;ASH_COATED_OSMIUM;XIRECS;9987.0;6
626200;TAKER;;ASH_COATED_OSMIUM;XIRECS;10006.0;14
626300;;TAKER;INTARIAN_PEPPER_ROOT;XIRECS;11931.0;8
626300;TAKER;;ASH_COATED_OSMIUM;XIRECS;10010.0;7
626600;;TAKER;ASH_COATED_OSMIUM;XIRECS;9990.0;8
626700;;TAKER;INTARIAN_PEPPER_ROOT;XIRECS;11929.0;2
626900;;TAKER;INTARIAN_PEPPER_ROOT;XIRECS;11929.0;3
627100;;TAKER;INTARIAN_PEPPER_ROOT;XIRECS;11930.0;15
627200;TAKER;;INTARIAN_PEPPER_ROOT;XIRECS;11944.0;9
627300;;TAKER;INTARIAN_PEPPER_ROOT;XIRECS;11929.0;14
627400;TAKER;;INTARIAN_PEPPER_ROOT;XIRECS;11945.0;15
627500;;TAKER;INTARIAN_PEPPER_ROOT;XIRECS;11929.0;2
627800;TAKER;;ASH_COATED_OSMIUM;XIRECS;10006.0;10
628100;;TAKER;INTARIAN_PEPPER_ROOT;XIRECS;11929.0;6
628100;TAKER;;ASH_COATED_OSMIUM;XIRECS;10008.0;12
628200;;TAKER;INTARIAN_PEPPER_ROOT;XIRECS;11930.0;14
628400;;TAKER;ASH_COATED_OSMIUM;XIRECS;9989.0;2
628600;TAKER;;INTARIAN_PEPPER_ROOT;XIRECS;11943.0;12
628900;;TAKER;ASH_COATED_OSMIUM;XIRECS;9987.0;14
629000;TAKER;;ASH_COATED_OSMIUM;XIRECS;10008.0;2
629200;;TAKER;INTARIAN_PEPPER_ROOT;XIRECS;11929.0;6
629300;TAKER;;INTARIAN_PEPPER_ROOT;XIRECS;11943.0;6
629500;;TAKER;INTARIAN_PEPPER_ROOT;XIRECS;11930.0;3
629500;TAKER;;ASH_COATED_OSMIUM;XIRECS;10009.0;6
629700;TAKER;;ASH_COATED_OSMIUM;XIRECS;10007.0;7
629800;TAKER;;ASH_COATED_OSMIUM;XIRECS;10010.0;10
629900;TAKER;;ASH_COATED_OSMIUM;XIRECS;10006.0;6
630100;TAKER;;INTARIAN_PEPPER_ROOT;XIRECS;11943.0;11
630200;TAKER;;INTARIAN_PEPPER_ROOT;XIRECS;11944.0;13
630500;;TAKER;INTARIAN_PEPPER_ROOT;XIRECS;11929.0;10
630500;TAKER;;ASH_COATED_OSMIUM;XIRECS;10010.0;14
630600;TAKER;;INTARIAN_PEPPER_ROOT;XIRECS;11944.0;14
630600;TAKER;;ASH_COATED_OSMIUM;XIRECS;10011.0;11
630700;TAKER;;ASH_COATED_OSMIUM;XIRECS;10006.0;15
630800;;TAKER;ASH_COATED_OSMIUM;XIRECS;9990.0;8
630900;TAKER;;INTARIAN_PEPPER_ROOT;XIRECS;11942.0;7
630900;;TAKER;ASH_COATED_OSMIUM;XIRECS;9989.0;2
631100;;TAKER;INTARIAN_PEPPER_ROOT;XIRECS;11931.0;5
631200;TAKER;;ASH_COATED_OSMIUM;XIRECS;10007.0;8
631300;;TAKER;INTARIAN_PEPPER_ROOT;XIRECS;11929.0;12
631300;TAKER;;ASH_COATED_OSMIUM;XIRECS;10011.0;7
631500;TAKER;;ASH_COATED_OSMIUM;XIRECS;10009.0;11
631700;TAKER;;ASH_COATED_OSMIUM;XIRECS;10005.0;7
631800;TAKER;;INTARIAN_PEPPER_ROOT;XIRECS;11944.0;7
632200;TAKER;;INTARIAN_PEPPER_ROOT;XIRECS;11942.0;5
632200;;TAKER;ASH_COATED_OSMIUM;XIRECS;9989.0;3
632900;;TAKER;INTARIAN_PEPPER_ROOT;XIRECS;11930.0;2
633000;;TAKER;INTARIAN_PEPPER_ROOT;XIRECS;11930.0;3
633000;;TAKER;ASH_COATED_OSMIUM;XIRECS;9989.0;10
633100;TAKER;;ASH_COATED_OSMIUM;XIRECS;10011.0;9
633300;TAKER;;INTARIAN_PEPPER_ROOT;XIRECS;11944.0;9
633300;;TAKER;ASH_COATED_OSMIUM;XIRECS;9991.0;12
633400;TAKER;;INTARIAN_PEPPER_ROOT;XIRECS;11943.0;8
633500;TAKER;;INTARIAN_PEPPER_ROOT;XIRECS;11944.0;13
633500;TAKER;;ASH_COATED_OSMIUM;XIRECS;10012.0;11
633600;TAKER;;INTARIAN_PEPPER_ROOT;XIRECS;11941.0;8
633600;;TAKER;ASH_COATED_OSMIUM;XIRECS;9992.0;12
633900;TAKER;;INTARIAN_PEPPER_ROOT;XIRECS;11942.0;11
633900;TAKER;;ASH_COATED_OSMIUM;XIRECS;10009.0;12
634100;;TAKER;INTARIAN_PEPPER_ROOT;XIRECS;11929.0;6
634100;;TAKER;ASH_COATED_OSMIUM;XIRECS;9990.0;8
634400;TAKER;;ASH_COATED_OSMIUM;XIRECS;10010.0;15
634700;;TAKER;ASH_COATED_OSMIUM;XIRECS;9986.0;6
634900;TAKER;;INTARIAN_PEPPER_ROOT;XIRECS;11942.0;6
634900;TAKER;;ASH_COATED_OSMIUM;XIRECS;10008.0;6
635200;;TAKER;ASH_COATED_OSMIUM;XIRECS;9992.0;12
635500;TAKER;;INTARIAN_PEPPER_ROOT;XIRECS;11942.0;13
635800;;TAKER;ASH_COATED_OSMIUM;XIRECS;9993.0;15
636100;TAKER;;ASH_COATED_OSMIUM;XIRECS;10009.0;9
636200;;TAKER;INTARIAN_PEPPER_ROOT;XIRECS;11930.0;13
636600;;TAKER;INTARIAN_PEPPER_ROOT;XIRECS;11927.0;8
636600;TAKER;;ASH_COATED_OSMIUM;XIRECS;10008.0;13
636800;TAKER;;INTARIAN_PEPPER_ROOT;XIRECS;11943.0;13
636900;TAKER;;ASH_COATED_OSMIUM;XIRECS;10012.0;14
637100;;TAKER;ASH_COATED_OSMIUM;XIRECS;9992.0;5
637300;TAKER;;INTARIAN_PEPPER_ROOT;XIRECS;11943.0;3
637400;;TAKER;ASH_COATED_OSMIUM;XIRECS;9987.0;7
637600;;TAKER;INTARIAN_PEPPER_ROOT;XIRECS;11931.0;13
637700;;TAKER;ASH_COATED_OSMIUM;XIRECS;9991.0;6
638100;;TAKER;INTARIAN_PEPPER_ROOT;XIRECS;11927.0;6
638300;TAKER;;ASH_COATED_OSMIUM;XIRECS;10011.0;2
638500;TAKER;;ASH_COATED_OSMIUM;XIRECS;10008.0;12
638600;TAKER;;INTARIAN_PEPPER_ROOT;XIRECS;11943.0;4
638700;;TAKER;ASH_COATED_OSMIUM;XIRECS;9993.0;13
638900;TAKER;;INTARIAN_PEPPER_ROOT;XIRECS;11943.0;14
638900;;TAKER;ASH_COATED_OSMIUM;XIRECS;9992.0;12
639500;TAKER;;ASH_COATED_OSMIUM;XIRECS;10010.0;2
640100;;TAKER;INTARIAN_PEPPER_ROOT;XIRECS;11929.0;11
640200;;TAKER;INTARIAN_PEPPER_ROOT;XIRECS;11929.0;12
640400;;TAKER;ASH_COATED_OSMIUM;XIRECS;9993.0;9
640500;;TAKER;INTARIAN_PEPPER_ROOT;XIRECS;11930.0;9
640500;;TAKER;ASH_COATED_OSMIUM;XIRECS;9987.0;2
640600;TAKER;;ASH_COATED_OSMIUM;XIRECS;10009.0;2
640700;;TAKER;ASH_COATED_OSMIUM;XIRECS;9994.0;8
640800;;TAKER;INTARIAN_PEPPER_ROOT;XIRECS;11928.0;5
641000;;TAKER;INTARIAN_PEPPER_ROOT;XIRECS;11931.0;15
641400;;TAKER;ASH_COATED_OSMIUM;XIRECS;9992.0;14
641900;TAKER;;ASH_COATED_OSMIUM;XIRECS;10006.0;14
642000;;TAKER;INTARIAN_PEPPER_ROOT;XIRECS;11927.0;10
642000;TAKER;;ASH_COATED_OSMIUM;XIRECS;10010.0;3
642200;TAKER;;INTARIAN_PEPPER_ROOT;XIRECS;11941.0;4
642300;TAKER;;INTARIAN_PEPPER_ROOT;XIRECS;11941.0;11
642300;TAKER;;ASH_COATED_OSMIUM;XIRECS;10008.0;7
642400;;TAKER;INTARIAN_PEPPER_ROOT;XIRECS;11928.0;6
642400;TAKER;;ASH_COATED_OSMIUM;XIRECS;10007.0;12
642500;TAKER;;ASH_COATED_OSMIUM;XIRECS;10009.0;7
642600;;TAKER;INTARIAN_PEPPER_ROOT;XIRECS;11930.0;7
642700;;TAKER;ASH_COATED_OSMIUM;XIRECS;9991.0;12
642800;;TAKER;INTARIAN_PEPPER_ROOT;XIRECS;11929.0;4
642800;TAKER;;ASH_COATED_OSMIUM;XIRECS;10008.0;3
642900;TAKER;;INTARIAN_PEPPER_ROOT;XIRECS;11940.0;11
643000;;TAKER;INTARIAN_PEPPER_ROOT;XIRECS;11928.0;8
643000;TAKER;;ASH_COATED_OSMIUM;XIRECS;10012.0;8
643200;;TAKER;ASH_COATED_OSMIUM;XIRECS;9992.0;13
643700;;TAKER;INTARIAN_PEPPER_ROOT;XIRECS;11930.0;4
643700;;TAKER;ASH_COATED_OSMIUM;XIRECS;9992.0;11
643800;TAKER;;INTARIAN_PEPPER_ROOT;XIRECS;11944.0;12
643900;;TAKER;INTARIAN_PEPPER_ROOT;XIRECS;11928.0;13
644400;TAKER;;INTARIAN_PEPPER_ROOT;XIRECS;11943.0;13
644500;TAKER;;ASH_COATED_OSMIUM;XIRECS;10011.0;7
644600;TAKER;;INTARIAN_PEPPER_ROOT;XIRECS;11943.0;12
644600;;TAKER;ASH_COATED_OSMIUM;XIRECS;9991.0;2
644700;TAKER;;INTARIAN_PEPPER_ROOT;XIRECS;11944.0;7
644800;TAKER;;INTARIAN_PEPPER_ROOT;XIRECS;11940.0;11
644900;TAKER;;ASH_COATED_OSMIUM;XIRECS;10012.0;15
645000;TAKER;;ASH_COATED_OSMIUM;XIRECS;10010.0;3
645100;TAKER;;INTARIAN_PEPPER_ROOT;XIRECS;11942.0;3
645100;;TAKER;ASH_COATED_OSMIUM;XIRECS;9992.0;14
645200;TAKER;;INTARIAN_PEPPER_ROOT;XIRECS;11945.0;9
645500;TAKER;;INTARIAN_PEPPER_ROOT;XIRECS;11943.0;7
645800;TAKER;;INTARIAN_PEPPER_ROOT;XIRECS;11941.0;12
645900;;TAKER;INTARIAN_PEPPER_ROOT;XIRECS;11927.0;5
645900;;TAKER;ASH_COATED_OSMIUM;XIRECS;9989.0;13
646000;;TAKER;ASH_COATED_OSMIUM;XIRECS;9987.0;10
646200;TAKER;;ASH_COATED_OSMIUM;XIRECS;10009.0;2
646500;;TAKER;ASH_COATED_OSMIUM;XIRECS;9992.0;15
646700;TAKER;;ASH_COATED_OSMIUM;XIRECS;10006.0;10
646800;;TAKER;ASH_COATED_OSMIUM;XIRECS;9991.0;8
647100;;TAKER;INTARIAN_PEPPER_ROOT;XIRECS;11927.0;15
647200;TAKER;;INTARIAN_PEPPER_ROOT;XIRECS;11941.0;9
647300;;TAKER;ASH_COATED_OSMIUM;XIRECS;9989.0;15
647400;TAKER;;INTARIAN_PEPPER_ROOT;XIRECS;11943.0;6
647500;;TAKER;INTARIAN_PEPPER_ROOT;XIRECS;11929.0;10
647600;;TAKER;INTARIAN_PEPPER_ROOT;XIRECS;11929.0;8
648100;;TAKER;ASH_COATED_OSMIUM;XIRECS;9988.0;5
648400;TAKER;;ASH_COATED_OSMIUM;XIRECS;10011.0;15
648500;;TAKER;ASH_COATED_OSMIUM;XIRECS;9994.0;4
648600;;TAKER;INTARIAN_PEPPER_ROOT;XIRECS;11929.0;3
649000;;TAKER;INTARIAN_PEPPER_ROOT;XIRECS;11927.0;8
649000;TAKER;;ASH_COATED_OSMIUM;XIRECS;10004.0;13
649200;TAKER;;ASH_COATED_OSMIUM;XIRECS;10011.0;11
649300;;TAKER;INTARIAN_PEPPER_ROOT;XIRECS;11929.0;14
649600;TAKER;;INTARIAN_PEPPER_ROOT;XIRECS;11943.0;15
649700;;TAKER;INTARIAN_PEPPER_ROOT;XIRECS;11928.0;7
649900;;TAKER;ASH_COATED_OSMIUM;XIRECS;9993.0;7
650200;TAKER;;ASH_COATED_OSMIUM;XIRECS;10008.0;12
650600;TAKER;;INTARIAN_PEPPER_ROOT;XIRECS;11942.0;3
650800;;TAKER;ASH_COATED_OSMIUM;XIRECS;9994.0;12
650900;TAKER;;ASH_COATED_OSMIUM;XIRECS;10012.0;3
651000;TAKER;;INTARIAN_PEPPER_ROOT;XIRECS;11940.0;15
651200;;TAKER;ASH_COATED_OSMIUM;XIRECS;9989.0;3
651300;TAKER;;INTARIAN_PEPPER_ROOT;XIRECS;11941.0;13
651300;;TAKER;ASH_COATED_OSMIUM;XIRECS;9989.0;15
651400;TAKER;;ASH_COATED_OSMIUM;XIRECS;10008.0;7
651800;;TAKER;INTARIAN_PEPPER_ROOT;XIRECS;11927.0;14
652000;;TAKER;ASH_COATED_OSMIUM;XIRECS;9993.0;10
652300;TAKER;;INTARIAN_PEPPER_ROOT;XIRECS;11943.0;15
652400;TAKER;;INTARIAN_PEPPER_ROOT;XIRECS;11942.0;11
652500;;TAKER;ASH_COATED_OSMIUM;XIRECS;9991.0;3
652700;TAKER;;ASH_COATED_OSMIUM;XIRECS;10007.0;4
652900;;TAKER;INTARIAN_PEPPER_ROOT;XIRECS;11926.0;2
652900;TAKER;;ASH_COATED_OSMIUM;XIRECS;10006.0;14
653000;TAKER;;ASH_COATED_OSMIUM;XIRECS;10009.0;13
653200;;TAKER;ASH_COATED_OSMIUM;XIRECS;9990.0;12
653300;TAKER;;INTARIAN_PEPPER_ROOT;XIRECS;11941.0;11
653300;;TAKER;ASH_COATED_OSMIUM;XIRECS;9993.0;7
653400;TAKER;;INTARIAN_PEPPER_ROOT;XIRECS;11939.0;9
653600;TAKER;;INTARIAN_PEPPER_ROOT;XIRECS;11941.0;13
653700;;TAKER;INTARIAN_PEPPER_ROOT;XIRECS;11926.0;3
653700;;TAKER;ASH_COATED_OSMIUM;XIRECS;9991.0;12
654000;;TAKER;ASH_COATED_OSMIUM;XIRECS;9986.0;15
654300;;TAKER;INTARIAN_PEPPER_ROOT;XIRECS;11929.0;13
654700;TAKER;;INTARIAN_PEPPER_ROOT;XIRECS;11942.0;2
655000;;TAKER;ASH_COATED_OSMIUM;XIRECS;9990.0;6
655100;;TAKER;INTARIAN_PEPPER_ROOT;XIRECS;11927.0;15
655300;TAKER;;INTARIAN_PEPPER_ROOT;XIRECS;11939.0;10
655900;TAKER;;INTARIAN_PEPPER_ROOT;XIRECS;11942.0;15
656300;TAKER;;ASH_COATED_OSMIUM;XIRECS;10009.0;8
656400;TAKER;;ASH_COATED_OSMIUM;XIRECS;10009.0;14
656700;;TAKER;ASH_COATED_OSMIUM;XIRECS;9989.0;15
656800;;TAKER;ASH_COATED_OSMIUM;XIRECS;9993.0;4
656900;;TAKER;ASH_COATED_OSMIUM;XIRECS;9993.0;2
657000;;TAKER;INTARIAN_PEPPER_ROOT;XIRECS;11928.0;10
657100;TAKER;;INTARIAN_PEPPER_ROOT;XIRECS;11942.0;5
657200;TAKER;;INTARIAN_PEPPER_ROOT;XIRECS;11940.0;5
657300;TAKER;;ASH_COATED_OSMIUM;XIRECS;10008.0;3
657700;TAKER;;ASH_COATED_OSMIUM;XIRECS;10008.0;5
657800;TAKER;;ASH_COATED_OSMIUM;XIRECS;10007.0;12
657900;;TAKER;ASH_COATED_OSMIUM;XIRECS;9987.0;7
658000;;TAKER;INTARIAN_PEPPER_ROOT;XIRECS;11928.0;8
658400;;TAKER;INTARIAN_PEPPER_ROOT;XIRECS;11927.0;15
659200;;TAKER;INTARIAN_PEPPER_ROOT;XIRECS;11925.0;13
659800;TAKER;;INTARIAN_PEPPER_ROOT;XIRECS;11941.0;4
660000;;TAKER;INTARIAN_PEPPER_ROOT;XIRECS;11927.0;4
660200;TAKER;;INTARIAN_PEPPER_ROOT;XIRECS;11939.0;14
660200;TAKER;;ASH_COATED_OSMIUM;XIRECS;10008.0;9
660300;;TAKER;INTARIAN_PEPPER_ROOT;XIRECS;11928.0;13
660300;TAKER;;ASH_COATED_OSMIUM;XIRECS;10006.0;15
660400;;TAKER;INTARIAN_PEPPER_ROOT;XIRECS;11925.0;8
660500;TAKER;;INTARIAN_PEPPER_ROOT;XIRECS;11940.0;5
660500;TAKER;;ASH_COATED_OSMIUM;XIRECS;10005.0;10
660600;TAKER;;INTARIAN_PEPPER_ROOT;XIRECS;11939.0;14
660700;TAKER;;INTARIAN_PEPPER_ROOT;XIRECS;11940.0;7
660900;TAKER;;ASH_COATED_OSMIUM;XIRECS;10004.0;15
661000;TAKER;;ASH_COATED_OSMIUM;XIRECS;10005.0;13
661200;TAKER;;INTARIAN_PEPPER_ROOT;XIRECS;11940.0;3
661200;;TAKER;ASH_COATED_OSMIUM;XIRECS;9994.0;8
661700;;TAKER;INTARIAN_PEPPER_ROOT;XIRECS;11928.0;5
661800;;TAKER;INTARIAN_PEPPER_ROOT;XIRECS;11926.0;15
661800;;TAKER;ASH_COATED_OSMIUM;XIRECS;9987.0;10
661900;TAKER;;ASH_COATED_OSMIUM;XIRECS;10008.0;9
662000;;TAKER;INTARIAN_PEPPER_ROOT;XIRECS;11927.0;14
662200;;TAKER;INTARIAN_PEPPER_ROOT;XIRECS;11926.0;13
662200;TAKER;;ASH_COATED_OSMIUM;XIRECS;10002.0;4
662300;;TAKER;ASH_COATED_OSMIUM;XIRECS;9987.0;7
662500;;TAKER;ASH_COATED_OSMIUM;XIRECS;9989.0;3
662600;;TAKER;INTARIAN_PEPPER_ROOT;XIRECS;11926.0;9
663300;;TAKER;ASH_COATED_OSMIUM;XIRECS;9994.0;13
663700;;TAKER;ASH_COATED_OSMIUM;XIRECS;9990.0;14
664300;;TAKER;INTARIAN_PEPPER_ROOT;XIRECS;11926.0;11
664500;;TAKER;INTARIAN_PEPPER_ROOT;XIRECS;11924.0;14
664500;TAKER;;ASH_COATED_OSMIUM;XIRECS;10008.0;4
664700;;TAKER;ASH_COATED_OSMIUM;XIRECS;9990.0;3
664900;;TAKER;INTARIAN_PEPPER_ROOT;XIRECS;11928.0;11
665000;;TAKER;INTARIAN_PEPPER_ROOT;XIRECS;11926.0;4
665300;;TAKER;INTARIAN_PEPPER_ROOT;XIRECS;11926.0;3
665500;TAKER;;INTARIAN_PEPPER_ROOT;XIRECS;11939.0;13
665800;;TAKER;ASH_COATED_OSMIUM;XIRECS;9992.0;6
665900;TAKER;;ASH_COATED_OSMIUM;XIRECS;10006.0;6
666500;TAKER;;ASH_COATED_OSMIUM;XIRECS;10009.0;9
667000;;TAKER;INTARIAN_PEPPER_ROOT;XIRECS;11926.0;6
667300;;TAKER;ASH_COATED_OSMIUM;XIRECS;9991.0;6
667500;TAKER;;INTARIAN_PEPPER_ROOT;XIRECS;11941.0;14
667800;;TAKER;INTARIAN_PEPPER_ROOT;XIRECS;11925.0;4
668000;TAKER;;INTARIAN_PEPPER_ROOT;XIRECS;11939.0;2
668200;;TAKER;ASH_COATED_OSMIUM;XIRECS;9992.0;11
668300;TAKER;;ASH_COATED_OSMIUM;XIRECS;10008.0;5
668400;;TAKER;ASH_COATED_OSMIUM;XIRECS;9994.0;5
668500;;TAKER;ASH_COATED_OSMIUM;XIRECS;9987.0;15
668900;;TAKER;INTARIAN_PEPPER_ROOT;XIRECS;11924.0;2
669000;;TAKER;INTARIAN_PEPPER_ROOT;XIRECS;11926.0;6
669300;TAKER;;ASH_COATED_OSMIUM;XIRECS;10007.0;10
669800;TAKER;;INTARIAN_PEPPER_ROOT;XIRECS;11939.0;10
669800;;TAKER;ASH_COATED_OSMIUM;XIRECS;9992.0;2
670000;TAKER;;INTARIAN_PEPPER_ROOT;XIRECS;11940.0;5
670100;;TAKER;ASH_COATED_OSMIUM;XIRECS;9991.0;14
670200;;TAKER;ASH_COATED_OSMIUM;XIRECS;9990.0;10
670400;TAKER;;INTARIAN_PEPPER_ROOT;XIRECS;11938.0;4
670800;;TAKER;INTARIAN_PEPPER_ROOT;XIRECS;11923.0;12
671100;;TAKER;INTARIAN_PEPPER_ROOT;XIRECS;11927.0;14
671100;;TAKER;ASH_COATED_OSMIUM;XIRECS;9991.0;12
671300;TAKER;;INTARIAN_PEPPER_ROOT;XIRECS;11940.0;11
671300;;TAKER;ASH_COATED_OSMIUM;XIRECS;9988.0;4
671500;;TAKER;INTARIAN_PEPPER_ROOT;XIRECS;11926.0;3
671500;;TAKER;ASH_COATED_OSMIUM;XIRECS;9989.0;2
671700;TAKER;;INTARIAN_PEPPER_ROOT;XIRECS;11938.0;6
671900;;TAKER;INTARIAN_PEPPER_ROOT;XIRECS;11926.0;6
672000;TAKER;;ASH_COATED_OSMIUM;XIRECS;10008.0;6
672100;TAKER;;INTARIAN_PEPPER_ROOT;XIRECS;11938.0;4
672600;TAKER;;INTARIAN_PEPPER_ROOT;XIRECS;11941.0;7
672700;;TAKER;ASH_COATED_OSMIUM;XIRECS;9988.0;8
672800;;TAKER;ASH_COATED_OSMIUM;XIRECS;9992.0;10
673000;TAKER;;INTARIAN_PEPPER_ROOT;XIRECS;11936.0;9
673100;TAKER;;INTARIAN_PEPPER_ROOT;XIRECS;11940.0;4
673200;TAKER;;INTARIAN_PEPPER_ROOT;XIRECS;11938.0;8
673200;;TAKER;ASH_COATED_OSMIUM;XIRECS;9988.0;2
673400;;TAKER;ASH_COATED_OSMIUM;XIRECS;9991.0;9
673600;TAKER;;ASH_COATED_OSMIUM;XIRECS;10006.0;2
673700;TAKER;;INTARIAN_PEPPER_ROOT;XIRECS;11939.0;15
673800;TAKER;;INTARIAN_PEPPER_ROOT;XIRECS;11938.0;11
673900;;TAKER;INTARIAN_PEPPER_ROOT;XIRECS;11926.0;6
674000;TAKER;;INTARIAN_PEPPER_ROOT;XIRECS;11937.0;11
674100;TAKER;;ASH_COATED_OSMIUM;XIRECS;10007.0;2
674300;;TAKER;INTARIAN_PEPPER_ROOT;XIRECS;11924.0;6
674300;TAKER;;ASH_COATED_OSMIUM;XIRECS;10004.0;4
674400;;TAKER;INTARIAN_PEPPER_ROOT;XIRECS;11926.0;15
674600;;TAKER;ASH_COATED_OSMIUM;XIRECS;9989.0;2
675000;TAKER;;INTARIAN_PEPPER_ROOT;XIRECS;11938.0;3
675000;;TAKER;ASH_COATED_OSMIUM;XIRECS;9990.0;13
675100;;TAKER;INTARIAN_PEPPER_ROOT;XIRECS;11925.0;13
675300;TAKER;;INTARIAN_PEPPER_ROOT;XIRECS;11939.0;3
675400;TAKER;;INTARIAN_PEPPER_ROOT;XIRECS;11937.0;13
675600;TAKER;;ASH_COATED_OSMIUM;XIRECS;10006.0;13
675800;;TAKER;ASH_COATED_OSMIUM;XIRECS;9991.0;8
676100;TAKER;;ASH_COATED_OSMIUM;XIRECS;10009.0;5
676200;;TAKER;INTARIAN_PEPPER_ROOT;XIRECS;11925.0;10
676200;TAKER;;ASH_COATED_OSMIUM;XIRECS;10008.0;3
676300;TAKER;;ASH_COATED_OSMIUM;XIRECS;10009.0;7
676400;;TAKER;ASH_COATED_OSMIUM;XIRECS;9991.0;10
677000;;TAKER;INTARIAN_PEPPER_ROOT;XIRECS;11924.0;14
677300;TAKER;;ASH_COATED_OSMIUM;XIRECS;10012.0;9
677500;TAKER;;INTARIAN_PEPPER_ROOT;XIRECS;11938.0;12
677600;TAKER;;INTARIAN_PEPPER_ROOT;XIRECS;11939.0;10
677700;TAKER;;ASH_COATED_OSMIUM;XIRECS;10009.0;3
678000;TAKER;;INTARIAN_PEPPER_ROOT;XIRECS;11938.0;7
678300;;TAKER;INTARIAN_PEPPER_ROOT;XIRECS;11925.0;5
678400;;TAKER;ASH_COATED_OSMIUM;XIRECS;9994.0;9
678600;;TAKER;ASH_COATED_OSMIUM;XIRECS;9995.0;12
678700;;TAKER;ASH_COATED_OSMIUM;XIRECS;9991.0;6
678800;;TAKER;ASH_COATED_OSMIUM;XIRECS;9990.0;15
678900;TAKER;;INTARIAN_PEPPER_ROOT;XIRECS;11939.0;9
679100;TAKER;;INTARIAN_PEPPER_ROOT;XIRECS;11936.0;11
679100;TAKER;;ASH_COATED_OSMIUM;XIRECS;10008.0;4
679200;TAKER;;INTARIAN_PEPPER_ROOT;XIRECS;11940.0;8
679300;TAKER;;INTARIAN_PEPPER_ROOT;XIRECS;11937.0;4
679600;;TAKER;ASH_COATED_OSMIUM;XIRECS;9992.0;13
679700;TAKER;;ASH_COATED_OSMIUM;XIRECS;10009.0;14
680000;TAKER;;ASH_COATED_OSMIUM;XIRECS;10006.0;10
680300;TAKER;;INTARIAN_PEPPER_ROOT;XIRECS;11938.0;8
680300;TAKER;;ASH_COATED_OSMIUM;XIRECS;10011.0;6
680400;TAKER;;INTARIAN_PEPPER_ROOT;XIRECS;11938.0;15
680500;TAKER;;ASH_COATED_OSMIUM;XIRECS;10005.0;11
680600;TAKER;;ASH_COATED_OSMIUM;XIRECS;10011.0;3
680700;;TAKER;INTARIAN_PEPPER_ROOT;XIRECS;11925.0;6
680700;;TAKER;ASH_COATED_OSMIUM;XIRECS;9993.0;2
680900;;TAKER;ASH_COATED_OSMIUM;XIRECS;9991.0;11
681100;;TAKER;ASH_COATED_OSMIUM;XIRECS;9991.0;4
681300;TAKER;;INTARIAN_PEPPER_ROOT;XIRECS;11938.0;5
681400;;TAKER;ASH_COATED_OSMIUM;XIRECS;9990.0;13
681800;;TAKER;ASH_COATED_OSMIUM;XIRECS;9989.0;11
681900;TAKER;;ASH_COATED_OSMIUM;XIRECS;10008.0;7
682100;;TAKER;ASH_COATED_OSMIUM;XIRECS;9991.0;5
682200;TAKER;;ASH_COATED_OSMIUM;XIRECS;10011.0;10
682300;;TAKER;INTARIAN_PEPPER_ROOT;XIRECS;11925.0;15
682400;;TAKER;INTARIAN_PEPPER_ROOT;XIRECS;11924.0;12
682600;;TAKER;ASH_COATED_OSMIUM;XIRECS;9991.0;11
682800;;TAKER;INTARIAN_PEPPER_ROOT;XIRECS;11924.0;3
682900;TAKER;;ASH_COATED_OSMIUM;XIRECS;10007.0;8
683200;;TAKER;INTARIAN_PEPPER_ROOT;XIRECS;11924.0;14
683300;TAKER;;INTARIAN_PEPPER_ROOT;XIRECS;11936.0;12
683500;TAKER;;ASH_COATED_OSMIUM;XIRECS;10008.0;7
683800;;TAKER;INTARIAN_PEPPER_ROOT;XIRECS;11924.0;13
684000;TAKER;;INTARIAN_PEPPER_ROOT;XIRECS;11937.0;8
684100;;TAKER;INTARIAN_PEPPER_ROOT;XIRECS;11926.0;11
684500;TAKER;;INTARIAN_PEPPER_ROOT;XIRECS;11938.0;4
684700;;TAKER;ASH_COATED_OSMIUM;XIRECS;9993.0;7
684800;;TAKER;INTARIAN_PEPPER_ROOT;XIRECS;11924.0;9
685000;TAKER;;INTARIAN_PEPPER_ROOT;XIRECS;11940.0;12
685100;;TAKER;INTARIAN_PEPPER_ROOT;XIRECS;11924.0;7
685200;TAKER;;INTARIAN_PEPPER_ROOT;XIRECS;11937.0;2
685200;TAKER;;ASH_COATED_OSMIUM;XIRECS;10009.0;13
685600;TAKER;;ASH_COATED_OSMIUM;XIRECS;10009.0;14
685700;;TAKER;ASH_COATED_OSMIUM;XIRECS;9994.0;4
686000;TAKER;;INTARIAN_PEPPER_ROOT;XIRECS;11939.0;14
686400;;TAKER;INTARIAN_PEPPER_ROOT;XIRECS;11925.0;13
686400;;TAKER;ASH_COATED_OSMIUM;XIRECS;9991.0;12
686700;;TAKER;ASH_COATED_OSMIUM;XIRECS;9990.0;5
686800;;TAKER;ASH_COATED_OSMIUM;XIRECS;9992.0;13
687000;;TAKER;ASH_COATED_OSMIUM;XIRECS;9988.0;13
687100;;TAKER;INTARIAN_PEPPER_ROOT;XIRECS;11927.0;5
687100;;TAKER;ASH_COATED_OSMIUM;XIRECS;9993.0;3
687400;TAKER;;ASH_COATED_OSMIUM;XIRECS;10010.0;3
687600;;TAKER;INTARIAN_PEPPER_ROOT;XIRECS;11924.0;2
687900;TAKER;;INTARIAN_PEPPER_ROOT;XIRECS;11937.0;2
688100;TAKER;;ASH_COATED_OSMIUM;XIRECS;10008.0;12
688200;TAKER;;INTARIAN_PEPPER_ROOT;XIRECS;11938.0;6
688700;TAKER;;INTARIAN_PEPPER_ROOT;XIRECS;11936.0;15
688700;TAKER;;ASH_COATED_OSMIUM;XIRECS;10014.0;12
688800;;TAKER;INTARIAN_PEPPER_ROOT;XIRECS;11923.0;8
689100;TAKER;;INTARIAN_PEPPER_ROOT;XIRECS;11938.0;8
689400;TAKER;;ASH_COATED_OSMIUM;XIRECS;10008.0;4
690100;TAKER;;INTARIAN_PEPPER_ROOT;XIRECS;11936.0;4
690700;TAKER;;ASH_COATED_OSMIUM;XIRECS;10006.0;14
691100;;TAKER;ASH_COATED_OSMIUM;XIRECS;9991.0;14
691200;TAKER;;INTARIAN_PEPPER_ROOT;XIRECS;11938.0;3
691400;;TAKER;INTARIAN_PEPPER_ROOT;XIRECS;11922.0;12
691700;TAKER;;INTARIAN_PEPPER_ROOT;XIRECS;11937.0;15
691700;;TAKER;ASH_COATED_OSMIUM;XIRECS;9989.0;2
691800;;TAKER;INTARIAN_PEPPER_ROOT;XIRECS;11924.0;15
692100;;TAKER;INTARIAN_PEPPER_ROOT;XIRECS;11923.0;4
692100;;TAKER;ASH_COATED_OSMIUM;XIRECS;9992.0;8
692700;TAKER;;ASH_COATED_OSMIUM;XIRECS;10010.0;12
692800;;TAKER;INTARIAN_PEPPER_ROOT;XIRECS;11923.0;8
693000;;TAKER;ASH_COATED_OSMIUM;XIRECS;9990.0;9
693100;TAKER;;INTARIAN_PEPPER_ROOT;XIRECS;11936.0;7
693200;;TAKER;INTARIAN_PEPPER_ROOT;XIRECS;11922.0;15
693400;;TAKER;INTARIAN_PEPPER_ROOT;XIRECS;11924.0;10
693500;;TAKER;INTARIAN_PEPPER_ROOT;XIRECS;11924.0;12
693500;TAKER;;ASH_COATED_OSMIUM;XIRECS;10008.0;2
693800;;TAKER;INTARIAN_PEPPER_ROOT;XIRECS;11925.0;8
693900;TAKER;;ASH_COATED_OSMIUM;XIRECS;10011.0;5
694000;;TAKER;ASH_COATED_OSMIUM;XIRECS;9989.0;6
694400;;TAKER;INTARIAN_PEPPER_ROOT;XIRECS;11924.0;3
694500;;TAKER;INTARIAN_PEPPER_ROOT;XIRECS;11923.0;3
694500;TAKER;;ASH_COATED_OSMIUM;XIRECS;10009.0;2
694800;;TAKER;INTARIAN_PEPPER_ROOT;XIRECS;11922.0;12
694900;TAKER;;INTARIAN_PEPPER_ROOT;XIRECS;11936.0;7
695000;TAKER;;INTARIAN_PEPPER_ROOT;XIRECS;11936.0;15
695100;TAKER;;ASH_COATED_OSMIUM;XIRECS;10005.0;6
695500;;TAKER;INTARIAN_PEPPER_ROOT;XIRECS;11926.0;7
695600;;TAKER;INTARIAN_PEPPER_ROOT;XIRECS;11924.0;6
695600;TAKER;;ASH_COATED_OSMIUM;XIRECS;10005.0;9
695900;TAKER;;INTARIAN_PEPPER_ROOT;XIRECS;11936.0;6
695900;;TAKER;ASH_COATED_OSMIUM;XIRECS;9987.0;4
696000;TAKER;;ASH_COATED_OSMIUM;XIRECS;10008.0;7
696200;TAKER;;ASH_COATED_OSMIUM;XIRECS;10011.0;8
696300;TAKER;;ASH_COATED_OSMIUM;XIRECS;10010.0;6
696400;TAKER;;ASH_COATED_OSMIUM;XIRECS;10008.0;9
696600;;TAKER;INTARIAN_PEPPER_ROOT;XIRECS;11923.0;3
696800;TAKER;;INTARIAN_PEPPER_ROOT;XIRECS;11936.0;4
696800;TAKER;;ASH_COATED_OSMIUM;XIRECS;10011.0;5
697200;;TAKER;INTARIAN_PEPPER_ROOT;XIRECS;11926.0;4
697200;;TAKER;ASH_COATED_OSMIUM;XIRECS;9994.0;12
697300;;TAKER;INTARIAN_PEPPER_ROOT;XIRECS;11923.0;3
697400;;TAKER;INTARIAN_PEPPER_ROOT;XIRECS;11922.0;7
697400;TAKER;;ASH_COATED_OSMIUM;XIRECS;10015.0;5
697800;TAKER;;ASH_COATED_OSMIUM;XIRECS;10010.0;15
698200;TAKER;;ASH_COATED_OSMIUM;XIRECS;10010.0;11
698500;;TAKER;ASH_COATED_OSMIUM;XIRECS;9988.0;3
698600;TAKER;;INTARIAN_PEPPER_ROOT;XIRECS;11935.0;10
698700;;TAKER;ASH_COATED_OSMIUM;XIRECS;9989.0;11
699000;;TAKER;ASH_COATED_OSMIUM;XIRECS;9995.0;6
699100;;TAKER;ASH_COATED_OSMIUM;XIRECS;9992.0;4
699200;TAKER;;ASH_COATED_OSMIUM;XIRECS;10010.0;13
699300;TAKER;;INTARIAN_PEPPER_ROOT;XIRECS;11935.0;13
699500;TAKER;;ASH_COATED_OSMIUM;XIRECS;10008.0;2
699600;;TAKER;INTARIAN_PEPPER_ROOT;XIRECS;11922.0;6
699700;;TAKER;INTARIAN_PEPPER_ROOT;XIRECS;11923.0;10
699700;TAKER;;ASH_COATED_OSMIUM;XIRECS;10010.0;3
699800;TAKER;;INTARIAN_PEPPER_ROOT;XIRECS;11934.0;4
699900;TAKER;;INTARIAN_PEPPER_ROOT;XIRECS;11934.0;2
699900;;TAKER;ASH_COATED_OSMIUM;XIRECS;9994.0;10
700000;;TAKER;INTARIAN_PEPPER_ROOT;XIRECS;11921.0;8
700000;TAKER;;ASH_COATED_OSMIUM;XIRECS;10009.0;4
700500;;TAKER;ASH_COATED_OSMIUM;XIRECS;9988.0;9
700600;TAKER;;INTARIAN_PEPPER_ROOT;XIRECS;11936.0;11
700600;;TAKER;ASH_COATED_OSMIUM;XIRECS;9988.0;5
700700;;TAKER;INTARIAN_PEPPER_ROOT;XIRECS;11923.0;9
700900;TAKER;;INTARIAN_PEPPER_ROOT;XIRECS;11935.0;13
701000;TAKER;;INTARIAN_PEPPER_ROOT;XIRECS;11937.0;5
701000;TAKER;;ASH_COATED_OSMIUM;XIRECS;10007.0;9
701100;;TAKER;INTARIAN_PEPPER_ROOT;XIRECS;11922.0;4
701200;TAKER;;INTARIAN_PEPPER_ROOT;XIRECS;11939.0;4
701300;;TAKER;INTARIAN_PEPPER_ROOT;XIRECS;11921.0;13
701800;TAKER;;ASH_COATED_OSMIUM;XIRECS;10006.0;14
702000;;TAKER;ASH_COATED_OSMIUM;XIRECS;9991.0;12
702200;TAKER;;ASH_COATED_OSMIUM;XIRECS;10007.0;11
702300;TAKER;;INTARIAN_PEPPER_ROOT;XIRECS;11937.0;12
702500;;TAKER;INTARIAN_PEPPER_ROOT;XIRECS;11923.0;9
702600;TAKER;;INTARIAN_PEPPER_ROOT;XIRECS;11936.0;9
702700;TAKER;;ASH_COATED_OSMIUM;XIRECS;10009.0;7
702800;TAKER;;INTARIAN_PEPPER_ROOT;XIRECS;11933.0;6
702900;;TAKER;INTARIAN_PEPPER_ROOT;XIRECS;11926.0;15
703200;;TAKER;ASH_COATED_OSMIUM;XIRECS;9989.0;4
703400;;TAKER;ASH_COATED_OSMIUM;XIRECS;9991.0;7
703600;;TAKER;ASH_COATED_OSMIUM;XIRECS;9994.0;2
703900;;TAKER;INTARIAN_PEPPER_ROOT;XIRECS;11922.0;7
704100;TAKER;;ASH_COATED_OSMIUM;XIRECS;10007.0;10
704200;TAKER;;INTARIAN_PEPPER_ROOT;XIRECS;11935.0;11
704200;;TAKER;ASH_COATED_OSMIUM;XIRECS;9989.0;15
704700;;TAKER;INTARIAN_PEPPER_ROOT;XIRECS;11924.0;14
704800;;TAKER;ASH_COATED_OSMIUM;XIRECS;9990.0;3
705100;;TAKER;INTARIAN_PEPPER_ROOT;XIRECS;11923.0;14
705100;TAKER;;ASH_COATED_OSMIUM;XIRECS;10005.0;2
705200;;TAKER;INTARIAN_PEPPER_ROOT;XIRECS;11921.0;12
705600;TAKER;;ASH_COATED_OSMIUM;XIRECS;10008.0;2
705700;TAKER;;INTARIAN_PEPPER_ROOT;XIRECS;11935.0;11
705900;;TAKER;ASH_COATED_OSMIUM;XIRECS;9991.0;7
706000;TAKER;;ASH_COATED_OSMIUM;XIRECS;10007.0;7
706100;;TAKER;INTARIAN_PEPPER_ROOT;XIRECS;11922.0;14
706200;TAKER;;ASH_COATED_OSMIUM;XIRECS;10010.0;11
706300;;TAKER;ASH_COATED_OSMIUM;XIRECS;9992.0;3
706400;TAKER;;INTARIAN_PEPPER_ROOT;XIRECS;11937.0;15
706500;TAKER;;INTARIAN_PEPPER_ROOT;XIRECS;11936.0;2
706800;;TAKER;INTARIAN_PEPPER_ROOT;XIRECS;11922.0;15
707000;TAKER;;INTARIAN_PEPPER_ROOT;XIRECS;11938.0;9
707000;;TAKER;ASH_COATED_OSMIUM;XIRECS;9990.0;5
707100;TAKER;;ASH_COATED_OSMIUM;XIRECS;10010.0;5
707200;;TAKER;INTARIAN_PEPPER_ROOT;XIRECS;11922.0;2
707200;TAKER;;ASH_COATED_OSMIUM;XIRECS;10010.0;14
707500;;TAKER;ASH_COATED_OSMIUM;XIRECS;9988.0;4
707600;;TAKER;INTARIAN_PEPPER_ROOT;XIRECS;11923.0;15
707700;TAKER;;ASH_COATED_OSMIUM;XIRECS;10009.0;15
707900;TAKER;;INTARIAN_PEPPER_ROOT;XIRECS;11936.0;3
708000;TAKER;;ASH_COATED_OSMIUM;XIRECS;10011.0;8
708300;TAKER;;INTARIAN_PEPPER_ROOT;XIRECS;11935.0;9
708300;TAKER;;ASH_COATED_OSMIUM;XIRECS;10010.0;2
708700;;TAKER;ASH_COATED_OSMIUM;XIRECS;9991.0;7
709100;;TAKER;INTARIAN_PEPPER_ROOT;XIRECS;11920.0;3
709300;TAKER;;INTARIAN_PEPPER_ROOT;XIRECS;11936.0;13
709400;;TAKER;ASH_COATED_OSMIUM;XIRECS;9989.0;15
709500;TAKER;;ASH_COATED_OSMIUM;XIRECS;10007.0;3
709900;TAKER;;INTARIAN_PEPPER_ROOT;XIRECS;11934.0;4
710200;TAKER;;INTARIAN_PEPPER_ROOT;XIRECS;11935.0;7
710300;;TAKER;ASH_COATED_OSMIUM;XIRECS;9991.0;9
710500;;TAKER;ASH_COATED_OSMIUM;XIRECS;9989.0;4
710700;;TAKER;INTARIAN_PEPPER_ROOT;XIRECS;11922.0;14
710700;TAKER;;ASH_COATED_OSMIUM;XIRECS;10009.0;5
710800;TAKER;;INTARIAN_PEPPER_ROOT;XIRECS;11935.0;9
710900;;TAKER;INTARIAN_PEPPER_ROOT;XIRECS;11919.0;12
711100;;TAKER;ASH_COATED_OSMIUM;XIRECS;9987.0;7
711300;;TAKER;INTARIAN_PEPPER_ROOT;XIRECS;11920.0;13
711600;;TAKER;INTARIAN_PEPPER_ROOT;XIRECS;11921.0;3
711600;;TAKER;ASH_COATED_OSMIUM;XIRECS;9990.0;4
711700;;TAKER;INTARIAN_PEPPER_ROOT;XIRECS;11921.0;12
711700;;TAKER;ASH_COATED_OSMIUM;XIRECS;9990.0;13
711800;TAKER;;INTARIAN_PEPPER_ROOT;XIRECS;11935.0;10
711900;;TAKER;ASH_COATED_OSMIUM;XIRECS;9995.0;15
712300;;TAKER;INTARIAN_PEPPER_ROOT;XIRECS;11922.0;4
712400;TAKER;;ASH_COATED_OSMIUM;XIRECS;10007.0;9
712500;;TAKER;INTARIAN_PEPPER_ROOT;XIRECS;11922.0;3
712600;;TAKER;ASH_COATED_OSMIUM;XIRECS;9990.0;2
712700;;TAKER;ASH_COATED_OSMIUM;XIRECS;9992.0;5
712800;;TAKER;ASH_COATED_OSMIUM;XIRECS;9993.0;4
712900;;TAKER;INTARIAN_PEPPER_ROOT;XIRECS;11920.0;5
713200;;TAKER;INTARIAN_PEPPER_ROOT;XIRECS;11920.0;12
713400;;TAKER;INTARIAN_PEPPER_ROOT;XIRECS;11920.0;6
713500;TAKER;;INTARIAN_PEPPER_ROOT;XIRECS;11936.0;12
713600;TAKER;;ASH_COATED_OSMIUM;XIRECS;10005.0;14
713800;TAKER;;INTARIAN_PEPPER_ROOT;XIRECS;11935.0;8
713900;;TAKER;INTARIAN_PEPPER_ROOT;XIRECS;11922.0;5
714000;;TAKER;ASH_COATED_OSMIUM;XIRECS;9993.0;12
714400;;TAKER;ASH_COATED_OSMIUM;XIRECS;9993.0;14
714700;;TAKER;INTARIAN_PEPPER_ROOT;XIRECS;11920.0;7
715600;TAKER;;INTARIAN_PEPPER_ROOT;XIRECS;11934.0;2
715600;;TAKER;ASH_COATED_OSMIUM;XIRECS;9987.0;15
715700;;TAKER;ASH_COATED_OSMIUM;XIRECS;9990.0;9
716500;TAKER;;INTARIAN_PEPPER_ROOT;XIRECS;11935.0;10
716600;;TAKER;ASH_COATED_OSMIUM;XIRECS;9992.0;4
716700;;TAKER;INTARIAN_PEPPER_ROOT;XIRECS;11920.0;2
716900;TAKER;;ASH_COATED_OSMIUM;XIRECS;10007.0;11
717000;TAKER;;ASH_COATED_OSMIUM;XIRECS;10009.0;7
717200;;TAKER;INTARIAN_PEPPER_ROOT;XIRECS;11920.0;13
717500;;TAKER;ASH_COATED_OSMIUM;XIRECS;9988.0;5
717600;TAKER;;INTARIAN_PEPPER_ROOT;XIRECS;11934.0;11
717700;TAKER;;INTARIAN_PEPPER_ROOT;XIRECS;11934.0;2
718000;;TAKER;ASH_COATED_OSMIUM;XIRECS;9989.0;3
718100;TAKER;;INTARIAN_PEPPER_ROOT;XIRECS;11934.0;12
718200;;TAKER;INTARIAN_PEPPER_ROOT;XIRECS;11923.0;6
718300;;TAKER;ASH_COATED_OSMIUM;XIRECS;9990.0;14
718600;;TAKER;ASH_COATED_OSMIUM;XIRECS;9986.0;4
718800;;TAKER;ASH_COATED_OSMIUM;XIRECS;9992.0;6
718900;TAKER;;ASH_COATED_OSMIUM;XIRECS;10008.0;8
719200;;TAKER;INTARIAN_PEPPER_ROOT;XIRECS;11919.0;13
719200;TAKER;;ASH_COATED_OSMIUM;XIRECS;10005.0;12
719300;;TAKER;ASH_COATED_OSMIUM;XIRECS;9990.0;10
719400;TAKER;;INTARIAN_PEPPER_ROOT;XIRECS;11933.0;4
719400;;TAKER;ASH_COATED_OSMIUM;XIRECS;9991.0;5
720000;;TAKER;INTARIAN_PEPPER_ROOT;XIRECS;11921.0;12
720400;;TAKER;INTARIAN_PEPPER_ROOT;XIRECS;11920.0;2
721000;;TAKER;INTARIAN_PEPPER_ROOT;XIRECS;11919.0;6
721100;TAKER;;INTARIAN_PEPPER_ROOT;XIRECS;11937.0;11
721100;;TAKER;ASH_COATED_OSMIUM;XIRECS;9992.0;8
721200;TAKER;;INTARIAN_PEPPER_ROOT;XIRECS;11933.0;3
721600;TAKER;;ASH_COATED_OSMIUM;XIRECS;10009.0;6
721700;TAKER;;INTARIAN_PEPPER_ROOT;XIRECS;11931.0;6
722000;TAKER;;ASH_COATED_OSMIUM;XIRECS;10007.0;8
722200;;TAKER;INTARIAN_PEPPER_ROOT;XIRECS;11919.0;3
722200;TAKER;;ASH_COATED_OSMIUM;XIRECS;10006.0;9
722400;;TAKER;ASH_COATED_OSMIUM;XIRECS;9989.0;6
722600;TAKER;;INTARIAN_PEPPER_ROOT;XIRECS;11935.0;7
722600;;TAKER;ASH_COATED_OSMIUM;XIRECS;9997.0;9
722800;;TAKER;INTARIAN_PEPPER_ROOT;XIRECS;11923.0;2
723200;TAKER;;INTARIAN_PEPPER_ROOT;XIRECS;11935.0;3
723300;;TAKER;ASH_COATED_OSMIUM;XIRECS;9991.0;15
723400;TAKER;;INTARIAN_PEPPER_ROOT;XIRECS;11931.0;11
723600;;TAKER;INTARIAN_PEPPER_ROOT;XIRECS;11920.0;12
723600;;TAKER;ASH_COATED_OSMIUM;XIRECS;9992.0;9
723900;;TAKER;ASH_COATED_OSMIUM;XIRECS;9987.0;8
724300;TAKER;;INTARIAN_PEPPER_ROOT;XIRECS;11934.0;15
724400;;TAKER;INTARIAN_PEPPER_ROOT;XIRECS;11922.0;2
724400;;TAKER;ASH_COATED_OSMIUM;XIRECS;9994.0;4
724600;;TAKER;INTARIAN_PEPPER_ROOT;XIRECS;11920.0;8
724700;TAKER;;INTARIAN_PEPPER_ROOT;XIRECS;11935.0;4
724800;;TAKER;INTARIAN_PEPPER_ROOT;XIRECS;11921.0;4
724800;;TAKER;ASH_COATED_OSMIUM;XIRECS;9992.0;13
725200;;TAKER;INTARIAN_PEPPER_ROOT;XIRECS;11918.0;6
726000;TAKER;;INTARIAN_PEPPER_ROOT;XIRECS;11932.0;10
726000;;TAKER;ASH_COATED_OSMIUM;XIRECS;9991.0;12
726200;TAKER;;INTARIAN_PEPPER_ROOT;XIRECS;11933.0;15
726300;;TAKER;ASH_COATED_OSMIUM;XIRECS;9988.0;14
726400;;TAKER;INTARIAN_PEPPER_ROOT;XIRECS;11919.0;9
726500;TAKER;;INTARIAN_PEPPER_ROOT;XIRECS;11933.0;2
726600;TAKER;;ASH_COATED_OSMIUM;XIRECS;10009.0;8
726700;;TAKER;INTARIAN_PEPPER_ROOT;XIRECS;11920.0;5
727000;TAKER;;INTARIAN_PEPPER_ROOT;XIRECS;11934.0;7
727100;TAKER;;ASH_COATED_OSMIUM;XIRECS;10005.0;13
727200;TAKER;;INTARIAN_PEPPER_ROOT;XIRECS;11935.0;5
727200;TAKER;;ASH_COATED_OSMIUM;XIRECS;10008.0;7
727300;;TAKER;INTARIAN_PEPPER_ROOT;XIRECS;11922.0;5
727700;;TAKER;INTARIAN_PEPPER_ROOT;XIRECS;11923.0;14
727900;TAKER;;ASH_COATED_OSMIUM;XIRECS;10007.0;2
728200;;TAKER;ASH_COATED_OSMIUM;XIRECS;9988.0;14
728400;;TAKER;INTARIAN_PEPPER_ROOT;XIRECS;11920.0;5
728600;;TAKER;INTARIAN_PEPPER_ROOT;XIRECS;11921.0;15
728700;;TAKER;INTARIAN_PEPPER_ROOT;XIRECS;11919.0;5
728800;TAKER;;INTARIAN_PEPPER_ROOT;XIRECS;11933.0;15
728900;TAKER;;INTARIAN_PEPPER_ROOT;XIRECS;11935.0;8
728900;;TAKER;ASH_COATED_OSMIUM;XIRECS;9991.0;14
729000;;TAKER;ASH_COATED_OSMIUM;XIRECS;9992.0;4
729100;TAKER;;INTARIAN_PEPPER_ROOT;XIRECS;11934.0;15
729100;;TAKER;ASH_COATED_OSMIUM;XIRECS;9990.0;8
729300;;TAKER;ASH_COATED_OSMIUM;XIRECS;9992.0;2
729400;TAKER;;INTARIAN_PEPPER_ROOT;XIRECS;11931.0;4
729400;TAKER;;ASH_COATED_OSMIUM;XIRECS;10012.0;13
729500;;TAKER;INTARIAN_PEPPER_ROOT;XIRECS;11920.0;14
729600;;TAKER;INTARIAN_PEPPER_ROOT;XIRECS;11920.0;6
729900;;TAKER;INTARIAN_PEPPER_ROOT;XIRECS;11918.0;12
730100;TAKER;;INTARIAN_PEPPER_ROOT;XIRECS;11936.0;14
730200;TAKER;;INTARIAN_PEPPER_ROOT;XIRECS;11935.0;7
730600;;TAKER;ASH_COATED_OSMIUM;XIRECS;9995.0;11
730700;TAKER;;ASH_COATED_OSMIUM;XIRECS;10006.0;5
731100;;TAKER;INTARIAN_PEPPER_ROOT;XIRECS;11919.0;11
731200;TAKER;;INTARIAN_PEPPER_ROOT;XIRECS;11934.0;5
731400;TAKER;;INTARIAN_PEPPER_ROOT;XIRECS;11934.0;14
731400;;TAKER;ASH_COATED_OSMIUM;XIRECS;9989.0;15
731500;TAKER;;INTARIAN_PEPPER_ROOT;XIRECS;11933.0;13
731900;;TAKER;INTARIAN_PEPPER_ROOT;XIRECS;11920.0;12
731900;;TAKER;ASH_COATED_OSMIUM;XIRECS;9991.0;14
732100;TAKER;;ASH_COATED_OSMIUM;XIRECS;10008.0;12
732200;TAKER;;INTARIAN_PEPPER_ROOT;XIRECS;11935.0;2
732600;;TAKER;ASH_COATED_OSMIUM;XIRECS;9992.0;2
732800;TAKER;;ASH_COATED_OSMIUM;XIRECS;10010.0;6
733000;;TAKER;ASH_COATED_OSMIUM;XIRECS;9997.0;10
733200;TAKER;;INTARIAN_PEPPER_ROOT;XIRECS;11933.0;7
733300;;TAKER;ASH_COATED_OSMIUM;XIRECS;9989.0;14
733400;TAKER;;INTARIAN_PEPPER_ROOT;XIRECS;11933.0;4
733600;TAKER;;ASH_COATED_OSMIUM;XIRECS;10006.0;13
733700;;TAKER;ASH_COATED_OSMIUM;XIRECS;9989.0;7
734300;TAKER;;ASH_COATED_OSMIUM;XIRECS;10010.0;3
734400;;TAKER;INTARIAN_PEPPER_ROOT;XIRECS;11917.0;8
734400;TAKER;;ASH_COATED_OSMIUM;XIRECS;10003.0;2
734500;;TAKER;INTARIAN_PEPPER_ROOT;XIRECS;11920.0;2
734600;;TAKER;INTARIAN_PEPPER_ROOT;XIRECS;11920.0;12
734600;;TAKER;ASH_COATED_OSMIUM;XIRECS;9996.0;10
734700;TAKER;;INTARIAN_PEPPER_ROOT;XIRECS;11933.0;7
734700;;TAKER;ASH_COATED_OSMIUM;XIRECS;9991.0;4
734900;TAKER;;ASH_COATED_OSMIUM;XIRECS;10009.0;8
735000;;TAKER;ASH_COATED_OSMIUM;XIRECS;9990.0;4
735700;;TAKER;ASH_COATED_OSMIUM;XIRECS;9989.0;9
735800;TAKER;;ASH_COATED_OSMIUM;XIRECS;10011.0;2
736000;TAKER;;ASH_COATED_OSMIUM;XIRECS;10010.0;14
736200;;TAKER;INTARIAN_PEPPER_ROOT;XIRECS;11919.0;14
736300;TAKER;;INTARIAN_PEPPER_ROOT;XIRECS;11931.0;11
736700;;TAKER;INTARIAN_PEPPER_ROOT;XIRECS;11921.0;11
736900;TAKER;;INTARIAN_PEPPER_ROOT;XIRECS;11932.0;4
736900;;TAKER;ASH_COATED_OSMIUM;XIRECS;9989.0;11
737000;;TAKER;INTARIAN_PEPPER_ROOT;XIRECS;11919.0;5
737200;;TAKER;ASH_COATED_OSMIUM;XIRECS;9990.0;7
737400;;TAKER;INTARIAN_PEPPER_ROOT;XIRECS;11918.0;13
737700;TAKER;;INTARIAN_PEPPER_ROOT;XIRECS;11931.0;14
737800;;TAKER;ASH_COATED_OSMIUM;XIRECS;9991.0;9
737900;;TAKER;INTARIAN_PEPPER_ROOT;XIRECS;11917.0;10
738000;TAKER;;ASH_COATED_OSMIUM;XIRECS;10009.0;9
738300;TAKER;;INTARIAN_PEPPER_ROOT;XIRECS;11933.0;12
738400;;TAKER;ASH_COATED_OSMIUM;XIRECS;9989.0;13
738600;;TAKER;INTARIAN_PEPPER_ROOT;XIRECS;11921.0;12
738800;;TAKER;INTARIAN_PEPPER_ROOT;XIRECS;11919.0;3
738800;;TAKER;ASH_COATED_OSMIUM;XIRECS;9994.0;4
738900;;TAKER;ASH_COATED_OSMIUM;XIRECS;9992.0;4
739100;;TAKER;ASH_COATED_OSMIUM;XIRECS;9990.0;6
739600;;TAKER;ASH_COATED_OSMIUM;XIRECS;9993.0;10
739800;TAKER;;INTARIAN_PEPPER_ROOT;XIRECS;11933.0;9
739800;;TAKER;ASH_COATED_OSMIUM;XIRECS;9991.0;9
740300;;TAKER;ASH_COATED_OSMIUM;XIRECS;9990.0;4
740400;;TAKER;INTARIAN_PEPPER_ROOT;XIRECS;11918.0;3
740500;TAKER;;INTARIAN_PEPPER_ROOT;XIRECS;11930.0;3
740600;;TAKER;INTARIAN_PEPPER_ROOT;XIRECS;11919.0;3
740600;TAKER;;ASH_COATED_OSMIUM;XIRECS;10011.0;10
741100;TAKER;;INTARIAN_PEPPER_ROOT;XIRECS;11932.0;7
741200;TAKER;;INTARIAN_PEPPER_ROOT;XIRECS;11932.0;6
741400;TAKER;;ASH_COATED_OSMIUM;XIRECS;10006.0;15
741500;;TAKER;ASH_COATED_OSMIUM;XIRECS;9988.0;4
741600;;TAKER;ASH_COATED_OSMIUM;XIRECS;9994.0;14
741800;;TAKER;ASH_COATED_OSMIUM;XIRECS;9994.0;3
742200;;TAKER;INTARIAN_PEPPER_ROOT;XIRECS;11916.0;5
742200;;TAKER;ASH_COATED_OSMIUM;XIRECS;9992.0;15
742500;;TAKER;INTARIAN_PEPPER_ROOT;XIRECS;11918.0;3
742500;TAKER;;ASH_COATED_OSMIUM;XIRECS;10010.0;3
742700;;TAKER;INTARIAN_PEPPER_ROOT;XIRECS;11916.0;5
742700;;TAKER;ASH_COATED_OSMIUM;XIRECS;9990.0;3
742800;;TAKER;ASH_COATED_OSMIUM;XIRECS;9992.0;2
742900;;TAKER;ASH_COATED_OSMIUM;XIRECS;9992.0;15
743000;;TAKER;INTARIAN_PEPPER_ROOT;XIRECS;11917.0;11
743100;TAKER;;ASH_COATED_OSMIUM;XIRECS;10010.0;7
743200;TAKER;;INTARIAN_PEPPER_ROOT;XIRECS;11933.0;4
743400;TAKER;;INTARIAN_PEPPER_ROOT;XIRECS;11933.0;7
743500;;TAKER;INTARIAN_PEPPER_ROOT;XIRECS;11917.0;2
743700;TAKER;;ASH_COATED_OSMIUM;XIRECS;10012.0;12
743800;;TAKER;ASH_COATED_OSMIUM;XIRECS;9989.0;7
744000;;TAKER;ASH_COATED_OSMIUM;XIRECS;9990.0;3
744100;TAKER;;INTARIAN_PEPPER_ROOT;XIRECS;11931.0;7
744100;TAKER;;ASH_COATED_OSMIUM;XIRECS;10008.0;4
744400;TAKER;;INTARIAN_PEPPER_ROOT;XIRECS;11933.0;6
744500;;TAKER;INTARIAN_PEPPER_ROOT;XIRECS;11919.0;5
744500;TAKER;;ASH_COATED_OSMIUM;XIRECS;10011.0;6
744800;;TAKER;ASH_COATED_OSMIUM;XIRECS;9993.0;10
745000;TAKER;;ASH_COATED_OSMIUM;XIRECS;10010.0;3
745400;TAKER;;INTARIAN_PEPPER_ROOT;XIRECS;11932.0;10
745500;TAKER;;ASH_COATED_OSMIUM;XIRECS;10009.0;9
745700;TAKER;;INTARIAN_PEPPER_ROOT;XIRECS;11933.0;7
745900;TAKER;;ASH_COATED_OSMIUM;XIRECS;10008.0;12
746200;;TAKER;ASH_COATED_OSMIUM;XIRECS;9991.0;10
746500;TAKER;;ASH_COATED_OSMIUM;XIRECS;10009.0;9
746600;TAKER;;ASH_COATED_OSMIUM;XIRECS;10014.0;5
747300;;TAKER;ASH_COATED_OSMIUM;XIRECS;9984.0;12
747400;TAKER;;INTARIAN_PEPPER_ROOT;XIRECS;11932.0;13
747500;;TAKER;ASH_COATED_OSMIUM;XIRECS;9991.0;11
747600;TAKER;;ASH_COATED_OSMIUM;XIRECS;10006.0;14
747700;;TAKER;INTARIAN_PEPPER_ROOT;XIRECS;11920.0;6
748000;TAKER;;INTARIAN_PEPPER_ROOT;XIRECS;11931.0;11
748100;TAKER;;ASH_COATED_OSMIUM;XIRECS;10010.0;2
748300;TAKER;;INTARIAN_PEPPER_ROOT;XIRECS;11933.0;14
748400;TAKER;;INTARIAN_PEPPER_ROOT;XIRECS;11934.0;2
748500;TAKER;;INTARIAN_PEPPER_ROOT;XIRECS;11932.0;14
748600;TAKER;;INTARIAN_PEPPER_ROOT;XIRECS;11934.0;5
748600;TAKER;;ASH_COATED_OSMIUM;XIRECS;10011.0;2
749100;TAKER;;INTARIAN_PEPPER_ROOT;XIRECS;11930.0;15
749200;;TAKER;INTARIAN_PEPPER_ROOT;XIRECS;11919.0;10
749300;;TAKER;ASH_COATED_OSMIUM;XIRECS;9989.0;4
749400;;TAKER;INTARIAN_PEPPER_ROOT;XIRECS;11916.0;14
749600;;TAKER;INTARIAN_PEPPER_ROOT;XIRECS;11919.0;5
749600;;TAKER;ASH_COATED_OSMIUM;XIRECS;9992.0;2
749800;;TAKER;INTARIAN_PEPPER_ROOT;XIRECS;11918.0;8
749900;TAKER;;INTARIAN_PEPPER_ROOT;XIRECS;11931.0;15
750000;TAKER;;INTARIAN_PEPPER_ROOT;XIRECS;11931.0;15
750100;;TAKER;ASH_COATED_OSMIUM;XIRECS;9988.0;3
750400;TAKER;;ASH_COATED_OSMIUM;XIRECS;10009.0;12
750800;;TAKER;INTARIAN_PEPPER_ROOT;XIRECS;11918.0;8
751100;;TAKER;ASH_COATED_OSMIUM;XIRECS;9989.0;5
751200;;TAKER;INTARIAN_PEPPER_ROOT;XIRECS;11915.0;11
751200;TAKER;;ASH_COATED_OSMIUM;XIRECS;10012.0;7
751300;;TAKER;ASH_COATED_OSMIUM;XIRECS;9988.0;3
751400;TAKER;;INTARIAN_PEPPER_ROOT;XIRECS;11932.0;14
751400;;TAKER;ASH_COATED_OSMIUM;XIRECS;9989.0;7
751500;;TAKER;INTARIAN_PEPPER_ROOT;XIRECS;11915.0;11
751900;;TAKER;INTARIAN_PEPPER_ROOT;XIRECS;11917.0;4
752000;TAKER;;ASH_COATED_OSMIUM;XIRECS;10010.0;12
752100;;TAKER;INTARIAN_PEPPER_ROOT;XIRECS;11917.0;15
752100;;TAKER;ASH_COATED_OSMIUM;XIRECS;9987.0;7
752700;TAKER;;INTARIAN_PEPPER_ROOT;XIRECS;11930.0;12
752900;TAKER;;INTARIAN_PEPPER_ROOT;XIRECS;11932.0;12
753100;;TAKER;INTARIAN_PEPPER_ROOT;XIRECS;11917.0;7
753200;;TAKER;INTARIAN_PEPPER_ROOT;XIRECS;11920.0;12
753300;;TAKER;INTARIAN_PEPPER_ROOT;XIRECS;11917.0;13
753300;;TAKER;ASH_COATED_OSMIUM;XIRECS;9990.0;13
753400;TAKER;;ASH_COATED_OSMIUM;XIRECS;10007.0;12
753600;;TAKER;INTARIAN_PEPPER_ROOT;XIRECS;11917.0;6
753800;;TAKER;INTARIAN_PEPPER_ROOT;XIRECS;11917.0;2
753900;;TAKER;ASH_COATED_OSMIUM;XIRECS;9988.0;6
754000;;TAKER;ASH_COATED_OSMIUM;XIRECS;9989.0;14
754200;TAKER;;ASH_COATED_OSMIUM;XIRECS;10005.0;14
754300;;TAKER;INTARIAN_PEPPER_ROOT;XIRECS;11919.0;10
754400;TAKER;;INTARIAN_PEPPER_ROOT;XIRECS;11933.0;7
754500;;TAKER;ASH_COATED_OSMIUM;XIRECS;9990.0;14
754600;;TAKER;INTARIAN_PEPPER_ROOT;XIRECS;11918.0;14
754800;TAKER;;ASH_COATED_OSMIUM;XIRECS;10008.0;8
754900;TAKER;;INTARIAN_PEPPER_ROOT;XIRECS;11932.0;8
754900;;TAKER;ASH_COATED_OSMIUM;XIRECS;9990.0;5
755000;TAKER;;INTARIAN_PEPPER_ROOT;XIRECS;11931.0;12
755200;;TAKER;INTARIAN_PEPPER_ROOT;XIRECS;11917.0;15
755300;;TAKER;ASH_COATED_OSMIUM;XIRECS;9991.0;12
755500;;TAKER;ASH_COATED_OSMIUM;XIRECS;9990.0;4
755900;;TAKER;ASH_COATED_OSMIUM;XIRECS;9993.0;3
756000;TAKER;;INTARIAN_PEPPER_ROOT;XIRECS;11932.0;2
756400;TAKER;;ASH_COATED_OSMIUM;XIRECS;10012.0;4
756700;;TAKER;ASH_COATED_OSMIUM;XIRECS;9994.0;6
756800;TAKER;;ASH_COATED_OSMIUM;XIRECS;10009.0;12
756900;;TAKER;ASH_COATED_OSMIUM;XIRECS;9991.0;7
757100;TAKER;;ASH_COATED_OSMIUM;XIRECS;10010.0;2
757300;;TAKER;ASH_COATED_OSMIUM;XIRECS;9991.0;8
757700;TAKER;;INTARIAN_PEPPER_ROOT;XIRECS;11931.0;8
757900;TAKER;;INTARIAN_PEPPER_ROOT;XIRECS;11931.0;3
757900;TAKER;;ASH_COATED_OSMIUM;XIRECS;10008.0;3
758000;TAKER;;INTARIAN_PEPPER_ROOT;XIRECS;11930.0;10
758100;;TAKER;INTARIAN_PEPPER_ROOT;XIRECS;11917.0;14
758200;TAKER;;INTARIAN_PEPPER_ROOT;XIRECS;11930.0;14
758300;TAKER;;INTARIAN_PEPPER_ROOT;XIRECS;11929.0;15
758500;;TAKER;INTARIAN_PEPPER_ROOT;XIRECS;11917.0;12
758600;;TAKER;INTARIAN_PEPPER_ROOT;XIRECS;11915.0;10
758600;;TAKER;ASH_COATED_OSMIUM;XIRECS;9987.0;8
758700;;TAKER;ASH_COATED_OSMIUM;XIRECS;9989.0;15
758800;TAKER;;ASH_COATED_OSMIUM;XIRECS;10011.0;12
758900;TAKER;;INTARIAN_PEPPER_ROOT;XIRECS;11932.0;11
759300;TAKER;;INTARIAN_PEPPER_ROOT;XIRECS;11930.0;5
759400;TAKER;;ASH_COATED_OSMIUM;XIRECS;10011.0;10
759600;TAKER;;INTARIAN_PEPPER_ROOT;XIRECS;11931.0;8
759600;;TAKER;ASH_COATED_OSMIUM;XIRECS;9987.0;10
759700;TAKER;;INTARIAN_PEPPER_ROOT;XIRECS;11931.0;15
759800;TAKER;;INTARIAN_PEPPER_ROOT;XIRECS;11929.0;4
759900;TAKER;;INTARIAN_PEPPER_ROOT;XIRECS;11930.0;3
760000;TAKER;;INTARIAN_PEPPER_ROOT;XIRECS;11929.0;5
760200;;TAKER;ASH_COATED_OSMIUM;XIRECS;9989.0;4
760400;;TAKER;ASH_COATED_OSMIUM;XIRECS;9988.0;6
760500;TAKER;;ASH_COATED_OSMIUM;XIRECS;10010.0;4
760700;;TAKER;ASH_COATED_OSMIUM;XIRECS;9992.0;15
761000;TAKER;;ASH_COATED_OSMIUM;XIRECS;10006.0;13
761100;;TAKER;ASH_COATED_OSMIUM;XIRECS;9989.0;2
761300;TAKER;;INTARIAN_PEPPER_ROOT;XIRECS;11930.0;6
761400;;TAKER;INTARIAN_PEPPER_ROOT;XIRECS;11917.0;13
761400;;TAKER;ASH_COATED_OSMIUM;XIRECS;9990.0;15
761500;;TAKER;ASH_COATED_OSMIUM;XIRECS;9992.0;7
761700;TAKER;;INTARIAN_PEPPER_ROOT;XIRECS;11929.0;8
761700;;TAKER;ASH_COATED_OSMIUM;XIRECS;9990.0;8
761900;TAKER;;INTARIAN_PEPPER_ROOT;XIRECS;11929.0;9
762100;;TAKER;INTARIAN_PEPPER_ROOT;XIRECS;11917.0;8
762300;;TAKER;ASH_COATED_OSMIUM;XIRECS;9990.0;8
762500;TAKER;;ASH_COATED_OSMIUM;XIRECS;10008.0;6
762800;;TAKER;INTARIAN_PEPPER_ROOT;XIRECS;11917.0;13
763000;TAKER;;INTARIAN_PEPPER_ROOT;XIRECS;11928.0;10
763300;;TAKER;INTARIAN_PEPPER_ROOT;XIRECS;11916.0;6
763400;TAKER;;INTARIAN_PEPPER_ROOT;XIRECS;11929.0;9
763800;TAKER;;ASH_COATED_OSMIUM;XIRECS;10007.0;7
763900;;TAKER;INTARIAN_PEPPER_ROOT;XIRECS;11917.0;13
764100;;TAKER;INTARIAN_PEPPER_ROOT;XIRECS;11917.0;3
764400;;TAKER;INTARIAN_PEPPER_ROOT;XIRECS;11918.0;11
764400;TAKER;;ASH_COATED_OSMIUM;XIRECS;10006.0;15
764500;TAKER;;INTARIAN_PEPPER_ROOT;XIRECS;11931.0;6
764900;;TAKER;INTARIAN_PEPPER_ROOT;XIRECS;11916.0;10
765000;;TAKER;INTARIAN_PEPPER_ROOT;XIRECS;11918.0;11
765000;;TAKER;ASH_COATED_OSMIUM;XIRECS;9991.0;14
765300;TAKER;;ASH_COATED_OSMIUM;XIRECS;10006.0;4
765600;;TAKER;ASH_COATED_OSMIUM;XIRECS;9992.0;9
765800;;TAKER;ASH_COATED_OSMIUM;XIRECS;9990.0;11
765900;;TAKER;ASH_COATED_OSMIUM;XIRECS;9993.0;15
766100;;TAKER;INTARIAN_PEPPER_ROOT;XIRECS;11916.0;8
766400;TAKER;;INTARIAN_PEPPER_ROOT;XIRECS;11929.0;5
766400;;TAKER;ASH_COATED_OSMIUM;XIRECS;9987.0;8
766600;TAKER;;INTARIAN_PEPPER_ROOT;XIRECS;11931.0;5
766600;TAKER;;ASH_COATED_OSMIUM;XIRECS;10014.0;2
766700;TAKER;;ASH_COATED_OSMIUM;XIRECS;10007.0;10
766800;;TAKER;INTARIAN_PEPPER_ROOT;XIRECS;11915.0;5
766900;TAKER;;INTARIAN_PEPPER_ROOT;XIRECS;11931.0;14
767200;TAKER;;ASH_COATED_OSMIUM;XIRECS;10009.0;2
767300;;TAKER;INTARIAN_PEPPER_ROOT;XIRECS;11913.0;10
767500;TAKER;;ASH_COATED_OSMIUM;XIRECS;10006.0;7
767600;;TAKER;ASH_COATED_OSMIUM;XIRECS;9989.0;10
767700;TAKER;;INTARIAN_PEPPER_ROOT;XIRECS;11930.0;3
767800;;TAKER;ASH_COATED_OSMIUM;XIRECS;9993.0;6
767900;;TAKER;INTARIAN_PEPPER_ROOT;XIRECS;11916.0;5
767900;;TAKER;ASH_COATED_OSMIUM;XIRECS;9989.0;4
768200;;TAKER;INTARIAN_PEPPER_ROOT;XIRECS;11916.0;2
768200;;TAKER;ASH_COATED_OSMIUM;XIRECS;9995.0;3
768400;;TAKER;INTARIAN_PEPPER_ROOT;XIRECS;11916.0;4
768500;TAKER;;ASH_COATED_OSMIUM;XIRECS;10006.0;4
768600;TAKER;;ASH_COATED_OSMIUM;XIRECS;10010.0;8
768700;TAKER;;ASH_COATED_OSMIUM;XIRECS;10007.0;13
769000;;TAKER;INTARIAN_PEPPER_ROOT;XIRECS;11915.0;4
769000;TAKER;;ASH_COATED_OSMIUM;XIRECS;10015.0;2
769300;;TAKER;ASH_COATED_OSMIUM;XIRECS;9989.0;5
769400;;TAKER;INTARIAN_PEPPER_ROOT;XIRECS;11917.0;12
769700;;TAKER;ASH_COATED_OSMIUM;XIRECS;9996.0;9
769800;TAKER;;INTARIAN_PEPPER_ROOT;XIRECS;11932.0;6
769800;;TAKER;ASH_COATED_OSMIUM;XIRECS;9992.0;15
769900;;TAKER;INTARIAN_PEPPER_ROOT;XIRECS;11914.0;8
770400;;TAKER;ASH_COATED_OSMIUM;XIRECS;9990.0;3
770600;;TAKER;ASH_COATED_OSMIUM;XIRECS;9989.0;6
770700;;TAKER;INTARIAN_PEPPER_ROOT;XIRECS;11914.0;6
770700;;TAKER;ASH_COATED_OSMIUM;XIRECS;9993.0;9
770800;TAKER;;ASH_COATED_OSMIUM;XIRECS;10006.0;11
770900;TAKER;;INTARIAN_PEPPER_ROOT;XIRECS;11928.0;12
771000;;TAKER;ASH_COATED_OSMIUM;XIRECS;9986.0;8
771300;;TAKER;ASH_COATED_OSMIUM;XIRECS;9992.0;4
772100;TAKER;;INTARIAN_PEPPER_ROOT;XIRECS;11928.0;13
772100;;TAKER;ASH_COATED_OSMIUM;XIRECS;9987.0;11
772200;;TAKER;INTARIAN_PEPPER_ROOT;XIRECS;11915.0;11
772200;;TAKER;ASH_COATED_OSMIUM;XIRECS;9988.0;8
772700;TAKER;;ASH_COATED_OSMIUM;XIRECS;10011.0;8
772800;TAKER;;ASH_COATED_OSMIUM;XIRECS;10008.0;7
773000;;TAKER;INTARIAN_PEPPER_ROOT;XIRECS;11915.0;8
773300;TAKER;;INTARIAN_PEPPER_ROOT;XIRECS;11927.0;2
773500;;TAKER;ASH_COATED_OSMIUM;XIRECS;9990.0;4
773600;;TAKER;INTARIAN_PEPPER_ROOT;XIRECS;11915.0;10
773700;;TAKER;INTARIAN_PEPPER_ROOT;XIRECS;11915.0;10
774000;;TAKER;ASH_COATED_OSMIUM;XIRECS;9992.0;11
774100;;TAKER;ASH_COATED_OSMIUM;XIRECS;9992.0;11
774200;TAKER;;INTARIAN_PEPPER_ROOT;XIRECS;11929.0;11
774300;;TAKER;ASH_COATED_OSMIUM;XIRECS;9990.0;5
774500;;TAKER;INTARIAN_PEPPER_ROOT;XIRECS;11916.0;9
774600;;TAKER;ASH_COATED_OSMIUM;XIRECS;9991.0;9
775100;TAKER;;INTARIAN_PEPPER_ROOT;XIRECS;11930.0;9
775400;;TAKER;INTARIAN_PEPPER_ROOT;XIRECS;11916.0;3
776000;TAKER;;ASH_COATED_OSMIUM;XIRECS;10006.0;7
776100;TAKER;;INTARIAN_PEPPER_ROOT;XIRECS;11929.0;6
776100;TAKER;;ASH_COATED_OSMIUM;XIRECS;10010.0;10
776200;TAKER;;INTARIAN_PEPPER_ROOT;XIRECS;11929.0;6
776500;TAKER;;INTARIAN_PEPPER_ROOT;XIRECS;11927.0;11
776500;;TAKER;ASH_COATED_OSMIUM;XIRECS;9991.0;9
776600;TAKER;;INTARIAN_PEPPER_ROOT;XIRECS;11928.0;14
776600;;TAKER;ASH_COATED_OSMIUM;XIRECS;9989.0;12
776800;TAKER;;INTARIAN_PEPPER_ROOT;XIRECS;11928.0;2
776800;;TAKER;ASH_COATED_OSMIUM;XIRECS;9993.0;13
777400;TAKER;;INTARIAN_PEPPER_ROOT;XIRECS;11931.0;9
777500;;TAKER;INTARIAN_PEPPER_ROOT;XIRECS;11916.0;11
777600;;TAKER;ASH_COATED_OSMIUM;XIRECS;9993.0;3
777900;TAKER;;INTARIAN_PEPPER_ROOT;XIRECS;11928.0;2
778000;;TAKER;ASH_COATED_OSMIUM;XIRECS;9987.0;12
778400;;TAKER;INTARIAN_PEPPER_ROOT;XIRECS;11916.0;15
778800;;TAKER;ASH_COATED_OSMIUM;XIRECS;9990.0;9
778900;;TAKER;INTARIAN_PEPPER_ROOT;XIRECS;11915.0;2
778900;;TAKER;ASH_COATED_OSMIUM;XIRECS;9994.0;13
779100;;TAKER;ASH_COATED_OSMIUM;XIRECS;9989.0;2
779400;TAKER;;ASH_COATED_OSMIUM;XIRECS;10011.0;13
779500;TAKER;;ASH_COATED_OSMIUM;XIRECS;10009.0;4
779600;TAKER;;ASH_COATED_OSMIUM;XIRECS;10009.0;10
779800;;TAKER;INTARIAN_PEPPER_ROOT;XIRECS;11913.0;5
779800;TAKER;;ASH_COATED_OSMIUM;XIRECS;10008.0;3
780100;;TAKER;ASH_COATED_OSMIUM;XIRECS;9988.0;4
780500;TAKER;;INTARIAN_PEPPER_ROOT;XIRECS;11927.0;8
780700;TAKER;;INTARIAN_PEPPER_ROOT;XIRECS;11929.0;12
780800;;TAKER;ASH_COATED_OSMIUM;XIRECS;9989.0;9
780900;TAKER;;ASH_COATED_OSMIUM;XIRECS;10009.0;13
781200;;TAKER;INTARIAN_PEPPER_ROOT;XIRECS;11913.0;4
781300;;TAKER;INTARIAN_PEPPER_ROOT;XIRECS;11916.0;15
781600;;TAKER;INTARIAN_PEPPER_ROOT;XIRECS;11915.0;12
782100;TAKER;;ASH_COATED_OSMIUM;XIRECS;10008.0;10
782200;TAKER;;ASH_COATED_OSMIUM;XIRECS;10008.0;9
782400;;TAKER;INTARIAN_PEPPER_ROOT;XIRECS;11916.0;11
782700;;TAKER;INTARIAN_PEPPER_ROOT;XIRECS;11915.0;5
782800;TAKER;;INTARIAN_PEPPER_ROOT;XIRECS;11928.0;10
782900;;TAKER;INTARIAN_PEPPER_ROOT;XIRECS;11914.0;6
783400;;TAKER;INTARIAN_PEPPER_ROOT;XIRECS;11913.0;6
783500;TAKER;;INTARIAN_PEPPER_ROOT;XIRECS;11928.0;3
783600;TAKER;;INTARIAN_PEPPER_ROOT;XIRECS;11928.0;2
783600;TAKER;;ASH_COATED_OSMIUM;XIRECS;10006.0;3
783800;TAKER;;INTARIAN_PEPPER_ROOT;XIRECS;11928.0;8
784100;;TAKER;INTARIAN_PEPPER_ROOT;XIRECS;11915.0;12
784600;TAKER;;ASH_COATED_OSMIUM;XIRECS;10010.0;12
785100;;TAKER;ASH_COATED_OSMIUM;XIRECS;9988.0;10
785500;;TAKER;INTARIAN_PEPPER_ROOT;XIRECS;11915.0;7
785600;TAKER;;INTARIAN_PEPPER_ROOT;XIRECS;11928.0;7
785800;TAKER;;INTARIAN_PEPPER_ROOT;XIRECS;11927.0;14
785900;TAKER;;INTARIAN_PEPPER_ROOT;XIRECS;11928.0;2
786100;;TAKER;ASH_COATED_OSMIUM;XIRECS;9991.0;9
786300;;TAKER;INTARIAN_PEPPER_ROOT;XIRECS;11914.0;5
786400;TAKER;;INTARIAN_PEPPER_ROOT;XIRECS;11928.0;10
786500;;TAKER;INTARIAN_PEPPER_ROOT;XIRECS;11912.0;3
786700;TAKER;;ASH_COATED_OSMIUM;XIRECS;10007.0;6
786800;;TAKER;INTARIAN_PEPPER_ROOT;XIRECS;11914.0;10
787200;TAKER;;INTARIAN_PEPPER_ROOT;XIRECS;11927.0;7
787200;TAKER;;ASH_COATED_OSMIUM;XIRECS;10009.0;9
787300;;TAKER;ASH_COATED_OSMIUM;XIRECS;9990.0;5
787500;TAKER;;INTARIAN_PEPPER_ROOT;XIRECS;11928.0;9
787700;TAKER;;ASH_COATED_OSMIUM;XIRECS;10011.0;7
787800;TAKER;;ASH_COATED_OSMIUM;XIRECS;10012.0;6
787900;TAKER;;ASH_COATED_OSMIUM;XIRECS;10010.0;7
788200;TAKER;;ASH_COATED_OSMIUM;XIRECS;10006.0;14
788300;TAKER;;ASH_COATED_OSMIUM;XIRECS;10011.0;3
788500;;TAKER;ASH_COATED_OSMIUM;XIRECS;9990.0;2
788600;;TAKER;INTARIAN_PEPPER_ROOT;XIRECS;11914.0;2
788600;;TAKER;ASH_COATED_OSMIUM;XIRECS;9991.0;6
788900;;TAKER;INTARIAN_PEPPER_ROOT;XIRECS;11913.0;3
789000;TAKER;;ASH_COATED_OSMIUM;XIRECS;10008.0;8
789100;;TAKER;ASH_COATED_OSMIUM;XIRECS;9990.0;14
789200;;TAKER;INTARIAN_PEPPER_ROOT;XIRECS;11914.0;2
789200;;TAKER;ASH_COATED_OSMIUM;XIRECS;9991.0;9
789300;TAKER;;ASH_COATED_OSMIUM;XIRECS;10009.0;5
789400;;TAKER;INTARIAN_PEPPER_ROOT;XIRECS;11912.0;7
789500;TAKER;;INTARIAN_PEPPER_ROOT;XIRECS;11929.0;7
789800;TAKER;;ASH_COATED_OSMIUM;XIRECS;10008.0;3
789900;;TAKER;ASH_COATED_OSMIUM;XIRECS;9989.0;2
790000;TAKER;;INTARIAN_PEPPER_ROOT;XIRECS;11928.0;4
790100;TAKER;;ASH_COATED_OSMIUM;XIRECS;10010.0;5
790200;;TAKER;ASH_COATED_OSMIUM;XIRECS;9988.0;10
790300;;TAKER;ASH_COATED_OSMIUM;XIRECS;9989.0;2
790400;;TAKER;INTARIAN_PEPPER_ROOT;XIRECS;11913.0;2
790500;TAKER;;INTARIAN_PEPPER_ROOT;XIRECS;11929.0;5
790600;;TAKER;INTARIAN_PEPPER_ROOT;XIRECS;11914.0;13
790900;TAKER;;ASH_COATED_OSMIUM;XIRECS;10009.0;7
791200;TAKER;;ASH_COATED_OSMIUM;XIRECS;10009.0;12
791300;TAKER;;INTARIAN_PEPPER_ROOT;XIRECS;11928.0;11
791400;TAKER;;INTARIAN_PEPPER_ROOT;XIRECS;11925.0;10
791400;TAKER;;ASH_COATED_OSMIUM;XIRECS;10009.0;4
791500;TAKER;;INTARIAN_PEPPER_ROOT;XIRECS;11928.0;10
791600;;TAKER;INTARIAN_PEPPER_ROOT;XIRECS;11914.0;11
791700;;TAKER;INTARIAN_PEPPER_ROOT;XIRECS;11912.0;14
791800;;TAKER;INTARIAN_PEPPER_ROOT;XIRECS;11914.0;12
791800;TAKER;;ASH_COATED_OSMIUM;XIRECS;10008.0;5
792100;TAKER;;INTARIAN_PEPPER_ROOT;XIRECS;11926.0;12
792100;TAKER;;ASH_COATED_OSMIUM;XIRECS;10008.0;2
792300;;TAKER;INTARIAN_PEPPER_ROOT;XIRECS;11914.0;12
792300;TAKER;;ASH_COATED_OSMIUM;XIRECS;10010.0;7
792400;TAKER;;INTARIAN_PEPPER_ROOT;XIRECS;11927.0;7
792400;;TAKER;ASH_COATED_OSMIUM;XIRECS;9991.0;11
792700;;TAKER;ASH_COATED_OSMIUM;XIRECS;9992.0;11
792800;;TAKER;INTARIAN_PEPPER_ROOT;XIRECS;11914.0;15
793000;;TAKER;ASH_COATED_OSMIUM;XIRECS;9991.0;8
793200;TAKER;;ASH_COATED_OSMIUM;XIRECS;10010.0;11
793300;TAKER;;INTARIAN_PEPPER_ROOT;XIRECS;11928.0;3
793500;;TAKER;ASH_COATED_OSMIUM;XIRECS;9994.0;6
793600;TAKER;;INTARIAN_PEPPER_ROOT;XIRECS;11928.0;11
793700;TAKER;;INTARIAN_PEPPER_ROOT;XIRECS;11928.0;4
793700;TAKER;;ASH_COATED_OSMIUM;XIRECS;10009.0;3
794000;TAKER;;INTARIAN_PEPPER_ROOT;XIRECS;11928.0;3
794100;TAKER;;INTARIAN_PEPPER_ROOT;XIRECS;11928.0;10
794100;;TAKER;ASH_COATED_OSMIUM;XIRECS;9992.0;14
794300;TAKER;;ASH_COATED_OSMIUM;XIRECS;10010.0;15
794700;TAKER;;INTARIAN_PEPPER_ROOT;XIRECS;11927.0;12
794900;;TAKER;ASH_COATED_OSMIUM;XIRECS;9993.0;7
795000;TAKER;;ASH_COATED_OSMIUM;XIRECS;10008.0;15
795200;TAKER;;ASH_COATED_OSMIUM;XIRECS;10007.0;7
795300;TAKER;;INTARIAN_PEPPER_ROOT;XIRECS;11929.0;9
795400;;TAKER;INTARIAN_PEPPER_ROOT;XIRECS;11913.0;13
795500;TAKER;;INTARIAN_PEPPER_ROOT;XIRECS;11926.0;10
795700;TAKER;;ASH_COATED_OSMIUM;XIRECS;10010.0;3
795900;;TAKER;INTARIAN_PEPPER_ROOT;XIRECS;11913.0;15
795900;TAKER;;ASH_COATED_OSMIUM;XIRECS;10008.0;15
796200;;TAKER;INTARIAN_PEPPER_ROOT;XIRECS;11911.0;12
796300;TAKER;;INTARIAN_PEPPER_ROOT;XIRECS;11927.0;14
796400;;TAKER;ASH_COATED_OSMIUM;XIRECS;9990.0;13
796600;TAKER;;ASH_COATED_OSMIUM;XIRECS;10015.0;4
796800;TAKER;;INTARIAN_PEPPER_ROOT;XIRECS;11926.0;6
796800;TAKER;;ASH_COATED_OSMIUM;XIRECS;10011.0;3
796900;;TAKER;ASH_COATED_OSMIUM;XIRECS;9991.0;3
797200;TAKER;;INTARIAN_PEPPER_ROOT;XIRECS;11927.0;3
797200;TAKER;;ASH_COATED_OSMIUM;XIRECS;10007.0;6
797300;TAKER;;INTARIAN_PEPPER_ROOT;XIRECS;11929.0;3
797400;;TAKER;INTARIAN_PEPPER_ROOT;XIRECS;11913.0;7
797600;;TAKER;ASH_COATED_OSMIUM;XIRECS;9992.0;7
797700;;TAKER;INTARIAN_PEPPER_ROOT;XIRECS;11913.0;10
797700;TAKER;;ASH_COATED_OSMIUM;XIRECS;10006.0;13
797800;;TAKER;ASH_COATED_OSMIUM;XIRECS;9987.0;5
798100;;TAKER;ASH_COATED_OSMIUM;XIRECS;9991.0;13
798300;;TAKER;INTARIAN_PEPPER_ROOT;XIRECS;11913.0;4
798300;;TAKER;ASH_COATED_OSMIUM;XIRECS;9988.0;12
798700;TAKER;;ASH_COATED_OSMIUM;XIRECS;10001.0;10
798800;;TAKER;INTARIAN_PEPPER_ROOT;XIRECS;11912.0;7
798900;TAKER;;INTARIAN_PEPPER_ROOT;XIRECS;11925.0;3
799100;TAKER;;ASH_COATED_OSMIUM;XIRECS;10008.0;14
799200;;TAKER;INTARIAN_PEPPER_ROOT;XIRECS;11912.0;9
799300;TAKER;;INTARIAN_PEPPER_ROOT;XIRECS;11925.0;9
799300;TAKER;;ASH_COATED_OSMIUM;XIRECS;10010.0;3
799800;TAKER;;ASH_COATED_OSMIUM;XIRECS;10012.0;12
799900;;TAKER;ASH_COATED_OSMIUM;XIRECS;9993.0;13
800000;TAKER;;ASH_COATED_OSMIUM;XIRECS;10003.0;7
800300;;TAKER;INTARIAN_PEPPER_ROOT;XIRECS;11913.0;11
800400;;TAKER;INTARIAN_PEPPER_ROOT;XIRECS;11915.0;8
800500;;TAKER;ASH_COATED_OSMIUM;XIRECS;9992.0;3
800600;;TAKER;INTARIAN_PEPPER_ROOT;XIRECS;11910.0;13
800900;TAKER;;INTARIAN_PEPPER_ROOT;XIRECS;11925.0;11
801300;;TAKER;ASH_COATED_OSMIUM;XIRECS;9987.0;10
801500;;TAKER;ASH_COATED_OSMIUM;XIRECS;9989.0;11
801700;TAKER;;INTARIAN_PEPPER_ROOT;XIRECS;11925.0;6
801700;;TAKER;ASH_COATED_OSMIUM;XIRECS;9992.0;5
801800;;TAKER;INTARIAN_PEPPER_ROOT;XIRECS;11913.0;11
801800;;TAKER;ASH_COATED_OSMIUM;XIRECS;9995.0;14
802400;;TAKER;INTARIAN_PEPPER_ROOT;XIRECS;11911.0;10
802500;TAKER;;INTARIAN_PEPPER_ROOT;XIRECS;11924.0;5
802600;;TAKER;INTARIAN_PEPPER_ROOT;XIRECS;11913.0;15
803000;TAKER;;ASH_COATED_OSMIUM;XIRECS;10007.0;6
803200;;TAKER;INTARIAN_PEPPER_ROOT;XIRECS;11911.0;13
803200;;TAKER;ASH_COATED_OSMIUM;XIRECS;9992.0;7
803400;TAKER;;INTARIAN_PEPPER_ROOT;XIRECS;11927.0;12
803600;TAKER;;ASH_COATED_OSMIUM;XIRECS;10006.0;10
803800;TAKER;;INTARIAN_PEPPER_ROOT;XIRECS;11925.0;15
803800;;TAKER;ASH_COATED_OSMIUM;XIRECS;9992.0;2
804200;;TAKER;ASH_COATED_OSMIUM;XIRECS;9988.0;15
804700;TAKER;;ASH_COATED_OSMIUM;XIRECS;10007.0;13
804800;TAKER;;INTARIAN_PEPPER_ROOT;XIRECS;11926.0;5
804900;TAKER;;INTARIAN_PEPPER_ROOT;XIRECS;11927.0;6
805000;TAKER;;INTARIAN_PEPPER_ROOT;XIRECS;11927.0;8
805000;;TAKER;ASH_COATED_OSMIUM;XIRECS;9991.0;12
805100;;TAKER;INTARIAN_PEPPER_ROOT;XIRECS;11911.0;5
805100;TAKER;;ASH_COATED_OSMIUM;XIRECS;10007.0;14
805600;TAKER;;INTARIAN_PEPPER_ROOT;XIRECS;11926.0;6
805600;;TAKER;ASH_COATED_OSMIUM;XIRECS;9993.0;12
805700;TAKER;;INTARIAN_PEPPER_ROOT;XIRECS;11926.0;6
805800;;TAKER;ASH_COATED_OSMIUM;XIRECS;9991.0;3
805900;;TAKER;INTARIAN_PEPPER_ROOT;XIRECS;11914.0;3
806000;TAKER;;ASH_COATED_OSMIUM;XIRECS;10009.0;3
806200;TAKER;;ASH_COATED_OSMIUM;XIRECS;10010.0;9
806300;;TAKER;INTARIAN_PEPPER_ROOT;XIRECS;11913.0;2
806600;;TAKER;INTARIAN_PEPPER_ROOT;XIRECS;11913.0;15
806700;TAKER;;INTARIAN_PEPPER_ROOT;XIRECS;11928.0;5
806900;TAKER;;ASH_COATED_OSMIUM;XIRECS;10009.0;8
807000;;TAKER;INTARIAN_PEPPER_ROOT;XIRECS;11913.0;4
807000;;TAKER;ASH_COATED_OSMIUM;XIRECS;9991.0;10
807100;;TAKER;INTARIAN_PEPPER_ROOT;XIRECS;11913.0;3
807500;TAKER;;INTARIAN_PEPPER_ROOT;XIRECS;11925.0;11
807900;TAKER;;INTARIAN_PEPPER_ROOT;XIRECS;11926.0;13
808000;;TAKER;INTARIAN_PEPPER_ROOT;XIRECS;11913.0;6
808100;TAKER;;INTARIAN_PEPPER_ROOT;XIRECS;11925.0;4
808200;TAKER;;INTARIAN_PEPPER_ROOT;XIRECS;11925.0;3
808500;;TAKER;ASH_COATED_OSMIUM;XIRECS;9992.0;14
808600;TAKER;;INTARIAN_PEPPER_ROOT;XIRECS;11922.0;8
809000;TAKER;;ASH_COATED_OSMIUM;XIRECS;10010.0;6
809300;TAKER;;ASH_COATED_OSMIUM;XIRECS;10008.0;7
809500;;TAKER;INTARIAN_PEPPER_ROOT;XIRECS;11913.0;7
809600;;TAKER;INTARIAN_PEPPER_ROOT;XIRECS;11911.0;10
809700;;TAKER;ASH_COATED_OSMIUM;XIRECS;9990.0;3
810000;TAKER;;ASH_COATED_OSMIUM;XIRECS;10009.0;10
810200;;TAKER;ASH_COATED_OSMIUM;XIRECS;9988.0;15
810300;TAKER;;ASH_COATED_OSMIUM;XIRECS;10010.0;6
810500;TAKER;;ASH_COATED_OSMIUM;XIRECS;10006.0;13
810600;;TAKER;INTARIAN_PEPPER_ROOT;XIRECS;11912.0;11
810600;;TAKER;ASH_COATED_OSMIUM;XIRECS;9990.0;12
810700;;TAKER;INTARIAN_PEPPER_ROOT;XIRECS;11910.0;6
810800;;TAKER;ASH_COATED_OSMIUM;XIRECS;9990.0;3
811000;TAKER;;ASH_COATED_OSMIUM;XIRECS;10012.0;15
811100;;TAKER;ASH_COATED_OSMIUM;XIRECS;9990.0;15
811200;;TAKER;INTARIAN_PEPPER_ROOT;XIRECS;11913.0;5
811300;;TAKER;INTARIAN_PEPPER_ROOT;XIRECS;11912.0;14
811700;TAKER;;ASH_COATED_OSMIUM;XIRECS;10004.0;14
812000;TAKER;;INTARIAN_PEPPER_ROOT;XIRECS;11926.0;8
812200;TAKER;;ASH_COATED_OSMIUM;XIRECS;10007.0;4
812400;;TAKER;ASH_COATED_OSMIUM;XIRECS;9993.0;15
812500;TAKER;;INTARIAN_PEPPER_ROOT;XIRECS;11924.0;12
812600;;TAKER;INTARIAN_PEPPER_ROOT;XIRECS;11911.0;8
812600;;TAKER;ASH_COATED_OSMIUM;XIRECS;9983.0;2
812900;;TAKER;INTARIAN_PEPPER_ROOT;XIRECS;11912.0;12
812900;TAKER;;ASH_COATED_OSMIUM;XIRECS;10009.0;13
813000;;TAKER;ASH_COATED_OSMIUM;XIRECS;9993.0;10
813100;TAKER;;INTARIAN_PEPPER_ROOT;XIRECS;11925.0;9
813200;TAKER;;INTARIAN_PEPPER_ROOT;XIRECS;11926.0;12
813300;TAKER;;INTARIAN_PEPPER_ROOT;XIRECS;11925.0;5
813500;TAKER;;INTARIAN_PEPPER_ROOT;XIRECS;11925.0;4
813600;TAKER;;INTARIAN_PEPPER_ROOT;XIRECS;11924.0;5
813600;;TAKER;ASH_COATED_OSMIUM;XIRECS;9991.0;10
813700;;TAKER;INTARIAN_PEPPER_ROOT;XIRECS;11910.0;15
813700;TAKER;;ASH_COATED_OSMIUM;XIRECS;10004.0;9
813800;;TAKER;INTARIAN_PEPPER_ROOT;XIRECS;11911.0;15
813800;;TAKER;ASH_COATED_OSMIUM;XIRECS;9990.0;14
813900;;TAKER;INTARIAN_PEPPER_ROOT;XIRECS;11911.0;6
813900;;TAKER;ASH_COATED_OSMIUM;XIRECS;9993.0;4
814100;TAKER;;ASH_COATED_OSMIUM;XIRECS;10008.0;8
814200;;TAKER;ASH_COATED_OSMIUM;XIRECS;9992.0;13
814400;TAKER;;INTARIAN_PEPPER_ROOT;XIRECS;11924.0;13
814500;TAKER;;ASH_COATED_OSMIUM;XIRECS;10006.0;7
814700;TAKER;;ASH_COATED_OSMIUM;XIRECS;10010.0;5
815500;TAKER;;ASH_COATED_OSMIUM;XIRECS;10008.0;7
815700;TAKER;;INTARIAN_PEPPER_ROOT;XIRECS;11926.0;13
815700;;TAKER;ASH_COATED_OSMIUM;XIRECS;9988.0;7
815800;TAKER;;INTARIAN_PEPPER_ROOT;XIRECS;11924.0;8
816200;;TAKER;ASH_COATED_OSMIUM;XIRECS;9987.0;2
816300;;TAKER;INTARIAN_PEPPER_ROOT;XIRECS;11913.0;8
816500;;TAKER;INTARIAN_PEPPER_ROOT;XIRECS;11909.0;7
816500;;TAKER;ASH_COATED_OSMIUM;XIRECS;9989.0;10
816600;TAKER;;ASH_COATED_OSMIUM;XIRECS;10006.0;4
816900;TAKER;;INTARIAN_PEPPER_ROOT;XIRECS;11922.0;8
817100;TAKER;;ASH_COATED_OSMIUM;XIRECS;10007.0;8
817200;TAKER;;ASH_COATED_OSMIUM;XIRECS;10008.0;12
817400;TAKER;;INTARIAN_PEPPER_ROOT;XIRECS;11927.0;2
817500;TAKER;;INTARIAN_PEPPER_ROOT;XIRECS;11925.0;12
817600;TAKER;;INTARIAN_PEPPER_ROOT;XIRECS;11925.0;13
817600;;TAKER;ASH_COATED_OSMIUM;XIRECS;9993.0;7
817700;;TAKER;INTARIAN_PEPPER_ROOT;XIRECS;11913.0;9
817800;TAKER;;INTARIAN_PEPPER_ROOT;XIRECS;11924.0;15
818000;;TAKER;INTARIAN_PEPPER_ROOT;XIRECS;11910.0;6
818000;TAKER;;ASH_COATED_OSMIUM;XIRECS;10007.0;2
818100;TAKER;;INTARIAN_PEPPER_ROOT;XIRECS;11925.0;7
818200;;TAKER;INTARIAN_PEPPER_ROOT;XIRECS;11909.0;15
818300;TAKER;;ASH_COATED_OSMIUM;XIRECS;10005.0;8
818400;;TAKER;ASH_COATED_OSMIUM;XIRECS;9988.0;10
818500;;TAKER;INTARIAN_PEPPER_ROOT;XIRECS;11912.0;4
819500;;TAKER;INTARIAN_PEPPER_ROOT;XIRECS;11910.0;11
819600;;TAKER;INTARIAN_PEPPER_ROOT;XIRECS;11909.0;6
819600;TAKER;;ASH_COATED_OSMIUM;XIRECS;10013.0;11
819900;TAKER;;INTARIAN_PEPPER_ROOT;XIRECS;11923.0;7
819900;;TAKER;ASH_COATED_OSMIUM;XIRECS;9989.0;15
820000;;TAKER;ASH_COATED_OSMIUM;XIRECS;9993.0;13
820300;;TAKER;INTARIAN_PEPPER_ROOT;XIRECS;11910.0;7
820400;TAKER;;INTARIAN_PEPPER_ROOT;XIRECS;11924.0;6
820400;;TAKER;ASH_COATED_OSMIUM;XIRECS;9989.0;6
820500;TAKER;;INTARIAN_PEPPER_ROOT;XIRECS;11924.0;10
820600;TAKER;;INTARIAN_PEPPER_ROOT;XIRECS;11924.0;15
820600;TAKER;;ASH_COATED_OSMIUM;XIRECS;10006.0;3
820900;TAKER;;ASH_COATED_OSMIUM;XIRECS;10011.0;14
821100;TAKER;;INTARIAN_PEPPER_ROOT;XIRECS;11923.0;5
821200;TAKER;;INTARIAN_PEPPER_ROOT;XIRECS;11925.0;15
821300;TAKER;;ASH_COATED_OSMIUM;XIRECS;10008.0;10
821600;TAKER;;ASH_COATED_OSMIUM;XIRECS;10008.0;3
821700;;TAKER;INTARIAN_PEPPER_ROOT;XIRECS;11910.0;7
821800;TAKER;;INTARIAN_PEPPER_ROOT;XIRECS;11923.0;9
821900;TAKER;;ASH_COATED_OSMIUM;XIRECS;10010.0;7
822000;;TAKER;INTARIAN_PEPPER_ROOT;XIRECS;11911.0;2
822000;TAKER;;ASH_COATED_OSMIUM;XIRECS;10008.0;11
822600;;TAKER;ASH_COATED_OSMIUM;XIRECS;9995.0;6
822700;;TAKER;INTARIAN_PEPPER_ROOT;XIRECS;11911.0;3
823000;TAKER;;INTARIAN_PEPPER_ROOT;XIRECS;11925.0;10
823000;TAKER;;ASH_COATED_OSMIUM;XIRECS;10009.0;10
823400;;TAKER;ASH_COATED_OSMIUM;XIRECS;9992.0;8
823500;;TAKER;INTARIAN_PEPPER_ROOT;XIRECS;11910.0;14
823600;TAKER;;INTARIAN_PEPPER_ROOT;XIRECS;11924.0;11
823700;;TAKER;INTARIAN_PEPPER_ROOT;XIRECS;11911.0;8
823700;TAKER;;ASH_COATED_OSMIUM;XIRECS;10010.0;9
823800;;TAKER;ASH_COATED_OSMIUM;XIRECS;9994.0;14
823900;;TAKER;ASH_COATED_OSMIUM;XIRECS;9989.0;9
824100;TAKER;;INTARIAN_PEPPER_ROOT;XIRECS;11924.0;14
824200;;TAKER;INTARIAN_PEPPER_ROOT;XIRECS;11910.0;15
824300;;TAKER;INTARIAN_PEPPER_ROOT;XIRECS;11911.0;12
824700;;TAKER;ASH_COATED_OSMIUM;XIRECS;9994.0;8
825000;;TAKER;ASH_COATED_OSMIUM;XIRECS;9992.0;3
825200;TAKER;;ASH_COATED_OSMIUM;XIRECS;10011.0;7
825400;TAKER;;ASH_COATED_OSMIUM;XIRECS;10010.0;9
825800;;TAKER;INTARIAN_PEPPER_ROOT;XIRECS;11908.0;12
825900;TAKER;;INTARIAN_PEPPER_ROOT;XIRECS;11922.0;8
826000;TAKER;;INTARIAN_PEPPER_ROOT;XIRECS;11925.0;5
826100;;TAKER;ASH_COATED_OSMIUM;XIRECS;9990.0;8
826600;TAKER;;ASH_COATED_OSMIUM;XIRECS;10008.0;15
826700;;TAKER;ASH_COATED_OSMIUM;XIRECS;9991.0;12
827300;;TAKER;ASH_COATED_OSMIUM;XIRECS;9992.0;5
827500;TAKER;;INTARIAN_PEPPER_ROOT;XIRECS;11923.0;10
827500;TAKER;;ASH_COATED_OSMIUM;XIRECS;10010.0;14
827600;;TAKER;ASH_COATED_OSMIUM;XIRECS;9988.0;11
827700;TAKER;;ASH_COATED_OSMIUM;XIRECS;10011.0;9
827800;;TAKER;INTARIAN_PEPPER_ROOT;XIRECS;11909.0;6
828100;;TAKER;INTARIAN_PEPPER_ROOT;XIRECS;11910.0;13
828200;;TAKER;INTARIAN_PEPPER_ROOT;XIRECS;11908.0;15
828400;;TAKER;ASH_COATED_OSMIUM;XIRECS;9992.0;2
828500;TAKER;;ASH_COATED_OSMIUM;XIRECS;10006.0;12
828700;;TAKER;ASH_COATED_OSMIUM;XIRECS;9989.0;10
828900;;TAKER;ASH_COATED_OSMIUM;XIRECS;9993.0;12
829300;TAKER;;ASH_COATED_OSMIUM;XIRECS;10011.0;5
829400;TAKER;;ASH_COATED_OSMIUM;XIRECS;10007.0;13
829500;;TAKER;INTARIAN_PEPPER_ROOT;XIRECS;11909.0;12
829800;TAKER;;INTARIAN_PEPPER_ROOT;XIRECS;11923.0;10
829900;;TAKER;ASH_COATED_OSMIUM;XIRECS;9992.0;8
830000;;TAKER;ASH_COATED_OSMIUM;XIRECS;9991.0;7
830100;;TAKER;ASH_COATED_OSMIUM;XIRECS;9987.0;15
830500;TAKER;;INTARIAN_PEPPER_ROOT;XIRECS;11922.0;15
830700;TAKER;;ASH_COATED_OSMIUM;XIRECS;10009.0;4
830800;;TAKER;INTARIAN_PEPPER_ROOT;XIRECS;11910.0;9
830900;TAKER;;INTARIAN_PEPPER_ROOT;XIRECS;11923.0;11
831000;TAKER;;INTARIAN_PEPPER_ROOT;XIRECS;11920.0;3
831100;TAKER;;INTARIAN_PEPPER_ROOT;XIRECS;11924.0;12
831200;TAKER;;ASH_COATED_OSMIUM;XIRECS;10011.0;9
831300;;TAKER;INTARIAN_PEPPER_ROOT;XIRECS;11910.0;11
831300;;TAKER;ASH_COATED_OSMIUM;XIRECS;9992.0;2
831900;;TAKER;INTARIAN_PEPPER_ROOT;XIRECS;11911.0;15
832100;TAKER;;INTARIAN_PEPPER_ROOT;XIRECS;11923.0;5
832100;;TAKER;ASH_COATED_OSMIUM;XIRECS;9988.0;9
832200;;TAKER;ASH_COATED_OSMIUM;XIRECS;9991.0;14
832300;TAKER;;ASH_COATED_OSMIUM;XIRECS;10010.0;14
832900;TAKER;;INTARIAN_PEPPER_ROOT;XIRECS;11923.0;9
833000;;TAKER;ASH_COATED_OSMIUM;XIRECS;9992.0;5
833100;;TAKER;INTARIAN_PEPPER_ROOT;XIRECS;11910.0;6
833100;;TAKER;ASH_COATED_OSMIUM;XIRECS;9992.0;8
833300;TAKER;;ASH_COATED_OSMIUM;XIRECS;10009.0;14
833500;TAKER;;ASH_COATED_OSMIUM;XIRECS;10008.0;7
833700;TAKER;;ASH_COATED_OSMIUM;XIRECS;10010.0;5
834000;;TAKER;ASH_COATED_OSMIUM;XIRECS;9992.0;8
834200;TAKER;;ASH_COATED_OSMIUM;XIRECS;10009.0;2
834400;;TAKER;INTARIAN_PEPPER_ROOT;XIRECS;11909.0;9
834400;;TAKER;ASH_COATED_OSMIUM;XIRECS;9991.0;6
834500;;TAKER;ASH_COATED_OSMIUM;XIRECS;9987.0;5
834700;TAKER;;ASH_COATED_OSMIUM;XIRECS;10005.0;6
834800;;TAKER;ASH_COATED_OSMIUM;XIRECS;9990.0;7
834900;;TAKER;ASH_COATED_OSMIUM;XIRECS;9991.0;4
835100;;TAKER;INTARIAN_PEPPER_ROOT;XIRECS;11909.0;13
835300;TAKER;;ASH_COATED_OSMIUM;XIRECS;10010.0;13
835400;;TAKER;INTARIAN_PEPPER_ROOT;XIRECS;11909.0;14
835400;TAKER;;ASH_COATED_OSMIUM;XIRECS;10006.0;4
835600;;TAKER;ASH_COATED_OSMIUM;XIRECS;9994.0;12
836200;TAKER;;ASH_COATED_OSMIUM;XIRECS;10007.0;10
836300;TAKER;;ASH_COATED_OSMIUM;XIRECS;10009.0;13
836400;;TAKER;ASH_COATED_OSMIUM;XIRECS;9990.0;4
836500;TAKER;;INTARIAN_PEPPER_ROOT;XIRECS;11922.0;14
836500;TAKER;;ASH_COATED_OSMIUM;XIRECS;10013.0;14
836600;TAKER;;INTARIAN_PEPPER_ROOT;XIRECS;11923.0;9
836800;;TAKER;INTARIAN_PEPPER_ROOT;XIRECS;11909.0;5
836900;TAKER;;INTARIAN_PEPPER_ROOT;XIRECS;11923.0;12
837300;;TAKER;ASH_COATED_OSMIUM;XIRECS;9994.0;3
837800;;TAKER;INTARIAN_PEPPER_ROOT;XIRECS;11908.0;14
837800;;TAKER;ASH_COATED_OSMIUM;XIRECS;9994.0;8
837900;;TAKER;INTARIAN_PEPPER_ROOT;XIRECS;11907.0;5
837900;;TAKER;ASH_COATED_OSMIUM;XIRECS;9990.0;13
838100;;TAKER;INTARIAN_PEPPER_ROOT;XIRECS;11907.0;7
838300;;TAKER;INTARIAN_PEPPER_ROOT;XIRECS;11909.0;7
838300;TAKER;;ASH_COATED_OSMIUM;XIRECS;10008.0;4
838400;;TAKER;ASH_COATED_OSMIUM;XIRECS;9989.0;11
838500;TAKER;;ASH_COATED_OSMIUM;XIRECS;10006.0;6
838600;TAKER;;INTARIAN_PEPPER_ROOT;XIRECS;11923.0;2
838700;TAKER;;INTARIAN_PEPPER_ROOT;XIRECS;11921.0;12
838700;;TAKER;ASH_COATED_OSMIUM;XIRECS;9992.0;8
838800;TAKER;;INTARIAN_PEPPER_ROOT;XIRECS;11923.0;10
839400;TAKER;;ASH_COATED_OSMIUM;XIRECS;10007.0;9
839600;TAKER;;ASH_COATED_OSMIUM;XIRECS;10012.0;13
840000;;TAKER;INTARIAN_PEPPER_ROOT;XIRECS;11906.0;4
840300;TAKER;;INTARIAN_PEPPER_ROOT;XIRECS;11923.0;11
840300;;TAKER;ASH_COATED_OSMIUM;XIRECS;9993.0;8
840500;;TAKER;INTARIAN_PEPPER_ROOT;XIRECS;11908.0;11
840500;TAKER;;ASH_COATED_OSMIUM;XIRECS;10009.0;4
840700;TAKER;;INTARIAN_PEPPER_ROOT;XIRECS;11922.0;9
840700;TAKER;;ASH_COATED_OSMIUM;XIRECS;10009.0;13
840900;TAKER;;INTARIAN_PEPPER_ROOT;XIRECS;11920.0;7
841000;TAKER;;ASH_COATED_OSMIUM;XIRECS;10007.0;14
841400;TAKER;;INTARIAN_PEPPER_ROOT;XIRECS;11923.0;7
841500;TAKER;;ASH_COATED_OSMIUM;XIRECS;10009.0;9
841600;;TAKER;ASH_COATED_OSMIUM;XIRECS;9987.0;2
842000;;TAKER;ASH_COATED_OSMIUM;XIRECS;9988.0;11
842100;TAKER;;INTARIAN_PEPPER_ROOT;XIRECS;11921.0;12
842200;;TAKER;ASH_COATED_OSMIUM;XIRECS;9993.0;8
842300;TAKER;;ASH_COATED_OSMIUM;XIRECS;10007.0;12
842700;TAKER;;INTARIAN_PEPPER_ROOT;XIRECS;11924.0;11
842800;;TAKER;INTARIAN_PEPPER_ROOT;XIRECS;11910.0;2
842800;TAKER;;ASH_COATED_OSMIUM;XIRECS;10007.0;13
842900;TAKER;;INTARIAN_PEPPER_ROOT;XIRECS;11922.0;5
843100;;TAKER;INTARIAN_PEPPER_ROOT;XIRECS;11910.0;13
843300;;TAKER;INTARIAN_PEPPER_ROOT;XIRECS;11907.0;11
843400;TAKER;;INTARIAN_PEPPER_ROOT;XIRECS;11923.0;11
843900;;TAKER;ASH_COATED_OSMIUM;XIRECS;9991.0;13
844000;;TAKER;INTARIAN_PEPPER_ROOT;XIRECS;11910.0;5
844200;;TAKER;ASH_COATED_OSMIUM;XIRECS;9991.0;10
844400;TAKER;;ASH_COATED_OSMIUM;XIRECS;10011.0;5
844600;TAKER;;ASH_COATED_OSMIUM;XIRECS;10009.0;13
845100;TAKER;;INTARIAN_PEPPER_ROOT;XIRECS;11922.0;3
845400;TAKER;;INTARIAN_PEPPER_ROOT;XIRECS;11923.0;10
845400;;TAKER;ASH_COATED_OSMIUM;XIRECS;9991.0;11
845600;TAKER;;INTARIAN_PEPPER_ROOT;XIRECS;11922.0;12
845600;TAKER;;ASH_COATED_OSMIUM;XIRECS;10007.0;4
845700;TAKER;;INTARIAN_PEPPER_ROOT;XIRECS;11921.0;2
846000;TAKER;;INTARIAN_PEPPER_ROOT;XIRECS;11921.0;5
846100;;TAKER;INTARIAN_PEPPER_ROOT;XIRECS;11910.0;2
846400;;TAKER;INTARIAN_PEPPER_ROOT;XIRECS;11910.0;5
846400;TAKER;;ASH_COATED_OSMIUM;XIRECS;10004.0;9
846500;TAKER;;INTARIAN_PEPPER_ROOT;XIRECS;11921.0;9
846700;TAKER;;INTARIAN_PEPPER_ROOT;XIRECS;11921.0;2
846800;TAKER;;ASH_COATED_OSMIUM;XIRECS;10008.0;10
846900;TAKER;;INTARIAN_PEPPER_ROOT;XIRECS;11920.0;12
847200;TAKER;;INTARIAN_PEPPER_ROOT;XIRECS;11921.0;6
847300;;TAKER;INTARIAN_PEPPER_ROOT;XIRECS;11908.0;7
847300;TAKER;;ASH_COATED_OSMIUM;XIRECS;10008.0;13
847500;;TAKER;ASH_COATED_OSMIUM;XIRECS;9991.0;15
847600;;TAKER;ASH_COATED_OSMIUM;XIRECS;9987.0;4
847700;;TAKER;INTARIAN_PEPPER_ROOT;XIRECS;11908.0;2
847900;TAKER;;INTARIAN_PEPPER_ROOT;XIRECS;11923.0;10
848000;;TAKER;INTARIAN_PEPPER_ROOT;XIRECS;11907.0;6
848100;;TAKER;INTARIAN_PEPPER_ROOT;XIRECS;11911.0;3
848100;;TAKER;ASH_COATED_OSMIUM;XIRECS;9985.0;2
848400;TAKER;;INTARIAN_PEPPER_ROOT;XIRECS;11921.0;11
848700;TAKER;;ASH_COATED_OSMIUM;XIRECS;10009.0;3
848800;TAKER;;ASH_COATED_OSMIUM;XIRECS;10012.0;3
848900;;TAKER;INTARIAN_PEPPER_ROOT;XIRECS;11907.0;10
848900;TAKER;;ASH_COATED_OSMIUM;XIRECS;10009.0;4
849100;TAKER;;INTARIAN_PEPPER_ROOT;XIRECS;11921.0;6
849100;;TAKER;ASH_COATED_OSMIUM;XIRECS;9989.0;9
849500;;TAKER;INTARIAN_PEPPER_ROOT;XIRECS;11906.0;4
849600;TAKER;;ASH_COATED_OSMIUM;XIRECS;10007.0;2
849700;;TAKER;INTARIAN_PEPPER_ROOT;XIRECS;11908.0;13
849800;TAKER;;INTARIAN_PEPPER_ROOT;XIRECS;11923.0;2
850100;TAKER;;ASH_COATED_OSMIUM;XIRECS;10008.0;10
850200;TAKER;;INTARIAN_PEPPER_ROOT;XIRECS;11922.0;8
850300;;TAKER;ASH_COATED_OSMIUM;XIRECS;9992.0;12
850600;;TAKER;INTARIAN_PEPPER_ROOT;XIRECS;11907.0;6
850600;TAKER;;ASH_COATED_OSMIUM;XIRECS;10008.0;10
850700;;TAKER;INTARIAN_PEPPER_ROOT;XIRECS;11907.0;3
850800;;TAKER;ASH_COATED_OSMIUM;XIRECS;9994.0;14
850900;;TAKER;INTARIAN_PEPPER_ROOT;XIRECS;11907.0;4
851100;;TAKER;ASH_COATED_OSMIUM;XIRECS;9989.0;10
851400;;TAKER;INTARIAN_PEPPER_ROOT;XIRECS;11907.0;6
851500;TAKER;;INTARIAN_PEPPER_ROOT;XIRECS;11922.0;12
851500;TAKER;;ASH_COATED_OSMIUM;XIRECS;10015.0;3
851700;;TAKER;INTARIAN_PEPPER_ROOT;XIRECS;11908.0;2
851800;TAKER;;INTARIAN_PEPPER_ROOT;XIRECS;11922.0;5
852000;TAKER;;INTARIAN_PEPPER_ROOT;XIRECS;11921.0;13
852100;TAKER;;ASH_COATED_OSMIUM;XIRECS;10009.0;13
852200;TAKER;;INTARIAN_PEPPER_ROOT;XIRECS;11923.0;6
852300;;TAKER;INTARIAN_PEPPER_ROOT;XIRECS;11908.0;3
852400;;TAKER;INTARIAN_PEPPER_ROOT;XIRECS;11908.0;11
852600;TAKER;;ASH_COATED_OSMIUM;XIRECS;10010.0;10
852700;TAKER;;ASH_COATED_OSMIUM;XIRECS;10009.0;14
852800;;TAKER;ASH_COATED_OSMIUM;XIRECS;9988.0;7
853100;;TAKER;INTARIAN_PEPPER_ROOT;XIRECS;11908.0;6
853200;TAKER;;ASH_COATED_OSMIUM;XIRECS;10008.0;14
853300;TAKER;;ASH_COATED_OSMIUM;XIRECS;10010.0;10
853400;TAKER;;ASH_COATED_OSMIUM;XIRECS;10008.0;10
853600;;TAKER;INTARIAN_PEPPER_ROOT;XIRECS;11910.0;7
853600;TAKER;;ASH_COATED_OSMIUM;XIRECS;10007.0;8
853700;;TAKER;INTARIAN_PEPPER_ROOT;XIRECS;11907.0;2
853700;;TAKER;ASH_COATED_OSMIUM;XIRECS;9990.0;12
853800;TAKER;;ASH_COATED_OSMIUM;XIRECS;10011.0;6
853900;TAKER;;ASH_COATED_OSMIUM;XIRECS;10007.0;11
854000;TAKER;;ASH_COATED_OSMIUM;XIRECS;10009.0;3
854400;TAKER;;INTARIAN_PEPPER_ROOT;XIRECS;11923.0;11
854400;;TAKER;ASH_COATED_OSMIUM;XIRECS;9988.0;14
854500;TAKER;;INTARIAN_PEPPER_ROOT;XIRECS;11921.0;10
854600;;TAKER;INTARIAN_PEPPER_ROOT;XIRECS;11907.0;15
854800;TAKER;;INTARIAN_PEPPER_ROOT;XIRECS;11920.0;15
855000;;TAKER;INTARIAN_PEPPER_ROOT;XIRECS;11906.0;6
855100;TAKER;;INTARIAN_PEPPER_ROOT;XIRECS;11920.0;5
855300;;TAKER;ASH_COATED_OSMIUM;XIRECS;9991.0;6
855700;TAKER;;INTARIAN_PEPPER_ROOT;XIRECS;11920.0;14
856000;;TAKER;INTARIAN_PEPPER_ROOT;XIRECS;11906.0;9
856000;;TAKER;ASH_COATED_OSMIUM;XIRECS;9989.0;4
856200;;TAKER;ASH_COATED_OSMIUM;XIRECS;9990.0;12
856300;TAKER;;INTARIAN_PEPPER_ROOT;XIRECS;11920.0;9
857000;TAKER;;INTARIAN_PEPPER_ROOT;XIRECS;11919.0;7
857200;TAKER;;ASH_COATED_OSMIUM;XIRECS;10010.0;8
857300;;TAKER;INTARIAN_PEPPER_ROOT;XIRECS;11905.0;2
857300;;TAKER;ASH_COATED_OSMIUM;XIRECS;9992.0;15
857400;TAKER;;INTARIAN_PEPPER_ROOT;XIRECS;11922.0;10
857600;;TAKER;INTARIAN_PEPPER_ROOT;XIRECS;11906.0;9
858100;TAKER;;INTARIAN_PEPPER_ROOT;XIRECS;11921.0;10
858200;;TAKER;INTARIAN_PEPPER_ROOT;XIRECS;11906.0;9
858200;;TAKER;ASH_COATED_OSMIUM;XIRECS;9992.0;12
858500;;TAKER;ASH_COATED_OSMIUM;XIRECS;9988.0;11
858600;TAKER;;INTARIAN_PEPPER_ROOT;XIRECS;11921.0;2
858600;TAKER;;ASH_COATED_OSMIUM;XIRECS;10008.0;9
858700;TAKER;;INTARIAN_PEPPER_ROOT;XIRECS;11921.0;7
858700;;TAKER;ASH_COATED_OSMIUM;XIRECS;9997.0;10
859100;TAKER;;INTARIAN_PEPPER_ROOT;XIRECS;11920.0;2
859300;;TAKER;INTARIAN_PEPPER_ROOT;XIRECS;11905.0;11
859300;TAKER;;ASH_COATED_OSMIUM;XIRECS;10008.0;13
859400;;TAKER;INTARIAN_PEPPER_ROOT;XIRECS;11906.0;8
859500;TAKER;;INTARIAN_PEPPER_ROOT;XIRECS;11921.0;15
859600;;TAKER;INTARIAN_PEPPER_ROOT;XIRECS;11908.0;11
860000;;TAKER;INTARIAN_PEPPER_ROOT;XIRECS;11908.0;5
860300;;TAKER;ASH_COATED_OSMIUM;XIRECS;9989.0;2
860600;TAKER;;ASH_COATED_OSMIUM;XIRECS;10013.0;7
860700;;TAKER;INTARIAN_PEPPER_ROOT;XIRECS;11906.0;2
860900;;TAKER;ASH_COATED_OSMIUM;XIRECS;9991.0;15
861400;TAKER;;ASH_COATED_OSMIUM;XIRECS;10010.0;2
861600;TAKER;;INTARIAN_PEPPER_ROOT;XIRECS;11920.0;2
861800;TAKER;;INTARIAN_PEPPER_ROOT;XIRECS;11921.0;4
861900;TAKER;;ASH_COATED_OSMIUM;XIRECS;10011.0;4
862500;;TAKER;ASH_COATED_OSMIUM;XIRECS;9990.0;6
862900;TAKER;;INTARIAN_PEPPER_ROOT;XIRECS;11920.0;7
863100;;TAKER;ASH_COATED_OSMIUM;XIRECS;9989.0;2
863400;TAKER;;ASH_COATED_OSMIUM;XIRECS;10009.0;9
863500;;TAKER;ASH_COATED_OSMIUM;XIRECS;9988.0;10
863600;TAKER;;ASH_COATED_OSMIUM;XIRECS;10010.0;9
863700;TAKER;;INTARIAN_PEPPER_ROOT;XIRECS;11921.0;7
863800;TAKER;;INTARIAN_PEPPER_ROOT;XIRECS;11918.0;6
864300;;TAKER;INTARIAN_PEPPER_ROOT;XIRECS;11907.0;9
864400;;TAKER;INTARIAN_PEPPER_ROOT;XIRECS;11907.0;2
864800;TAKER;;ASH_COATED_OSMIUM;XIRECS;10007.0;10
865000;TAKER;;ASH_COATED_OSMIUM;XIRECS;10009.0;8
865700;;TAKER;ASH_COATED_OSMIUM;XIRECS;9992.0;9
865800;;TAKER;ASH_COATED_OSMIUM;XIRECS;9990.0;10
865900;TAKER;;ASH_COATED_OSMIUM;XIRECS;10010.0;6
866200;;TAKER;ASH_COATED_OSMIUM;XIRECS;9995.0;3
866300;TAKER;;ASH_COATED_OSMIUM;XIRECS;10007.0;6
866500;TAKER;;INTARIAN_PEPPER_ROOT;XIRECS;11920.0;3
866600;TAKER;;ASH_COATED_OSMIUM;XIRECS;10010.0;2
866700;TAKER;;INTARIAN_PEPPER_ROOT;XIRECS;11921.0;13
866800;TAKER;;INTARIAN_PEPPER_ROOT;XIRECS;11920.0;8
866900;TAKER;;ASH_COATED_OSMIUM;XIRECS;10009.0;10
867100;TAKER;;ASH_COATED_OSMIUM;XIRECS;10006.0;4
867400;TAKER;;ASH_COATED_OSMIUM;XIRECS;10011.0;3
867600;;TAKER;INTARIAN_PEPPER_ROOT;XIRECS;11908.0;2
867700;TAKER;;ASH_COATED_OSMIUM;XIRECS;10010.0;13
867800;TAKER;;INTARIAN_PEPPER_ROOT;XIRECS;11920.0;5
868100;;TAKER;INTARIAN_PEPPER_ROOT;XIRECS;11907.0;12
868200;TAKER;;INTARIAN_PEPPER_ROOT;XIRECS;11919.0;9
868400;TAKER;;INTARIAN_PEPPER_ROOT;XIRECS;11918.0;14
868900;;TAKER;INTARIAN_PEPPER_ROOT;XIRECS;11905.0;4
869000;TAKER;;INTARIAN_PEPPER_ROOT;XIRECS;11919.0;12
869200;;TAKER;INTARIAN_PEPPER_ROOT;XIRECS;11907.0;14
869400;;TAKER;INTARIAN_PEPPER_ROOT;XIRECS;11905.0;9
869400;TAKER;;ASH_COATED_OSMIUM;XIRECS;10009.0;14
869600;TAKER;;INTARIAN_PEPPER_ROOT;XIRECS;11917.0;5
869600;TAKER;;ASH_COATED_OSMIUM;XIRECS;10009.0;8
869700;;TAKER;INTARIAN_PEPPER_ROOT;XIRECS;11907.0;4
869700;;TAKER;ASH_COATED_OSMIUM;XIRECS;9991.0;2
869900;TAKER;;ASH_COATED_OSMIUM;XIRECS;10008.0;10
870000;TAKER;;ASH_COATED_OSMIUM;XIRECS;10004.0;4
870100;;TAKER;ASH_COATED_OSMIUM;XIRECS;9993.0;10
870200;TAKER;;ASH_COATED_OSMIUM;XIRECS;10011.0;10
870300;;TAKER;ASH_COATED_OSMIUM;XIRECS;9992.0;7
870500;;TAKER;ASH_COATED_OSMIUM;XIRECS;9990.0;15
870600;TAKER;;ASH_COATED_OSMIUM;XIRECS;10012.0;15
870800;;TAKER;INTARIAN_PEPPER_ROOT;XIRECS;11905.0;11
870900;;TAKER;INTARIAN_PEPPER_ROOT;XIRECS;11908.0;9
871000;;TAKER;INTARIAN_PEPPER_ROOT;XIRECS;11905.0;4
871100;;TAKER;ASH_COATED_OSMIUM;XIRECS;9994.0;10
871200;;TAKER;ASH_COATED_OSMIUM;XIRECS;9993.0;6
871300;;TAKER;INTARIAN_PEPPER_ROOT;XIRECS;11905.0;3
872200;TAKER;;ASH_COATED_OSMIUM;XIRECS;10011.0;2
872300;TAKER;;ASH_COATED_OSMIUM;XIRECS;10008.0;14
872400;;TAKER;INTARIAN_PEPPER_ROOT;XIRECS;11908.0;6
872400;;TAKER;ASH_COATED_OSMIUM;XIRECS;9988.0;13
872500;TAKER;;INTARIAN_PEPPER_ROOT;XIRECS;11919.0;10
872500;;TAKER;ASH_COATED_OSMIUM;XIRECS;9992.0;13
873100;;TAKER;INTARIAN_PEPPER_ROOT;XIRECS;11904.0;10
873100;;TAKER;ASH_COATED_OSMIUM;XIRECS;9992.0;9
873300;;TAKER;INTARIAN_PEPPER_ROOT;XIRECS;11905.0;7
873800;;TAKER;ASH_COATED_OSMIUM;XIRECS;9989.0;2
873900;TAKER;;INTARIAN_PEPPER_ROOT;XIRECS;11921.0;10
873900;TAKER;;ASH_COATED_OSMIUM;XIRECS;10008.0;15
874400;TAKER;;ASH_COATED_OSMIUM;XIRECS;10012.0;15
874600;;TAKER;INTARIAN_PEPPER_ROOT;XIRECS;11904.0;14
874800;;TAKER;INTARIAN_PEPPER_ROOT;XIRECS;11906.0;14
874900;TAKER;;ASH_COATED_OSMIUM;XIRECS;10007.0;10
875000;TAKER;;ASH_COATED_OSMIUM;XIRECS;10011.0;13
875200;TAKER;;INTARIAN_PEPPER_ROOT;XIRECS;11920.0;8
875300;TAKER;;INTARIAN_PEPPER_ROOT;XIRECS;11917.0;12
875500;TAKER;;ASH_COATED_OSMIUM;XIRECS;10011.0;7
875600;;TAKER;INTARIAN_PEPPER_ROOT;XIRECS;11905.0;6
875800;TAKER;;ASH_COATED_OSMIUM;XIRECS;10009.0;11
876200;TAKER;;INTARIAN_PEPPER_ROOT;XIRECS;11919.0;11
876300;;TAKER;ASH_COATED_OSMIUM;XIRECS;9989.0;7
876400;;TAKER;ASH_COATED_OSMIUM;XIRECS;9994.0;14
876600;TAKER;;INTARIAN_PEPPER_ROOT;XIRECS;11916.0;6
877000;TAKER;;ASH_COATED_OSMIUM;XIRECS;10010.0;14
877800;TAKER;;ASH_COATED_OSMIUM;XIRECS;10008.0;7
877900;;TAKER;ASH_COATED_OSMIUM;XIRECS;9990.0;15
878100;;TAKER;ASH_COATED_OSMIUM;XIRECS;9993.0;14
878200;TAKER;;INTARIAN_PEPPER_ROOT;XIRECS;11917.0;8
878300;;TAKER;ASH_COATED_OSMIUM;XIRECS;9989.0;2
878500;;TAKER;ASH_COATED_OSMIUM;XIRECS;9995.0;6
878800;;TAKER;INTARIAN_PEPPER_ROOT;XIRECS;11907.0;11
878800;;TAKER;ASH_COATED_OSMIUM;XIRECS;9993.0;5
879000;TAKER;;INTARIAN_PEPPER_ROOT;XIRECS;11917.0;11
879000;;TAKER;ASH_COATED_OSMIUM;XIRECS;9990.0;13
879100;TAKER;;INTARIAN_PEPPER_ROOT;XIRECS;11918.0;12
879600;;TAKER;ASH_COATED_OSMIUM;XIRECS;9991.0;7
879800;TAKER;;ASH_COATED_OSMIUM;XIRECS;10008.0;8
879900;TAKER;;INTARIAN_PEPPER_ROOT;XIRECS;11919.0;9
880000;;TAKER;ASH_COATED_OSMIUM;XIRECS;9992.0;3
880500;;TAKER;INTARIAN_PEPPER_ROOT;XIRECS;11907.0;9
880600;;TAKER;INTARIAN_PEPPER_ROOT;XIRECS;11906.0;3
880700;;TAKER;INTARIAN_PEPPER_ROOT;XIRECS;11903.0;4
880900;;TAKER;ASH_COATED_OSMIUM;XIRECS;9988.0;5
881000;TAKER;;INTARIAN_PEPPER_ROOT;XIRECS;11920.0;3
881200;;TAKER;ASH_COATED_OSMIUM;XIRECS;9991.0;2
881400;;TAKER;ASH_COATED_OSMIUM;XIRECS;9987.0;12
881700;;TAKER;INTARIAN_PEPPER_ROOT;XIRECS;11905.0;10
881800;TAKER;;INTARIAN_PEPPER_ROOT;XIRECS;11917.0;4
882000;;TAKER;ASH_COATED_OSMIUM;XIRECS;9987.0;9
882200;TAKER;;INTARIAN_PEPPER_ROOT;XIRECS;11918.0;4
882300;TAKER;;INTARIAN_PEPPER_ROOT;XIRECS;11919.0;5
882600;;TAKER;INTARIAN_PEPPER_ROOT;XIRECS;11903.0;12
882600;;TAKER;ASH_COATED_OSMIUM;XIRECS;9989.0;9
882700;TAKER;;ASH_COATED_OSMIUM;XIRECS;10009.0;4
882800;TAKER;;INTARIAN_PEPPER_ROOT;XIRECS;11919.0;12
882900;TAKER;;ASH_COATED_OSMIUM;XIRECS;10009.0;7
883100;;TAKER;INTARIAN_PEPPER_ROOT;XIRECS;11903.0;7
883200;TAKER;;INTARIAN_PEPPER_ROOT;XIRECS;11918.0;4
883400;;TAKER;INTARIAN_PEPPER_ROOT;XIRECS;11907.0;11
883500;;TAKER;INTARIAN_PEPPER_ROOT;XIRECS;11905.0;4
883800;;TAKER;INTARIAN_PEPPER_ROOT;XIRECS;11903.0;6
884100;;TAKER;INTARIAN_PEPPER_ROOT;XIRECS;11903.0;2
884200;;TAKER;INTARIAN_PEPPER_ROOT;XIRECS;11905.0;3
884200;TAKER;;ASH_COATED_OSMIUM;XIRECS;10009.0;5
884400;TAKER;;INTARIAN_PEPPER_ROOT;XIRECS;11918.0;14
884400;;TAKER;ASH_COATED_OSMIUM;XIRECS;9991.0;10
884600;TAKER;;INTARIAN_PEPPER_ROOT;XIRECS;11919.0;4
884800;TAKER;;ASH_COATED_OSMIUM;XIRECS;10006.0;4
884900;;TAKER;ASH_COATED_OSMIUM;XIRECS;9991.0;9
885000;;TAKER;ASH_COATED_OSMIUM;XIRECS;9991.0;11
885100;TAKER;;ASH_COATED_OSMIUM;XIRECS;10002.0;7
885200;;TAKER;ASH_COATED_OSMIUM;XIRECS;9992.0;5
885300;;TAKER;INTARIAN_PEPPER_ROOT;XIRECS;11906.0;13
885500;TAKER;;ASH_COATED_OSMIUM;XIRECS;10011.0;11
885700;TAKER;;INTARIAN_PEPPER_ROOT;XIRECS;11919.0;5
885800;;TAKER;ASH_COATED_OSMIUM;XIRECS;9990.0;4
885900;;TAKER;ASH_COATED_OSMIUM;XIRECS;9989.0;5
886200;TAKER;;ASH_COATED_OSMIUM;XIRECS;10012.0;11
886300;;TAKER;ASH_COATED_OSMIUM;XIRECS;9990.0;14
886400;TAKER;;INTARIAN_PEPPER_ROOT;XIRECS;11918.0;15
886900;TAKER;;INTARIAN_PEPPER_ROOT;XIRECS;11915.0;7
887000;;TAKER;INTARIAN_PEPPER_ROOT;XIRECS;11902.0;3
887000;TAKER;;ASH_COATED_OSMIUM;XIRECS;10013.0;13
887700;TAKER;;ASH_COATED_OSMIUM;XIRECS;10008.0;8
887800;TAKER;;INTARIAN_PEPPER_ROOT;XIRECS;11918.0;10
888100;TAKER;;INTARIAN_PEPPER_ROOT;XIRECS;11917.0;3
888100;;TAKER;ASH_COATED_OSMIUM;XIRECS;9991.0;2
888200;TAKER;;INTARIAN_PEPPER_ROOT;XIRECS;11918.0;8
888200;TAKER;;ASH_COATED_OSMIUM;XIRECS;10008.0;3
888300;TAKER;;ASH_COATED_OSMIUM;XIRECS;10011.0;6
888400;;TAKER;ASH_COATED_OSMIUM;XIRECS;9991.0;4
888500;TAKER;;INTARIAN_PEPPER_ROOT;XIRECS;11919.0;6
888500;TAKER;;ASH_COATED_OSMIUM;XIRECS;10007.0;9
888600;;TAKER;ASH_COATED_OSMIUM;XIRECS;9994.0;13
888700;;TAKER;INTARIAN_PEPPER_ROOT;XIRECS;11902.0;8
888700;TAKER;;ASH_COATED_OSMIUM;XIRECS;10010.0;5
888900;TAKER;;ASH_COATED_OSMIUM;XIRECS;10009.0;13
889000;;TAKER;ASH_COATED_OSMIUM;XIRECS;9991.0;10
889100;;TAKER;ASH_COATED_OSMIUM;XIRECS;9990.0;6
889200;;TAKER;INTARIAN_PEPPER_ROOT;XIRECS;11903.0;8
889400;;TAKER;INTARIAN_PEPPER_ROOT;XIRECS;11905.0;9
889600;TAKER;;INTARIAN_PEPPER_ROOT;XIRECS;11916.0;14
889700;;TAKER;INTARIAN_PEPPER_ROOT;XIRECS;11903.0;4
890000;TAKER;;INTARIAN_PEPPER_ROOT;XIRECS;11918.0;5
890200;;TAKER;ASH_COATED_OSMIUM;XIRECS;9990.0;5
890300;TAKER;;INTARIAN_PEPPER_ROOT;XIRECS;11919.0;5
890300;TAKER;;ASH_COATED_OSMIUM;XIRECS;10010.0;6
890400;;TAKER;INTARIAN_PEPPER_ROOT;XIRECS;11904.0;2
890400;;TAKER;ASH_COATED_OSMIUM;XIRECS;9991.0;6
890500;TAKER;;INTARIAN_PEPPER_ROOT;XIRECS;11917.0;8
890900;TAKER;;ASH_COATED_OSMIUM;XIRECS;10009.0;5
891100;;TAKER;INTARIAN_PEPPER_ROOT;XIRECS;11902.0;8
891100;TAKER;;ASH_COATED_OSMIUM;XIRECS;10009.0;4
891200;TAKER;;INTARIAN_PEPPER_ROOT;XIRECS;11917.0;15
891400;TAKER;;ASH_COATED_OSMIUM;XIRECS;10008.0;7
891700;TAKER;;INTARIAN_PEPPER_ROOT;XIRECS;11917.0;6
891800;TAKER;;ASH_COATED_OSMIUM;XIRECS;10009.0;9
892100;TAKER;;INTARIAN_PEPPER_ROOT;XIRECS;11919.0;13
892300;TAKER;;INTARIAN_PEPPER_ROOT;XIRECS;11920.0;15
892300;;TAKER;ASH_COATED_OSMIUM;XIRECS;9986.0;4
892900;TAKER;;INTARIAN_PEPPER_ROOT;XIRECS;11917.0;4
893300;;TAKER;ASH_COATED_OSMIUM;XIRECS;9990.0;14
893400;;TAKER;INTARIAN_PEPPER_ROOT;XIRECS;11901.0;8
893500;;TAKER;INTARIAN_PEPPER_ROOT;XIRECS;11903.0;9
893700;TAKER;;INTARIAN_PEPPER_ROOT;XIRECS;11916.0;15
893800;;TAKER;ASH_COATED_OSMIUM;XIRECS;9995.0;9
894000;;TAKER;ASH_COATED_OSMIUM;XIRECS;9986.0;11
894200;;TAKER;INTARIAN_PEPPER_ROOT;XIRECS;11904.0;10
894400;TAKER;;INTARIAN_PEPPER_ROOT;XIRECS;11917.0;12
894800;;TAKER;INTARIAN_PEPPER_ROOT;XIRECS;11904.0;14
894900;;TAKER;INTARIAN_PEPPER_ROOT;XIRECS;11904.0;6
894900;;TAKER;ASH_COATED_OSMIUM;XIRECS;9991.0;6
895000;;TAKER;ASH_COATED_OSMIUM;XIRECS;9991.0;14
895200;;TAKER;INTARIAN_PEPPER_ROOT;XIRECS;11904.0;5
895300;TAKER;;ASH_COATED_OSMIUM;XIRECS;10009.0;9
895400;TAKER;;INTARIAN_PEPPER_ROOT;XIRECS;11916.0;3
895500;;TAKER;ASH_COATED_OSMIUM;XIRECS;9989.0;6
895600;TAKER;;ASH_COATED_OSMIUM;XIRECS;10009.0;7
895800;TAKER;;INTARIAN_PEPPER_ROOT;XIRECS;11917.0;11
896000;;TAKER;ASH_COATED_OSMIUM;XIRECS;9995.0;8
896300;TAKER;;ASH_COATED_OSMIUM;XIRECS;10012.0;6
896600;;TAKER;INTARIAN_PEPPER_ROOT;XIRECS;11904.0;13
896600;;TAKER;ASH_COATED_OSMIUM;XIRECS;9991.0;9
896700;TAKER;;INTARIAN_PEPPER_ROOT;XIRECS;11918.0;8
896900;;TAKER;ASH_COATED_OSMIUM;XIRECS;9992.0;7
897100;TAKER;;ASH_COATED_OSMIUM;XIRECS;10008.0;7
897300;;TAKER;INTARIAN_PEPPER_ROOT;XIRECS;11903.0;12
897300;TAKER;;ASH_COATED_OSMIUM;XIRECS;10008.0;12
897400;;TAKER;INTARIAN_PEPPER_ROOT;XIRECS;11903.0;2
897400;TAKER;;ASH_COATED_OSMIUM;XIRECS;10011.0;7
897700;TAKER;;ASH_COATED_OSMIUM;XIRECS;10005.0;5
897900;TAKER;;INTARIAN_PEPPER_ROOT;XIRECS;11916.0;2
898000;;TAKER;ASH_COATED_OSMIUM;XIRECS;9989.0;7
898200;TAKER;;INTARIAN_PEPPER_ROOT;XIRECS;11917.0;13
898300;;TAKER;INTARIAN_PEPPER_ROOT;XIRECS;11901.0;8
898400;;TAKER;ASH_COATED_OSMIUM;XIRECS;9989.0;9
898500;TAKER;;ASH_COATED_OSMIUM;XIRECS;10010.0;3
898800;;TAKER;INTARIAN_PEPPER_ROOT;XIRECS;11902.0;12
898900;;TAKER;ASH_COATED_OSMIUM;XIRECS;9991.0;5
899300;TAKER;;INTARIAN_PEPPER_ROOT;XIRECS;11917.0;9
899400;TAKER;;INTARIAN_PEPPER_ROOT;XIRECS;11915.0;5
899500;;TAKER;ASH_COATED_OSMIUM;XIRECS;9990.0;6
899600;;TAKER;INTARIAN_PEPPER_ROOT;XIRECS;11902.0;15
899600;;TAKER;ASH_COATED_OSMIUM;XIRECS;9990.0;15
899800;;TAKER;INTARIAN_PEPPER_ROOT;XIRECS;11903.0;8
899900;TAKER;;INTARIAN_PEPPER_ROOT;XIRECS;11918.0;4
900100;;TAKER;INTARIAN_PEPPER_ROOT;XIRECS;11903.0;11
900100;;TAKER;ASH_COATED_OSMIUM;XIRECS;9993.0;15
900300;;TAKER;ASH_COATED_OSMIUM;XIRECS;9994.0;4
900400;;TAKER;ASH_COATED_OSMIUM;XIRECS;9991.0;9
900700;TAKER;;INTARIAN_PEPPER_ROOT;XIRECS;11917.0;3
900900;TAKER;;ASH_COATED_OSMIUM;XIRECS;10007.0;8
901100;TAKER;;INTARIAN_PEPPER_ROOT;XIRECS;11915.0;3
901600;;TAKER;INTARIAN_PEPPER_ROOT;XIRECS;11903.0;13
901800;TAKER;;INTARIAN_PEPPER_ROOT;XIRECS;11915.0;13
901800;;TAKER;ASH_COATED_OSMIUM;XIRECS;9988.0;14
902000;;TAKER;INTARIAN_PEPPER_ROOT;XIRECS;11903.0;7
902100;TAKER;;ASH_COATED_OSMIUM;XIRECS;10004.0;2
902300;;TAKER;INTARIAN_PEPPER_ROOT;XIRECS;11901.0;14
902900;TAKER;;INTARIAN_PEPPER_ROOT;XIRECS;11916.0;14
903000;;TAKER;INTARIAN_PEPPER_ROOT;XIRECS;11901.0;10
903000;TAKER;;ASH_COATED_OSMIUM;XIRECS;10008.0;11
903100;;TAKER;INTARIAN_PEPPER_ROOT;XIRECS;11903.0;4
903200;;TAKER;INTARIAN_PEPPER_ROOT;XIRECS;11903.0;6
903300;;TAKER;INTARIAN_PEPPER_ROOT;XIRECS;11903.0;3
903700;;TAKER;ASH_COATED_OSMIUM;XIRECS;9990.0;10
904000;;TAKER;ASH_COATED_OSMIUM;XIRECS;9990.0;4
904300;TAKER;;ASH_COATED_OSMIUM;XIRECS;10009.0;8
904400;;TAKER;ASH_COATED_OSMIUM;XIRECS;9989.0;3
904600;;TAKER;INTARIAN_PEPPER_ROOT;XIRECS;11900.0;4
904800;TAKER;;INTARIAN_PEPPER_ROOT;XIRECS;11915.0;12
904800;TAKER;;ASH_COATED_OSMIUM;XIRECS;10008.0;4
905200;;TAKER;ASH_COATED_OSMIUM;XIRECS;9989.0;4
905300;TAKER;;INTARIAN_PEPPER_ROOT;XIRECS;11917.0;3
905600;;TAKER;INTARIAN_PEPPER_ROOT;XIRECS;11902.0;13
905800;TAKER;;ASH_COATED_OSMIUM;XIRECS;10006.0;5
906100;TAKER;;ASH_COATED_OSMIUM;XIRECS;10010.0;5
906200;;TAKER;ASH_COATED_OSMIUM;XIRECS;9993.0;15
906300;;TAKER;INTARIAN_PEPPER_ROOT;XIRECS;11901.0;15
906400;TAKER;;ASH_COATED_OSMIUM;XIRECS;10006.0;8
906500;;TAKER;INTARIAN_PEPPER_ROOT;XIRECS;11904.0;14
906600;TAKER;;INTARIAN_PEPPER_ROOT;XIRECS;11917.0;13
906700;;TAKER;ASH_COATED_OSMIUM;XIRECS;9994.0;11
906800;TAKER;;ASH_COATED_OSMIUM;XIRECS;10011.0;3
907000;TAKER;;INTARIAN_PEPPER_ROOT;XIRECS;11917.0;15
907100;TAKER;;ASH_COATED_OSMIUM;XIRECS;10006.0;13
907500;TAKER;;INTARIAN_PEPPER_ROOT;XIRECS;11914.0;2
907600;;TAKER;ASH_COATED_OSMIUM;XIRECS;9991.0;15
907900;;TAKER;INTARIAN_PEPPER_ROOT;XIRECS;11903.0;12
907900;;TAKER;ASH_COATED_OSMIUM;XIRECS;9988.0;6
908200;;TAKER;INTARIAN_PEPPER_ROOT;XIRECS;11903.0;5
908300;;TAKER;INTARIAN_PEPPER_ROOT;XIRECS;11901.0;5
908500;;TAKER;ASH_COATED_OSMIUM;XIRECS;9988.0;5
908800;;TAKER;ASH_COATED_OSMIUM;XIRECS;9992.0;3
909000;TAKER;;INTARIAN_PEPPER_ROOT;XIRECS;11914.0;5
909400;TAKER;;ASH_COATED_OSMIUM;XIRECS;10007.0;11
909500;;TAKER;INTARIAN_PEPPER_ROOT;XIRECS;11903.0;3
909700;TAKER;;ASH_COATED_OSMIUM;XIRECS;10006.0;2
909800;TAKER;;ASH_COATED_OSMIUM;XIRECS;10005.0;10
909900;TAKER;;INTARIAN_PEPPER_ROOT;XIRECS;11914.0;10
910000;;TAKER;ASH_COATED_OSMIUM;XIRECS;9991.0;14
910100;;TAKER;INTARIAN_PEPPER_ROOT;XIRECS;11901.0;4
910200;;TAKER;INTARIAN_PEPPER_ROOT;XIRECS;11903.0;14
910200;TAKER;;ASH_COATED_OSMIUM;XIRECS;10011.0;11
910300;;TAKER;INTARIAN_PEPPER_ROOT;XIRECS;11902.0;8
910400;;TAKER;ASH_COATED_OSMIUM;XIRECS;9988.0;6
910500;;TAKER;ASH_COATED_OSMIUM;XIRECS;9988.0;11
910800;TAKER;;INTARIAN_PEPPER_ROOT;XIRECS;11916.0;6
911000;TAKER;;ASH_COATED_OSMIUM;XIRECS;10009.0;12
911200;TAKER;;INTARIAN_PEPPER_ROOT;XIRECS;11915.0;8
911600;TAKER;;INTARIAN_PEPPER_ROOT;XIRECS;11917.0;2
911700;TAKER;;ASH_COATED_OSMIUM;XIRECS;10009.0;15
911800;;TAKER;INTARIAN_PEPPER_ROOT;XIRECS;11901.0;12
911900;;TAKER;INTARIAN_PEPPER_ROOT;XIRECS;11902.0;4
912100;;TAKER;INTARIAN_PEPPER_ROOT;XIRECS;11903.0;15
912200;;TAKER;INTARIAN_PEPPER_ROOT;XIRECS;11903.0;12
912300;;TAKER;ASH_COATED_OSMIUM;XIRECS;9992.0;14
912400;;TAKER;INTARIAN_PEPPER_ROOT;XIRECS;11901.0;5
912600;;TAKER;INTARIAN_PEPPER_ROOT;XIRECS;11903.0;9
912700;TAKER;;ASH_COATED_OSMIUM;XIRECS;10011.0;14
912800;TAKER;;ASH_COATED_OSMIUM;XIRECS;10010.0;4
912900;;TAKER;ASH_COATED_OSMIUM;XIRECS;9990.0;12
913000;;TAKER;ASH_COATED_OSMIUM;XIRECS;9988.0;5
913100;TAKER;;ASH_COATED_OSMIUM;XIRECS;10011.0;11
913200;TAKER;;ASH_COATED_OSMIUM;XIRECS;10009.0;7
913400;;TAKER;ASH_COATED_OSMIUM;XIRECS;9993.0;6
913800;;TAKER;INTARIAN_PEPPER_ROOT;XIRECS;11900.0;4
913900;;TAKER;ASH_COATED_OSMIUM;XIRECS;9988.0;5
914300;TAKER;;ASH_COATED_OSMIUM;XIRECS;10007.0;11
914500;TAKER;;INTARIAN_PEPPER_ROOT;XIRECS;11912.0;2
914700;;TAKER;INTARIAN_PEPPER_ROOT;XIRECS;11901.0;2
914800;;TAKER;INTARIAN_PEPPER_ROOT;XIRECS;11903.0;14
914800;TAKER;;ASH_COATED_OSMIUM;XIRECS;10010.0;15
915400;;TAKER;ASH_COATED_OSMIUM;XIRECS;9988.0;13
915500;;TAKER;INTARIAN_PEPPER_ROOT;XIRECS;11900.0;13
915600;TAKER;;ASH_COATED_OSMIUM;XIRECS;10006.0;14
915700;;TAKER;INTARIAN_PEPPER_ROOT;XIRECS;11901.0;8
915800;;TAKER;INTARIAN_PEPPER_ROOT;XIRECS;11903.0;2
916200;TAKER;;INTARIAN_PEPPER_ROOT;XIRECS;11915.0;10
916200;;TAKER;ASH_COATED_OSMIUM;XIRECS;9987.0;14
916300;TAKER;;ASH_COATED_OSMIUM;XIRECS;10005.0;3
916500;;TAKER;ASH_COATED_OSMIUM;XIRECS;9991.0;3
916600;;TAKER;ASH_COATED_OSMIUM;XIRECS;9987.0;3
916800;;TAKER;INTARIAN_PEPPER_ROOT;XIRECS;11900.0;2
916800;TAKER;;ASH_COATED_OSMIUM;XIRECS;10005.0;3
916900;;TAKER;ASH_COATED_OSMIUM;XIRECS;9993.0;8
917000;;TAKER;ASH_COATED_OSMIUM;XIRECS;9988.0;6
917700;;TAKER;INTARIAN_PEPPER_ROOT;XIRECS;11901.0;11
917700;;TAKER;ASH_COATED_OSMIUM;XIRECS;9987.0;7
917800;;TAKER;ASH_COATED_OSMIUM;XIRECS;9990.0;5
917900;TAKER;;INTARIAN_PEPPER_ROOT;XIRECS;11915.0;12
917900;TAKER;;ASH_COATED_OSMIUM;XIRECS;10010.0;13
918000;;TAKER;INTARIAN_PEPPER_ROOT;XIRECS;11901.0;2
918100;TAKER;;INTARIAN_PEPPER_ROOT;XIRECS;11914.0;6
918200;;TAKER;ASH_COATED_OSMIUM;XIRECS;9987.0;14
918300;;TAKER;ASH_COATED_OSMIUM;XIRECS;9988.0;3
918700;;TAKER;INTARIAN_PEPPER_ROOT;XIRECS;11900.0;15
918800;;TAKER;ASH_COATED_OSMIUM;XIRECS;9989.0;2
918900;TAKER;;INTARIAN_PEPPER_ROOT;XIRECS;11915.0;11
918900;;TAKER;ASH_COATED_OSMIUM;XIRECS;9992.0;15
919100;;TAKER;ASH_COATED_OSMIUM;XIRECS;9989.0;8
919300;TAKER;;INTARIAN_PEPPER_ROOT;XIRECS;11915.0;2
919400;TAKER;;ASH_COATED_OSMIUM;XIRECS;10011.0;5
919600;;TAKER;ASH_COATED_OSMIUM;XIRECS;9991.0;5
919900;TAKER;;INTARIAN_PEPPER_ROOT;XIRECS;11915.0;14
919900;;TAKER;ASH_COATED_OSMIUM;XIRECS;9991.0;11
920100;;TAKER;INTARIAN_PEPPER_ROOT;XIRECS;11903.0;3
920200;TAKER;;INTARIAN_PEPPER_ROOT;XIRECS;11914.0;12
920300;;TAKER;INTARIAN_PEPPER_ROOT;XIRECS;11903.0;3
920300;;TAKER;ASH_COATED_OSMIUM;XIRECS;9995.0;3
920400;;TAKER;ASH_COATED_OSMIUM;XIRECS;9992.0;15
920500;;TAKER;INTARIAN_PEPPER_ROOT;XIRECS;11901.0;9
920600;;TAKER;INTARIAN_PEPPER_ROOT;XIRECS;11902.0;8
920700;TAKER;;INTARIAN_PEPPER_ROOT;XIRECS;11914.0;8
920800;TAKER;;ASH_COATED_OSMIUM;XIRECS;10007.0;15
921300;TAKER;;ASH_COATED_OSMIUM;XIRECS;10013.0;4
921500;;TAKER;ASH_COATED_OSMIUM;XIRECS;9992.0;15
921800;;TAKER;ASH_COATED_OSMIUM;XIRECS;9992.0;7
921900;TAKER;;INTARIAN_PEPPER_ROOT;XIRECS;11914.0;7
921900;;TAKER;ASH_COATED_OSMIUM;XIRECS;9992.0;2
922100;TAKER;;INTARIAN_PEPPER_ROOT;XIRECS;11914.0;15
922400;;TAKER;INTARIAN_PEPPER_ROOT;XIRECS;11901.0;6
922500;;TAKER;ASH_COATED_OSMIUM;XIRECS;9991.0;15
923100;TAKER;;INTARIAN_PEPPER_ROOT;XIRECS;11914.0;12
923500;;TAKER;INTARIAN_PEPPER_ROOT;XIRECS;11903.0;13
923600;TAKER;;ASH_COATED_OSMIUM;XIRECS;10008.0;2
923800;TAKER;;INTARIAN_PEPPER_ROOT;XIRECS;11914.0;7
923800;;TAKER;ASH_COATED_OSMIUM;XIRECS;9989.0;8
923900;TAKER;;INTARIAN_PEPPER_ROOT;XIRECS;11914.0;5
924100;;TAKER;INTARIAN_PEPPER_ROOT;XIRECS;11900.0;7
924200;;TAKER;INTARIAN_PEPPER_ROOT;XIRECS;11900.0;6
924600;TAKER;;ASH_COATED_OSMIUM;XIRECS;10008.0;10
924900;TAKER;;INTARIAN_PEPPER_ROOT;XIRECS;11915.0;10
924900;;TAKER;ASH_COATED_OSMIUM;XIRECS;9990.0;4
925000;;TAKER;INTARIAN_PEPPER_ROOT;XIRECS;11901.0;8
925300;;TAKER;ASH_COATED_OSMIUM;XIRECS;9989.0;6
925400;TAKER;;INTARIAN_PEPPER_ROOT;XIRECS;11915.0;14
925800;;TAKER;INTARIAN_PEPPER_ROOT;XIRECS;11900.0;5
926100;TAKER;;ASH_COATED_OSMIUM;XIRECS;10010.0;6
926400;;TAKER;ASH_COATED_OSMIUM;XIRECS;9989.0;12
926600;;TAKER;ASH_COATED_OSMIUM;XIRECS;9990.0;13
926700;TAKER;;INTARIAN_PEPPER_ROOT;XIRECS;11913.0;11
926900;;TAKER;ASH_COATED_OSMIUM;XIRECS;9989.0;2
927000;;TAKER;ASH_COATED_OSMIUM;XIRECS;9990.0;8
927100;TAKER;;INTARIAN_PEPPER_ROOT;XIRECS;11914.0;10
927200;TAKER;;INTARIAN_PEPPER_ROOT;XIRECS;11915.0;5
927500;;TAKER;INTARIAN_PEPPER_ROOT;XIRECS;11902.0;12
927900;TAKER;;INTARIAN_PEPPER_ROOT;XIRECS;11914.0;2
928000;;TAKER;INTARIAN_PEPPER_ROOT;XIRECS;11899.0;10
928300;;TAKER;ASH_COATED_OSMIUM;XIRECS;9991.0;12
928400;;TAKER;ASH_COATED_OSMIUM;XIRECS;9994.0;14
928500;TAKER;;ASH_COATED_OSMIUM;XIRECS;10006.0;8
928600;;TAKER;ASH_COATED_OSMIUM;XIRECS;9993.0;14
928900;TAKER;;ASH_COATED_OSMIUM;XIRECS;10013.0;3
929000;;TAKER;INTARIAN_PEPPER_ROOT;XIRECS;11900.0;13
929200;TAKER;;INTARIAN_PEPPER_ROOT;XIRECS;11916.0;13
929500;TAKER;;ASH_COATED_OSMIUM;XIRECS;10007.0;11
929700;TAKER;;ASH_COATED_OSMIUM;XIRECS;10011.0;12
930200;TAKER;;INTARIAN_PEPPER_ROOT;XIRECS;11914.0;3
930200;;TAKER;ASH_COATED_OSMIUM;XIRECS;9986.0;6
930300;TAKER;;INTARIAN_PEPPER_ROOT;XIRECS;11915.0;11
930300;;TAKER;ASH_COATED_OSMIUM;XIRECS;9992.0;12
930400;TAKER;;ASH_COATED_OSMIUM;XIRECS;10009.0;7
930500;;TAKER;ASH_COATED_OSMIUM;XIRECS;9991.0;11
930800;TAKER;;INTARIAN_PEPPER_ROOT;XIRECS;11913.0;8
930800;TAKER;;ASH_COATED_OSMIUM;XIRECS;10007.0;5
931400;;TAKER;INTARIAN_PEPPER_ROOT;XIRECS;11899.0;2
931600;TAKER;;ASH_COATED_OSMIUM;XIRECS;10011.0;2
931800;TAKER;;INTARIAN_PEPPER_ROOT;XIRECS;11913.0;14
931900;;TAKER;ASH_COATED_OSMIUM;XIRECS;9995.0;4
932000;TAKER;;INTARIAN_PEPPER_ROOT;XIRECS;11914.0;15
932100;TAKER;;ASH_COATED_OSMIUM;XIRECS;10007.0;8
932200;;TAKER;INTARIAN_PEPPER_ROOT;XIRECS;11898.0;6
932200;;TAKER;ASH_COATED_OSMIUM;XIRECS;9990.0;4
932400;TAKER;;INTARIAN_PEPPER_ROOT;XIRECS;11914.0;13
932600;;TAKER;INTARIAN_PEPPER_ROOT;XIRECS;11900.0;10
932700;TAKER;;INTARIAN_PEPPER_ROOT;XIRECS;11911.0;7
932800;;TAKER;INTARIAN_PEPPER_ROOT;XIRECS;11899.0;2
933000;TAKER;;INTARIAN_PEPPER_ROOT;XIRECS;11916.0;11
933000;TAKER;;ASH_COATED_OSMIUM;XIRECS;10006.0;2
933300;TAKER;;ASH_COATED_OSMIUM;XIRECS;10008.0;9
933500;TAKER;;INTARIAN_PEPPER_ROOT;XIRECS;11913.0;9
933500;;TAKER;ASH_COATED_OSMIUM;XIRECS;9985.0;9
933700;TAKER;;INTARIAN_PEPPER_ROOT;XIRECS;11914.0;10
933900;TAKER;;INTARIAN_PEPPER_ROOT;XIRECS;11913.0;3
934000;TAKER;;INTARIAN_PEPPER_ROOT;XIRECS;11914.0;4
934000;;TAKER;ASH_COATED_OSMIUM;XIRECS;9996.0;15
934300;TAKER;;INTARIAN_PEPPER_ROOT;XIRECS;11912.0;3
934700;TAKER;;INTARIAN_PEPPER_ROOT;XIRECS;11913.0;8
934800;;TAKER;INTARIAN_PEPPER_ROOT;XIRECS;11899.0;13
934900;TAKER;;ASH_COATED_OSMIUM;XIRECS;10010.0;4
935300;TAKER;;ASH_COATED_OSMIUM;XIRECS;10006.0;5
935400;;TAKER;ASH_COATED_OSMIUM;XIRECS;9995.0;8
935700;TAKER;;ASH_COATED_OSMIUM;XIRECS;10010.0;13
935900;TAKER;;ASH_COATED_OSMIUM;XIRECS;10010.0;15
936000;;TAKER;ASH_COATED_OSMIUM;XIRECS;9995.0;6
936100;;TAKER;ASH_COATED_OSMIUM;XIRECS;9995.0;4
936400;TAKER;;ASH_COATED_OSMIUM;XIRECS;10008.0;4
936500;;TAKER;INTARIAN_PEPPER_ROOT;XIRECS;11897.0;6
936500;;TAKER;ASH_COATED_OSMIUM;XIRECS;9987.0;3
936700;TAKER;;INTARIAN_PEPPER_ROOT;XIRECS;11913.0;9
937000;;TAKER;ASH_COATED_OSMIUM;XIRECS;9990.0;15
937100;;TAKER;INTARIAN_PEPPER_ROOT;XIRECS;11897.0;4
937100;;TAKER;ASH_COATED_OSMIUM;XIRECS;9993.0;13
937300;;TAKER;ASH_COATED_OSMIUM;XIRECS;9990.0;6
937400;TAKER;;ASH_COATED_OSMIUM;XIRECS;10007.0;8
937500;;TAKER;INTARIAN_PEPPER_ROOT;XIRECS;11898.0;7
937600;;TAKER;ASH_COATED_OSMIUM;XIRECS;9994.0;9
937900;;TAKER;INTARIAN_PEPPER_ROOT;XIRECS;11898.0;10
938000;;TAKER;INTARIAN_PEPPER_ROOT;XIRECS;11898.0;7
938000;;TAKER;ASH_COATED_OSMIUM;XIRECS;9988.0;6
938100;;TAKER;INTARIAN_PEPPER_ROOT;XIRECS;11901.0;10
938100;TAKER;;ASH_COATED_OSMIUM;XIRECS;10004.0;4
938200;;TAKER;INTARIAN_PEPPER_ROOT;XIRECS;11899.0;11
938200;;TAKER;ASH_COATED_OSMIUM;XIRECS;9996.0;9
938400;TAKER;;ASH_COATED_OSMIUM;XIRECS;10009.0;13
938600;TAKER;;INTARIAN_PEPPER_ROOT;XIRECS;11912.0;7
938900;TAKER;;ASH_COATED_OSMIUM;XIRECS;10011.0;14
939000;;TAKER;INTARIAN_PEPPER_ROOT;XIRECS;11899.0;4
939200;TAKER;;ASH_COATED_OSMIUM;XIRECS;10007.0;15
939300;;TAKER;INTARIAN_PEPPER_ROOT;XIRECS;11899.0;4
939400;;TAKER;ASH_COATED_OSMIUM;XIRECS;9989.0;12
939500;TAKER;;INTARIAN_PEPPER_ROOT;XIRECS;11912.0;11
939700;;TAKER;INTARIAN_PEPPER_ROOT;XIRECS;11898.0;3
939700;TAKER;;ASH_COATED_OSMIUM;XIRECS;10010.0;7
939800;TAKER;;INTARIAN_PEPPER_ROOT;XIRECS;11914.0;9
939900;;TAKER;INTARIAN_PEPPER_ROOT;XIRECS;11900.0;14
939900;TAKER;;ASH_COATED_OSMIUM;XIRECS;10007.0;15
940000;TAKER;;INTARIAN_PEPPER_ROOT;XIRECS;11913.0;5
940100;TAKER;;ASH_COATED_OSMIUM;XIRECS;10008.0;3
940200;;TAKER;ASH_COATED_OSMIUM;XIRECS;9991.0;3
940400;TAKER;;ASH_COATED_OSMIUM;XIRECS;10004.0;7
940500;TAKER;;INTARIAN_PEPPER_ROOT;XIRECS;11912.0;14
940700;TAKER;;INTARIAN_PEPPER_ROOT;XIRECS;11912.0;14
940700;;TAKER;ASH_COATED_OSMIUM;XIRECS;9990.0;5
940900;TAKER;;ASH_COATED_OSMIUM;XIRECS;10005.0;4
941000;;TAKER;ASH_COATED_OSMIUM;XIRECS;9993.0;11
941200;;TAKER;ASH_COATED_OSMIUM;XIRECS;9989.0;6
941400;TAKER;;INTARIAN_PEPPER_ROOT;XIRECS;11913.0;3
941400;TAKER;;ASH_COATED_OSMIUM;XIRECS;10011.0;12
941500;;TAKER;INTARIAN_PEPPER_ROOT;XIRECS;11900.0;8
941500;TAKER;;ASH_COATED_OSMIUM;XIRECS;10010.0;14
941700;TAKER;;ASH_COATED_OSMIUM;XIRECS;10008.0;3
941800;;TAKER;ASH_COATED_OSMIUM;XIRECS;9996.0;4
942300;TAKER;;INTARIAN_PEPPER_ROOT;XIRECS;11913.0;4
942400;;TAKER;ASH_COATED_OSMIUM;XIRECS;9991.0;14
942500;TAKER;;INTARIAN_PEPPER_ROOT;XIRECS;11913.0;11
943200;;TAKER;ASH_COATED_OSMIUM;XIRECS;9993.0;7
943500;;TAKER;INTARIAN_PEPPER_ROOT;XIRECS;11898.0;11
943600;TAKER;;INTARIAN_PEPPER_ROOT;XIRECS;11912.0;12
943700;TAKER;;ASH_COATED_OSMIUM;XIRECS;10009.0;2
943800;TAKER;;INTARIAN_PEPPER_ROOT;XIRECS;11912.0;5
944000;TAKER;;INTARIAN_PEPPER_ROOT;XIRECS;11911.0;7
944200;TAKER;;INTARIAN_PEPPER_ROOT;XIRECS;11913.0;3
944300;TAKER;;INTARIAN_PEPPER_ROOT;XIRECS;11910.0;10
944400;;TAKER;ASH_COATED_OSMIUM;XIRECS;9990.0;11
944700;TAKER;;ASH_COATED_OSMIUM;XIRECS;10009.0;3
944800;;TAKER;INTARIAN_PEPPER_ROOT;XIRECS;11897.0;14
944800;;TAKER;ASH_COATED_OSMIUM;XIRECS;9990.0;3
945100;TAKER;;INTARIAN_PEPPER_ROOT;XIRECS;11913.0;3
945400;;TAKER;INTARIAN_PEPPER_ROOT;XIRECS;11898.0;6
945500;TAKER;;INTARIAN_PEPPER_ROOT;XIRECS;11912.0;12
945700;TAKER;;INTARIAN_PEPPER_ROOT;XIRECS;11912.0;14
945700;TAKER;;ASH_COATED_OSMIUM;XIRECS;10009.0;4
945800;TAKER;;INTARIAN_PEPPER_ROOT;XIRECS;11913.0;13
946200;;TAKER;INTARIAN_PEPPER_ROOT;XIRECS;11897.0;6
946300;;TAKER;INTARIAN_PEPPER_ROOT;XIRECS;11896.0;2
946300;TAKER;;ASH_COATED_OSMIUM;XIRECS;10011.0;5
947000;;TAKER;INTARIAN_PEPPER_ROOT;XIRECS;11897.0;12
947200;;TAKER;INTARIAN_PEPPER_ROOT;XIRECS;11897.0;10
947300;;TAKER;INTARIAN_PEPPER_ROOT;XIRECS;11897.0;9
947400;;TAKER;ASH_COATED_OSMIUM;XIRECS;9991.0;4
947600;;TAKER;ASH_COATED_OSMIUM;XIRECS;9988.0;2
947700;;TAKER;ASH_COATED_OSMIUM;XIRECS;9991.0;11
947800;;TAKER;INTARIAN_PEPPER_ROOT;XIRECS;11900.0;3
947900;;TAKER;INTARIAN_PEPPER_ROOT;XIRECS;11899.0;14
948000;TAKER;;ASH_COATED_OSMIUM;XIRECS;10010.0;10
948200;;TAKER;ASH_COATED_OSMIUM;XIRECS;9987.0;5
948300;;TAKER;INTARIAN_PEPPER_ROOT;XIRECS;11899.0;9
948300;TAKER;;ASH_COATED_OSMIUM;XIRECS;10012.0;11
948600;TAKER;;INTARIAN_PEPPER_ROOT;XIRECS;11911.0;3
948700;TAKER;;INTARIAN_PEPPER_ROOT;XIRECS;11912.0;10
948900;TAKER;;INTARIAN_PEPPER_ROOT;XIRECS;11912.0;2
949000;;TAKER;ASH_COATED_OSMIUM;XIRECS;9990.0;3
949100;;TAKER;ASH_COATED_OSMIUM;XIRECS;9989.0;10
949300;TAKER;;INTARIAN_PEPPER_ROOT;XIRECS;11911.0;4
949400;;TAKER;INTARIAN_PEPPER_ROOT;XIRECS;11897.0;11
949500;;TAKER;ASH_COATED_OSMIUM;XIRECS;9990.0;14
949600;;TAKER;INTARIAN_PEPPER_ROOT;XIRECS;11898.0;3
949600;TAKER;;ASH_COATED_OSMIUM;XIRECS;10010.0;4
950000;TAKER;;INTARIAN_PEPPER_ROOT;XIRECS;11913.0;6
950000;;TAKER;ASH_COATED_OSMIUM;XIRECS;9994.0;14
950100;TAKER;;INTARIAN_PEPPER_ROOT;XIRECS;11911.0;6
950100;;TAKER;ASH_COATED_OSMIUM;XIRECS;9995.0;10
950300;TAKER;;INTARIAN_PEPPER_ROOT;XIRECS;11912.0;9
950400;;TAKER;INTARIAN_PEPPER_ROOT;XIRECS;11898.0;10
950600;;TAKER;ASH_COATED_OSMIUM;XIRECS;9990.0;6
951100;TAKER;;INTARIAN_PEPPER_ROOT;XIRECS;11911.0;15
951200;;TAKER;INTARIAN_PEPPER_ROOT;XIRECS;11896.0;2
951200;TAKER;;ASH_COATED_OSMIUM;XIRECS;10005.0;7
951400;;TAKER;ASH_COATED_OSMIUM;XIRECS;9991.0;11
951900;;TAKER;INTARIAN_PEPPER_ROOT;XIRECS;11895.0;15
952000;;TAKER;INTARIAN_PEPPER_ROOT;XIRECS;11898.0;9
952000;;TAKER;ASH_COATED_OSMIUM;XIRECS;9990.0;15
952300;;TAKER;ASH_COATED_OSMIUM;XIRECS;9990.0;15
952400;;TAKER;INTARIAN_PEPPER_ROOT;XIRECS;11897.0;8
952400;;TAKER;ASH_COATED_OSMIUM;XIRECS;9989.0;3
952500;;TAKER;INTARIAN_PEPPER_ROOT;XIRECS;11897.0;14
952600;;TAKER;ASH_COATED_OSMIUM;XIRECS;9987.0;2
952700;TAKER;;INTARIAN_PEPPER_ROOT;XIRECS;11913.0;8
952800;TAKER;;ASH_COATED_OSMIUM;XIRECS;10009.0;4
952900;TAKER;;ASH_COATED_OSMIUM;XIRECS;10008.0;15
953400;TAKER;;ASH_COATED_OSMIUM;XIRECS;10009.0;9
953500;TAKER;;ASH_COATED_OSMIUM;XIRECS;10009.0;11
953800;TAKER;;ASH_COATED_OSMIUM;XIRECS;10006.0;5
953900;TAKER;;ASH_COATED_OSMIUM;XIRECS;10007.0;14
954000;;TAKER;INTARIAN_PEPPER_ROOT;XIRECS;11895.0;8
954400;TAKER;;INTARIAN_PEPPER_ROOT;XIRECS;11910.0;11
954500;;TAKER;INTARIAN_PEPPER_ROOT;XIRECS;11896.0;7
954600;TAKER;;ASH_COATED_OSMIUM;XIRECS;10005.0;12
955000;TAKER;;INTARIAN_PEPPER_ROOT;XIRECS;11912.0;8
955400;TAKER;;INTARIAN_PEPPER_ROOT;XIRECS;11910.0;8
955400;TAKER;;ASH_COATED_OSMIUM;XIRECS;10006.0;7
955600;TAKER;;INTARIAN_PEPPER_ROOT;XIRECS;11912.0;8
955700;TAKER;;INTARIAN_PEPPER_ROOT;XIRECS;11911.0;6
955800;TAKER;;ASH_COATED_OSMIUM;XIRECS;10006.0;12
955900;TAKER;;INTARIAN_PEPPER_ROOT;XIRECS;11911.0;14
956300;;TAKER;INTARIAN_PEPPER_ROOT;XIRECS;11897.0;10
956400;;TAKER;INTARIAN_PEPPER_ROOT;XIRECS;11897.0;9
956400;TAKER;;ASH_COATED_OSMIUM;XIRECS;10008.0;8
956500;TAKER;;INTARIAN_PEPPER_ROOT;XIRECS;11911.0;11
956600;TAKER;;INTARIAN_PEPPER_ROOT;XIRECS;11910.0;4
956700;TAKER;;INTARIAN_PEPPER_ROOT;XIRECS;11911.0;3
956800;;TAKER;INTARIAN_PEPPER_ROOT;XIRECS;11897.0;4
956900;;TAKER;INTARIAN_PEPPER_ROOT;XIRECS;11898.0;3
957000;;TAKER;ASH_COATED_OSMIUM;XIRECS;9990.0;2
957100;TAKER;;INTARIAN_PEPPER_ROOT;XIRECS;11909.0;14
957300;;TAKER;INTARIAN_PEPPER_ROOT;XIRECS;11897.0;5
957500;TAKER;;INTARIAN_PEPPER_ROOT;XIRECS;11910.0;4
957800;TAKER;;INTARIAN_PEPPER_ROOT;XIRECS;11911.0;11
957900;TAKER;;INTARIAN_PEPPER_ROOT;XIRECS;11909.0;13
958200;TAKER;;INTARIAN_PEPPER_ROOT;XIRECS;11909.0;3
958200;TAKER;;ASH_COATED_OSMIUM;XIRECS;10008.0;9
958300;TAKER;;ASH_COATED_OSMIUM;XIRECS;10008.0;12
958500;;TAKER;ASH_COATED_OSMIUM;XIRECS;9992.0;3
958900;TAKER;;ASH_COATED_OSMIUM;XIRECS;10006.0;12
959200;TAKER;;ASH_COATED_OSMIUM;XIRECS;10010.0;9
959300;TAKER;;ASH_COATED_OSMIUM;XIRECS;10008.0;8
959400;;TAKER;INTARIAN_PEPPER_ROOT;XIRECS;11897.0;2
959600;;TAKER;INTARIAN_PEPPER_ROOT;XIRECS;11896.0;14
959700;;TAKER;INTARIAN_PEPPER_ROOT;XIRECS;11897.0;6
959900;TAKER;;INTARIAN_PEPPER_ROOT;XIRECS;11911.0;10
960300;;TAKER;INTARIAN_PEPPER_ROOT;XIRECS;11898.0;3
960300;;TAKER;ASH_COATED_OSMIUM;XIRECS;9990.0;9
960400;TAKER;;ASH_COATED_OSMIUM;XIRECS;10010.0;12
960600;TAKER;;INTARIAN_PEPPER_ROOT;XIRECS;11910.0;4
960700;TAKER;;INTARIAN_PEPPER_ROOT;XIRECS;11910.0;8
960700;;TAKER;ASH_COATED_OSMIUM;XIRECS;9994.0;11
961000;;TAKER;INTARIAN_PEPPER_ROOT;XIRECS;11897.0;14
961000;TAKER;;ASH_COATED_OSMIUM;XIRECS;10011.0;2
961200;TAKER;;INTARIAN_PEPPER_ROOT;XIRECS;11909.0;5
961900;TAKER;;INTARIAN_PEPPER_ROOT;XIRECS;11911.0;8
961900;;TAKER;ASH_COATED_OSMIUM;XIRECS;9994.0;13
962000;;TAKER;ASH_COATED_OSMIUM;XIRECS;9989.0;11
962200;;TAKER;INTARIAN_PEPPER_ROOT;XIRECS;11897.0;5
962200;;TAKER;ASH_COATED_OSMIUM;XIRECS;9994.0;14
962300;TAKER;;INTARIAN_PEPPER_ROOT;XIRECS;11910.0;7
962300;;TAKER;ASH_COATED_OSMIUM;XIRECS;9991.0;13
962400;TAKER;;INTARIAN_PEPPER_ROOT;XIRECS;11911.0;10
962500;TAKER;;INTARIAN_PEPPER_ROOT;XIRECS;11910.0;5
962600;TAKER;;ASH_COATED_OSMIUM;XIRECS;10009.0;6
962700;;TAKER;INTARIAN_PEPPER_ROOT;XIRECS;11895.0;12
962900;TAKER;;INTARIAN_PEPPER_ROOT;XIRECS;11908.0;8
963100;TAKER;;INTARIAN_PEPPER_ROOT;XIRECS;11911.0;12
963300;TAKER;;INTARIAN_PEPPER_ROOT;XIRECS;11909.0;5
963600;TAKER;;ASH_COATED_OSMIUM;XIRECS;10010.0;7
963700;;TAKER;INTARIAN_PEPPER_ROOT;XIRECS;11894.0;7
963800;;TAKER;ASH_COATED_OSMIUM;XIRECS;9991.0;13
963900;;TAKER;ASH_COATED_OSMIUM;XIRECS;9991.0;11
964200;;TAKER;INTARIAN_PEPPER_ROOT;XIRECS;11894.0;3
964400;TAKER;;ASH_COATED_OSMIUM;XIRECS;10010.0;11
964500;;TAKER;INTARIAN_PEPPER_ROOT;XIRECS;11896.0;9
964700;TAKER;;INTARIAN_PEPPER_ROOT;XIRECS;11910.0;8
964900;;TAKER;ASH_COATED_OSMIUM;XIRECS;9993.0;2
965100;;TAKER;ASH_COATED_OSMIUM;XIRECS;9990.0;10
965300;;TAKER;INTARIAN_PEPPER_ROOT;XIRECS;11898.0;4
965400;;TAKER;INTARIAN_PEPPER_ROOT;XIRECS;11897.0;14
965400;;TAKER;ASH_COATED_OSMIUM;XIRECS;9991.0;4
965600;;TAKER;ASH_COATED_OSMIUM;XIRECS;9990.0;6
965900;;TAKER;INTARIAN_PEPPER_ROOT;XIRECS;11897.0;9
966000;;TAKER;INTARIAN_PEPPER_ROOT;XIRECS;11896.0;8
966400;;TAKER;INTARIAN_PEPPER_ROOT;XIRECS;11897.0;10
966500;TAKER;;INTARIAN_PEPPER_ROOT;XIRECS;11910.0;8
966600;;TAKER;ASH_COATED_OSMIUM;XIRECS;9995.0;3
966700;;TAKER;INTARIAN_PEPPER_ROOT;XIRECS;11898.0;2
966700;TAKER;;ASH_COATED_OSMIUM;XIRECS;10007.0;7
966800;TAKER;;ASH_COATED_OSMIUM;XIRECS;10009.0;15
966900;TAKER;;INTARIAN_PEPPER_ROOT;XIRECS;11911.0;7
966900;TAKER;;ASH_COATED_OSMIUM;XIRECS;10008.0;7
967100;;TAKER;ASH_COATED_OSMIUM;XIRECS;9993.0;3
967200;TAKER;;ASH_COATED_OSMIUM;XIRECS;10008.0;9
967500;TAKER;;ASH_COATED_OSMIUM;XIRECS;10011.0;9
967600;TAKER;;INTARIAN_PEPPER_ROOT;XIRECS;11910.0;10
968100;TAKER;;ASH_COATED_OSMIUM;XIRECS;10003.0;10
968300;;TAKER;ASH_COATED_OSMIUM;XIRECS;9986.0;12
968600;;TAKER;ASH_COATED_OSMIUM;XIRECS;9990.0;11
968800;;TAKER;INTARIAN_PEPPER_ROOT;XIRECS;11896.0;9
968900;;TAKER;INTARIAN_PEPPER_ROOT;XIRECS;11896.0;5
968900;;TAKER;ASH_COATED_OSMIUM;XIRECS;9989.0;8
969100;;TAKER;INTARIAN_PEPPER_ROOT;XIRECS;11896.0;2
969200;;TAKER;INTARIAN_PEPPER_ROOT;XIRECS;11895.0;15
969300;TAKER;;INTARIAN_PEPPER_ROOT;XIRECS;11909.0;2
969300;TAKER;;ASH_COATED_OSMIUM;XIRECS;10007.0;13
969600;TAKER;;INTARIAN_PEPPER_ROOT;XIRECS;11911.0;13
969900;TAKER;;INTARIAN_PEPPER_ROOT;XIRECS;11911.0;12
970000;TAKER;;INTARIAN_PEPPER_ROOT;XIRECS;11908.0;11
970000;;TAKER;ASH_COATED_OSMIUM;XIRECS;9989.0;3
970100;TAKER;;ASH_COATED_OSMIUM;XIRECS;10007.0;6
970200;TAKER;;ASH_COATED_OSMIUM;XIRECS;10006.0;5
970300;TAKER;;INTARIAN_PEPPER_ROOT;XIRECS;11908.0;9
970300;;TAKER;ASH_COATED_OSMIUM;XIRECS;9990.0;13
970500;;TAKER;ASH_COATED_OSMIUM;XIRECS;9991.0;3
970800;TAKER;;INTARIAN_PEPPER_ROOT;XIRECS;11909.0;13
971200;;TAKER;ASH_COATED_OSMIUM;XIRECS;9990.0;11
971400;;TAKER;ASH_COATED_OSMIUM;XIRECS;9994.0;9
971500;;TAKER;ASH_COATED_OSMIUM;XIRECS;9990.0;10
971800;TAKER;;ASH_COATED_OSMIUM;XIRECS;10007.0;4
972000;;TAKER;INTARIAN_PEPPER_ROOT;XIRECS;11896.0;6
972000;;TAKER;ASH_COATED_OSMIUM;XIRECS;9991.0;12
972100;TAKER;;INTARIAN_PEPPER_ROOT;XIRECS;11910.0;7
972200;TAKER;;ASH_COATED_OSMIUM;XIRECS;10009.0;14
972300;TAKER;;INTARIAN_PEPPER_ROOT;XIRECS;11909.0;5
972900;;TAKER;ASH_COATED_OSMIUM;XIRECS;9987.0;6
973800;TAKER;;INTARIAN_PEPPER_ROOT;XIRECS;11909.0;4
974300;;TAKER;INTARIAN_PEPPER_ROOT;XIRECS;11895.0;11
974400;TAKER;;INTARIAN_PEPPER_ROOT;XIRECS;11908.0;14
974400;TAKER;;ASH_COATED_OSMIUM;XIRECS;10007.0;6
974600;TAKER;;ASH_COATED_OSMIUM;XIRECS;10007.0;11
974700;;TAKER;INTARIAN_PEPPER_ROOT;XIRECS;11894.0;9
974800;;TAKER;ASH_COATED_OSMIUM;XIRECS;9991.0;9
975000;TAKER;;ASH_COATED_OSMIUM;XIRECS;10012.0;3
975400;TAKER;;ASH_COATED_OSMIUM;XIRECS;10011.0;8
975600;TAKER;;INTARIAN_PEPPER_ROOT;XIRECS;11909.0;9
975700;TAKER;;ASH_COATED_OSMIUM;XIRECS;10009.0;3
975800;TAKER;;INTARIAN_PEPPER_ROOT;XIRECS;11909.0;9
975800;;TAKER;ASH_COATED_OSMIUM;XIRECS;9990.0;5
976300;TAKER;;ASH_COATED_OSMIUM;XIRECS;10005.0;13
977000;;TAKER;ASH_COATED_OSMIUM;XIRECS;9992.0;15
977400;TAKER;;INTARIAN_PEPPER_ROOT;XIRECS;11907.0;15
977500;;TAKER;INTARIAN_PEPPER_ROOT;XIRECS;11894.0;4
977600;;TAKER;INTARIAN_PEPPER_ROOT;XIRECS;11895.0;5
977600;;TAKER;ASH_COATED_OSMIUM;XIRECS;9990.0;4
977700;TAKER;;INTARIAN_PEPPER_ROOT;XIRECS;11908.0;5
977800;;TAKER;ASH_COATED_OSMIUM;XIRECS;9990.0;15
977900;;TAKER;ASH_COATED_OSMIUM;XIRECS;9989.0;5
978000;TAKER;;INTARIAN_PEPPER_ROOT;XIRECS;11909.0;15
978000;;TAKER;ASH_COATED_OSMIUM;XIRECS;9984.0;15
978200;TAKER;;ASH_COATED_OSMIUM;XIRECS;10007.0;3
978400;;TAKER;INTARIAN_PEPPER_ROOT;XIRECS;11895.0;7
978400;TAKER;;ASH_COATED_OSMIUM;XIRECS;10008.0;5
978500;TAKER;;INTARIAN_PEPPER_ROOT;XIRECS;11908.0;4
978500;;TAKER;ASH_COATED_OSMIUM;XIRECS;9993.0;14
978600;;TAKER;INTARIAN_PEPPER_ROOT;XIRECS;11894.0;3
978700;;TAKER;ASH_COATED_OSMIUM;XIRECS;9991.0;12
978900;TAKER;;ASH_COATED_OSMIUM;XIRECS;10008.0;10
979000;TAKER;;INTARIAN_PEPPER_ROOT;XIRECS;11908.0;6
979000;TAKER;;ASH_COATED_OSMIUM;XIRECS;10004.0;3
979100;TAKER;;INTARIAN_PEPPER_ROOT;XIRECS;11909.0;6
979300;;TAKER;ASH_COATED_OSMIUM;XIRECS;9991.0;14
979500;TAKER;;ASH_COATED_OSMIUM;XIRECS;10009.0;12
979600;;TAKER;ASH_COATED_OSMIUM;XIRECS;9989.0;6
980100;;TAKER;INTARIAN_PEPPER_ROOT;XIRECS;11895.0;8
980100;TAKER;;ASH_COATED_OSMIUM;XIRECS;10009.0;3
980400;;TAKER;INTARIAN_PEPPER_ROOT;XIRECS;11894.0;7
980500;TAKER;;INTARIAN_PEPPER_ROOT;XIRECS;11907.0;9
980700;TAKER;;INTARIAN_PEPPER_ROOT;XIRECS;11908.0;4
980800;TAKER;;ASH_COATED_OSMIUM;XIRECS;10011.0;3
980900;;TAKER;ASH_COATED_OSMIUM;XIRECS;9987.0;3
981000;;TAKER;INTARIAN_PEPPER_ROOT;XIRECS;11894.0;4
981100;;TAKER;ASH_COATED_OSMIUM;XIRECS;9990.0;8
981200;TAKER;;INTARIAN_PEPPER_ROOT;XIRECS;11907.0;9
981600;TAKER;;INTARIAN_PEPPER_ROOT;XIRECS;11910.0;10
981700;;TAKER;ASH_COATED_OSMIUM;XIRECS;9990.0;3
981900;TAKER;;ASH_COATED_OSMIUM;XIRECS;10006.0;6
982000;TAKER;;INTARIAN_PEPPER_ROOT;XIRECS;11908.0;2
982100;;TAKER;INTARIAN_PEPPER_ROOT;XIRECS;11896.0;9
982200;TAKER;;INTARIAN_PEPPER_ROOT;XIRECS;11908.0;7
982300;TAKER;;ASH_COATED_OSMIUM;XIRECS;10012.0;13
982400;TAKER;;INTARIAN_PEPPER_ROOT;XIRECS;11909.0;14
982500;TAKER;;ASH_COATED_OSMIUM;XIRECS;10009.0;10
982600;TAKER;;ASH_COATED_OSMIUM;XIRECS;10009.0;7
982700;;TAKER;INTARIAN_PEPPER_ROOT;XIRECS;11896.0;3
983100;;TAKER;ASH_COATED_OSMIUM;XIRECS;9992.0;12
983600;;TAKER;INTARIAN_PEPPER_ROOT;XIRECS;11895.0;14
983700;;TAKER;INTARIAN_PEPPER_ROOT;XIRECS;11894.0;8
984200;TAKER;;INTARIAN_PEPPER_ROOT;XIRECS;11908.0;13
984300;;TAKER;INTARIAN_PEPPER_ROOT;XIRECS;11895.0;8
984300;TAKER;;ASH_COATED_OSMIUM;XIRECS;10009.0;10
984400;TAKER;;INTARIAN_PEPPER_ROOT;XIRECS;11908.0;9
984600;TAKER;;ASH_COATED_OSMIUM;XIRECS;10010.0;12
984700;;TAKER;INTARIAN_PEPPER_ROOT;XIRECS;11894.0;2
984700;TAKER;;ASH_COATED_OSMIUM;XIRECS;10009.0;13
984800;;TAKER;INTARIAN_PEPPER_ROOT;XIRECS;11892.0;4
984900;;TAKER;INTARIAN_PEPPER_ROOT;XIRECS;11892.0;13
984900;;TAKER;ASH_COATED_OSMIUM;XIRECS;9989.0;9
985100;;TAKER;ASH_COATED_OSMIUM;XIRECS;9990.0;15
985400;;TAKER;ASH_COATED_OSMIUM;XIRECS;9995.0;3
985500;;TAKER;ASH_COATED_OSMIUM;XIRECS;9990.0;10
985600;;TAKER;INTARIAN_PEPPER_ROOT;XIRECS;11896.0;2
985700;TAKER;;INTARIAN_PEPPER_ROOT;XIRECS;11907.0;5
985900;;TAKER;INTARIAN_PEPPER_ROOT;XIRECS;11894.0;15
986000;;TAKER;ASH_COATED_OSMIUM;XIRECS;9991.0;12
986500;TAKER;;ASH_COATED_OSMIUM;XIRECS;10008.0;2
986600;;TAKER;ASH_COATED_OSMIUM;XIRECS;9992.0;12
987100;TAKER;;INTARIAN_PEPPER_ROOT;XIRECS;11909.0;15
987200;;TAKER;INTARIAN_PEPPER_ROOT;XIRECS;11894.0;4
987200;;TAKER;ASH_COATED_OSMIUM;XIRECS;9992.0;2
987600;TAKER;;INTARIAN_PEPPER_ROOT;XIRECS;11908.0;6
987800;;TAKER;INTARIAN_PEPPER_ROOT;XIRECS;11896.0;4
988100;TAKER;;ASH_COATED_OSMIUM;XIRECS;10009.0;8
988200;TAKER;;INTARIAN_PEPPER_ROOT;XIRECS;11907.0;5
988200;TAKER;;ASH_COATED_OSMIUM;XIRECS;10008.0;14
988400;;TAKER;ASH_COATED_OSMIUM;XIRECS;9988.0;14
988500;;TAKER;ASH_COATED_OSMIUM;XIRECS;9989.0;8
988600;;TAKER;ASH_COATED_OSMIUM;XIRECS;9991.0;2
988700;TAKER;;ASH_COATED_OSMIUM;XIRECS;10009.0;2
988800;;TAKER;INTARIAN_PEPPER_ROOT;XIRECS;11894.0;7
988900;TAKER;;ASH_COATED_OSMIUM;XIRECS;10009.0;5
989000;TAKER;;INTARIAN_PEPPER_ROOT;XIRECS;11908.0;6
989100;;TAKER;ASH_COATED_OSMIUM;XIRECS;9991.0;12
989200;TAKER;;ASH_COATED_OSMIUM;XIRECS;10005.0;6
989300;;TAKER;INTARIAN_PEPPER_ROOT;XIRECS;11893.0;8
989500;;TAKER;INTARIAN_PEPPER_ROOT;XIRECS;11894.0;13
989500;TAKER;;ASH_COATED_OSMIUM;XIRECS;10012.0;14
989700;;TAKER;ASH_COATED_OSMIUM;XIRECS;9988.0;3
989900;TAKER;;INTARIAN_PEPPER_ROOT;XIRECS;11909.0;14
990100;TAKER;;INTARIAN_PEPPER_ROOT;XIRECS;11907.0;5
990200;TAKER;;ASH_COATED_OSMIUM;XIRECS;10010.0;12
990300;;TAKER;ASH_COATED_OSMIUM;XIRECS;9991.0;5
990400;TAKER;;ASH_COATED_OSMIUM;XIRECS;10008.0;11
990500;;TAKER;INTARIAN_PEPPER_ROOT;XIRECS;11895.0;10
990500;;TAKER;ASH_COATED_OSMIUM;XIRECS;9990.0;3
990900;TAKER;;INTARIAN_PEPPER_ROOT;XIRECS;11907.0;15
991000;;TAKER;INTARIAN_PEPPER_ROOT;XIRECS;11893.0;12
991300;TAKER;;ASH_COATED_OSMIUM;XIRECS;10007.0;14
991400;TAKER;;ASH_COATED_OSMIUM;XIRECS;10010.0;10
991500;;TAKER;INTARIAN_PEPPER_ROOT;XIRECS;11894.0;11
991600;;TAKER;ASH_COATED_OSMIUM;XIRECS;9990.0;15
991800;TAKER;;INTARIAN_PEPPER_ROOT;XIRECS;11907.0;7
991900;TAKER;;ASH_COATED_OSMIUM;XIRECS;10008.0;12
992000;TAKER;;INTARIAN_PEPPER_ROOT;XIRECS;11906.0;14
992400;TAKER;;INTARIAN_PEPPER_ROOT;XIRECS;11906.0;7
992800;TAKER;;ASH_COATED_OSMIUM;XIRECS;10013.0;9
993000;TAKER;;INTARIAN_PEPPER_ROOT;XIRECS;11907.0;12
993100;TAKER;;INTARIAN_PEPPER_ROOT;XIRECS;11908.0;9
993200;TAKER;;INTARIAN_PEPPER_ROOT;XIRECS;11907.0;6
993400;;TAKER;ASH_COATED_OSMIUM;XIRECS;9991.0;4
993500;;TAKER;INTARIAN_PEPPER_ROOT;XIRECS;11892.0;15
993700;;TAKER;INTARIAN_PEPPER_ROOT;XIRECS;11893.0;3
994200;TAKER;;INTARIAN_PEPPER_ROOT;XIRECS;11907.0;3
994400;TAKER;;ASH_COATED_OSMIUM;XIRECS;10007.0;9
994900;TAKER;;ASH_COATED_OSMIUM;XIRECS;10006.0;5
995000;;TAKER;ASH_COATED_OSMIUM;XIRECS;9992.0;12
995300;TAKER;;ASH_COATED_OSMIUM;XIRECS;10007.0;13
995800;TAKER;;ASH_COATED_OSMIUM;XIRECS;10006.0;6
996000;TAKER;;INTARIAN_PEPPER_ROOT;XIRECS;11906.0;12
996100;;TAKER;INTARIAN_PEPPER_ROOT;XIRECS;11894.0;3
996600;TAKER;;INTARIAN_PEPPER_ROOT;XIRECS;11906.0;10
997200;;TAKER;INTARIAN_PEPPER_ROOT;XIRECS;11895.0;13
997600;TAKER;;ASH_COATED_OSMIUM;XIRECS;10010.0;14
997700;;TAKER;INTARIAN_PEPPER_ROOT;XIRECS;11893.0;6
997900;TAKER;;ASH_COATED_OSMIUM;XIRECS;10008.0;6
998100;;TAKER;ASH_COATED_OSMIUM;XIRECS;9994.0;14
998200;TAKER;;INTARIAN_PEPPER_ROOT;XIRECS;11908.0;13
998300;TAKER;;ASH_COATED_OSMIUM;XIRECS;10008.0;9
998600;TAKER;;ASH_COATED_OSMIUM;XIRECS;10009.0;8
998800;TAKER;;ASH_COATED_OSMIUM;XIRECS;10007.0;9
999000;;TAKER;ASH_COATED_OSMIUM;XIRECS;9989.0;4
999200;TAKER;;INTARIAN_PEPPER_ROOT;XIRECS;11908.0;13
999400;TAKER;;INTARIAN_PEPPER_ROOT;XIRECS;11908.0;15
999400;TAKER;;ASH_COATED_OSMIUM;XIRECS;10010.0;8
