timestamp;buyer;seller;symbol;currency;price;quantity
200;TAKER;;INTARIAN_PEPPER_ROOT;XIRECS;12005.0;13
500;;TAKER;ASH_COATED_OSMIUM;XIRECS;9992.0;3
700;TAKER;;ASH_COATED_OSMIUM;XIRECS;10009.0;3
800;;TAKER;INTARIAN_PEPPER_ROOT;XIRECS;11992.0;6
900;;TAKER;INTARIAN_PEPPER_ROOT;XIRECS;11992.0;13
1100;TAKER;;ASH_COATED_OSMIUM;XIRECS;10007.0;6
1300;;TAKER;ASH_COATED_OSMIUM;XIRECS;9989.0;9
1400;;TAKER;INTARIAN_PEPPER_ROOT;XIRECS;11994.0;7
1500;;TAKER;ASH_COATED_OSMIUM;XIRECS;9992.0;11
1600;TAKER;;ASH_COATED_OSMIUM;XIRECS;10008.0;15
1700;;TAKER;INTARIAN_PEPPER_ROOT;XIRECS;11991.0;15
1800;TAKER;;INTARIAN_PEPPER_ROOT;XIRECS;12008.0;5
1900;TAKER;;INTARIAN_PEPPER_ROOT;XIRECS;12007.0;12
2100;TAKER;;INTARIAN_PEPPER_ROOT;XIRECS;12006.0;2
2100;;TAKER;ASH_COATED_OSMIUM;XIRECS;9986.0;14
2200;;TAKER;INTARIAN_PEPPER_ROOT;XIRECS;11993.0;11
2500;;TAKER;INTARIAN_PEPPER_ROOT;XIRECS;11992.0;4
2600;TAKER;;INTARIAN_PEPPER_ROOT;XIRECS;12005.0;13
2600;;TAKER;ASH_COATED_OSMIUM;XIRECS;9991.0;15
2700;;TAKER;INTARIAN_PEPPER_ROOT;XIRECS;11994.0;10
2900;;TAKER;ASH_COATED_OSMIUM;XIRECS;9996.0;7
3000;;TAKER;ASH_COATED_OSMIUM;XIRECS;9993.0;14
3200;;TAKER;INTARIAN_PEPPER_ROOT;XIRECS;11992.0;11
3300;;TAKER;ASH_COATED_OSMIUM;XIRECS;9989.0;3
3700;TAKER;;ASH_COATED_OSMIUM;XIRECS;10011.0;10
3800;TAKER;;INTARIAN_PEPPER_ROOT;XIRECS;12006.0;13
3800;;TAKER;ASH_COATED_OSMIUM;XIRECS;9993.0;13
3900;TAKER;;ASH_COATED_OSMIUM;XIRECS;10010.0;7
4300;TAKER;;INTARIAN_PEPPER_ROOT;XIRECS;12007.0;15
4400;TAKER;;ASH_COATED_OSMIUM;XIRECS;10009.0;13
4500;;TAKER;INTARIAN_PEPPER_ROOT;XIRECS;11993.0;5
4500;TAKER;;ASH_COATED_OSMIUM;XIRECS;10012.0;8
4600;;TAKER;INTARIAN_PEPPER_ROOT;XIRECS;11991.0;10
4600;;TAKER;ASH_COATED_OSMIUM;XIRECS;9988.0;7
4700;;TAKER;INTARIAN_PEPPER_ROOT;XIRECS;11994.0;6
4700;;TAKER;ASH_COATED_OSMIUM;XIRECS;9991.0;10
4800;TAKER;;INTARIAN_PEPPER_ROOT;XIRECS;12007.0;7
5000;TAKER;;INTARIAN_PEPPER_ROOT;XIRECS;12006.0;5
5300;TAKER;;ASH_COATED_OSMIUM;XIRECS;10002.0;3
5400;;TAKER;ASH_COATED_OSMIUM;XIRECS;9991.0;5
5900;TAKER;;INTARIAN_PEPPER_ROOT;XIRECS;12007.0;15
6200;TAKER;;INTARIAN_PEPPER_ROOT;XIRECS;12008.0;2
6300;;TAKER;ASH_COATED_OSMIUM;XIRECS;9990.0;15
6400;TAKER;;INTARIAN_PEPPER_ROOT;XIRECS;12008.0;6
6500;TAKER;;INTARIAN_PEPPER_ROOT;XIRECS;12005.0;14
6800;;TAKER;ASH_COATED_OSMIUM;XIRECS;9992.0;9
7000;;TAKER;INTARIAN_PEPPER_ROOT;XIRECS;11992.0;2
7100;;TAKER;ASH_COATED_OSMIUM;XIRECS;9988.0;14
7400;;TAKER;INTARIAN_PEPPER_ROOT;XIRECS;11993.0;8
7900;;TAKER;INTARIAN_PEPPER_ROOT;XIRECS;11994.0;11
7900;;TAKER;ASH_COATED_OSMIUM;XIRECS;9988.0;14
8600;TAKER;;INTARIAN_PEPPER_ROOT;XIRECS;12006.0;8
8700;TAKER;;ASH_COATED_OSMIUM;XIRECS;10011.0;5
8900;;TAKER;INTARIAN_PEPPER_ROOT;XIRECS;11992.0;4
8900;TAKER;;ASH_COATED_OSMIUM;XIRECS;10009.0;5
9000;;TAKER;ASH_COATED_OSMIUM;XIRECS;9991.0;11
9500;TAKER;;ASH_COATED_OSMIUM;XIRECS;10007.0;12
9600;;TAKER;INTARIAN_PEPPER_ROOT;XIRECS;11992.0;8
9700;TAKER;;ASH_COATED_OSMIUM;XIRECS;10008.0;5
10200;;TAKER;ASH_COATED_OSMIUM;XIRECS;9986.0;13
10600;TAKER;;INTARIAN_PEPPER_ROOT;XIRECS;12008.0;3
10600;TAKER;;ASH_COATED_OSMIUM;XIRECS;10015.0;5
10700;;TAKER;INTARIAN_PEPPER_ROOT;XIRECS;11992.0;9
11100;TAKER;;INTARIAN_PEPPER_ROOT;XIRECS;12006.0;5
11300;;TAKER;ASH_COATED_OSMIUM;XIRECS;9990.0;4
11500;TAKER;;INTARIAN_PEPPER_ROOT;XIRECS;12008.0;11
11600;;TAKER;ASH_COATED_OSMIUM;XIRECS;9992.0;6
11900;;TAKER;INTARIAN_PEPPER_ROOT;XIRECS;11991.0;12
12200;TAKER;;ASH_COATED_OSMIUM;XIRECS;10010.0;10
12300;TAKER;;ASH_COATED_OSMIUM;XIRECS;10008.0;12
12600;TAKER;;INTARIAN_PEPPER_ROOT;XIRECS;12007.0;5
12600;TAKER;;ASH_COATED_OSMIUM;XIRECS;10010.0;8
13300;TAKER;;ASH_COATED_OSMIUM;XIRECS;10012.0;6
13900;;TAKER;INTARIAN_PEPPER_ROOT;XIRECS;11993.0;14
14000;TAKER;;INTARIAN_PEPPER_ROOT;XIRECS;12006.0;6
14100;;TAKER;ASH_COATED_OSMIUM;XIRECS;9987.0;8
14200;;TAKER;INTARIAN_PEPPER_ROOT;XIRECS;11995.0;4
14400;TAKER;;ASH_COATED_OSMIUM;XIRECS;10010.0;6
14500;;TAKER;INTARIAN_PEPPER_ROOT;XIRECS;11992.0;2
14700;TAKER;;ASH_COATED_OSMIUM;XIRECS;10011.0;6
15000;TAKER;;ASH_COATED_OSMIUM;XIRECS;10007.0;12
15100;;TAKER;INTARIAN_PEPPER_ROOT;XIRECS;11992.0;8
15100;;TAKER;ASH_COATED_OSMIUM;XIRECS;9990.0;9
15200;;TAKER;ASH_COATED_OSMIUM;XIRECS;9987.0;9
15300;TAKER;;ASH_COATED_OSMIUM;XIRECS;10010.0;2
15400;;TAKER;INTARIAN_PEPPER_ROOT;XIRECS;11991.0;10
15500;;TAKER;ASH_COATED_OSMIUM;XIRECS;9992.0;8
15600;;TAKER;INTARIAN_PEPPER_ROOT;XIRECS;11992.0;13
15600;TAKER;;ASH_COATED_OSMIUM;XIRECS;10011.0;2
15700;;TAKER;ASH_COATED_OSMIUM;XIRECS;9990.0;4
15800;TAKER;;ASH_COATED_OSMIUM;XIRECS;10006.0;8
16000;;TAKER;ASH_COATED_OSMIUM;XIRECS;9991.0;9
16300;;TAKER;ASH_COATED_OSMIUM;XIRECS;9989.0;6
16500;TAKER;;INTARIAN_PEPPER_ROOT;XIRECS;12006.0;5
16700;TAKER;;ASH_COATED_OSMIUM;XIRECS;10008.0;2
16900;TAKER;;ASH_COATED_OSMIUM;XIRECS;10007.0;14
17000;TAKER;;INTARIAN_PEPPER_ROOT;XIRECS;12007.0;6
17200;;TAKER;INTARIAN_PEPPER_ROOT;XIRECS;11991.0;5
17300;TAKER;;ASH_COATED_OSMIUM;XIRECS;10010.0;8
17400;;TAKER;INTARIAN_PEPPER_ROOT;XIRECS;11994.0;6
17400;TAKER;;ASH_COATED_OSMIUM;XIRECS;10008.0;15
18100;;TAKER;INTARIAN_PEPPER_ROOT;XIRECS;11992.0;5
18300;;TAKER;INTARIAN_PEPPER_ROOT;XIRECS;11990.0;11
18300;;TAKER;ASH_COATED_OSMIUM;XIRECS;9988.0;4
18500;TAKER;;ASH_COATED_OSMIUM;XIRECS;10006.0;14
18600;TAKER;;INTARIAN_PEPPER_ROOT;XIRECS;12004.0;11
19000;;TAKER;ASH_COATED_OSMIUM;XIRECS;9989.0;13
19500;TAKER;;ASH_COATED_OSMIUM;XIRECS;10009.0;2
19600;;TAKER;ASH_COATED_OSMIUM;XIRECS;9993.0;5
19700;TAKER;;ASH_COATED_OSMIUM;XIRECS;10009.0;10
19900;TAKER;;INTARIAN_PEPPER_ROOT;XIRECS;12007.0;10
19900;;TAKER;ASH_COATED_OSMIUM;XIRECS;9991.0;13
20100;TAKER;;INTARIAN_PEPPER_ROOT;XIRECS;12008.0;9
20100;TAKER;;ASH_COATED_OSMIUM;XIRECS;10005.0;12
20400;TAKER;;INTARIAN_PEPPER_ROOT;XIRECS;12007.0;6
20400;TAKER;;ASH_COATED_OSMIUM;XIRECS;10012.0;3
20500;;TAKER;ASH_COATED_OSMIUM;XIRECS;9990.0;10
20800;;TAKER;INTARIAN_PEPPER_ROOT;XIRECS;11992.0;13
20800;;TAKER;ASH_COATED_OSMIUM;XIRECS;9993.0;6
21000;TAKER;;INTARIAN_PEPPER_ROOT;XIRECS;12006.0;13
21200;TAKER;;INTARIAN_PEPPER_ROOT;XIRECS;12007.0;11
21300;TAKER;;INTARIAN_PEPPER_ROOT;XIRECS;12008.0;7
21400;TAKER;;ASH_COATED_OSMIUM;XIRECS;10007.0;4
21500;;TAKER;ASH_COATED_OSMIUM;XIRECS;9989.0;4
21900;TAKER;;ASH_COATED_OSMIUM;XIRECS;10008.0;10
22200;;TAKER;INTARIAN_PEPPER_ROOT;XIRECS;11993.0;8
22500;TAKER;;INTARIAN_PEPPER_ROOT;XIRECS;12007.0;2
22500;;TAKER;ASH_COATED_OSMIUM;XIRECS;9991.0;2
22800;TAKER;;ASH_COATED_OSMIUM;XIRECS;10007.0;3
22900;TAKER;;ASH_COATED_OSMIUM;XIRECS;10011.0;14
23000;TAKER;;INTARIAN_PEPPER_ROOT;XIRECS;12005.0;13
23100;TAKER;;ASH_COATED_OSMIUM;XIRECS;10010.0;14
23200;;TAKER;INTARIAN_PEPPER_ROOT;XIRECS;11994.0;4
23300;;TAKER;INTARIAN_PEPPER_ROOT;XIRECS;11994.0;13
23300;;TAKER;ASH_COATED_OSMIUM;XIRECS;9985.0;5
23400;;TAKER;INTARIAN_PEPPER_ROOT;XIRECS;11993.0;3
23500;TAKER;;INTARIAN_PEPPER_ROOT;XIRECS;12004.0;14
23600;;TAKER;INTARIAN_PEPPER_ROOT;XIRECS;11994.0;12
23600;TAKER;;ASH_COATED_OSMIUM;XIRECS;10010.0;11
23700;TAKER;;ASH_COATED_OSMIUM;XIRECS;10009.0;12
23800;;TAKER;INTARIAN_PEPPER_ROOT;XIRECS;11992.0;14
24200;TAKER;;ASH_COATED_OSMIUM;XIRECS;10007.0;8
24800;TAKER;;INTARIAN_PEPPER_ROOT;XIRECS;12009.0;15
25100;TAKER;;ASH_COATED_OSMIUM;XIRECS;10010.0;5
25200;;TAKER;INTARIAN_PEPPER_ROOT;XIRECS;11992.0;4
25400;;TAKER;ASH_COATED_OSMIUM;XIRECS;9987.0;5
25500;;TAKER;ASH_COATED_OSMIUM;XIRECS;9991.0;9
26000;;TAKER;INTARIAN_PEPPER_ROOT;XIRECS;11992.0;11
26100;TAKER;;INTARIAN_PEPPER_ROOT;XIRECS;12007.0;6
26100;;TAKER;ASH_COATED_OSMIUM;XIRECS;9987.0;4
26300;TAKER;;INTARIAN_PEPPER_ROOT;XIRECS;12007.0;6
26500;TAKER;;ASH_COATED_OSMIUM;XIRECS;10009.0;8
26600;TAKER;;ASH_COATED_OSMIUM;XIRECS;10006.0;9
26700;;TAKER;INTARIAN_PEPPER_ROOT;XIRECS;11991.0;14
26700;TAKER;;ASH_COATED_OSMIUM;XIRECS;10005.0;5
26900;TAKER;;ASH_COATED_OSMIUM;XIRECS;10010.0;4
27100;;TAKER;INTARIAN_PEPPER_ROOT;XIRECS;11991.0;5
27200;TAKER;;INTARIAN_PEPPER_ROOT;XIRECS;12007.0;10
27300;;TAKER;ASH_COATED_OSMIUM;XIRECS;9992.0;7
27600;;TAKER;ASH_COATED_OSMIUM;XIRECS;9993.0;6
27800;;TAKER;INTARIAN_PEPPER_ROOT;XIRECS;11993.0;15
27900;TAKER;;INTARIAN_PEPPER_ROOT;XIRECS;12006.0;9
28300;TAKER;;ASH_COATED_OSMIUM;XIRECS;10010.0;8
28500;;TAKER;INTARIAN_PEPPER_ROOT;XIRECS;11993.0;4
28600;TAKER;;INTARIAN_PEPPER_ROOT;XIRECS;12006.0;13
28700;TAKER;;ASH_COATED_OSMIUM;XIRECS;10005.0;6
28900;TAKER;;INTARIAN_PEPPER_ROOT;XIRECS;12007.0;14
28900;;TAKER;ASH_COATED_OSMIUM;XIRECS;9989.0;8
29100;TAKER;;INTARIAN_PEPPER_ROOT;XIRECS;12006.0;4
29100;;TAKER;ASH_COATED_OSMIUM;XIRECS;9989.0;9
29200;;TAKER;INTARIAN_PEPPER_ROOT;XIRECS;11994.0;15
29300;TAKER;;INTARIAN_PEPPER_ROOT;XIRECS;12007.0;9
29500;TAKER;;INTARIAN_PEPPER_ROOT;XIRECS;12006.0;6
29700;TAKER;;INTARIAN_PEPPER_ROOT;XIRECS;12006.0;13
29800;;TAKER;INTARIAN_PEPPER_ROOT;XIRECS;11994.0;11
29900;TAKER;;INTARIAN_PEPPER_ROOT;XIRECS;12008.0;6
29900;;TAKER;ASH_COATED_OSMIUM;XIRECS;9991.0;4
30300;;TAKER;INTARIAN_PEPPER_ROOT;XIRECS;11994.0;6
30400;TAKER;;ASH_COATED_OSMIUM;XIRECS;10007.0;12
30500;TAKER;;ASH_COATED_OSMIUM;XIRECS;10010.0;10
30600;;TAKER;INTARIAN_PEPPER_ROOT;XIRECS;11991.0;7
30600;TAKER;;ASH_COATED_OSMIUM;XIRECS;10011.0;5
31000;TAKER;;INTARIAN_PEPPER_ROOT;XIRECS;12006.0;3
31000;TAKER;;ASH_COATED_OSMIUM;XIRECS;10006.0;11
31100;;TAKER;ASH_COATED_OSMIUM;XIRECS;9991.0;8
31200;TAKER;;INTARIAN_PEPPER_ROOT;XIRECS;12006.0;4
31300;TAKER;;INTARIAN_PEPPER_ROOT;XIRECS;12007.0;12
31600;;TAKER;ASH_COATED_OSMIUM;XIRECS;9992.0;7
31700;;TAKER;INTARIAN_PEPPER_ROOT;XIRECS;11991.0;14
31800;;TAKER;INTARIAN_PEPPER_ROOT;XIRECS;11991.0;13
31900;TAKER;;ASH_COATED_OSMIUM;XIRECS;10008.0;9
32400;TAKER;;INTARIAN_PEPPER_ROOT;XIRECS;12007.0;5
32800;;TAKER;INTARIAN_PEPPER_ROOT;XIRECS;11993.0;7
32900;;TAKER;ASH_COATED_OSMIUM;XIRECS;9992.0;15
33100;TAKER;;INTARIAN_PEPPER_ROOT;XIRECS;12007.0;2
33100;TAKER;;ASH_COATED_OSMIUM;XIRECS;10012.0;15
33300;TAKER;;ASH_COATED_OSMIUM;XIRECS;10010.0;3
33400;TAKER;;ASH_COATED_OSMIUM;XIRECS;10002.0;11
33700;TAKER;;INTARIAN_PEPPER_ROOT;XIRECS;12008.0;2
33700;TAKER;;ASH_COATED_OSMIUM;XIRECS;10009.0;3
33800;;TAKER;ASH_COATED_OSMIUM;XIRECS;9991.0;7
34100;;TAKER;INTARIAN_PEPPER_ROOT;XIRECS;11993.0;13
34200;TAKER;;ASH_COATED_OSMIUM;XIRECS;10006.0;12
34400;;TAKER;INTARIAN_PEPPER_ROOT;XIRECS;11995.0;9
34700;;TAKER;INTARIAN_PEPPER_ROOT;XIRECS;11993.0;5
34700;TAKER;;ASH_COATED_OSMIUM;XIRECS;10007.0;12
34800;;TAKER;ASH_COATED_OSMIUM;XIRECS;9992.0;5
34900;;TAKER;INTARIAN_PEPPER_ROOT;XIRECS;11994.0;6
35400;;TAKER;INTARIAN_PEPPER_ROOT;XIRECS;11993.0;10
35900;;TAKER;INTARIAN_PEPPER_ROOT;XIRECS;11993.0;15
36000;;TAKER;ASH_COATED_OSMIUM;XIRECS;9991.0;13
36300;TAKER;;ASH_COATED_OSMIUM;XIRECS;10008.0;13
36700;;TAKER;INTARIAN_PEPPER_ROOT;XIRECS;11992.0;8
36900;;TAKER;INTARIAN_PEPPER_ROOT;XIRECS;11992.0;4
37000;TAKER;;ASH_COATED_OSMIUM;XIRECS;10008.0;3
37400;;TAKER;ASH_COATED_OSMIUM;XIRECS;9995.0;6
37600;TAKER;;INTARIAN_PEPPER_ROOT;XIRECS;12005.0;14
37900;TAKER;;ASH_COATED_OSMIUM;XIRECS;10010.0;2
38100;;TAKER;INTARIAN_PEPPER_ROOT;XIRECS;11991.0;13
38100;TAKER;;ASH_COATED_OSMIUM;XIRECS;10009.0;10
38200;;TAKER;ASH_COATED_OSMIUM;XIRECS;9992.0;4
38300;;TAKER;INTARIAN_PEPPER_ROOT;XIRECS;11993.0;14
38300;TAKER;;ASH_COATED_OSMIUM;XIRECS;10009.0;4
38400;;TAKER;ASH_COATED_OSMIUM;XIRECS;9990.0;11
38500;;TAKER;ASH_COATED_OSMIUM;XIRECS;9994.0;10
38600;TAKER;;ASH_COATED_OSMIUM;XIRECS;10008.0;12
38800;TAKER;;ASH_COATED_OSMIUM;XIRECS;10010.0;2
38900;;TAKER;INTARIAN_PEPPER_ROOT;XIRECS;11994.0;12
39000;;TAKER;ASH_COATED_OSMIUM;XIRECS;9990.0;11
39100;TAKER;;INTARIAN_PEPPER_ROOT;XIRECS;12006.0;4
39100;TAKER;;ASH_COATED_OSMIUM;XIRECS;10008.0;14
39500;;TAKER;INTARIAN_PEPPER_ROOT;XIRECS;11993.0;15
39600;TAKER;;INTARIAN_PEPPER_ROOT;XIRECS;12006.0;10
39700;TAKER;;ASH_COATED_OSMIUM;XIRECS;10005.0;4
40300;;TAKER;ASH_COATED_OSMIUM;XIRECS;9990.0;8
40500;TAKER;;INTARIAN_PEPPER_ROOT;XIRECS;12007.0;7
40700;TAKER;;ASH_COATED_OSMIUM;XIRECS;10010.0;11
40800;;TAKER;INTARIAN_PEPPER_ROOT;XIRECS;11991.0;8
40800;;TAKER;ASH_COATED_OSMIUM;XIRECS;9989.0;15
40900;TAKER;;ASH_COATED_OSMIUM;XIRECS;10008.0;6
41400;TAKER;;ASH_COATED_OSMIUM;XIRECS;10013.0;12
41500;;TAKER;ASH_COATED_OSMIUM;XIRECS;9988.0;9
41600;;TAKER;INTARIAN_PEPPER_ROOT;XIRECS;11995.0;5
41800;TAKER;;ASH_COATED_OSMIUM;XIRECS;10009.0;12
42100;TAKER;;ASH_COATED_OSMIUM;XIRECS;10008.0;15
42400;TAKER;;INTARIAN_PEPPER_ROOT;XIRECS;12006.0;5
42500;;TAKER;ASH_COATED_OSMIUM;XIRECS;9988.0;10
42900;;TAKER;INTARIAN_PEPPER_ROOT;XIRECS;11994.0;6
43100;TAKER;;INTARIAN_PEPPER_ROOT;XIRECS;12006.0;15
43200;TAKER;;INTARIAN_PEPPER_ROOT;XIRECS;12007.0;2
43200;TAKER;;ASH_COATED_OSMIUM;XIRECS;10007.0;7
43400;TAKER;;ASH_COATED_OSMIUM;XIRECS;10009.0;2
43600;TAKER;;INTARIAN_PEPPER_ROOT;XIRECS;12005.0;4
43800;;TAKER;ASH_COATED_OSMIUM;XIRECS;9988.0;6
44100;;TAKER;INTARIAN_PEPPER_ROOT;XIRECS;11992.0;6
44100;TAKER;;ASH_COATED_OSMIUM;XIRECS;10004.0;7
44400;;TAKER;ASH_COATED_OSMIUM;XIRECS;9992.0;7
44600;;TAKER;ASH_COATED_OSMIUM;XIRECS;9987.0;14
44900;;TAKER;ASH_COATED_OSMIUM;XIRECS;9992.0;9
45100;TAKER;;ASH_COATED_OSMIUM;XIRECS;10007.0;4
45300;;TAKER;INTARIAN_PEPPER_ROOT;XIRECS;11992.0;14
45400;TAKER;;INTARIAN_PEPPER_ROOT;XIRECS;12006.0;4
45500;;TAKER;ASH_COATED_OSMIUM;XIRECS;9992.0;13
45700;;TAKER;INTARIAN_PEPPER_ROOT;XIRECS;11992.0;11
45800;TAKER;;ASH_COATED_OSMIUM;XIRECS;10010.0;11
45900;;TAKER;INTARIAN_PEPPER_ROOT;XIRECS;11993.0;13
45900;TAKER;;ASH_COATED_OSMIUM;XIRECS;10006.0;13
46000;;TAKER;INTARIAN_PEPPER_ROOT;XIRECS;11993.0;3
46400;TAKER;;INTARIAN_PEPPER_ROOT;XIRECS;12007.0;6
46600;;TAKER;ASH_COATED_OSMIUM;XIRECS;9990.0;4
46700;;TAKER;ASH_COATED_OSMIUM;XIRECS;9991.0;13
46900;;TAKER;ASH_COATED_OSMIUM;XIRECS;9991.0;10
47000;TAKER;;ASH_COATED_OSMIUM;XIRECS;10010.0;2
47100;TAKER;;INTARIAN_PEPPER_ROOT;XIRECS;12007.0;15
47200;;TAKER;ASH_COATED_OSMIUM;XIRECS;9990.0;12
47300;TAKER;;INTARIAN_PEPPER_ROOT;XIRECS;12007.0;11
47400;TAKER;;INTARIAN_PEPPER_ROOT;XIRECS;12007.0;2
47400;;TAKER;ASH_COATED_OSMIUM;XIRECS;9994.0;15
47600;;TAKER;ASH_COATED_OSMIUM;XIRECS;9992.0;2
47700;;TAKER;INTARIAN_PEPPER_ROOT;XIRECS;11994.0;2
47800;;TAKER;INTARIAN_PEPPER_ROOT;XIRECS;11995.0;9
47800;;TAKER;ASH_COATED_OSMIUM;XIRECS;9990.0;13
48100;;TAKER;INTARIAN_PEPPER_ROOT;XIRECS;11992.0;14
48300;;TAKER;INTARIAN_PEPPER_ROOT;XIRECS;11994.0;9
48700;TAKER;;ASH_COATED_OSMIUM;XIRECS;10007.0;4
49000;TAKER;;INTARIAN_PEPPER_ROOT;XIRECS;12005.0;14
49000;;TAKER;ASH_COATED_OSMIUM;XIRECS;9990.0;5
49100;TAKER;;INTARIAN_PEPPER_ROOT;XIRECS;12007.0;5
49200;;TAKER;INTARIAN_PEPPER_ROOT;XIRECS;11995.0;10
49200;TAKER;;ASH_COATED_OSMIUM;XIRECS;10007.0;13
49400;;TAKER;INTARIAN_PEPPER_ROOT;XIRECS;11991.0;15
49400;;TAKER;ASH_COATED_OSMIUM;XIRECS;9992.0;10
49500;;TAKER;INTARIAN_PEPPER_ROOT;XIRECS;11992.0;15
49500;TAKER;;ASH_COATED_OSMIUM;XIRECS;10005.0;8
49600;TAKER;;INTARIAN_PEPPER_ROOT;XIRECS;12006.0;2
49700;;TAKER;INTARIAN_PEPPER_ROOT;XIRECS;11992.0;10
49700;TAKER;;ASH_COATED_OSMIUM;XIRECS;10007.0;3
49800;TAKER;;INTARIAN_PEPPER_ROOT;XIRECS;12006.0;9
50100;;TAKER;INTARIAN_PEPPER_ROOT;XIRECS;11991.0;12
50100;;TAKER;ASH_COATED_OSMIUM;XIRECS;9991.0;5
50200;TAKER;;INTARIAN_PEPPER_ROOT;XIRECS;12007.0;4
50700;TAKER;;INTARIAN_PEPPER_ROOT;XIRECS;12005.0;2
50700;;TAKER;ASH_COATED_OSMIUM;XIRECS;9992.0;11
50800;TAKER;;INTARIAN_PEPPER_ROOT;XIRECS;12004.0;6
50900;;TAKER;ASH_COATED_OSMIUM;XIRECS;9990.0;2
51100;TAKER;;ASH_COATED_OSMIUM;XIRECS;10012.0;2
51300;TAKER;;INTARIAN_PEPPER_ROOT;XIRECS;12005.0;11
51300;TAKER;;ASH_COATED_OSMIUM;XIRECS;10009.0;2
51500;;TAKER;INTARIAN_PEPPER_ROOT;XIRECS;11995.0;10
51600;;TAKER;INTARIAN_PEPPER_ROOT;XIRECS;11994.0;4
52000;;TAKER;INTARIAN_PEPPER_ROOT;XIRECS;11990.0;13
52200;TAKER;;INTARIAN_PEPPER_ROOT;XIRECS;12007.0;2
52300;TAKER;;INTARIAN_PEPPER_ROOT;XIRECS;12007.0;2
52400;;TAKER;INTARIAN_PEPPER_ROOT;XIRECS;11992.0;13
52500;TAKER;;INTARIAN_PEPPER_ROOT;XIRECS;12008.0;14
52500;TAKER;;ASH_COATED_OSMIUM;XIRECS;10009.0;3
52600;;TAKER;ASH_COATED_OSMIUM;XIRECS;9993.0;11
52700;;TAKER;INTARIAN_PEPPER_ROOT;XIRECS;11990.0;6
52700;;TAKER;ASH_COATED_OSMIUM;XIRECS;9991.0;11
52800;;TAKER;INTARIAN_PEPPER_ROOT;XIRECS;11992.0;7
53100;;TAKER;INTARIAN_PEPPER_ROOT;XIRECS;11991.0;4
53400;TAKER;;INTARIAN_PEPPER_ROOT;XIRECS;12008.0;11
53500;;TAKER;INTARIAN_PEPPER_ROOT;XIRECS;11993.0;13
53900;;TAKER;ASH_COATED_OSMIUM;XIRECS;9988.0;12
54000;TAKER;;ASH_COATED_OSMIUM;XIRECS;10007.0;10
54200;;TAKER;INTARIAN_PEPPER_ROOT;XIRECS;11993.0;11
54300;;TAKER;ASH_COATED_OSMIUM;XIRECS;9994.0;8
54400;TAKER;;INTARIAN_PEPPER_ROOT;XIRECS;12006.0;14
54600;;TAKER;INTARIAN_PEPPER_ROOT;XIRECS;11994.0;13
54600;TAKER;;ASH_COATED_OSMIUM;XIRECS;10009.0;5
54700;;TAKER;INTARIAN_PEPPER_ROOT;XIRECS;11991.0;2
54800;TAKER;;INTARIAN_PEPPER_ROOT;XIRECS;12007.0;12
54900;;TAKER;INTARIAN_PEPPER_ROOT;XIRECS;11993.0;9
55300;;TAKER;ASH_COATED_OSMIUM;XIRECS;9991.0;8
55600;TAKER;;ASH_COATED_OSMIUM;XIRECS;10006.0;7
55700;TAKER;;INTARIAN_PEPPER_ROOT;XIRECS;12009.0;5
55800;TAKER;;ASH_COATED_OSMIUM;XIRECS;10007.0;6
55900;;TAKER;INTARIAN_PEPPER_ROOT;XIRECS;11992.0;11
56100;TAKER;;ASH_COATED_OSMIUM;XIRECS;10009.0;12
56300;;TAKER;ASH_COATED_OSMIUM;XIRECS;9991.0;8
56400;;TAKER;INTARIAN_PEPPER_ROOT;XIRECS;11994.0;8
56400;TAKER;;ASH_COATED_OSMIUM;XIRECS;10010.0;9
56500;;TAKER;INTARIAN_PEPPER_ROOT;XIRECS;11992.0;14
56700;TAKER;;ASH_COATED_OSMIUM;XIRECS;10008.0;2
56800;TAKER;;ASH_COATED_OSMIUM;XIRECS;10008.0;12
57000;;TAKER;INTARIAN_PEPPER_ROOT;XIRECS;11991.0;10
57000;;TAKER;ASH_COATED_OSMIUM;XIRECS;9989.0;9
57100;TAKER;;INTARIAN_PEPPER_ROOT;XIRECS;12006.0;10
57100;;TAKER;ASH_COATED_OSMIUM;XIRECS;9988.0;15
57600;TAKER;;INTARIAN_PEPPER_ROOT;XIRECS;12007.0;7
57600;TAKER;;ASH_COATED_OSMIUM;XIRECS;10003.0;7
57700;;TAKER;ASH_COATED_OSMIUM;XIRECS;9989.0;15
57900;TAKER;;INTARIAN_PEPPER_ROOT;XIRECS;12005.0;2
58000;;TAKER;INTARIAN_PEPPER_ROOT;XIRECS;11993.0;12
58100;TAKER;;ASH_COATED_OSMIUM;XIRECS;10007.0;3
58200;;TAKER;INTARIAN_PEPPER_ROOT;XIRECS;11990.0;14
58300;TAKER;;ASH_COATED_OSMIUM;XIRECS;10009.0;4
58500;TAKER;;INTARIAN_PEPPER_ROOT;XIRECS;12008.0;9
58700;TAKER;;INTARIAN_PEPPER_ROOT;XIRECS;12007.0;3
58900;;TAKER;ASH_COATED_OSMIUM;XIRECS;9991.0;2
59000;TAKER;;INTARIAN_PEPPER_ROOT;XIRECS;12007.0;4
59100;;TAKER;INTARIAN_PEPPER_ROOT;XIRECS;11992.0;7
59600;TAKER;;ASH_COATED_OSMIUM;XIRECS;10012.0;14
59700;;TAKER;ASH_COATED_OSMIUM;XIRECS;9994.0;12
59800;TAKER;;ASH_COATED_OSMIUM;XIRECS;10011.0;4
59900;;TAKER;ASH_COATED_OSMIUM;XIRECS;9989.0;10
60300;;TAKER;INTARIAN_PEPPER_ROOT;XIRECS;11992.0;14
60500;TAKER;;INTARIAN_PEPPER_ROOT;XIRECS;12007.0;14
60500;;TAKER;ASH_COATED_OSMIUM;XIRECS;9987.0;8
60700;;TAKER;INTARIAN_PEPPER_ROOT;XIRECS;11993.0;10
60700;;TAKER;ASH_COATED_OSMIUM;XIRECS;9989.0;7
60800;;TAKER;INTARIAN_PEPPER_ROOT;XIRECS;11994.0;4
60900;;TAKER;INTARIAN_PEPPER_ROOT;XIRECS;11994.0;10
61300;;TAKER;INTARIAN_PEPPER_ROOT;XIRECS;11993.0;2
61400;;TAKER;ASH_COATED_OSMIUM;XIRECS;9989.0;13
61700;TAKER;;INTARIAN_PEPPER_ROOT;XIRECS;12008.0;10
62200;TAKER;;ASH_COATED_OSMIUM;XIRECS;10006.0;6
62300;;TAKER;INTARIAN_PEPPER_ROOT;XIRECS;11994.0;12
62500;TAKER;;INTARIAN_PEPPER_ROOT;XIRECS;12007.0;10
62500;TAKER;;ASH_COATED_OSMIUM;XIRECS;10009.0;13
62600;;TAKER;INTARIAN_PEPPER_ROOT;XIRECS;11991.0;14
62700;TAKER;;ASH_COATED_OSMIUM;XIRECS;10006.0;11
63100;TAKER;;INTARIAN_PEPPER_ROOT;XIRECS;12008.0;14
63600;;TAKER;INTARIAN_PEPPER_ROOT;XIRECS;11995.0;3
63700;TAKER;;INTARIAN_PEPPER_ROOT;XIRECS;12007.0;14
63800;;TAKER;INTARIAN_PEPPER_ROOT;XIRECS;11993.0;14
64300;;TAKER;ASH_COATED_OSMIUM;XIRECS;9994.0;15
64500;;TAKER;ASH_COATED_OSMIUM;XIRECS;9990.0;9
64900;TAKER;;INTARIAN_PEPPER_ROOT;XIRECS;12007.0;10
65100;;TAKER;ASH_COATED_OSMIUM;XIRECS;9992.0;7
65400;;TAKER;INTARIAN_PEPPER_ROOT;XIRECS;11993.0;9
65400;TAKER;;ASH_COATED_OSMIUM;XIRECS;10008.0;3
65500;TAKER;;ASH_COATED_OSMIUM;XIRECS;10009.0;7
65600;;TAKER;ASH_COATED_OSMIUM;XIRECS;9991.0;3
65700;;TAKER;ASH_COATED_OSMIUM;XIRECS;9992.0;10
66200;TAKER;;INTARIAN_PEPPER_ROOT;XIRECS;12005.0;15
66200;TAKER;;ASH_COATED_OSMIUM;XIRECS;10007.0;11
66300;TAKER;;ASH_COATED_OSMIUM;XIRECS;10011.0;15
66400;;TAKER;ASH_COATED_OSMIUM;XIRECS;9989.0;10
66700;;TAKER;ASH_COATED_OSMIUM;XIRECS;9994.0;15
66800;TAKER;;INTARIAN_PEPPER_ROOT;XIRECS;12008.0;13
66900;TAKER;;ASH_COATED_OSMIUM;XIRECS;10007.0;9
67000;TAKER;;INTARIAN_PEPPER_ROOT;XIRECS;12007.0;4
67000;TAKER;;ASH_COATED_OSMIUM;XIRECS;10010.0;12
67200;TAKER;;INTARIAN_PEPPER_ROOT;XIRECS;12005.0;7
67200;TAKER;;ASH_COATED_OSMIUM;XIRECS;10006.0;10
67300;TAKER;;INTARIAN_PEPPER_ROOT;XIRECS;12007.0;11
67400;TAKER;;INTARIAN_PEPPER_ROOT;XIRECS;12004.0;5
67400;TAKER;;ASH_COATED_OSMIUM;XIRECS;10008.0;2
67600;;TAKER;INTARIAN_PEPPER_ROOT;XIRECS;11993.0;14
67600;TAKER;;ASH_COATED_OSMIUM;XIRECS;10012.0;7
68000;;TAKER;ASH_COATED_OSMIUM;XIRECS;9988.0;2
68100;TAKER;;ASH_COATED_OSMIUM;XIRECS;10008.0;10
68800;TAKER;;ASH_COATED_OSMIUM;XIRECS;10010.0;15
69100;;TAKER;ASH_COATED_OSMIUM;XIRECS;9990.0;3
69300;;TAKER;INTARIAN_PEPPER_ROOT;XIRECS;11991.0;10
69400;TAKER;;INTARIAN_PEPPER_ROOT;XIRECS;12007.0;8
69600;TAKER;;ASH_COATED_OSMIUM;XIRECS;10009.0;13
69700;TAKER;;ASH_COATED_OSMIUM;XIRECS;10011.0;14
70100;;TAKER;INTARIAN_PEPPER_ROOT;XIRECS;11991.0;5
70100;TAKER;;ASH_COATED_OSMIUM;XIRECS;10008.0;15
70200;;TAKER;INTARIAN_PEPPER_ROOT;XIRECS;11992.0;14
70500;;TAKER;ASH_COATED_OSMIUM;XIRECS;9986.0;13
70600;;TAKER;INTARIAN_PEPPER_ROOT;XIRECS;11992.0;13
70600;TAKER;;ASH_COATED_OSMIUM;XIRECS;10007.0;5
70800;TAKER;;ASH_COATED_OSMIUM;XIRECS;10011.0;7
70900;TAKER;;INTARIAN_PEPPER_ROOT;XIRECS;12005.0;7
71000;;TAKER;INTARIAN_PEPPER_ROOT;XIRECS;11995.0;6
71100;TAKER;;ASH_COATED_OSMIUM;XIRECS;10006.0;15
71200;;TAKER;ASH_COATED_OSMIUM;XIRECS;9992.0;11
71600;TAKER;;INTARIAN_PEPPER_ROOT;XIRECS;12007.0;7
71800;;TAKER;INTARIAN_PEPPER_ROOT;XIRECS;11992.0;15
71800;;TAKER;ASH_COATED_OSMIUM;XIRECS;9990.0;12
72000;;TAKER;ASH_COATED_OSMIUM;XIRECS;9990.0;7
72200;TAKER;;INTARIAN_PEPPER_ROOT;XIRECS;12005.0;10
72400;;TAKER;INTARIAN_PEPPER_ROOT;XIRECS;11993.0;5
72400;TAKER;;ASH_COATED_OSMIUM;XIRECS;10009.0;12
72500;;TAKER;ASH_COATED_OSMIUM;XIRECS;9992.0;12
72600;;TAKER;INTARIAN_PEPPER_ROOT;XIRECS;11990.0;7
72600;;TAKER;ASH_COATED_OSMIUM;XIRECS;9989.0;5
72800;;TAKER;ASH_COATED_OSMIUM;XIRECS;9990.0;7
73100;;TAKER;INTARIAN_PEPPER_ROOT;XIRECS;11994.0;14
73200;TAKER;;INTARIAN_PEPPER_ROOT;XIRECS;12009.0;4
73200;TAKER;;ASH_COATED_OSMIUM;XIRECS;10009.0;6
73400;TAKER;;INTARIAN_PEPPER_ROOT;XIRECS;12006.0;8
73400;TAKER;;ASH_COATED_OSMIUM;XIRECS;10007.0;9
73600;;TAKER;ASH_COATED_OSMIUM;XIRECS;9989.0;15
73700;;TAKER;ASH_COATED_OSMIUM;XIRECS;9991.0;15
73800;;TAKER;ASH_COATED_OSMIUM;XIRECS;9993.0;11
73900;;TAKER;INTARIAN_PEPPER_ROOT;XIRECS;11992.0;15
74000;TAKER;;ASH_COATED_OSMIUM;XIRECS;10010.0;8
74400;;TAKER;INTARIAN_PEPPER_ROOT;XIRECS;11992.0;9
74700;TAKER;;ASH_COATED_OSMIUM;XIRECS;10006.0;13
74900;TAKER;;INTARIAN_PEPPER_ROOT;XIRECS;12007.0;11
74900;TAKER;;ASH_COATED_OSMIUM;XIRECS;10010.0;7
75100;;TAKER;ASH_COATED_OSMIUM;XIRECS;9991.0;13
75200;TAKER;;ASH_COATED_OSMIUM;XIRECS;10009.0;13
75400;;TAKER;INTARIAN_PEPPER_ROOT;XIRECS;11993.0;13
75600;TAKER;;INTARIAN_PEPPER_ROOT;XIRECS;12005.0;15
75600;;TAKER;ASH_COATED_OSMIUM;XIRECS;9990.0;2
75900;TAKER;;ASH_COATED_OSMIUM;XIRECS;10010.0;13
76000;;TAKER;ASH_COATED_OSMIUM;XIRECS;9987.0;13
76100;TAKER;;ASH_COATED_OSMIUM;XIRECS;10013.0;8
76200;TAKER;;ASH_COATED_OSMIUM;XIRECS;10008.0;4
76300;TAKER;;INTARIAN_PEPPER_ROOT;XIRECS;12007.0;5
76400;TAKER;;ASH_COATED_OSMIUM;XIRECS;10009.0;10
76500;TAKER;;INTARIAN_PEPPER_ROOT;XIRECS;12006.0;5
76500;;TAKER;ASH_COATED_OSMIUM;XIRECS;9992.0;14
76700;;TAKER;INTARIAN_PEPPER_ROOT;XIRECS;11992.0;14
76800;;TAKER;INTARIAN_PEPPER_ROOT;XIRECS;11993.0;15
76800;;TAKER;ASH_COATED_OSMIUM;XIRECS;9992.0;11
76900;TAKER;;INTARIAN_PEPPER_ROOT;XIRECS;12006.0;4
77000;TAKER;;ASH_COATED_OSMIUM;XIRECS;10008.0;10
77100;;TAKER;ASH_COATED_OSMIUM;XIRECS;9990.0;15
77200;TAKER;;ASH_COATED_OSMIUM;XIRECS;10009.0;7
77300;;TAKER;ASH_COATED_OSMIUM;XIRECS;9992.0;12
77400;TAKER;;INTARIAN_PEPPER_ROOT;XIRECS;12007.0;11
77600;TAKER;;INTARIAN_PEPPER_ROOT;XIRECS;12007.0;3
77800;TAKER;;INTARIAN_PEPPER_ROOT;XIRECS;12007.0;15
77800;TAKER;;ASH_COATED_OSMIUM;XIRECS;10007.0;8
78100;;TAKER;ASH_COATED_OSMIUM;XIRECS;9989.0;12
78200;TAKER;;INTARIAN_PEPPER_ROOT;XIRECS;12008.0;6
78300;TAKER;;INTARIAN_PEPPER_ROOT;XIRECS;12006.0;14
78400;;TAKER;INTARIAN_PEPPER_ROOT;XIRECS;11992.0;10
78500;TAKER;;INTARIAN_PEPPER_ROOT;XIRECS;12004.0;10
78500;TAKER;;ASH_COATED_OSMIUM;XIRECS;10011.0;9
78700;TAKER;;ASH_COATED_OSMIUM;XIRECS;10009.0;13
78800;;TAKER;INTARIAN_PEPPER_ROOT;XIRECS;11990.0;13
79100;TAKER;;ASH_COATED_OSMIUM;XIRECS;10010.0;2
79300;;TAKER;INTARIAN_PEPPER_ROOT;XIRECS;11992.0;14
79600;TAKER;;ASH_COATED_OSMIUM;XIRECS;10004.0;13
80000;;TAKER;INTARIAN_PEPPER_ROOT;XIRECS;11992.0;15
80100;;TAKER;INTARIAN_PEPPER_ROOT;XIRECS;11993.0;15
80200;TAKER;;INTARIAN_PEPPER_ROOT;XIRECS;12006.0;4
80200;TAKER;;ASH_COATED_OSMIUM;XIRECS;10006.0;4
80400;TAKER;;ASH_COATED_OSMIUM;XIRECS;10007.0;12
80500;TAKER;;ASH_COATED_OSMIUM;XIRECS;10008.0;15
80800;;TAKER;ASH_COATED_OSMIUM;XIRECS;9989.0;4
81200;TAKER;;ASH_COATED_OSMIUM;XIRECS;10007.0;11
81500;;TAKER;INTARIAN_PEPPER_ROOT;XIRECS;11990.0;8
82300;TAKER;;ASH_COATED_OSMIUM;XIRECS;10007.0;7
82500;TAKER;;INTARIAN_PEPPER_ROOT;XIRECS;12004.0;13
82600;TAKER;;INTARIAN_PEPPER_ROOT;XIRECS;12008.0;3
82800;;TAKER;INTARIAN_PEPPER_ROOT;XIRECS;11995.0;6
82800;TAKER;;ASH_COATED_OSMIUM;XIRECS;10010.0;8
83000;TAKER;;ASH_COATED_OSMIUM;XIRECS;10010.0;14
83100;TAKER;;ASH_COATED_OSMIUM;XIRECS;10011.0;2
83200;TAKER;;ASH_COATED_OSMIUM;XIRECS;10010.0;10
83300;;TAKER;INTARIAN_PEPPER_ROOT;XIRECS;11994.0;11
83400;TAKER;;ASH_COATED_OSMIUM;XIRECS;10005.0;14
83500;;TAKER;INTARIAN_PEPPER_ROOT;XIRECS;11993.0;3
83600;TAKER;;ASH_COATED_OSMIUM;XIRECS;10012.0;12
83700;TAKER;;INTARIAN_PEPPER_ROOT;XIRECS;12009.0;2
83700;TAKER;;ASH_COATED_OSMIUM;XIRECS;10012.0;8
83900;TAKER;;INTARIAN_PEPPER_ROOT;XIRECS;12007.0;8
84300;;TAKER;ASH_COATED_OSMIUM;XIRECS;9994.0;5
84700;TAKER;;INTARIAN_PEPPER_ROOT;XIRECS;12007.0;8
84700;TAKER;;ASH_COATED_OSMIUM;XIRECS;10009.0;13
84900;TAKER;;INTARIAN_PEPPER_ROOT;XIRECS;12007.0;4
84900;;TAKER;ASH_COATED_OSMIUM;XIRECS;9988.0;12
85100;;TAKER;ASH_COATED_OSMIUM;XIRECS;9991.0;4
85700;;TAKER;INTARIAN_PEPPER_ROOT;XIRECS;11994.0;13
85700;TAKER;;ASH_COATED_OSMIUM;XIRECS;10005.0;15
85900;;TAKER;INTARIAN_PEPPER_ROOT;XIRECS;11993.0;5
85900;;TAKER;ASH_COATED_OSMIUM;XIRECS;9990.0;3
86100;TAKER;;ASH_COATED_OSMIUM;XIRECS;10011.0;2
86200;;TAKER;INTARIAN_PEPPER_ROOT;XIRECS;11992.0;11
86300;TAKER;;INTARIAN_PEPPER_ROOT;XIRECS;12006.0;6
86400;TAKER;;ASH_COATED_OSMIUM;XIRECS;10005.0;8
86600;TAKER;;INTARIAN_PEPPER_ROOT;XIRECS;12007.0;7
86900;TAKER;;INTARIAN_PEPPER_ROOT;XIRECS;12009.0;5
87000;;TAKER;INTARIAN_PEPPER_ROOT;XIRECS;11992.0;10
87100;TAKER;;INTARIAN_PEPPER_ROOT;XIRECS;12007.0;3
87100;TAKER;;ASH_COATED_OSMIUM;XIRECS;10006.0;2
87400;TAKER;;ASH_COATED_OSMIUM;XIRECS;10009.0;8
87500;;TAKER;ASH_COATED_OSMIUM;XIRECS;9991.0;6
87600;TAKER;;INTARIAN_PEPPER_ROOT;XIRECS;12008.0;7
87600;;TAKER;ASH_COATED_OSMIUM;XIRECS;9990.0;15
87800;;TAKER;ASH_COATED_OSMIUM;XIRECS;9989.0;7
87900;TAKER;;ASH_COATED_OSMIUM;XIRECS;10010.0;10
88000;TAKER;;INTARIAN_PEPPER_ROOT;XIRECS;12007.0;13
88200;;TAKER;INTARIAN_PEPPER_ROOT;XIRECS;11993.0;6
88200;TAKER;;ASH_COATED_OSMIUM;XIRECS;10009.0;15
88300;;TAKER;ASH_COATED_OSMIUM;XIRECS;9987.0;11
88400;;TAKER;INTARIAN_PEPPER_ROOT;XIRECS;11993.0;11
88400;;TAKER;ASH_COATED_OSMIUM;XIRECS;9989.0;4
88900;TAKER;;INTARIAN_PEPPER_ROOT;XIRECS;12006.0;14
89000;;TAKER;ASH_COATED_OSMIUM;XIRECS;9990.0;14
89100;;TAKER;INTARIAN_PEPPER_ROOT;XIRECS;11991.0;3
89300;TAKER;;INTARIAN_PEPPER_ROOT;XIRECS;12006.0;14
89400;TAKER;;INTARIAN_PEPPER_ROOT;XIRECS;12007.0;4
89700;TAKER;;INTARIAN_PEPPER_ROOT;XIRECS;12006.0;2
89900;;TAKER;INTARIAN_PEPPER_ROOT;XIRECS;11993.0;7
90000;TAKER;;ASH_COATED_OSMIUM;XIRECS;10009.0;7
90100;;TAKER;INTARIAN_PEPPER_ROOT;XIRECS;11994.0;9
90200;TAKER;;INTARIAN_PEPPER_ROOT;XIRECS;12007.0;13
90300;TAKER;;INTARIAN_PEPPER_ROOT;XIRECS;12007.0;2
90400;;TAKER;ASH_COATED_OSMIUM;XIRECS;9990.0;2
90500;;TAKER;ASH_COATED_OSMIUM;XIRECS;9991.0;3
90600;TAKER;;ASH_COATED_OSMIUM;XIRECS;10008.0;5
90700;TAKER;;INTARIAN_PEPPER_ROOT;XIRECS;12006.0;15
90800;;TAKER;INTARIAN_PEPPER_ROOT;XIRECS;11991.0;14
90900;TAKER;;INTARIAN_PEPPER_ROOT;XIRECS;12007.0;11
91100;TAKER;;INTARIAN_PEPPER_ROOT;XIRECS;12005.0;2
91100;;TAKER;ASH_COATED_OSMIUM;XIRECS;9988.0;7
91300;TAKER;;INTARIAN_PEPPER_ROOT;XIRECS;12006.0;9
91300;;TAKER;ASH_COATED_OSMIUM;XIRECS;9989.0;14
91500;TAKER;;ASH_COATED_OSMIUM;XIRECS;10009.0;15
91600;TAKER;;INTARIAN_PEPPER_ROOT;XIRECS;12006.0;3
91600;;TAKER;ASH_COATED_OSMIUM;XIRECS;9992.0;9
91700;;TAKER;INTARIAN_PEPPER_ROOT;XIRECS;11994.0;8
91700;TAKER;;ASH_COATED_OSMIUM;XIRECS;10007.0;15
91800;;TAKER;INTARIAN_PEPPER_ROOT;XIRECS;11991.0;6
91900;;TAKER;ASH_COATED_OSMIUM;XIRECS;9989.0;15
92000;TAKER;;INTARIAN_PEPPER_ROOT;XIRECS;12006.0;8
92200;;TAKER;INTARIAN_PEPPER_ROOT;XIRECS;11994.0;7
92400;;TAKER;ASH_COATED_OSMIUM;XIRECS;9991.0;8
92500;;TAKER;ASH_COATED_OSMIUM;XIRECS;9990.0;9
92900;TAKER;;ASH_COATED_OSMIUM;XIRECS;10003.0;6
93000;;TAKER;INTARIAN_PEPPER_ROOT;XIRECS;11992.0;3
93000;TAKER;;ASH_COATED_OSMIUM;XIRECS;10009.0;6
93200;TAKER;;INTARIAN_PEPPER_ROOT;XIRECS;12006.0;13
93800;;TAKER;ASH_COATED_OSMIUM;XIRECS;9992.0;3
93900;TAKER;;INTARIAN_PEPPER_ROOT;XIRECS;12006.0;14
94000;TAKER;;ASH_COATED_OSMIUM;XIRECS;10006.0;9
94100;TAKER;;ASH_COATED_OSMIUM;XIRECS;10010.0;3
94300;TAKER;;INTARIAN_PEPPER_ROOT;XIRECS;12007.0;11
94300;;TAKER;ASH_COATED_OSMIUM;XIRECS;9989.0;11
94400;TAKER;;ASH_COATED_OSMIUM;XIRECS;10010.0;10
94500;;TAKER;ASH_COATED_OSMIUM;XIRECS;9991.0;3
94600;;TAKER;ASH_COATED_OSMIUM;XIRECS;9994.0;10
94700;TAKER;;INTARIAN_PEPPER_ROOT;XIRECS;12007.0;4
95300;TAKER;;INTARIAN_PEPPER_ROOT;XIRECS;12005.0;4
95500;;TAKER;INTARIAN_PEPPER_ROOT;XIRECS;11991.0;15
96000;;TAKER;INTARIAN_PEPPER_ROOT;XIRECS;11993.0;15
96200;;TAKER;ASH_COATED_OSMIUM;XIRECS;9990.0;10
96300;TAKER;;ASH_COATED_OSMIUM;XIRECS;10006.0;14
96500;TAKER;;INTARIAN_PEPPER_ROOT;XIRECS;12005.0;15
96600;;TAKER;ASH_COATED_OSMIUM;XIRECS;9993.0;15
96700;;TAKER;ASH_COATED_OSMIUM;XIRECS;9989.0;3
96800;TAKER;;INTARIAN_PEPPER_ROOT;XIRECS;12006.0;9
96800;TAKER;;ASH_COATED_OSMIUM;XIRECS;10009.0;15
96900;;TAKER;INTARIAN_PEPPER_ROOT;XIRECS;11992.0;7
97200;;TAKER;ASH_COATED_OSMIUM;XIRECS;9989.0;6
97500;;TAKER;INTARIAN_PEPPER_ROOT;XIRECS;11991.0;15
97600;;TAKER;ASH_COATED_OSMIUM;XIRECS;9991.0;14
98200;;TAKER;ASH_COATED_OSMIUM;XIRECS;9993.0;10
98300;TAKER;;ASH_COATED_OSMIUM;XIRECS;10010.0;14
98700;TAKER;;INTARIAN_PEPPER_ROOT;XIRECS;12005.0;9
98700;TAKER;;ASH_COATED_OSMIUM;XIRECS;10007.0;14
99000;TAKER;;INTARIAN_PEPPER_ROOT;XIRECS;12007.0;14
99000;;TAKER;ASH_COATED_OSMIUM;XIRECS;9993.0;14
99200;;TAKER;INTARIAN_PEPPER_ROOT;XIRECS;11993.0;4
99200;TAKER;;ASH_COATED_OSMIUM;XIRECS;10008.0;15
99300;TAKER;;INTARIAN_PEPPER_ROOT;XIRECS;12006.0;12
99400;;TAKER;INTARIAN_PEPPER_ROOT;XIRECS;11993.0;10
99600;;TAKER;ASH_COATED_OSMIUM;XIRECS;9987.0;13
99700;TAKER;;ASH_COATED_OSMIUM;XIRECS;10013.0;15
99900;TAKER;;ASH_COATED_OSMIUM;XIRECS;10010.0;6
100100;TAKER;;INTARIAN_PEPPER_ROOT;XIRECS;12007.0;3
100100;;TAKER;ASH_COATED_OSMIUM;XIRECS;9992.0;7
100400;;TAKER;ASH_COATED_OSMIUM;XIRECS;9991.0;11
101200;TAKER;;INTARIAN_PEPPER_ROOT;XIRECS;12007.0;6
101700;;TAKER;ASH_COATED_OSMIUM;XIRECS;9993.0;9
101800;;TAKER;ASH_COATED_OSMIUM;XIRECS;9991.0;15
102200;TAKER;;INTARIAN_PEPPER_ROOT;XIRECS;12006.0;8
102300;TAKER;;ASH_COATED_OSMIUM;XIRECS;10012.0;10
102500;TAKER;;INTARIAN_PEPPER_ROOT;XIRECS;12006.0;6
103000;;TAKER;INTARIAN_PEPPER_ROOT;XIRECS;11992.0;4
103000;;TAKER;ASH_COATED_OSMIUM;XIRECS;9987.0;14
103200;TAKER;;INTARIAN_PEPPER_ROOT;XIRECS;12007.0;11
103300;;TAKER;INTARIAN_PEPPER_ROOT;XIRECS;11991.0;4
103400;TAKER;;ASH_COATED_OSMIUM;XIRECS;10008.0;2
103500;TAKER;;INTARIAN_PEPPER_ROOT;XIRECS;12006.0;10
103900;TAKER;;ASH_COATED_OSMIUM;XIRECS;10010.0;3
104100;;TAKER;INTARIAN_PEPPER_ROOT;XIRECS;11994.0;7
104400;TAKER;;INTARIAN_PEPPER_ROOT;XIRECS;12006.0;15
104400;TAKER;;ASH_COATED_OSMIUM;XIRECS;10007.0;3
104500;;TAKER;ASH_COATED_OSMIUM;XIRECS;9998.0;5
104600;;TAKER;ASH_COATED_OSMIUM;XIRECS;9994.0;14
104700;;TAKER;INTARIAN_PEPPER_ROOT;XIRECS;11991.0;15
104800;TAKER;;INTARIAN_PEPPER_ROOT;XIRECS;12007.0;14
105000;;TAKER;INTARIAN_PEPPER_ROOT;XIRECS;11992.0;8
105100;TAKER;;INTARIAN_PEPPER_ROOT;XIRECS;12007.0;3
105300;;TAKER;ASH_COATED_OSMIUM;XIRECS;9990.0;13
105400;TAKER;;ASH_COATED_OSMIUM;XIRECS;10006.0;8
105500;;TAKER;INTARIAN_PEPPER_ROOT;XIRECS;11993.0;11
105500;;TAKER;ASH_COATED_OSMIUM;XIRECS;9990.0;12
105700;;TAKER;ASH_COATED_OSMIUM;XIRECS;9990.0;10
105900;;TAKER;ASH_COATED_OSMIUM;XIRECS;9993.0;15
106000;TAKER;;ASH_COATED_OSMIUM;XIRECS;10010.0;9
106100;;TAKER;ASH_COATED_OSMIUM;XIRECS;9991.0;8
106300;;TAKER;INTARIAN_PEPPER_ROOT;XIRECS;11994.0;14
106500;;TAKER;INTARIAN_PEPPER_ROOT;XIRECS;11992.0;3
106600;;TAKER;INTARIAN_PEPPER_ROOT;XIRECS;11993.0;12
106800;;TAKER;INTARIAN_PEPPER_ROOT;XIRECS;11991.0;10
106900;TAKER;;INTARIAN_PEPPER_ROOT;XIRECS;12005.0;15
107000;;TAKER;ASH_COATED_OSMIUM;XIRECS;9989.0;8
107100;;TAKER;INTARIAN_PEPPER_ROOT;XIRECS;11994.0;12
107100;;TAKER;ASH_COATED_OSMIUM;XIRECS;9987.0;12
107200;;TAKER;ASH_COATED_OSMIUM;XIRECS;9990.0;2
107300;TAKER;;ASH_COATED_OSMIUM;XIRECS;10006.0;13
107500;;TAKER;INTARIAN_PEPPER_ROOT;XIRECS;11993.0;7
107700;TAKER;;INTARIAN_PEPPER_ROOT;XIRECS;12006.0;12
108000;;TAKER;ASH_COATED_OSMIUM;XIRECS;9991.0;13
108500;TAKER;;INTARIAN_PEPPER_ROOT;XIRECS;12005.0;12
108800;;TAKER;INTARIAN_PEPPER_ROOT;XIRECS;11994.0;2
109100;TAKER;;INTARIAN_PEPPER_ROOT;XIRECS;12005.0;8
109200;;TAKER;ASH_COATED_OSMIUM;XIRECS;9990.0;4
109300;;TAKER;INTARIAN_PEPPER_ROOT;XIRECS;11995.0;8
109500;TAKER;;ASH_COATED_OSMIUM;XIRECS;10006.0;4
109600;TAKER;;INTARIAN_PEPPER_ROOT;XIRECS;12007.0;8
109800;;TAKER;ASH_COATED_OSMIUM;XIRECS;9992.0;14
110000;TAKER;;INTARIAN_PEPPER_ROOT;XIRECS;12005.0;12
110000;;TAKER;ASH_COATED_OSMIUM;XIRECS;9991.0;9
110400;;TAKER;ASH_COATED_OSMIUM;XIRECS;9993.0;6
110600;TAKER;;INTARIAN_PEPPER_ROOT;XIRECS;12006.0;10
110700;;TAKER;ASH_COATED_OSMIUM;XIRECS;9991.0;4
110900;;TAKER;INTARIAN_PEPPER_ROOT;XIRECS;11993.0;5
111400;TAKER;;INTARIAN_PEPPER_ROOT;XIRECS;12007.0;3
111700;;TAKER;INTARIAN_PEPPER_ROOT;XIRECS;11993.0;4
111900;;TAKER;INTARIAN_PEPPER_ROOT;XIRECS;11996.0;7
112200;TAKER;;ASH_COATED_OSMIUM;XIRECS;10010.0;12
112600;TAKER;;ASH_COATED_OSMIUM;XIRECS;10008.0;11
112700;TAKER;;INTARIAN_PEPPER_ROOT;XIRECS;12005.0;5
113000;TAKER;;ASH_COATED_OSMIUM;XIRECS;10007.0;4
113100;TAKER;;INTARIAN_PEPPER_ROOT;XIRECS;12005.0;12
113200;TAKER;;INTARIAN_PEPPER_ROOT;XIRECS;12009.0;9
113200;;TAKER;ASH_COATED_OSMIUM;XIRECS;9990.0;14
113700;TAKER;;ASH_COATED_OSMIUM;XIRECS;10011.0;9
113800;;TAKER;INTARIAN_PEPPER_ROOT;XIRECS;11992.0;7
114000;TAKER;;ASH_COATED_OSMIUM;XIRECS;10004.0;5
114100;TAKER;;INTARIAN_PEPPER_ROOT;XIRECS;12007.0;8
114100;;TAKER;ASH_COATED_OSMIUM;XIRECS;9992.0;10
114200;;TAKER;ASH_COATED_OSMIUM;XIRECS;9990.0;3
114400;TAKER;;INTARIAN_PEPPER_ROOT;XIRECS;12006.0;8
114600;TAKER;;ASH_COATED_OSMIUM;XIRECS;10001.0;12
115000;TAKER;;INTARIAN_PEPPER_ROOT;XIRECS;12004.0;12
115000;;TAKER;ASH_COATED_OSMIUM;XIRECS;9992.0;15
115100;TAKER;;ASH_COATED_OSMIUM;XIRECS;10010.0;14
115200;;TAKER;INTARIAN_PEPPER_ROOT;XIRECS;11993.0;11
115200;;TAKER;ASH_COATED_OSMIUM;XIRECS;9990.0;7
115400;TAKER;;INTARIAN_PEPPER_ROOT;XIRECS;12006.0;8
115400;;TAKER;ASH_COATED_OSMIUM;XIRECS;9988.0;4
116400;;TAKER;ASH_COATED_OSMIUM;XIRECS;9991.0;14
116700;TAKER;;INTARIAN_PEPPER_ROOT;XIRECS;12007.0;8
116900;;TAKER;ASH_COATED_OSMIUM;XIRECS;9988.0;7
117100;TAKER;;INTARIAN_PEPPER_ROOT;XIRECS;12006.0;5
117200;;TAKER;INTARIAN_PEPPER_ROOT;XIRECS;11993.0;8
117300;TAKER;;INTARIAN_PEPPER_ROOT;XIRECS;12007.0;10
117400;;TAKER;ASH_COATED_OSMIUM;XIRECS;9989.0;14
117700;;TAKER;ASH_COATED_OSMIUM;XIRECS;9990.0;3
117800;;TAKER;INTARIAN_PEPPER_ROOT;XIRECS;11992.0;15
117900;;TAKER;INTARIAN_PEPPER_ROOT;XIRECS;11991.0;15
118300;;TAKER;INTARIAN_PEPPER_ROOT;XIRECS;11991.0;2
118500;;TAKER;ASH_COATED_OSMIUM;XIRECS;9990.0;5
118900;TAKER;;INTARIAN_PEPPER_ROOT;XIRECS;12006.0;13
119000;;TAKER;INTARIAN_PEPPER_ROOT;XIRECS;11993.0;5
119000;TAKER;;ASH_COATED_OSMIUM;XIRECS;10010.0;6
119300;TAKER;;INTARIAN_PEPPER_ROOT;XIRECS;12008.0;7
119400;;TAKER;INTARIAN_PEPPER_ROOT;XIRECS;11992.0;8
119400;;TAKER;ASH_COATED_OSMIUM;XIRECS;9992.0;4
119500;;TAKER;ASH_COATED_OSMIUM;XIRECS;9990.0;2
119700;TAKER;;INTARIAN_PEPPER_ROOT;XIRECS;12004.0;7
119700;;TAKER;ASH_COATED_OSMIUM;XIRECS;9992.0;14
119800;;TAKER;ASH_COATED_OSMIUM;XIRECS;9990.0;2
120000;;TAKER;ASH_COATED_OSMIUM;XIRECS;9990.0;13
120200;;TAKER;INTARIAN_PEPPER_ROOT;XIRECS;11991.0;7
120700;;TAKER;ASH_COATED_OSMIUM;XIRECS;9989.0;2
120800;TAKER;;INTARIAN_PEPPER_ROOT;XIRECS;12005.0;9
121000;TAKER;;ASH_COATED_OSMIUM;XIRECS;10013.0;10
121100;TAKER;;ASH_COATED_OSMIUM;XIRECS;10011.0;8
121400;TAKER;;ASH_COATED_OSMIUM;XIRECS;10007.0;13
121500;TAKER;;INTARIAN_PEPPER_ROOT;XIRECS;12006.0;4
121800;;TAKER;INTARIAN_PEPPER_ROOT;XIRECS;11990.0;8
121900;TAKER;;ASH_COATED_OSMIUM;XIRECS;10006.0;2
122000;;TAKER;INTARIAN_PEPPER_ROOT;XIRECS;11992.0;2
122100;TAKER;;ASH_COATED_OSMIUM;XIRECS;10005.0;7
122200;TAKER;;INTARIAN_PEPPER_ROOT;XIRECS;12005.0;8
122300;TAKER;;ASH_COATED_OSMIUM;XIRECS;10008.0;2
122400;TAKER;;INTARIAN_PEPPER_ROOT;XIRECS;12006.0;5
122500;TAKER;;ASH_COATED_OSMIUM;XIRECS;10009.0;14
122700;;TAKER;INTARIAN_PEPPER_ROOT;XIRECS;11991.0;5
122700;;TAKER;ASH_COATED_OSMIUM;XIRECS;9992.0;11
123000;;TAKER;INTARIAN_PEPPER_ROOT;XIRECS;11993.0;11
123100;TAKER;;INTARIAN_PEPPER_ROOT;XIRECS;12007.0;14
123500;;TAKER;INTARIAN_PEPPER_ROOT;XIRECS;11994.0;13
123500;TAKER;;ASH_COATED_OSMIUM;XIRECS;10007.0;12
123600;;TAKER;INTARIAN_PEPPER_ROOT;XIRECS;11993.0;12
123600;TAKER;;ASH_COATED_OSMIUM;XIRECS;10009.0;8
123800;TAKER;;ASH_COATED_OSMIUM;XIRECS;10008.0;2
124200;;TAKER;INTARIAN_PEPPER_ROOT;XIRECS;11993.0;4
124200;TAKER;;ASH_COATED_OSMIUM;XIRECS;10009.0;3
124600;;TAKER;INTARIAN_PEPPER_ROOT;XIRECS;11994.0;3
124700;TAKER;;INTARIAN_PEPPER_ROOT;XIRECS;12007.0;13
125100;TAKER;;INTARIAN_PEPPER_ROOT;XIRECS;12007.0;4
125300;TAKER;;INTARIAN_PEPPER_ROOT;XIRECS;12007.0;10
125400;;TAKER;ASH_COATED_OSMIUM;XIRECS;9993.0;5
125900;;TAKER;ASH_COATED_OSMIUM;XIRECS;9989.0;13
126100;;TAKER;ASH_COATED_OSMIUM;XIRECS;9987.0;11
126300;TAKER;;INTARIAN_PEPPER_ROOT;XIRECS;12006.0;4
126300;;TAKER;ASH_COATED_OSMIUM;XIRECS;9994.0;4
126400;TAKER;;INTARIAN_PEPPER_ROOT;XIRECS;12006.0;11
126600;TAKER;;INTARIAN_PEPPER_ROOT;XIRECS;12007.0;7
126600;TAKER;;ASH_COATED_OSMIUM;XIRECS;10008.0;11
127000;;TAKER;ASH_COATED_OSMIUM;XIRECS;9994.0;2
127100;TAKER;;ASH_COATED_OSMIUM;XIRECS;10005.0;2
127200;TAKER;;INTARIAN_PEPPER_ROOT;XIRECS;12007.0;6
127200;;TAKER;ASH_COATED_OSMIUM;XIRECS;9986.0;9
127900;;TAKER;ASH_COATED_OSMIUM;XIRECS;9991.0;7
128000;TAKER;;ASH_COATED_OSMIUM;XIRECS;10005.0;11
128300;TAKER;;INTARIAN_PEPPER_ROOT;XIRECS;12005.0;14
128400;;TAKER;ASH_COATED_OSMIUM;XIRECS;9990.0;5
128500;TAKER;;ASH_COATED_OSMIUM;XIRECS;10008.0;8
128700;TAKER;;INTARIAN_PEPPER_ROOT;XIRECS;12005.0;12
128700;;TAKER;ASH_COATED_OSMIUM;XIRECS;9990.0;15
128900;TAKER;;INTARIAN_PEPPER_ROOT;XIRECS;12007.0;10
129100;TAKER;;INTARIAN_PEPPER_ROOT;XIRECS;12007.0;3
129100;;TAKER;ASH_COATED_OSMIUM;XIRECS;9994.0;9
129400;;TAKER;INTARIAN_PEPPER_ROOT;XIRECS;11992.0;4
129600;;TAKER;ASH_COATED_OSMIUM;XIRECS;9989.0;3
129700;TAKER;;ASH_COATED_OSMIUM;XIRECS;10009.0;6
129800;;TAKER;ASH_COATED_OSMIUM;XIRECS;9986.0;11
129900;TAKER;;INTARIAN_PEPPER_ROOT;XIRECS;12007.0;4
130000;TAKER;;INTARIAN_PEPPER_ROOT;XIRECS;12005.0;4
130200;TAKER;;INTARIAN_PEPPER_ROOT;XIRECS;12005.0;4
130200;TAKER;;ASH_COATED_OSMIUM;XIRECS;10007.0;2
130600;TAKER;;INTARIAN_PEPPER_ROOT;XIRECS;12006.0;15
130800;TAKER;;ASH_COATED_OSMIUM;XIRECS;10013.0;14
130900;TAKER;;ASH_COATED_OSMIUM;XIRECS;10007.0;2
131000;TAKER;;INTARIAN_PEPPER_ROOT;XIRECS;12005.0;2
131300;TAKER;;INTARIAN_PEPPER_ROOT;XIRECS;12006.0;12
131700;TAKER;;ASH_COATED_OSMIUM;XIRECS;10013.0;12
132000;;TAKER;ASH_COATED_OSMIUM;XIRECS;9990.0;13
132400;;TAKER;INTARIAN_PEPPER_ROOT;XIRECS;11993.0;6
132500;TAKER;;INTARIAN_PEPPER_ROOT;XIRECS;12006.0;5
132600;TAKER;;INTARIAN_PEPPER_ROOT;XIRECS;12006.0;7
132600;TAKER;;ASH_COATED_OSMIUM;XIRECS;10006.0;9
133200;;TAKER;INTARIAN_PEPPER_ROOT;XIRECS;11993.0;12
133300;TAKER;;INTARIAN_PEPPER_ROOT;XIRECS;12006.0;5
133400;;TAKER;INTARIAN_PEPPER_ROOT;XIRECS;11992.0;12
133600;;TAKER;ASH_COATED_OSMIUM;XIRECS;9990.0;4
133700;;TAKER;INTARIAN_PEPPER_ROOT;XIRECS;11993.0;2
134000;TAKER;;ASH_COATED_OSMIUM;XIRECS;10009.0;8
134100;TAKER;;ASH_COATED_OSMIUM;XIRECS;10008.0;7
134200;;TAKER;INTARIAN_PEPPER_ROOT;XIRECS;11993.0;14
134500;TAKER;;ASH_COATED_OSMIUM;XIRECS;10009.0;10
135000;TAKER;;INTARIAN_PEPPER_ROOT;XIRECS;12007.0;5
135100;;TAKER;INTARIAN_PEPPER_ROOT;XIRECS;11993.0;2
135300;TAKER;;ASH_COATED_OSMIUM;XIRECS;10011.0;2
135400;;TAKER;INTARIAN_PEPPER_ROOT;XIRECS;11992.0;12
135500;;TAKER;ASH_COATED_OSMIUM;XIRECS;9990.0;7
135700;TAKER;;INTARIAN_PEPPER_ROOT;XIRECS;12008.0;11
135800;TAKER;;INTARIAN_PEPPER_ROOT;XIRECS;12007.0;7
135800;;TAKER;ASH_COATED_OSMIUM;XIRECS;9992.0;12
136000;;TAKER;INTARIAN_PEPPER_ROOT;XIRECS;11992.0;12
136600;;TAKER;ASH_COATED_OSMIUM;XIRECS;9994.0;11
136800;;TAKER;ASH_COATED_OSMIUM;XIRECS;9991.0;2
136900;TAKER;;INTARIAN_PEPPER_ROOT;XIRECS;12005.0;13
137100;;TAKER;ASH_COATED_OSMIUM;XIRECS;9988.0;8
137600;TAKER;;ASH_COATED_OSMIUM;XIRECS;10010.0;14
137900;;TAKER;ASH_COATED_OSMIUM;XIRECS;9989.0;8
138000;TAKER;;INTARIAN_PEPPER_ROOT;XIRECS;12008.0;5
138100;;TAKER;INTARIAN_PEPPER_ROOT;XIRECS;11990.0;7
138100;;TAKER;ASH_COATED_OSMIUM;XIRECS;9992.0;8
138200;;TAKER;INTARIAN_PEPPER_ROOT;XIRECS;11995.0;13
138200;TAKER;;ASH_COATED_OSMIUM;XIRECS;10011.0;2
138300;TAKER;;ASH_COATED_OSMIUM;XIRECS;10012.0;9
138400;TAKER;;ASH_COATED_OSMIUM;XIRECS;10010.0;2
138500;TAKER;;INTARIAN_PEPPER_ROOT;XIRECS;12004.0;11
138500;TAKER;;ASH_COATED_OSMIUM;XIRECS;10006.0;11
138600;;TAKER;ASH_COATED_OSMIUM;XIRECS;9989.0;4
138800;;TAKER;INTARIAN_PEPPER_ROOT;XIRECS;11995.0;2
138800;;TAKER;ASH_COATED_OSMIUM;XIRECS;9989.0;9
139000;TAKER;;INTARIAN_PEPPER_ROOT;XIRECS;12005.0;4
139100;;TAKER;INTARIAN_PEPPER_ROOT;XIRECS;11992.0;11
139100;TAKER;;ASH_COATED_OSMIUM;XIRECS;10007.0;4
139400;TAKER;;ASH_COATED_OSMIUM;XIRECS;10008.0;6
140000;TAKER;;INTARIAN_PEPPER_ROOT;XIRECS;12005.0;13
140100;;TAKER;INTARIAN_PEPPER_ROOT;XIRECS;11994.0;12
140100;TAKER;;ASH_COATED_OSMIUM;XIRECS;10009.0;14
140200;TAKER;;INTARIAN_PEPPER_ROOT;XIRECS;12007.0;6
140300;TAKER;;ASH_COATED_OSMIUM;XIRECS;10011.0;5
140400;TAKER;;ASH_COATED_OSMIUM;XIRECS;10011.0;4
140600;;TAKER;INTARIAN_PEPPER_ROOT;XIRECS;11993.0;13
140700;;TAKER;INTARIAN_PEPPER_ROOT;XIRECS;11993.0;15
141000;TAKER;;INTARIAN_PEPPER_ROOT;XIRECS;12008.0;6
141400;TAKER;;ASH_COATED_OSMIUM;XIRECS;10009.0;13
141500;TAKER;;ASH_COATED_OSMIUM;XIRECS;10010.0;8
141600;;TAKER;INTARIAN_PEPPER_ROOT;XIRECS;11992.0;13
141800;TAKER;;INTARIAN_PEPPER_ROOT;XIRECS;12006.0;15
141800;TAKER;;ASH_COATED_OSMIUM;XIRECS;10007.0;8
141900;;TAKER;INTARIAN_PEPPER_ROOT;XIRECS;11994.0;3
142100;;TAKER;INTARIAN_PEPPER_ROOT;XIRECS;11995.0;13
142400;TAKER;;ASH_COATED_OSMIUM;XIRECS;10004.0;7
142500;TAKER;;INTARIAN_PEPPER_ROOT;XIRECS;12009.0;8
142800;;TAKER;ASH_COATED_OSMIUM;XIRECS;9993.0;10
142900;;TAKER;INTARIAN_PEPPER_ROOT;XIRECS;11992.0;3
142900;;TAKER;ASH_COATED_OSMIUM;XIRECS;9990.0;11
143100;;TAKER;INTARIAN_PEPPER_ROOT;XIRECS;11992.0;14
143100;TAKER;;ASH_COATED_OSMIUM;XIRECS;10006.0;4
143300;;TAKER;ASH_COATED_OSMIUM;XIRECS;9990.0;2
143400;TAKER;;INTARIAN_PEPPER_ROOT;XIRECS;12005.0;4
143500;;TAKER;ASH_COATED_OSMIUM;XIRECS;9991.0;9
143700;TAKER;;INTARIAN_PEPPER_ROOT;XIRECS;12007.0;13
143800;;TAKER;ASH_COATED_OSMIUM;XIRECS;9993.0;5
144100;TAKER;;INTARIAN_PEPPER_ROOT;XIRECS;12006.0;14
144400;TAKER;;ASH_COATED_OSMIUM;XIRECS;10008.0;9
144600;TAKER;;INTARIAN_PEPPER_ROOT;XIRECS;12007.0;13
144600;TAKER;;ASH_COATED_OSMIUM;XIRECS;10008.0;8
144900;;TAKER;INTARIAN_PEPPER_ROOT;XIRECS;11992.0;15
145000;TAKER;;INTARIAN_PEPPER_ROOT;XIRECS;12008.0;7
145000;TAKER;;ASH_COATED_OSMIUM;XIRECS;10009.0;9
145100;;TAKER;ASH_COATED_OSMIUM;XIRECS;9994.0;12
145400;;TAKER;INTARIAN_PEPPER_ROOT;XIRECS;11994.0;10
145400;;TAKER;ASH_COATED_OSMIUM;XIRECS;9994.0;14
145500;TAKER;;INTARIAN_PEPPER_ROOT;XIRECS;12006.0;8
145600;;TAKER;ASH_COATED_OSMIUM;XIRECS;9988.0;9
145700;TAKER;;INTARIAN_PEPPER_ROOT;XIRECS;12007.0;10
146000;TAKER;;INTARIAN_PEPPER_ROOT;XIRECS;12008.0;8
146000;TAKER;;ASH_COATED_OSMIUM;XIRECS;10007.0;8
146500;;TAKER;INTARIAN_PEPPER_ROOT;XIRECS;11992.0;8
146800;TAKER;;INTARIAN_PEPPER_ROOT;XIRECS;12005.0;3
146900;TAKER;;INTARIAN_PEPPER_ROOT;XIRECS;12005.0;9
147100;;TAKER;ASH_COATED_OSMIUM;XIRECS;9994.0;2
147400;TAKER;;ASH_COATED_OSMIUM;XIRECS;10009.0;3
147500;TAKER;;ASH_COATED_OSMIUM;XIRECS;10010.0;11
147600;TAKER;;ASH_COATED_OSMIUM;XIRECS;10008.0;12
147700;;TAKER;INTARIAN_PEPPER_ROOT;XIRECS;11992.0;3
147800;;TAKER;INTARIAN_PEPPER_ROOT;XIRECS;11993.0;13
147800;TAKER;;ASH_COATED_OSMIUM;XIRECS;10010.0;11
147900;;TAKER;ASH_COATED_OSMIUM;XIRECS;9990.0;13
148300;TAKER;;INTARIAN_PEPPER_ROOT;XIRECS;12006.0;7
148500;TAKER;;ASH_COATED_OSMIUM;XIRECS;10007.0;8
148600;TAKER;;INTARIAN_PEPPER_ROOT;XIRECS;12005.0;15
148900;;TAKER;ASH_COATED_OSMIUM;XIRECS;9991.0;12
149100;TAKER;;INTARIAN_PEPPER_ROOT;XIRECS;12007.0;7
149200;TAKER;;ASH_COATED_OSMIUM;XIRECS;10012.0;7
149900;;TAKER;ASH_COATED_OSMIUM;XIRECS;9990.0;6
150000;TAKER;;ASH_COATED_OSMIUM;XIRECS;10006.0;2
150100;TAKER;;INTARIAN_PEPPER_ROOT;XIRECS;12006.0;10
150400;TAKER;;ASH_COATED_OSMIUM;XIRECS;10006.0;3
150800;;TAKER;INTARIAN_PEPPER_ROOT;XIRECS;11991.0;12
151000;TAKER;;ASH_COATED_OSMIUM;XIRECS;10007.0;3
151100;;TAKER;INTARIAN_PEPPER_ROOT;XIRECS;11991.0;13
151400;;TAKER;INTARIAN_PEPPER_ROOT;XIRECS;11991.0;14
151400;;TAKER;ASH_COATED_OSMIUM;XIRECS;9989.0;3
152000;TAKER;;INTARIAN_PEPPER_ROOT;XIRECS;12005.0;3
152100;;TAKER;ASH_COATED_OSMIUM;XIRECS;9989.0;15
152300;;TAKER;INTARIAN_PEPPER_ROOT;XIRECS;11995.0;7
152400;;TAKER;INTARIAN_PEPPER_ROOT;XIRECS;11992.0;3
152900;;TAKER;INTARIAN_PEPPER_ROOT;XIRECS;11994.0;15
152900;;TAKER;ASH_COATED_OSMIUM;XIRECS;9991.0;13
153100;;TAKER;INTARIAN_PEPPER_ROOT;XIRECS;11992.0;6
153100;TAKER;;ASH_COATED_OSMIUM;XIRECS;10010.0;12
153300;;TAKER;INTARIAN_PEPPER_ROOT;XIRECS;11991.0;2
153400;TAKER;;INTARIAN_PEPPER_ROOT;XIRECS;12006.0;6
153400;TAKER;;ASH_COATED_OSMIUM;XIRECS;10009.0;3
153700;;TAKER;ASH_COATED_OSMIUM;XIRECS;9993.0;5
153900;;TAKER;INTARIAN_PEPPER_ROOT;XIRECS;11992.0;9
154000;TAKER;;INTARIAN_PEPPER_ROOT;XIRECS;12006.0;10
154000;;TAKER;ASH_COATED_OSMIUM;XIRECS;9988.0;2
154100;TAKER;;ASH_COATED_OSMIUM;XIRECS;10008.0;5
154400;TAKER;;INTARIAN_PEPPER_ROOT;XIRECS;12006.0;10
154400;;TAKER;ASH_COATED_OSMIUM;XIRECS;9991.0;2
154600;;TAKER;INTARIAN_PEPPER_ROOT;XIRECS;11993.0;8
154700;;TAKER;INTARIAN_PEPPER_ROOT;XIRECS;11992.0;7
154900;;TAKER;INTARIAN_PEPPER_ROOT;XIRECS;11994.0;6
154900;TAKER;;ASH_COATED_OSMIUM;XIRECS;10010.0;10
155000;;TAKER;INTARIAN_PEPPER_ROOT;XIRECS;11991.0;4
155200;TAKER;;INTARIAN_PEPPER_ROOT;XIRECS;12005.0;13
155200;TAKER;;ASH_COATED_OSMIUM;XIRECS;10009.0;10
155400;TAKER;;ASH_COATED_OSMIUM;XIRECS;10008.0;12
155600;TAKER;;ASH_COATED_OSMIUM;XIRECS;10005.0;2
155800;;TAKER;INTARIAN_PEPPER_ROOT;XIRECS;11994.0;12
156000;;TAKER;INTARIAN_PEPPER_ROOT;XIRECS;11993.0;8
156100;;TAKER;INTARIAN_PEPPER_ROOT;XIRECS;11992.0;13
156200;TAKER;;INTARIAN_PEPPER_ROOT;XIRECS;12007.0;5
156500;TAKER;;INTARIAN_PEPPER_ROOT;XIRECS;12008.0;9
156700;;TAKER;ASH_COATED_OSMIUM;XIRECS;9995.0;3
157000;TAKER;;INTARIAN_PEPPER_ROOT;XIRECS;12005.0;5
157000;;TAKER;ASH_COATED_OSMIUM;XIRECS;9993.0;5
157100;TAKER;;ASH_COATED_OSMIUM;XIRECS;10006.0;13
157200;TAKER;;INTARIAN_PEPPER_ROOT;XIRECS;12005.0;3
157200;TAKER;;ASH_COATED_OSMIUM;XIRECS;10007.0;7
157400;;TAKER;ASH_COATED_OSMIUM;XIRECS;9989.0;3
157500;TAKER;;ASH_COATED_OSMIUM;XIRECS;10008.0;2
157800;;TAKER;INTARIAN_PEPPER_ROOT;XIRECS;11993.0;14
158000;;TAKER;ASH_COATED_OSMIUM;XIRECS;9992.0;15
158100;;TAKER;ASH_COATED_OSMIUM;XIRECS;9991.0;2
158400;;TAKER;INTARIAN_PEPPER_ROOT;XIRECS;11993.0;9
158500;;TAKER;ASH_COATED_OSMIUM;XIRECS;9996.0;13
158600;;TAKER;INTARIAN_PEPPER_ROOT;XIRECS;11992.0;12
158800;;TAKER;INTARIAN_PEPPER_ROOT;XIRECS;11991.0;5
158800;;TAKER;ASH_COATED_OSMIUM;XIRECS;9993.0;3
159000;TAKER;;INTARIAN_PEPPER_ROOT;XIRECS;12008.0;15
159000;;TAKER;ASH_COATED_OSMIUM;XIRECS;9989.0;7
159400;TAKER;;INTARIAN_PEPPER_ROOT;XIRECS;12005.0;14
159400;;TAKER;ASH_COATED_OSMIUM;XIRECS;9990.0;7
159500;TAKER;;ASH_COATED_OSMIUM;XIRECS;10005.0;13
159600;TAKER;;ASH_COATED_OSMIUM;XIRECS;10007.0;8
159700;TAKER;;ASH_COATED_OSMIUM;XIRECS;10012.0;11
159900;;TAKER;INTARIAN_PEPPER_ROOT;XIRECS;11991.0;5
160200;TAKER;;ASH_COATED_OSMIUM;XIRECS;10008.0;7
160500;TAKER;;INTARIAN_PEPPER_ROOT;XIRECS;12006.0;13
160600;TAKER;;ASH_COATED_OSMIUM;XIRECS;10013.0;11
160700;TAKER;;ASH_COATED_OSMIUM;XIRECS;10005.0;9
160800;;TAKER;ASH_COATED_OSMIUM;XIRECS;9990.0;12
161000;TAKER;;INTARIAN_PEPPER_ROOT;XIRECS;12008.0;15
161200;;TAKER;ASH_COATED_OSMIUM;XIRECS;9989.0;11
161500;TAKER;;INTARIAN_PEPPER_ROOT;XIRECS;12006.0;9
161500;;TAKER;ASH_COATED_OSMIUM;XIRECS;9994.0;6
161600;TAKER;;ASH_COATED_OSMIUM;XIRECS;10008.0;5
161800;;TAKER;INTARIAN_PEPPER_ROOT;XIRECS;11993.0;12
162400;;TAKER;ASH_COATED_OSMIUM;XIRECS;9987.0;15
162600;TAKER;;ASH_COATED_OSMIUM;XIRECS;10007.0;4
162700;TAKER;;INTARIAN_PEPPER_ROOT;XIRECS;12008.0;13
162800;TAKER;;INTARIAN_PEPPER_ROOT;XIRECS;12007.0;10
162800;;TAKER;ASH_COATED_OSMIUM;XIRECS;9991.0;4
163100;TAKER;;INTARIAN_PEPPER_ROOT;XIRECS;12006.0;10
163400;;TAKER;INTARIAN_PEPPER_ROOT;XIRECS;11994.0;12
163400;TAKER;;ASH_COATED_OSMIUM;XIRECS;10008.0;8
163500;TAKER;;INTARIAN_PEPPER_ROOT;XIRECS;12005.0;11
163600;TAKER;;INTARIAN_PEPPER_ROOT;XIRECS;12007.0;5
163700;;TAKER;ASH_COATED_OSMIUM;XIRECS;9988.0;12
163800;TAKER;;INTARIAN_PEPPER_ROOT;XIRECS;12005.0;5
164000;;TAKER;INTARIAN_PEPPER_ROOT;XIRECS;11993.0;15
164000;;TAKER;ASH_COATED_OSMIUM;XIRECS;9991.0;3
164900;TAKER;;ASH_COATED_OSMIUM;XIRECS;10008.0;8
165500;TAKER;;ASH_COATED_OSMIUM;XIRECS;10006.0;7
165900;TAKER;;INTARIAN_PEPPER_ROOT;XIRECS;12006.0;6
166000;TAKER;;ASH_COATED_OSMIUM;XIRECS;10013.0;14
166100;TAKER;;ASH_COATED_OSMIUM;XIRECS;10006.0;3
166300;;TAKER;ASH_COATED_OSMIUM;XIRECS;9992.0;4
166400;;TAKER;ASH_COATED_OSMIUM;XIRECS;9990.0;8
166600;;TAKER;INTARIAN_PEPPER_ROOT;XIRECS;11994.0;6
167000;;TAKER;INTARIAN_PEPPER_ROOT;XIRECS;11994.0;8
167100;;TAKER;INTARIAN_PEPPER_ROOT;XIRECS;11993.0;3
167100;TAKER;;ASH_COATED_OSMIUM;XIRECS;10010.0;2
167700;TAKER;;ASH_COATED_OSMIUM;XIRECS;10011.0;7
167800;;TAKER;ASH_COATED_OSMIUM;XIRECS;9989.0;12
167900;TAKER;;INTARIAN_PEPPER_ROOT;XIRECS;12007.0;8
167900;;TAKER;ASH_COATED_OSMIUM;XIRECS;9988.0;14
168200;;TAKER;ASH_COATED_OSMIUM;XIRECS;9988.0;7
168500;TAKER;;INTARIAN_PEPPER_ROOT;XIRECS;12008.0;6
168700;;TAKER;ASH_COATED_OSMIUM;XIRECS;9987.0;2
168800;TAKER;;ASH_COATED_OSMIUM;XIRECS;10010.0;11
168900;;TAKER;INTARIAN_PEPPER_ROOT;XIRECS;11993.0;14
169100;TAKER;;INTARIAN_PEPPER_ROOT;XIRECS;12007.0;11
169400;;TAKER;ASH_COATED_OSMIUM;XIRECS;9989.0;9
169700;TAKER;;INTARIAN_PEPPER_ROOT;XIRECS;12002.0;15
169800;TAKER;;ASH_COATED_OSMIUM;XIRECS;10006.0;7
169900;TAKER;;ASH_COATED_OSMIUM;XIRECS;10009.0;9
170100;;TAKER;ASH_COATED_OSMIUM;XIRECS;9991.0;7
170200;;TAKER;INTARIAN_PEPPER_ROOT;XIRECS;11992.0;7
170200;TAKER;;ASH_COATED_OSMIUM;XIRECS;10009.0;10
170400;TAKER;;INTARIAN_PEPPER_ROOT;XIRECS;12006.0;4
170400;;TAKER;ASH_COATED_OSMIUM;XIRECS;9990.0;12
170700;TAKER;;INTARIAN_PEPPER_ROOT;XIRECS;12006.0;8
171700;;TAKER;INTARIAN_PEPPER_ROOT;XIRECS;11994.0;4
171800;;TAKER;INTARIAN_PEPPER_ROOT;XIRECS;11993.0;12
172000;;TAKER;INTARIAN_PEPPER_ROOT;XIRECS;11992.0;12
172100;TAKER;;ASH_COATED_OSMIUM;XIRECS;10011.0;13
172200;;TAKER;ASH_COATED_OSMIUM;XIRECS;9988.0;14
172600;TAKER;;INTARIAN_PEPPER_ROOT;XIRECS;12007.0;7
172700;;TAKER;INTARIAN_PEPPER_ROOT;XIRECS;11992.0;13
172800;;TAKER;INTARIAN_PEPPER_ROOT;XIRECS;11992.0;7
172900;;TAKER;INTARIAN_PEPPER_ROOT;XIRECS;11993.0;15
172900;TAKER;;ASH_COATED_OSMIUM;XIRECS;10008.0;8
173000;TAKER;;ASH_COATED_OSMIUM;XIRECS;10008.0;3
173100;;TAKER;INTARIAN_PEPPER_ROOT;XIRECS;11993.0;7
173100;TAKER;;ASH_COATED_OSMIUM;XIRECS;10008.0;8
173200;;TAKER;ASH_COATED_OSMIUM;XIRECS;9990.0;4
173300;TAKER;;ASH_COATED_OSMIUM;XIRECS;10010.0;4
173400;TAKER;;INTARIAN_PEPPER_ROOT;XIRECS;12007.0;8
173500;TAKER;;INTARIAN_PEPPER_ROOT;XIRECS;12006.0;12
173800;TAKER;;INTARIAN_PEPPER_ROOT;XIRECS;12006.0;9
173900;;TAKER;ASH_COATED_OSMIUM;XIRECS;9987.0;11
174100;TAKER;;ASH_COATED_OSMIUM;XIRECS;10010.0;5
174200;TAKER;;ASH_COATED_OSMIUM;XIRECS;10006.0;8
174300;TAKER;;ASH_COATED_OSMIUM;XIRECS;10010.0;7
174600;TAKER;;ASH_COATED_OSMIUM;XIRECS;10011.0;11
174800;TAKER;;INTARIAN_PEPPER_ROOT;XIRECS;12004.0;6
174800;;TAKER;ASH_COATED_OSMIUM;XIRECS;9990.0;3
175000;TAKER;;INTARIAN_PEPPER_ROOT;XIRECS;12006.0;13
175200;;TAKER;INTARIAN_PEPPER_ROOT;XIRECS;11993.0;9
175200;TAKER;;ASH_COATED_OSMIUM;XIRECS;10006.0;3
175400;;TAKER;INTARIAN_PEPPER_ROOT;XIRECS;11994.0;3
175500;TAKER;;INTARIAN_PEPPER_ROOT;XIRECS;12007.0;9
175600;;TAKER;INTARIAN_PEPPER_ROOT;XIRECS;11992.0;6
176000;;TAKER;ASH_COATED_OSMIUM;XIRECS;9989.0;8
176100;;TAKER;INTARIAN_PEPPER_ROOT;XIRECS;11993.0;14
176200;;TAKER;ASH_COATED_OSMIUM;XIRECS;9987.0;8
176400;;TAKER;ASH_COATED_OSMIUM;XIRECS;9989.0;13
176500;;TAKER;INTARIAN_PEPPER_ROOT;XIRECS;11993.0;3
176600;TAKER;;ASH_COATED_OSMIUM;XIRECS;10008.0;14
176700;TAKER;;ASH_COATED_OSMIUM;XIRECS;10010.0;9
176800;;TAKER;INTARIAN_PEPPER_ROOT;XIRECS;11993.0;8
176900;TAKER;;INTARIAN_PEPPER_ROOT;XIRECS;12006.0;14
177100;TAKER;;INTARIAN_PEPPER_ROOT;XIRECS;12004.0;7
177200;TAKER;;INTARIAN_PEPPER_ROOT;XIRECS;12005.0;6
177400;;TAKER;INTARIAN_PEPPER_ROOT;XIRECS;11993.0;2
177700;TAKER;;INTARIAN_PEPPER_ROOT;XIRECS;12009.0;5
177700;;TAKER;ASH_COATED_OSMIUM;XIRECS;9989.0;6
177800;;TAKER;INTARIAN_PEPPER_ROOT;XIRECS;11992.0;4
178000;;TAKER;ASH_COATED_OSMIUM;XIRECS;9992.0;5
178300;TAKER;;INTARIAN_PEPPER_ROOT;XIRECS;12006.0;13
178400;TAKER;;INTARIAN_PEPPER_ROOT;XIRECS;12007.0;3
178500;;TAKER;INTARIAN_PEPPER_ROOT;XIRECS;11993.0;12
178600;TAKER;;ASH_COATED_OSMIUM;XIRECS;10005.0;4
179000;TAKER;;ASH_COATED_OSMIUM;XIRECS;10008.0;15
179200;TAKER;;ASH_COATED_OSMIUM;XIRECS;10008.0;2
179300;TAKER;;INTARIAN_PEPPER_ROOT;XIRECS;12006.0;5
179400;TAKER;;INTARIAN_PEPPER_ROOT;XIRECS;12008.0;12
179400;;TAKER;ASH_COATED_OSMIUM;XIRECS;9992.0;5
179700;TAKER;;ASH_COATED_OSMIUM;XIRECS;10009.0;7
179900;;TAKER;INTARIAN_PEPPER_ROOT;XIRECS;11994.0;11
180200;TAKER;;INTARIAN_PEPPER_ROOT;XIRECS;12008.0;5
180200;TAKER;;ASH_COATED_OSMIUM;XIRECS;10010.0;6
180600;TAKER;;INTARIAN_PEPPER_ROOT;XIRECS;12006.0;6
180700;TAKER;;ASH_COATED_OSMIUM;XIRECS;10007.0;14
180800;TAKER;;INTARIAN_PEPPER_ROOT;XIRECS;12006.0;13
180900;TAKER;;INTARIAN_PEPPER_ROOT;XIRECS;12004.0;6
181200;;TAKER;INTARIAN_PEPPER_ROOT;XIRECS;11991.0;4
181400;TAKER;;INTARIAN_PEPPER_ROOT;XIRECS;12006.0;6
181400;TAKER;;ASH_COATED_OSMIUM;XIRECS;10009.0;6
181800;TAKER;;INTARIAN_PEPPER_ROOT;XIRECS;12006.0;6
182000;;TAKER;INTARIAN_PEPPER_ROOT;XIRECS;11990.0;5
182000;TAKER;;ASH_COATED_OSMIUM;XIRECS;10011.0;4
182100;;TAKER;INTARIAN_PEPPER_ROOT;XIRECS;11990.0;12
182200;;TAKER;INTARIAN_PEPPER_ROOT;XIRECS;11993.0;3
182500;;TAKER;INTARIAN_PEPPER_ROOT;XIRECS;11992.0;9
182600;TAKER;;INTARIAN_PEPPER_ROOT;XIRECS;12006.0;9
182700;;TAKER;INTARIAN_PEPPER_ROOT;XIRECS;11993.0;11
182800;;TAKER;INTARIAN_PEPPER_ROOT;XIRECS;11991.0;3
182800;;TAKER;ASH_COATED_OSMIUM;XIRECS;9986.0;11
182900;TAKER;;INTARIAN_PEPPER_ROOT;XIRECS;12007.0;3
183200;TAKER;;INTARIAN_PEPPER_ROOT;XIRECS;12007.0;13
183500;;TAKER;INTARIAN_PEPPER_ROOT;XIRECS;11992.0;12
183500;TAKER;;ASH_COATED_OSMIUM;XIRECS;10008.0;15
183600;TAKER;;INTARIAN_PEPPER_ROOT;XIRECS;12006.0;10
183600;TAKER;;ASH_COATED_OSMIUM;XIRECS;10001.0;4
183800;TAKER;;INTARIAN_PEPPER_ROOT;XIRECS;12004.0;2
183800;;TAKER;ASH_COATED_OSMIUM;XIRECS;9991.0;2
184300;TAKER;;ASH_COATED_OSMIUM;XIRECS;10011.0;2
184500;;TAKER;INTARIAN_PEPPER_ROOT;XIRECS;11993.0;14
184600;;TAKER;ASH_COATED_OSMIUM;XIRECS;9991.0;10
184700;;TAKER;INTARIAN_PEPPER_ROOT;XIRECS;11993.0;2
184700;TAKER;;ASH_COATED_OSMIUM;XIRECS;10010.0;3
184800;;TAKER;ASH_COATED_OSMIUM;XIRECS;9989.0;5
185100;;TAKER;INTARIAN_PEPPER_ROOT;XIRECS;11993.0;14
185300;TAKER;;INTARIAN_PEPPER_ROOT;XIRECS;12007.0;6
185300;TAKER;;ASH_COATED_OSMIUM;XIRECS;10005.0;13
185700;TAKER;;INTARIAN_PEPPER_ROOT;XIRECS;12007.0;9
185800;;TAKER;ASH_COATED_OSMIUM;XIRECS;9990.0;15
185900;TAKER;;INTARIAN_PEPPER_ROOT;XIRECS;12008.0;14
185900;;TAKER;ASH_COATED_OSMIUM;XIRECS;9991.0;10
186200;TAKER;;ASH_COATED_OSMIUM;XIRECS;10012.0;10
186300;;TAKER;ASH_COATED_OSMIUM;XIRECS;9991.0;9
186600;TAKER;;ASH_COATED_OSMIUM;XIRECS;10007.0;5
187100;;TAKER;INTARIAN_PEPPER_ROOT;XIRECS;11993.0;15
187200;TAKER;;ASH_COATED_OSMIUM;XIRECS;10008.0;8
187300;TAKER;;ASH_COATED_OSMIUM;XIRECS;10013.0;10
187600;TAKER;;INTARIAN_PEPPER_ROOT;XIRECS;12005.0;5
187700;TAKER;;INTARIAN_PEPPER_ROOT;XIRECS;12005.0;5
187700;;TAKER;ASH_COATED_OSMIUM;XIRECS;9991.0;7
187800;;TAKER;INTARIAN_PEPPER_ROOT;XIRECS;11993.0;15
188100;TAKER;;INTARIAN_PEPPER_ROOT;XIRECS;12007.0;8
188200;TAKER;;INTARIAN_PEPPER_ROOT;XIRECS;12007.0;10
188500;;TAKER;INTARIAN_PEPPER_ROOT;XIRECS;11990.0;13
188700;TAKER;;ASH_COATED_OSMIUM;XIRECS;10009.0;2
188800;TAKER;;INTARIAN_PEPPER_ROOT;XIRECS;12007.0;2
188900;;TAKER;INTARIAN_PEPPER_ROOT;XIRECS;11993.0;5
189000;;TAKER;INTARIAN_PEPPER_ROOT;XIRECS;11993.0;12
189400;TAKER;;ASH_COATED_OSMIUM;XIRECS;10008.0;12
189600;;TAKER;INTARIAN_PEPPER_ROOT;XIRECS;11992.0;4
189700;TAKER;;ASH_COATED_OSMIUM;XIRECS;10008.0;14
189800;;TAKER;INTARIAN_PEPPER_ROOT;XIRECS;11991.0;9
189800;;TAKER;ASH_COATED_OSMIUM;XIRECS;9990.0;13
189900;;TAKER;INTARIAN_PEPPER_ROOT;XIRECS;11993.0;14
190100;TAKER;;INTARIAN_PEPPER_ROOT;XIRECS;12007.0;8
190100;;TAKER;ASH_COATED_OSMIUM;XIRECS;9986.0;2
190400;TAKER;;INTARIAN_PEPPER_ROOT;XIRECS;12007.0;12
190600;;TAKER;INTARIAN_PEPPER_ROOT;XIRECS;11991.0;12
190600;TAKER;;ASH_COATED_OSMIUM;XIRECS;10009.0;2
190700;TAKER;;INTARIAN_PEPPER_ROOT;XIRECS;12006.0;6
190700;TAKER;;ASH_COATED_OSMIUM;XIRECS;10011.0;7
191100;;TAKER;INTARIAN_PEPPER_ROOT;XIRECS;11993.0;3
191200;TAKER;;ASH_COATED_OSMIUM;XIRECS;10009.0;14
191300;;TAKER;ASH_COATED_OSMIUM;XIRECS;9993.0;7
191400;TAKER;;INTARIAN_PEPPER_ROOT;XIRECS;12006.0;12
191600;;TAKER;INTARIAN_PEPPER_ROOT;XIRECS;11994.0;14
191600;TAKER;;ASH_COATED_OSMIUM;XIRECS;10014.0;14
191700;;TAKER;INTARIAN_PEPPER_ROOT;XIRECS;11993.0;10
191700;;TAKER;ASH_COATED_OSMIUM;XIRECS;9988.0;3
191800;;TAKER;INTARIAN_PEPPER_ROOT;XIRECS;11992.0;2
191800;;TAKER;ASH_COATED_OSMIUM;XIRECS;9992.0;13
192000;TAKER;;ASH_COATED_OSMIUM;XIRECS;10007.0;2
192200;;TAKER;ASH_COATED_OSMIUM;XIRECS;9990.0;11
192500;TAKER;;INTARIAN_PEPPER_ROOT;XIRECS;12008.0;10
192500;;TAKER;ASH_COATED_OSMIUM;XIRECS;9987.0;10
192700;TAKER;;ASH_COATED_OSMIUM;XIRECS;10006.0;7
192900;;TAKER;ASH_COATED_OSMIUM;XIRECS;9989.0;15
193200;TAKER;;INTARIAN_PEPPER_ROOT;XIRECS;12006.0;15
193200;;TAKER;ASH_COATED_OSMIUM;XIRECS;9995.0;10
193700;;TAKER;INTARIAN_PEPPER_ROOT;XIRECS;11994.0;4
193800;;TAKER;INTARIAN_PEPPER_ROOT;XIRECS;11993.0;14
193800;TAKER;;ASH_COATED_OSMIUM;XIRECS;10006.0;6
193900;;TAKER;INTARIAN_PEPPER_ROOT;XIRECS;11993.0;13
194000;TAKER;;INTARIAN_PEPPER_ROOT;XIRECS;12005.0;7
194200;;TAKER;INTARIAN_PEPPER_ROOT;XIRECS;11992.0;15
194300;;TAKER;INTARIAN_PEPPER_ROOT;XIRECS;11990.0;12
194400;;TAKER;INTARIAN_PEPPER_ROOT;XIRECS;11991.0;5
194400;TAKER;;ASH_COATED_OSMIUM;XIRECS;10008.0;15
194500;;TAKER;ASH_COATED_OSMIUM;XIRECS;9992.0;4
194600;TAKER;;ASH_COATED_OSMIUM;XIRECS;10009.0;7
194800;TAKER;;ASH_COATED_OSMIUM;XIRECS;10009.0;7
194900;TAKER;;ASH_COATED_OSMIUM;XIRECS;10009.0;8
195100;TAKER;;ASH_COATED_OSMIUM;XIRECS;10009.0;8
195200;;TAKER;INTARIAN_PEPPER_ROOT;XIRECS;11994.0;11
195200;;TAKER;ASH_COATED_OSMIUM;XIRECS;9990.0;8
195400;TAKER;;ASH_COATED_OSMIUM;XIRECS;10012.0;11
195600;TAKER;;ASH_COATED_OSMIUM;XIRECS;10010.0;3
195700;;TAKER;ASH_COATED_OSMIUM;XIRECS;9991.0;8
195800;;TAKER;ASH_COATED_OSMIUM;XIRECS;9988.0;7
195900;TAKER;;ASH_COATED_OSMIUM;XIRECS;10008.0;13
196000;TAKER;;INTARIAN_PEPPER_ROOT;XIRECS;12006.0;4
196200;TAKER;;ASH_COATED_OSMIUM;XIRECS;10008.0;10
196300;TAKER;;INTARIAN_PEPPER_ROOT;XIRECS;12003.0;7
196300;TAKER;;ASH_COATED_OSMIUM;XIRECS;10008.0;15
196400;;TAKER;INTARIAN_PEPPER_ROOT;XIRECS;11994.0;14
196800;;TAKER;INTARIAN_PEPPER_ROOT;XIRECS;11996.0;6
196900;;TAKER;INTARIAN_PEPPER_ROOT;XIRECS;11992.0;12
196900;;TAKER;ASH_COATED_OSMIUM;XIRECS;9992.0;6
197400;TAKER;;ASH_COATED_OSMIUM;XIRECS;10007.0;9
197500;TAKER;;INTARIAN_PEPPER_ROOT;XIRECS;12007.0;8
197600;TAKER;;ASH_COATED_OSMIUM;XIRECS;10010.0;5
197800;TAKER;;INTARIAN_PEPPER_ROOT;XIRECS;12007.0;14
198000;;TAKER;INTARIAN_PEPPER_ROOT;XIRECS;11992.0;13
198200;;TAKER;ASH_COATED_OSMIUM;XIRECS;9990.0;6
198800;TAKER;;ASH_COATED_OSMIUM;XIRECS;10010.0;8
198900;;TAKER;INTARIAN_PEPPER_ROOT;XIRECS;11993.0;10
199000;TAKER;;ASH_COATED_OSMIUM;XIRECS;10007.0;15
199200;;TAKER;INTARIAN_PEPPER_ROOT;XIRECS;11992.0;5
199200;;TAKER;ASH_COATED_OSMIUM;XIRECS;9988.0;15
199400;;TAKER;ASH_COATED_OSMIUM;XIRECS;9990.0;2
199700;TAKER;;INTARIAN_PEPPER_ROOT;XIRECS;12008.0;3
199900;TAKER;;ASH_COATED_OSMIUM;XIRECS;10006.0;12
200000;;TAKER;ASH_COATED_OSMIUM;XIRECS;9989.0;5
200100;TAKER;;INTARIAN_PEPPER_ROOT;XIRECS;12004.0;6
200300;TAKER;;INTARIAN_PEPPER_ROOT;XIRECS;12007.0;12
200400;;TAKER;INTARIAN_PEPPER_ROOT;XIRECS;11992.0;4
200700;;TAKER;INTARIAN_PEPPER_ROOT;XIRECS;11993.0;13
200800;;TAKER;ASH_COATED_OSMIUM;XIRECS;9995.0;15
200900;;TAKER;ASH_COATED_OSMIUM;XIRECS;9995.0;11
201000;;TAKER;ASH_COATED_OSMIUM;XIRECS;9989.0;5
201100;;TAKER;ASH_COATED_OSMIUM;XIRECS;9992.0;3
201200;;TAKER;INTARIAN_PEPPER_ROOT;XIRECS;11996.0;8
201200;TAKER;;ASH_COATED_OSMIUM;XIRECS;10006.0;7
201300;;TAKER;INTARIAN_PEPPER_ROOT;XIRECS;11991.0;15
201500;TAKER;;ASH_COATED_OSMIUM;XIRECS;10007.0;9
201600;;TAKER;INTARIAN_PEPPER_ROOT;XIRECS;11993.0;4
201600;;TAKER;ASH_COATED_OSMIUM;XIRECS;9992.0;3
201800;TAKER;;INTARIAN_PEPPER_ROOT;XIRECS;12007.0;7
201900;TAKER;;INTARIAN_PEPPER_ROOT;XIRECS;12007.0;13
201900;;TAKER;ASH_COATED_OSMIUM;XIRECS;9992.0;10
202000;TAKER;;INTARIAN_PEPPER_ROOT;XIRECS;12008.0;2
202100;TAKER;;INTARIAN_PEPPER_ROOT;XIRECS;12006.0;11
202300;;TAKER;INTARIAN_PEPPER_ROOT;XIRECS;11993.0;8
202500;;TAKER;INTARIAN_PEPPER_ROOT;XIRECS;11990.0;9
202500;TAKER;;ASH_COATED_OSMIUM;XIRECS;10007.0;13
202600;TAKER;;ASH_COATED_OSMIUM;XIRECS;10010.0;4
202800;TAKER;;INTARIAN_PEPPER_ROOT;XIRECS;12005.0;4
203000;;TAKER;INTARIAN_PEPPER_ROOT;XIRECS;11992.0;8
203100;;TAKER;INTARIAN_PEPPER_ROOT;XIRECS;11992.0;13
203200;TAKER;;INTARIAN_PEPPER_ROOT;XIRECS;12006.0;6
203400;;TAKER;INTARIAN_PEPPER_ROOT;XIRECS;11993.0;4
203500;TAKER;;ASH_COATED_OSMIUM;XIRECS;10009.0;12
203700;;TAKER;ASH_COATED_OSMIUM;XIRECS;9992.0;7
203900;;TAKER;INTARIAN_PEPPER_ROOT;XIRECS;11993.0;9
204000;TAKER;;INTARIAN_PEPPER_ROOT;XIRECS;12006.0;4
204100;TAKER;;ASH_COATED_OSMIUM;XIRECS;10008.0;11
204200;TAKER;;INTARIAN_PEPPER_ROOT;XIRECS;12009.0;15
204400;TAKER;;ASH_COATED_OSMIUM;XIRECS;10007.0;6
204500;TAKER;;INTARIAN_PEPPER_ROOT;XIRECS;12006.0;7
204800;TAKER;;INTARIAN_PEPPER_ROOT;XIRECS;12005.0;9
204900;TAKER;;ASH_COATED_OSMIUM;XIRECS;10005.0;5
205200;TAKER;;INTARIAN_PEPPER_ROOT;XIRECS;12005.0;4
205400;TAKER;;ASH_COATED_OSMIUM;XIRECS;10012.0;8
205500;TAKER;;ASH_COATED_OSMIUM;XIRECS;10005.0;5
205700;;TAKER;INTARIAN_PEPPER_ROOT;XIRECS;11993.0;12
205700;TAKER;;ASH_COATED_OSMIUM;XIRECS;10005.0;13
205900;TAKER;;INTARIAN_PEPPER_ROOT;XIRECS;12005.0;14
206000;TAKER;;ASH_COATED_OSMIUM;XIRECS;10005.0;11
206100;TAKER;;ASH_COATED_OSMIUM;XIRECS;10011.0;8
206200;TAKER;;INTARIAN_PEPPER_ROOT;XIRECS;12007.0;6
206300;TAKER;;INTARIAN_PEPPER_ROOT;XIRECS;12006.0;7
206600;;TAKER;ASH_COATED_OSMIUM;XIRECS;9992.0;13
207000;;TAKER;INTARIAN_PEPPER_ROOT;XIRECS;11994.0;6
207200;TAKER;;ASH_COATED_OSMIUM;XIRECS;10006.0;5
207300;TAKER;;INTARIAN_PEPPER_ROOT;XIRECS;12006.0;4
207400;TAKER;;INTARIAN_PEPPER_ROOT;XIRECS;12005.0;8
207400;TAKER;;ASH_COATED_OSMIUM;XIRECS;10005.0;9
207500;TAKER;;INTARIAN_PEPPER_ROOT;XIRECS;12007.0;8
207600;;TAKER;ASH_COATED_OSMIUM;XIRECS;9993.0;11
207700;TAKER;;ASH_COATED_OSMIUM;XIRECS;10004.0;12
207800;TAKER;;INTARIAN_PEPPER_ROOT;XIRECS;12008.0;15
208000;TAKER;;INTARIAN_PEPPER_ROOT;XIRECS;12005.0;6
208100;TAKER;;INTARIAN_PEPPER_ROOT;XIRECS;12009.0;2
208100;TAKER;;ASH_COATED_OSMIUM;XIRECS;10006.0;9
208300;TAKER;;ASH_COATED_OSMIUM;XIRECS;10009.0;9
208600;;TAKER;ASH_COATED_OSMIUM;XIRECS;9992.0;8
208700;TAKER;;ASH_COATED_OSMIUM;XIRECS;10012.0;9
208800;;TAKER;ASH_COATED_OSMIUM;XIRECS;9990.0;13
209200;;TAKER;INTARIAN_PEPPER_ROOT;XIRECS;11994.0;6
209200;;TAKER;ASH_COATED_OSMIUM;XIRECS;9990.0;6
209300;TAKER;;INTARIAN_PEPPER_ROOT;XIRECS;12006.0;6
209400;TAKER;;ASH_COATED_OSMIUM;XIRECS;10005.0;8
209600;;TAKER;INTARIAN_PEPPER_ROOT;XIRECS;11994.0;8
209800;TAKER;;ASH_COATED_OSMIUM;XIRECS;10006.0;5
210000;TAKER;;INTARIAN_PEPPER_ROOT;XIRECS;12007.0;14
210300;TAKER;;ASH_COATED_OSMIUM;XIRECS;10008.0;4
210400;;TAKER;ASH_COATED_OSMIUM;XIRECS;9991.0;15
210500;TAKER;;ASH_COATED_OSMIUM;XIRECS;10009.0;9
210800;TAKER;;INTARIAN_PEPPER_ROOT;XIRECS;12006.0;4
210800;;TAKER;ASH_COATED_OSMIUM;XIRECS;9991.0;12
211000;;TAKER;ASH_COATED_OSMIUM;XIRECS;9992.0;12
211100;;TAKER;ASH_COATED_OSMIUM;XIRECS;9989.0;7
211300;TAKER;;INTARIAN_PEPPER_ROOT;XIRECS;12005.0;5
211500;;TAKER;INTARIAN_PEPPER_ROOT;XIRECS;11991.0;9
211500;TAKER;;ASH_COATED_OSMIUM;XIRECS;10005.0;14
211700;TAKER;;ASH_COATED_OSMIUM;XIRECS;10010.0;6
211800;TAKER;;ASH_COATED_OSMIUM;XIRECS;10007.0;9
212000;;TAKER;ASH_COATED_OSMIUM;XIRECS;9990.0;5
212100;;TAKER;INTARIAN_PEPPER_ROOT;XIRECS;11993.0;12
212200;;TAKER;INTARIAN_PEPPER_ROOT;XIRECS;11991.0;5
212200;TAKER;;ASH_COATED_OSMIUM;XIRECS;10010.0;14
212500;TAKER;;ASH_COATED_OSMIUM;XIRECS;10010.0;2
212700;TAKER;;INTARIAN_PEPPER_ROOT;XIRECS;12007.0;12
212900;;TAKER;INTARIAN_PEPPER_ROOT;XIRECS;11992.0;5
213200;TAKER;;INTARIAN_PEPPER_ROOT;XIRECS;12005.0;8
213300;;TAKER;INTARIAN_PEPPER_ROOT;XIRECS;11995.0;6
213400;;TAKER;INTARIAN_PEPPER_ROOT;XIRECS;11993.0;6
213500;;TAKER;INTARIAN_PEPPER_ROOT;XIRECS;11991.0;3
213900;TAKER;;INTARIAN_PEPPER_ROOT;XIRECS;12008.0;11
214100;TAKER;;INTARIAN_PEPPER_ROOT;XIRECS;12007.0;6
214800;TAKER;;ASH_COATED_OSMIUM;XIRECS;10004.0;14
214900;;TAKER;INTARIAN_PEPPER_ROOT;XIRECS;11993.0;14
215200;;TAKER;INTARIAN_PEPPER_ROOT;XIRECS;11993.0;8
215300;TAKER;;ASH_COATED_OSMIUM;XIRECS;10012.0;9
215500;;TAKER;ASH_COATED_OSMIUM;XIRECS;9991.0;3
215700;;TAKER;INTARIAN_PEPPER_ROOT;XIRECS;11992.0;14
215700;TAKER;;ASH_COATED_OSMIUM;XIRECS;10006.0;9
215800;;TAKER;ASH_COATED_OSMIUM;XIRECS;9990.0;15
215900;TAKER;;INTARIAN_PEPPER_ROOT;XIRECS;12006.0;8
216000;TAKER;;ASH_COATED_OSMIUM;XIRECS;10012.0;2
216600;TAKER;;INTARIAN_PEPPER_ROOT;XIRECS;12007.0;10
216800;;TAKER;ASH_COATED_OSMIUM;XIRECS;9994.0;7
217000;;TAKER;ASH_COATED_OSMIUM;XIRECS;9991.0;8
217300;;TAKER;INTARIAN_PEPPER_ROOT;XIRECS;11994.0;10
217300;;TAKER;ASH_COATED_OSMIUM;XIRECS;9993.0;3
217400;TAKER;;INTARIAN_PEPPER_ROOT;XIRECS;12006.0;2
217500;;TAKER;ASH_COATED_OSMIUM;XIRECS;9992.0;12
217600;TAKER;;INTARIAN_PEPPER_ROOT;XIRECS;12008.0;13
217700;TAKER;;ASH_COATED_OSMIUM;XIRECS;10010.0;6
218000;TAKER;;ASH_COATED_OSMIUM;XIRECS;10003.0;5
218200;TAKER;;ASH_COATED_OSMIUM;XIRECS;10011.0;14
218700;TAKER;;ASH_COATED_OSMIUM;XIRECS;10005.0;5
218800;TAKER;;ASH_COATED_OSMIUM;XIRECS;10009.0;11
219100;;TAKER;ASH_COATED_OSMIUM;XIRECS;9992.0;3
219300;TAKER;;INTARIAN_PEPPER_ROOT;XIRECS;12008.0;15
219500;;TAKER;ASH_COATED_OSMIUM;XIRECS;9996.0;13
219600;TAKER;;ASH_COATED_OSMIUM;XIRECS;10009.0;6
219800;TAKER;;INTARIAN_PEPPER_ROOT;XIRECS;12008.0;9
219800;TAKER;;ASH_COATED_OSMIUM;XIRECS;10007.0;3
220000;;TAKER;INTARIAN_PEPPER_ROOT;XIRECS;11993.0;9
220100;TAKER;;INTARIAN_PEPPER_ROOT;XIRECS;12008.0;13
220200;;TAKER;ASH_COATED_OSMIUM;XIRECS;9992.0;12
220300;TAKER;;ASH_COATED_OSMIUM;XIRECS;10007.0;3
220400;TAKER;;ASH_COATED_OSMIUM;XIRECS;10010.0;4
220700;TAKER;;INTARIAN_PEPPER_ROOT;XIRECS;12006.0;15
220700;TAKER;;ASH_COATED_OSMIUM;XIRECS;10006.0;7
221000;TAKER;;ASH_COATED_OSMIUM;XIRECS;10009.0;10
221700;;TAKER;INTARIAN_PEPPER_ROOT;XIRECS;11992.0;3
221800;TAKER;;ASH_COATED_OSMIUM;XIRECS;10009.0;9
221900;;TAKER;INTARIAN_PEPPER_ROOT;XIRECS;11993.0;11
221900;TAKER;;ASH_COATED_OSMIUM;XIRECS;10008.0;14
222200;TAKER;;ASH_COATED_OSMIUM;XIRECS;10006.0;10
222300;;TAKER;ASH_COATED_OSMIUM;XIRECS;9989.0;8
222800;TAKER;;ASH_COATED_OSMIUM;XIRECS;10006.0;6
223300;;TAKER;ASH_COATED_OSMIUM;XIRECS;9995.0;9
223400;;TAKER;ASH_COATED_OSMIUM;XIRECS;9990.0;4
223500;TAKER;;ASH_COATED_OSMIUM;XIRECS;10009.0;11
223600;;TAKER;INTARIAN_PEPPER_ROOT;XIRECS;11992.0;3
223900;TAKER;;ASH_COATED_OSMIUM;XIRECS;10006.0;13
224000;;TAKER;ASH_COATED_OSMIUM;XIRECS;9991.0;3
224100;TAKER;;INTARIAN_PEPPER_ROOT;XIRECS;12007.0;6
224500;TAKER;;INTARIAN_PEPPER_ROOT;XIRECS;12008.0;7
224700;TAKER;;ASH_COATED_OSMIUM;XIRECS;10007.0;8
225200;TAKER;;INTARIAN_PEPPER_ROOT;XIRECS;12006.0;3
225600;;TAKER;ASH_COATED_OSMIUM;XIRECS;9990.0;11
225800;TAKER;;INTARIAN_PEPPER_ROOT;XIRECS;12007.0;3
225800;;TAKER;ASH_COATED_OSMIUM;XIRECS;9988.0;2
226200;TAKER;;ASH_COATED_OSMIUM;XIRECS;10008.0;15
226300;;TAKER;INTARIAN_PEPPER_ROOT;XIRECS;11992.0;2
226400;;TAKER;INTARIAN_PEPPER_ROOT;XIRECS;11991.0;2
226500;;TAKER;INTARIAN_PEPPER_ROOT;XIRECS;11993.0;15
226600;;TAKER;INTARIAN_PEPPER_ROOT;XIRECS;11993.0;15
226700;TAKER;;ASH_COATED_OSMIUM;XIRECS;10010.0;3
226900;TAKER;;INTARIAN_PEPPER_ROOT;XIRECS;12005.0;10
227200;;TAKER;ASH_COATED_OSMIUM;XIRECS;9990.0;2
227600;TAKER;;ASH_COATED_OSMIUM;XIRECS;10007.0;4
227700;TAKER;;INTARIAN_PEPPER_ROOT;XIRECS;12005.0;14
227900;TAKER;;INTARIAN_PEPPER_ROOT;XIRECS;12008.0;12
228000;TAKER;;INTARIAN_PEPPER_ROOT;XIRECS;12005.0;3
228100;;TAKER;ASH_COATED_OSMIUM;XIRECS;9991.0;9
228200;;TAKER;INTARIAN_PEPPER_ROOT;XIRECS;11993.0;9
228300;;TAKER;ASH_COATED_OSMIUM;XIRECS;9990.0;10
228600;TAKER;;ASH_COATED_OSMIUM;XIRECS;10008.0;15
228700;TAKER;;INTARIAN_PEPPER_ROOT;XIRECS;12008.0;7
228900;TAKER;;INTARIAN_PEPPER_ROOT;XIRECS;12005.0;7
228900;;TAKER;ASH_COATED_OSMIUM;XIRECS;9991.0;11
229000;;TAKER;INTARIAN_PEPPER_ROOT;XIRECS;11990.0;3
229000;TAKER;;ASH_COATED_OSMIUM;XIRECS;10012.0;15
229100;TAKER;;ASH_COATED_OSMIUM;XIRECS;10011.0;3
229400;TAKER;;INTARIAN_PEPPER_ROOT;XIRECS;12007.0;12
229500;TAKER;;ASH_COATED_OSMIUM;XIRECS;10011.0;3
229800;;TAKER;INTARIAN_PEPPER_ROOT;XIRECS;11994.0;15
229900;TAKER;;INTARIAN_PEPPER_ROOT;XIRECS;12006.0;8
230000;;TAKER;ASH_COATED_OSMIUM;XIRECS;9991.0;4
230100;;TAKER;ASH_COATED_OSMIUM;XIRECS;9992.0;14
230300;;TAKER;ASH_COATED_OSMIUM;XIRECS;9991.0;13
230400;;TAKER;INTARIAN_PEPPER_ROOT;XIRECS;11994.0;11
230400;;TAKER;ASH_COATED_OSMIUM;XIRECS;9992.0;12
230800;TAKER;;INTARIAN_PEPPER_ROOT;XIRECS;12007.0;11
230900;;TAKER;ASH_COATED_OSMIUM;XIRECS;9994.0;12
231100;;TAKER;ASH_COATED_OSMIUM;XIRECS;9990.0;14
231200;TAKER;;ASH_COATED_OSMIUM;XIRECS;10007.0;13
231400;;TAKER;ASH_COATED_OSMIUM;XIRECS;9986.0;9
231800;;TAKER;ASH_COATED_OSMIUM;XIRECS;9991.0;10
232100;TAKER;;INTARIAN_PEPPER_ROOT;XIRECS;12006.0;11
232200;;TAKER;INTARIAN_PEPPER_ROOT;XIRECS;11992.0;2
232300;;TAKER;INTARIAN_PEPPER_ROOT;XIRECS;11991.0;3
232400;;TAKER;ASH_COATED_OSMIUM;XIRECS;9990.0;11
232500;;TAKER;INTARIAN_PEPPER_ROOT;XIRECS;11992.0;6
233200;;TAKER;INTARIAN_PEPPER_ROOT;XIRECS;11991.0;5
233300;;TAKER;ASH_COATED_OSMIUM;XIRECS;9990.0;11
233400;;TAKER;ASH_COATED_OSMIUM;XIRECS;9991.0;10
233600;;TAKER;INTARIAN_PEPPER_ROOT;XIRECS;11993.0;2
233900;;TAKER;INTARIAN_PEPPER_ROOT;XIRECS;11993.0;8
234100;TAKER;;ASH_COATED_OSMIUM;XIRECS;10005.0;14
234200;;TAKER;INTARIAN_PEPPER_ROOT;XIRECS;11993.0;4
234300;TAKER;;INTARIAN_PEPPER_ROOT;XIRECS;12006.0;5
234700;;TAKER;ASH_COATED_OSMIUM;XIRECS;9992.0;5
235200;TAKER;;INTARIAN_PEPPER_ROOT;XIRECS;12007.0;2
235200;;TAKER;ASH_COATED_OSMIUM;XIRECS;9988.0;15
235300;TAKER;;INTARIAN_PEPPER_ROOT;XIRECS;12005.0;5
235400;;TAKER;ASH_COATED_OSMIUM;XIRECS;9992.0;8
235700;TAKER;;INTARIAN_PEPPER_ROOT;XIRECS;12008.0;2
235900;;TAKER;INTARIAN_PEPPER_ROOT;XIRECS;11993.0;13
235900;TAKER;;ASH_COATED_OSMIUM;XIRECS;10006.0;13
236400;;TAKER;ASH_COATED_OSMIUM;XIRECS;9989.0;12
236500;;TAKER;ASH_COATED_OSMIUM;XIRECS;9988.0;7
236600;;TAKER;INTARIAN_PEPPER_ROOT;XIRECS;11994.0;3
236700;;TAKER;INTARIAN_PEPPER_ROOT;XIRECS;11991.0;11
236900;TAKER;;INTARIAN_PEPPER_ROOT;XIRECS;12007.0;5
236900;;TAKER;ASH_COATED_OSMIUM;XIRECS;9992.0;12
237300;;TAKER;INTARIAN_PEPPER_ROOT;XIRECS;11992.0;2
237400;TAKER;;INTARIAN_PEPPER_ROOT;XIRECS;12004.0;4
237900;;TAKER;INTARIAN_PEPPER_ROOT;XIRECS;11991.0;12
237900;TAKER;;ASH_COATED_OSMIUM;XIRECS;10008.0;14
238100;;TAKER;ASH_COATED_OSMIUM;XIRECS;9991.0;4
238400;;TAKER;ASH_COATED_OSMIUM;XIRECS;9992.0;10
238600;;TAKER;INTARIAN_PEPPER_ROOT;XIRECS;11993.0;14
238600;;TAKER;ASH_COATED_OSMIUM;XIRECS;9991.0;15
238800;;TAKER;INTARIAN_PEPPER_ROOT;XIRECS;11994.0;13
238800;;TAKER;ASH_COATED_OSMIUM;XIRECS;9992.0;11
238900;;TAKER;INTARIAN_PEPPER_ROOT;XIRECS;11992.0;11
238900;TAKER;;ASH_COATED_OSMIUM;XIRECS;10010.0;7
239100;;TAKER;ASH_COATED_OSMIUM;XIRECS;9991.0;9
239300;TAKER;;ASH_COATED_OSMIUM;XIRECS;10011.0;8
240000;;TAKER;ASH_COATED_OSMIUM;XIRECS;9993.0;6
240200;;TAKER;ASH_COATED_OSMIUM;XIRECS;9989.0;3
240300;;TAKER;INTARIAN_PEPPER_ROOT;XIRECS;11992.0;8
240400;TAKER;;INTARIAN_PEPPER_ROOT;XIRECS;12005.0;6
240600;;TAKER;ASH_COATED_OSMIUM;XIRECS;9991.0;15
240700;TAKER;;INTARIAN_PEPPER_ROOT;XIRECS;12006.0;6
240900;TAKER;;ASH_COATED_OSMIUM;XIRECS;10011.0;6
241000;;TAKER;INTARIAN_PEPPER_ROOT;XIRECS;11993.0;6
241100;TAKER;;ASH_COATED_OSMIUM;XIRECS;10007.0;6
241200;TAKER;;ASH_COATED_OSMIUM;XIRECS;10009.0;12
241700;;TAKER;ASH_COATED_OSMIUM;XIRECS;9992.0;6
241800;TAKER;;INTARIAN_PEPPER_ROOT;XIRECS;12006.0;8
242100;TAKER;;ASH_COATED_OSMIUM;XIRECS;10009.0;12
242400;;TAKER;ASH_COATED_OSMIUM;XIRECS;9990.0;14
242600;;TAKER;INTARIAN_PEPPER_ROOT;XIRECS;11994.0;2
242600;TAKER;;ASH_COATED_OSMIUM;XIRECS;10008.0;5
242700;TAKER;;INTARIAN_PEPPER_ROOT;XIRECS;12006.0;10
242700;TAKER;;ASH_COATED_OSMIUM;XIRECS;10009.0;15
242800;TAKER;;ASH_COATED_OSMIUM;XIRECS;10011.0;7
242900;TAKER;;ASH_COATED_OSMIUM;XIRECS;10007.0;9
243000;;TAKER;ASH_COATED_OSMIUM;XIRECS;9993.0;10
243100;;TAKER;INTARIAN_PEPPER_ROOT;XIRECS;11995.0;9
243300;TAKER;;INTARIAN_PEPPER_ROOT;XIRECS;12005.0;5
243700;;TAKER;INTARIAN_PEPPER_ROOT;XIRECS;11991.0;7
243700;;TAKER;ASH_COATED_OSMIUM;XIRECS;9991.0;14
243800;TAKER;;ASH_COATED_OSMIUM;XIRECS;10009.0;12
243900;TAKER;;INTARIAN_PEPPER_ROOT;XIRECS;12006.0;11
244000;TAKER;;ASH_COATED_OSMIUM;XIRECS;10009.0;2
244400;;TAKER;INTARIAN_PEPPER_ROOT;XIRECS;11993.0;13
244600;;TAKER;INTARIAN_PEPPER_ROOT;XIRECS;11992.0;12
244700;TAKER;;ASH_COATED_OSMIUM;XIRECS;10006.0;4
244800;TAKER;;INTARIAN_PEPPER_ROOT;XIRECS;12006.0;4
244800;TAKER;;ASH_COATED_OSMIUM;XIRECS;10005.0;4
245300;;TAKER;ASH_COATED_OSMIUM;XIRECS;9988.0;14
245400;TAKER;;ASH_COATED_OSMIUM;XIRECS;10009.0;8
246000;;TAKER;INTARIAN_PEPPER_ROOT;XIRECS;11991.0;4
246000;TAKER;;ASH_COATED_OSMIUM;XIRECS;10008.0;7
246300;;TAKER;ASH_COATED_OSMIUM;XIRECS;9990.0;3
246500;;TAKER;ASH_COATED_OSMIUM;XIRECS;9993.0;15
246600;;TAKER;INTARIAN_PEPPER_ROOT;XIRECS;11992.0;15
246600;TAKER;;ASH_COATED_OSMIUM;XIRECS;10008.0;2
247000;TAKER;;INTARIAN_PEPPER_ROOT;XIRECS;12006.0;8
247100;;TAKER;INTARIAN_PEPPER_ROOT;XIRECS;11992.0;8
247200;TAKER;;INTARIAN_PEPPER_ROOT;XIRECS;12004.0;13
247400;;TAKER;ASH_COATED_OSMIUM;XIRECS;9988.0;6
247700;TAKER;;INTARIAN_PEPPER_ROOT;XIRECS;12007.0;6
247700;TAKER;;ASH_COATED_OSMIUM;XIRECS;10010.0;5
248200;TAKER;;INTARIAN_PEPPER_ROOT;XIRECS;12006.0;10
248300;TAKER;;ASH_COATED_OSMIUM;XIRECS;10010.0;11
248400;;TAKER;INTARIAN_PEPPER_ROOT;XIRECS;11993.0;6
248600;;TAKER;INTARIAN_PEPPER_ROOT;XIRECS;11991.0;5
248800;TAKER;;INTARIAN_PEPPER_ROOT;XIRECS;12006.0;2
249200;TAKER;;ASH_COATED_OSMIUM;XIRECS;10005.0;8
249300;TAKER;;ASH_COATED_OSMIUM;XIRECS;10008.0;12
249400;;TAKER;ASH_COATED_OSMIUM;XIRECS;9992.0;3
249600;TAKER;;ASH_COATED_OSMIUM;XIRECS;10006.0;2
249800;TAKER;;INTARIAN_PEPPER_ROOT;XIRECS;12006.0;14
250100;;TAKER;INTARIAN_PEPPER_ROOT;XIRECS;11993.0;2
250200;TAKER;;ASH_COATED_OSMIUM;XIRECS;10008.0;14
250300;;TAKER;INTARIAN_PEPPER_ROOT;XIRECS;11994.0;12
250500;;TAKER;ASH_COATED_OSMIUM;XIRECS;9993.0;13
250600;TAKER;;ASH_COATED_OSMIUM;XIRECS;10012.0;13
250800;TAKER;;INTARIAN_PEPPER_ROOT;XIRECS;12004.0;3
250900;TAKER;;INTARIAN_PEPPER_ROOT;XIRECS;12004.0;13
251200;TAKER;;ASH_COATED_OSMIUM;XIRECS;10012.0;9
251400;;TAKER;INTARIAN_PEPPER_ROOT;XIRECS;11992.0;12
251400;;TAKER;ASH_COATED_OSMIUM;XIRECS;9991.0;13
251500;;TAKER;ASH_COATED_OSMIUM;XIRECS;9989.0;6
251600;;TAKER;ASH_COATED_OSMIUM;XIRECS;9992.0;12
251900;;TAKER;INTARIAN_PEPPER_ROOT;XIRECS;11993.0;11
252000;;TAKER;INTARIAN_PEPPER_ROOT;XIRECS;11994.0;9
252200;TAKER;;INTARIAN_PEPPER_ROOT;XIRECS;12007.0;2
252400;TAKER;;INTARIAN_PEPPER_ROOT;XIRECS;12005.0;7
252400;TAKER;;ASH_COATED_OSMIUM;XIRECS;10008.0;4
253200;;TAKER;INTARIAN_PEPPER_ROOT;XIRECS;11992.0;5
253300;;TAKER;INTARIAN_PEPPER_ROOT;XIRECS;11992.0;9
253800;TAKER;;INTARIAN_PEPPER_ROOT;XIRECS;12006.0;5
254200;TAKER;;INTARIAN_PEPPER_ROOT;XIRECS;12007.0;8
254400;;TAKER;INTARIAN_PEPPER_ROOT;XIRECS;11994.0;13
254600;TAKER;;ASH_COATED_OSMIUM;XIRECS;10008.0;6
254700;TAKER;;INTARIAN_PEPPER_ROOT;XIRECS;12006.0;13
254900;;TAKER;INTARIAN_PEPPER_ROOT;XIRECS;11992.0;8
255000;;TAKER;INTARIAN_PEPPER_ROOT;XIRECS;11993.0;12
255000;;TAKER;ASH_COATED_OSMIUM;XIRECS;9991.0;12
255100;;TAKER;INTARIAN_PEPPER_ROOT;XIRECS;11995.0;9
255200;TAKER;;INTARIAN_PEPPER_ROOT;XIRECS;12007.0;4
255300;;TAKER;ASH_COATED_OSMIUM;XIRECS;9989.0;3
255500;;TAKER;ASH_COATED_OSMIUM;XIRECS;9990.0;9
255600;;TAKER;ASH_COATED_OSMIUM;XIRECS;9989.0;15
255800;;TAKER;ASH_COATED_OSMIUM;XIRECS;9990.0;10
256200;TAKER;;INTARIAN_PEPPER_ROOT;XIRECS;12008.0;14
256800;;TAKER;ASH_COATED_OSMIUM;XIRECS;9991.0;8
256900;;TAKER;INTARIAN_PEPPER_ROOT;XIRECS;11992.0;11
256900;TAKER;;ASH_COATED_OSMIUM;XIRECS;10006.0;6
257000;TAKER;;INTARIAN_PEPPER_ROOT;XIRECS;12008.0;7
257000;;TAKER;ASH_COATED_OSMIUM;XIRECS;9989.0;5
257400;TAKER;;ASH_COATED_OSMIUM;XIRECS;10008.0;10
257500;;TAKER;INTARIAN_PEPPER_ROOT;XIRECS;11991.0;13
257700;;TAKER;ASH_COATED_OSMIUM;XIRECS;9989.0;11
258000;;TAKER;INTARIAN_PEPPER_ROOT;XIRECS;11993.0;7
258100;;TAKER;INTARIAN_PEPPER_ROOT;XIRECS;11991.0;5
258300;;TAKER;INTARIAN_PEPPER_ROOT;XIRECS;11994.0;8
258300;;TAKER;ASH_COATED_OSMIUM;XIRECS;9990.0;13
258800;;TAKER;INTARIAN_PEPPER_ROOT;XIRECS;11992.0;15
259000;;TAKER;INTARIAN_PEPPER_ROOT;XIRECS;11990.0;7
259200;TAKER;;INTARIAN_PEPPER_ROOT;XIRECS;12005.0;6
259400;;TAKER;ASH_COATED_OSMIUM;XIRECS;9990.0;14
259500;;TAKER;ASH_COATED_OSMIUM;XIRECS;9988.0;2
259600;TAKER;;INTARIAN_PEPPER_ROOT;XIRECS;12004.0;15
259700;TAKER;;INTARIAN_PEPPER_ROOT;XIRECS;12006.0;9
259800;;TAKER;INTARIAN_PEPPER_ROOT;XIRECS;11993.0;14
260200;;TAKER;INTARIAN_PEPPER_ROOT;XIRECS;11991.0;6
260200;;TAKER;ASH_COATED_OSMIUM;XIRECS;9990.0;7
260400;;TAKER;ASH_COATED_OSMIUM;XIRECS;9992.0;10
260500;TAKER;;INTARIAN_PEPPER_ROOT;XIRECS;12006.0;9
260600;TAKER;;ASH_COATED_OSMIUM;XIRECS;10011.0;15
260800;;TAKER;ASH_COATED_OSMIUM;XIRECS;9995.0;14
261000;;TAKER;INTARIAN_PEPPER_ROOT;XIRECS;11993.0;10
261000;;TAKER;ASH_COATED_OSMIUM;XIRECS;9992.0;9
261200;TAKER;;ASH_COATED_OSMIUM;XIRECS;10011.0;3
261300;TAKER;;INTARIAN_PEPPER_ROOT;XIRECS;12006.0;7
261300;TAKER;;ASH_COATED_OSMIUM;XIRECS;10010.0;5
261800;TAKER;;INTARIAN_PEPPER_ROOT;XIRECS;12005.0;15
261800;TAKER;;ASH_COATED_OSMIUM;XIRECS;10007.0;5
262100;;TAKER;INTARIAN_PEPPER_ROOT;XIRECS;11994.0;3
262100;;TAKER;ASH_COATED_OSMIUM;XIRECS;9989.0;8
262200;;TAKER;INTARIAN_PEPPER_ROOT;XIRECS;11992.0;5
262200;TAKER;;ASH_COATED_OSMIUM;XIRECS;10010.0;12
262300;;TAKER;ASH_COATED_OSMIUM;XIRECS;9989.0;9
262400;;TAKER;ASH_COATED_OSMIUM;XIRECS;9990.0;3
262500;;TAKER;ASH_COATED_OSMIUM;XIRECS;9989.0;14
262800;;TAKER;ASH_COATED_OSMIUM;XIRECS;9990.0;15
263200;;TAKER;INTARIAN_PEPPER_ROOT;XIRECS;11992.0;8
263300;TAKER;;INTARIAN_PEPPER_ROOT;XIRECS;12007.0;15
263600;;TAKER;ASH_COATED_OSMIUM;XIRECS;9986.0;10
263700;;TAKER;INTARIAN_PEPPER_ROOT;XIRECS;11993.0;9
263900;TAKER;;ASH_COATED_OSMIUM;XIRECS;10008.0;5
264100;TAKER;;INTARIAN_PEPPER_ROOT;XIRECS;12006.0;13
264200;TAKER;;ASH_COATED_OSMIUM;XIRECS;10009.0;10
264300;TAKER;;ASH_COATED_OSMIUM;XIRECS;10010.0;3
264400;;TAKER;ASH_COATED_OSMIUM;XIRECS;9989.0;14
264500;TAKER;;ASH_COATED_OSMIUM;XIRECS;10006.0;13
264800;;TAKER;INTARIAN_PEPPER_ROOT;XIRECS;11995.0;15
265000;;TAKER;INTARIAN_PEPPER_ROOT;XIRECS;11993.0;10
265300;;TAKER;INTARIAN_PEPPER_ROOT;XIRECS;11992.0;13
265400;;TAKER;INTARIAN_PEPPER_ROOT;XIRECS;11992.0;7
265600;;TAKER;INTARIAN_PEPPER_ROOT;XIRECS;11993.0;5
265600;TAKER;;ASH_COATED_OSMIUM;XIRECS;10011.0;13
265900;;TAKER;INTARIAN_PEPPER_ROOT;XIRECS;11993.0;12
265900;;TAKER;ASH_COATED_OSMIUM;XIRECS;9990.0;2
266000;;TAKER;ASH_COATED_OSMIUM;XIRECS;9993.0;4
266400;TAKER;;INTARIAN_PEPPER_ROOT;XIRECS;12007.0;4
266600;TAKER;;ASH_COATED_OSMIUM;XIRECS;10009.0;14
266700;TAKER;;ASH_COATED_OSMIUM;XIRECS;10008.0;14
266900;TAKER;;INTARIAN_PEPPER_ROOT;XIRECS;12005.0;3
267100;;TAKER;INTARIAN_PEPPER_ROOT;XIRECS;11994.0;5
267100;TAKER;;ASH_COATED_OSMIUM;XIRECS;10012.0;6
267300;;TAKER;INTARIAN_PEPPER_ROOT;XIRECS;11993.0;4
267500;;TAKER;ASH_COATED_OSMIUM;XIRECS;9992.0;10
267600;TAKER;;INTARIAN_PEPPER_ROOT;XIRECS;12007.0;4
267700;;TAKER;INTARIAN_PEPPER_ROOT;XIRECS;11994.0;8
267800;TAKER;;INTARIAN_PEPPER_ROOT;XIRECS;12006.0;11
267800;;TAKER;ASH_COATED_OSMIUM;XIRECS;9992.0;3
267900;;TAKER;INTARIAN_PEPPER_ROOT;XIRECS;11989.0;8
268000;;TAKER;INTARIAN_PEPPER_ROOT;XIRECS;11991.0;9
268300;;TAKER;INTARIAN_PEPPER_ROOT;XIRECS;11993.0;3
268300;TAKER;;ASH_COATED_OSMIUM;XIRECS;10010.0;7
268500;;TAKER;INTARIAN_PEPPER_ROOT;XIRECS;11993.0;11
268600;;TAKER;INTARIAN_PEPPER_ROOT;XIRECS;11992.0;15
268700;TAKER;;INTARIAN_PEPPER_ROOT;XIRECS;12007.0;5
268700;TAKER;;ASH_COATED_OSMIUM;XIRECS;10012.0;10
268800;TAKER;;ASH_COATED_OSMIUM;XIRECS;10003.0;2
268900;;TAKER;INTARIAN_PEPPER_ROOT;XIRECS;11994.0;5
269000;TAKER;;ASH_COATED_OSMIUM;XIRECS;10009.0;13
269300;;TAKER;INTARIAN_PEPPER_ROOT;XIRECS;11993.0;4
269500;;TAKER;ASH_COATED_OSMIUM;XIRECS;9991.0;14
269700;TAKER;;ASH_COATED_OSMIUM;XIRECS;10007.0;2
269900;TAKER;;INTARIAN_PEPPER_ROOT;XIRECS;12005.0;3
269900;TAKER;;ASH_COATED_OSMIUM;XIRECS;10009.0;2
270000;;TAKER;ASH_COATED_OSMIUM;XIRECS;9989.0;14
270200;;TAKER;INTARIAN_PEPPER_ROOT;XIRECS;11992.0;5
270300;;TAKER;ASH_COATED_OSMIUM;XIRECS;9990.0;11
270400;TAKER;;ASH_COATED_OSMIUM;XIRECS;10008.0;14
270800;TAKER;;INTARIAN_PEPPER_ROOT;XIRECS;12005.0;13
270800;;TAKER;ASH_COATED_OSMIUM;XIRECS;9991.0;2
270900;;TAKER;INTARIAN_PEPPER_ROOT;XIRECS;11993.0;4
270900;TAKER;;ASH_COATED_OSMIUM;XIRECS;10006.0;11
271000;TAKER;;INTARIAN_PEPPER_ROOT;XIRECS;12007.0;2
271200;;TAKER;ASH_COATED_OSMIUM;XIRECS;9991.0;2
271300;TAKER;;ASH_COATED_OSMIUM;XIRECS;10004.0;13
271400;TAKER;;INTARIAN_PEPPER_ROOT;XIRECS;12007.0;15
271700;;TAKER;INTARIAN_PEPPER_ROOT;XIRECS;11993.0;8
271700;;TAKER;ASH_COATED_OSMIUM;XIRECS;9994.0;8
272100;;TAKER;INTARIAN_PEPPER_ROOT;XIRECS;11992.0;11
272200;;TAKER;ASH_COATED_OSMIUM;XIRECS;9989.0;11
272400;TAKER;;ASH_COATED_OSMIUM;XIRECS;10011.0;8
272600;TAKER;;INTARIAN_PEPPER_ROOT;XIRECS;12007.0;2
272700;;TAKER;INTARIAN_PEPPER_ROOT;XIRECS;11991.0;11
272900;;TAKER;ASH_COATED_OSMIUM;XIRECS;9989.0;2
273200;;TAKER;INTARIAN_PEPPER_ROOT;XIRECS;11992.0;5
273300;TAKER;;INTARIAN_PEPPER_ROOT;XIRECS;12003.0;4
273400;;TAKER;INTARIAN_PEPPER_ROOT;XIRECS;11991.0;9
273500;TAKER;;INTARIAN_PEPPER_ROOT;XIRECS;12005.0;6
273500;TAKER;;ASH_COATED_OSMIUM;XIRECS;10007.0;8
273800;;TAKER;ASH_COATED_OSMIUM;XIRECS;9989.0;9
274300;TAKER;;INTARIAN_PEPPER_ROOT;XIRECS;12004.0;7
274400;TAKER;;INTARIAN_PEPPER_ROOT;XIRECS;12006.0;4
274600;;TAKER;ASH_COATED_OSMIUM;XIRECS;9993.0;4
274700;;TAKER;INTARIAN_PEPPER_ROOT;XIRECS;11993.0;12
275200;;TAKER;ASH_COATED_OSMIUM;XIRECS;9993.0;9
275600;TAKER;;INTARIAN_PEPPER_ROOT;XIRECS;12006.0;14
275600;TAKER;;ASH_COATED_OSMIUM;XIRECS;10007.0;7
275700;;TAKER;INTARIAN_PEPPER_ROOT;XIRECS;11994.0;9
275900;TAKER;;INTARIAN_PEPPER_ROOT;XIRECS;12007.0;5
276100;;TAKER;INTARIAN_PEPPER_ROOT;XIRECS;11991.0;10
276500;TAKER;;INTARIAN_PEPPER_ROOT;XIRECS;12006.0;15
276800;TAKER;;ASH_COATED_OSMIUM;XIRECS;10007.0;14
276900;;TAKER;INTARIAN_PEPPER_ROOT;XIRECS;11993.0;11
277000;;TAKER;INTARIAN_PEPPER_ROOT;XIRECS;11992.0;4
277100;;TAKER;INTARIAN_PEPPER_ROOT;XIRECS;11991.0;15
277300;;TAKER;ASH_COATED_OSMIUM;XIRECS;9990.0;6
277400;;TAKER;ASH_COATED_OSMIUM;XIRECS;9991.0;5
277500;;TAKER;ASH_COATED_OSMIUM;XIRECS;9991.0;6
277700;TAKER;;INTARIAN_PEPPER_ROOT;XIRECS;12007.0;12
278000;TAKER;;INTARIAN_PEPPER_ROOT;XIRECS;12007.0;4
278100;;TAKER;INTARIAN_PEPPER_ROOT;XIRECS;11990.0;10
278100;TAKER;;ASH_COATED_OSMIUM;XIRECS;10011.0;15
278300;;TAKER;INTARIAN_PEPPER_ROOT;XIRECS;11992.0;7
278300;;TAKER;ASH_COATED_OSMIUM;XIRECS;9989.0;14
278400;TAKER;;INTARIAN_PEPPER_ROOT;XIRECS;12007.0;13
278400;TAKER;;ASH_COATED_OSMIUM;XIRECS;10008.0;7
278500;TAKER;;INTARIAN_PEPPER_ROOT;XIRECS;12008.0;11
278600;TAKER;;INTARIAN_PEPPER_ROOT;XIRECS;12008.0;8
278800;;TAKER;ASH_COATED_OSMIUM;XIRECS;9991.0;15
278900;;TAKER;INTARIAN_PEPPER_ROOT;XIRECS;11993.0;3
278900;;TAKER;ASH_COATED_OSMIUM;XIRECS;9996.0;6
279200;;TAKER;INTARIAN_PEPPER_ROOT;XIRECS;11992.0;6
279400;;TAKER;ASH_COATED_OSMIUM;XIRECS;9992.0;12
279600;TAKER;;INTARIAN_PEPPER_ROOT;XIRECS;12008.0;7
279600;;TAKER;ASH_COATED_OSMIUM;XIRECS;9991.0;15
280100;TAKER;;ASH_COATED_OSMIUM;XIRECS;10008.0;4
280200;TAKER;;INTARIAN_PEPPER_ROOT;XIRECS;12007.0;5
280300;;TAKER;INTARIAN_PEPPER_ROOT;XIRECS;11992.0;13
280300;;TAKER;ASH_COATED_OSMIUM;XIRECS;9993.0;8
280600;TAKER;;ASH_COATED_OSMIUM;XIRECS;10009.0;10
280800;;TAKER;INTARIAN_PEPPER_ROOT;XIRECS;11992.0;14
280900;;TAKER;ASH_COATED_OSMIUM;XIRECS;9993.0;9
281100;TAKER;;INTARIAN_PEPPER_ROOT;XIRECS;12006.0;12
281100;TAKER;;ASH_COATED_OSMIUM;XIRECS;10009.0;4
281400;;TAKER;INTARIAN_PEPPER_ROOT;XIRECS;11993.0;8
281600;;TAKER;INTARIAN_PEPPER_ROOT;XIRECS;11991.0;5
281700;;TAKER;INTARIAN_PEPPER_ROOT;XIRECS;11993.0;8
281800;TAKER;;ASH_COATED_OSMIUM;XIRECS;10006.0;15
282000;TAKER;;INTARIAN_PEPPER_ROOT;XIRECS;12007.0;6
282100;TAKER;;INTARIAN_PEPPER_ROOT;XIRECS;12006.0;6
282300;TAKER;;INTARIAN_PEPPER_ROOT;XIRECS;12007.0;6
282500;TAKER;;ASH_COATED_OSMIUM;XIRECS;10010.0;4
282600;TAKER;;INTARIAN_PEPPER_ROOT;XIRECS;12005.0;14
282700;TAKER;;INTARIAN_PEPPER_ROOT;XIRECS;12007.0;2
282900;TAKER;;INTARIAN_PEPPER_ROOT;XIRECS;12007.0;4
283000;TAKER;;INTARIAN_PEPPER_ROOT;XIRECS;12004.0;14
283100;;TAKER;INTARIAN_PEPPER_ROOT;XIRECS;11992.0;6
283300;;TAKER;ASH_COATED_OSMIUM;XIRECS;9993.0;4
283400;TAKER;;ASH_COATED_OSMIUM;XIRECS;10010.0;13
283600;;TAKER;ASH_COATED_OSMIUM;XIRECS;9989.0;13
283700;;TAKER;INTARIAN_PEPPER_ROOT;XIRECS;11993.0;15
283800;;TAKER;INTARIAN_PEPPER_ROOT;XIRECS;11994.0;12
283900;TAKER;;INTARIAN_PEPPER_ROOT;XIRECS;12008.0;8
284000;;TAKER;ASH_COATED_OSMIUM;XIRECS;9994.0;13
284400;TAKER;;INTARIAN_PEPPER_ROOT;XIRECS;12005.0;11
284600;;TAKER;ASH_COATED_OSMIUM;XIRECS;9992.0;4
284900;;TAKER;INTARIAN_PEPPER_ROOT;XIRECS;11993.0;2
284900;TAKER;;ASH_COATED_OSMIUM;XIRECS;10010.0;3
285100;TAKER;;INTARIAN_PEPPER_ROOT;XIRECS;12005.0;10
285200;TAKER;;ASH_COATED_OSMIUM;XIRECS;10007.0;15
285400;TAKER;;INTARIAN_PEPPER_ROOT;XIRECS;12007.0;15
285800;TAKER;;ASH_COATED_OSMIUM;XIRECS;10010.0;12
285900;TAKER;;INTARIAN_PEPPER_ROOT;XIRECS;12005.0;2
286500;;TAKER;INTARIAN_PEPPER_ROOT;XIRECS;11993.0;9
286600;TAKER;;INTARIAN_PEPPER_ROOT;XIRECS;12005.0;7
286800;TAKER;;ASH_COATED_OSMIUM;XIRECS;10008.0;14
287000;TAKER;;ASH_COATED_OSMIUM;XIRECS;10012.0;15
287300;TAKER;;ASH_COATED_OSMIUM;XIRECS;10002.0;8
287400;;TAKER;ASH_COATED_OSMIUM;XIRECS;9989.0;5
287800;TAKER;;INTARIAN_PEPPER_ROOT;XIRECS;12007.0;7
287800;TAKER;;ASH_COATED_OSMIUM;XIRECS;10010.0;4
288100;;TAKER;ASH_COATED_OSMIUM;XIRECS;9989.0;14
288400;;TAKER;ASH_COATED_OSMIUM;XIRECS;9991.0;13
288700;TAKER;;ASH_COATED_OSMIUM;XIRECS;10009.0;12
288800;;TAKER;ASH_COATED_OSMIUM;XIRECS;9991.0;6
289100;;TAKER;INTARIAN_PEPPER_ROOT;XIRECS;11993.0;14
289100;;TAKER;ASH_COATED_OSMIUM;XIRECS;9989.0;2
289400;TAKER;;INTARIAN_PEPPER_ROOT;XIRECS;12006.0;9
289600;TAKER;;INTARIAN_PEPPER_ROOT;XIRECS;12006.0;3
289600;;TAKER;ASH_COATED_OSMIUM;XIRECS;9989.0;2
289800;;TAKER;INTARIAN_PEPPER_ROOT;XIRECS;11992.0;7
290600;;TAKER;INTARIAN_PEPPER_ROOT;XIRECS;11993.0;13
290600;;TAKER;ASH_COATED_OSMIUM;XIRECS;9991.0;15
290700;;TAKER;INTARIAN_PEPPER_ROOT;XIRECS;11993.0;12
291000;;TAKER;INTARIAN_PEPPER_ROOT;XIRECS;11992.0;13
291200;TAKER;;INTARIAN_PEPPER_ROOT;XIRECS;12007.0;2
291600;;TAKER;ASH_COATED_OSMIUM;XIRECS;9995.0;15
292200;TAKER;;ASH_COATED_OSMIUM;XIRECS;10009.0;15
292300;;TAKER;INTARIAN_PEPPER_ROOT;XIRECS;11991.0;12
292300;;TAKER;ASH_COATED_OSMIUM;XIRECS;9991.0;3
292400;;TAKER;INTARIAN_PEPPER_ROOT;XIRECS;11993.0;5
292500;;TAKER;ASH_COATED_OSMIUM;XIRECS;9995.0;10
292700;;TAKER;INTARIAN_PEPPER_ROOT;XIRECS;11991.0;14
292800;;TAKER;INTARIAN_PEPPER_ROOT;XIRECS;11992.0;10
292900;TAKER;;ASH_COATED_OSMIUM;XIRECS;10008.0;2
293000;TAKER;;ASH_COATED_OSMIUM;XIRECS;10009.0;8
293100;TAKER;;ASH_COATED_OSMIUM;XIRECS;10009.0;10
293200;TAKER;;INTARIAN_PEPPER_ROOT;XIRECS;12005.0;3
293300;TAKER;;INTARIAN_PEPPER_ROOT;XIRECS;12009.0;11
293300;TAKER;;ASH_COATED_OSMIUM;XIRECS;10007.0;2
293400;;TAKER;INTARIAN_PEPPER_ROOT;XIRECS;11994.0;9
293400;TAKER;;ASH_COATED_OSMIUM;XIRECS;10008.0;9
293800;TAKER;;INTARIAN_PEPPER_ROOT;XIRECS;12007.0;8
293900;TAKER;;ASH_COATED_OSMIUM;XIRECS;10011.0;9
294000;;TAKER;ASH_COATED_OSMIUM;XIRECS;9994.0;10
294500;;TAKER;ASH_COATED_OSMIUM;XIRECS;9993.0;9
294700;TAKER;;ASH_COATED_OSMIUM;XIRECS;10009.0;12
294800;;TAKER;INTARIAN_PEPPER_ROOT;XIRECS;11992.0;12
294900;TAKER;;INTARIAN_PEPPER_ROOT;XIRECS;12006.0;2
294900;;TAKER;ASH_COATED_OSMIUM;XIRECS;9990.0;10
295200;TAKER;;INTARIAN_PEPPER_ROOT;XIRECS;12007.0;9
295400;TAKER;;INTARIAN_PEPPER_ROOT;XIRECS;12005.0;6
295400;TAKER;;ASH_COATED_OSMIUM;XIRECS;10011.0;15
295500;;TAKER;INTARIAN_PEPPER_ROOT;XIRECS;11991.0;13
295500;;TAKER;ASH_COATED_OSMIUM;XIRECS;9991.0;5
295700;;TAKER;ASH_COATED_OSMIUM;XIRECS;9991.0;6
295800;;TAKER;ASH_COATED_OSMIUM;XIRECS;9989.0;4
296000;TAKER;;INTARIAN_PEPPER_ROOT;XIRECS;12005.0;11
296000;;TAKER;ASH_COATED_OSMIUM;XIRECS;9992.0;4
296100;;TAKER;INTARIAN_PEPPER_ROOT;XIRECS;11994.0;3
296200;TAKER;;INTARIAN_PEPPER_ROOT;XIRECS;12007.0;12
296300;;TAKER;INTARIAN_PEPPER_ROOT;XIRECS;11995.0;10
296400;TAKER;;INTARIAN_PEPPER_ROOT;XIRECS;12007.0;8
296600;;TAKER;INTARIAN_PEPPER_ROOT;XIRECS;11995.0;14
296700;TAKER;;ASH_COATED_OSMIUM;XIRECS;10013.0;5
296800;TAKER;;INTARIAN_PEPPER_ROOT;XIRECS;12006.0;8
296900;;TAKER;INTARIAN_PEPPER_ROOT;XIRECS;11993.0;8
296900;;TAKER;ASH_COATED_OSMIUM;XIRECS;9988.0;5
297000;;TAKER;ASH_COATED_OSMIUM;XIRECS;9989.0;7
297200;;TAKER;ASH_COATED_OSMIUM;XIRECS;9989.0;15
297500;;TAKER;ASH_COATED_OSMIUM;XIRECS;9991.0;9
297600;TAKER;;ASH_COATED_OSMIUM;XIRECS;10007.0;13
297900;TAKER;;INTARIAN_PEPPER_ROOT;XIRECS;12006.0;8
297900;TAKER;;ASH_COATED_OSMIUM;XIRECS;10009.0;7
298000;TAKER;;ASH_COATED_OSMIUM;XIRECS;10010.0;9
298100;;TAKER;ASH_COATED_OSMIUM;XIRECS;9993.0;7
298300;TAKER;;ASH_COATED_OSMIUM;XIRECS;10013.0;7
298400;TAKER;;INTARIAN_PEPPER_ROOT;XIRECS;12007.0;3
298600;;TAKER;ASH_COATED_OSMIUM;XIRECS;9992.0;2
298700;;TAKER;ASH_COATED_OSMIUM;XIRECS;9998.0;15
299200;TAKER;;INTARIAN_PEPPER_ROOT;XIRECS;12006.0;10
299200;;TAKER;ASH_COATED_OSMIUM;XIRECS;9993.0;6
299300;TAKER;;INTARIAN_PEPPER_ROOT;XIRECS;12008.0;14
299400;TAKER;;ASH_COATED_OSMIUM;XIRECS;10012.0;8
299700;TAKER;;INTARIAN_PEPPER_ROOT;XIRECS;12007.0;5
299800;;TAKER;INTARIAN_PEPPER_ROOT;XIRECS;11991.0;2
299800;;TAKER;ASH_COATED_OSMIUM;XIRECS;9993.0;4
299900;TAKER;;INTARIAN_PEPPER_ROOT;XIRECS;12006.0;15
300000;;TAKER;ASH_COATED_OSMIUM;XIRECS;9993.0;8
300100;TAKER;;INTARIAN_PEPPER_ROOT;XIRECS;12006.0;10
300200;TAKER;;INTARIAN_PEPPER_ROOT;XIRECS;12006.0;14
300500;TAKER;;INTARIAN_PEPPER_ROOT;XIRECS;12009.0;6
300600;;TAKER;INTARIAN_PEPPER_ROOT;XIRECS;11993.0;14
300800;;TAKER;INTARIAN_PEPPER_ROOT;XIRECS;11992.0;13
301000;TAKER;;INTARIAN_PEPPER_ROOT;XIRECS;12006.0;15
301100;TAKER;;ASH_COATED_OSMIUM;XIRECS;10004.0;6
301400;;TAKER;INTARIAN_PEPPER_ROOT;XIRECS;11993.0;6
301600;;TAKER;INTARIAN_PEPPER_ROOT;XIRECS;11994.0;12
301800;;TAKER;INTARIAN_PEPPER_ROOT;XIRECS;11993.0;3
302300;TAKER;;INTARIAN_PEPPER_ROOT;XIRECS;12005.0;10
302400;;TAKER;INTARIAN_PEPPER_ROOT;XIRECS;11994.0;6
302400;;TAKER;ASH_COATED_OSMIUM;XIRECS;9989.0;10
302500;;TAKER;ASH_COATED_OSMIUM;XIRECS;9987.0;14
302600;TAKER;;INTARIAN_PEPPER_ROOT;XIRECS;12006.0;3
302600;TAKER;;ASH_COATED_OSMIUM;XIRECS;10008.0;2
303000;TAKER;;ASH_COATED_OSMIUM;XIRECS;10008.0;6
303200;TAKER;;ASH_COATED_OSMIUM;XIRECS;10008.0;13
303300;;TAKER;ASH_COATED_OSMIUM;XIRECS;9991.0;14
303400;TAKER;;INTARIAN_PEPPER_ROOT;XIRECS;12005.0;10
303500;TAKER;;ASH_COATED_OSMIUM;XIRECS;10007.0;10
303800;TAKER;;ASH_COATED_OSMIUM;XIRECS;10007.0;2
304000;TAKER;;INTARIAN_PEPPER_ROOT;XIRECS;12007.0;12
304100;;TAKER;ASH_COATED_OSMIUM;XIRECS;9991.0;10
304200;;TAKER;ASH_COATED_OSMIUM;XIRECS;9990.0;3
304400;;TAKER;ASH_COATED_OSMIUM;XIRECS;9991.0;13
304500;TAKER;;INTARIAN_PEPPER_ROOT;XIRECS;12009.0;15
304600;TAKER;;INTARIAN_PEPPER_ROOT;XIRECS;12005.0;9
304700;;TAKER;ASH_COATED_OSMIUM;XIRECS;9989.0;14
304900;;TAKER;INTARIAN_PEPPER_ROOT;XIRECS;11992.0;14
305200;;TAKER;ASH_COATED_OSMIUM;XIRECS;9989.0;12
305700;TAKER;;ASH_COATED_OSMIUM;XIRECS;10009.0;10
306100;TAKER;;INTARIAN_PEPPER_ROOT;XIRECS;12007.0;7
306300;;TAKER;INTARIAN_PEPPER_ROOT;XIRECS;11991.0;10
306400;TAKER;;ASH_COATED_OSMIUM;XIRECS;10013.0;9
306600;TAKER;;INTARIAN_PEPPER_ROOT;XIRECS;12006.0;12
306600;TAKER;;ASH_COATED_OSMIUM;XIRECS;10008.0;7
306800;TAKER;;INTARIAN_PEPPER_ROOT;XIRECS;12008.0;2
307100;TAKER;;INTARIAN_PEPPER_ROOT;XIRECS;12005.0;15
307300;TAKER;;INTARIAN_PEPPER_ROOT;XIRECS;12007.0;12
307300;TAKER;;ASH_COATED_OSMIUM;XIRECS;10006.0;11
307500;;TAKER;ASH_COATED_OSMIUM;XIRECS;9990.0;10
307800;;TAKER;ASH_COATED_OSMIUM;XIRECS;9989.0;7
307900;TAKER;;ASH_COATED_OSMIUM;XIRECS;10008.0;13
308100;TAKER;;ASH_COATED_OSMIUM;XIRECS;10008.0;9
308200;;TAKER;ASH_COATED_OSMIUM;XIRECS;9993.0;8
308300;TAKER;;ASH_COATED_OSMIUM;XIRECS;10007.0;14
308600;;TAKER;INTARIAN_PEPPER_ROOT;XIRECS;11993.0;3
308600;;TAKER;ASH_COATED_OSMIUM;XIRECS;9993.0;12
308800;TAKER;;INTARIAN_PEPPER_ROOT;XIRECS;12007.0;6
309400;;TAKER;INTARIAN_PEPPER_ROOT;XIRECS;11993.0;15
309400;TAKER;;ASH_COATED_OSMIUM;XIRECS;10008.0;6
309700;;TAKER;ASH_COATED_OSMIUM;XIRECS;9988.0;6
309900;TAKER;;ASH_COATED_OSMIUM;XIRECS;10008.0;3
310200;TAKER;;ASH_COATED_OSMIUM;XIRECS;10012.0;3
310300;TAKER;;INTARIAN_PEPPER_ROOT;XIRECS;12005.0;8
310500;TAKER;;INTARIAN_PEPPER_ROOT;XIRECS;12006.0;14
310600;;TAKER;ASH_COATED_OSMIUM;XIRECS;9994.0;13
310700;;TAKER;INTARIAN_PEPPER_ROOT;XIRECS;11993.0;11
311100;TAKER;;ASH_COATED_OSMIUM;XIRECS;10009.0;6
311500;TAKER;;ASH_COATED_OSMIUM;XIRECS;10012.0;7
311800;TAKER;;ASH_COATED_OSMIUM;XIRECS;10008.0;9
312200;;TAKER;INTARIAN_PEPPER_ROOT;XIRECS;11994.0;7
312300;;TAKER;INTARIAN_PEPPER_ROOT;XIRECS;11992.0;2
312300;TAKER;;ASH_COATED_OSMIUM;XIRECS;10008.0;4
312700;;TAKER;INTARIAN_PEPPER_ROOT;XIRECS;11990.0;3
312900;;TAKER;ASH_COATED_OSMIUM;XIRECS;9990.0;3
313000;TAKER;;INTARIAN_PEPPER_ROOT;XIRECS;12005.0;14
313000;TAKER;;ASH_COATED_OSMIUM;XIRECS;10011.0;8
313100;TAKER;;ASH_COATED_OSMIUM;XIRECS;10008.0;10
313400;TAKER;;ASH_COATED_OSMIUM;XIRECS;10008.0;7
313800;;TAKER;INTARIAN_PEPPER_ROOT;XIRECS;11992.0;10
314000;TAKER;;ASH_COATED_OSMIUM;XIRECS;10011.0;9
314200;;TAKER;ASH_COATED_OSMIUM;XIRECS;9991.0;13
314600;TAKER;;INTARIAN_PEPPER_ROOT;XIRECS;12007.0;8
314600;;TAKER;ASH_COATED_OSMIUM;XIRECS;9990.0;5
314800;TAKER;;INTARIAN_PEPPER_ROOT;XIRECS;12005.0;11
314800;;TAKER;ASH_COATED_OSMIUM;XIRECS;9988.0;10
315100;TAKER;;INTARIAN_PEPPER_ROOT;XIRECS;12008.0;12
315200;TAKER;;ASH_COATED_OSMIUM;XIRECS;10011.0;5
315400;;TAKER;ASH_COATED_OSMIUM;XIRECS;9987.0;3
315600;TAKER;;ASH_COATED_OSMIUM;XIRECS;10010.0;12
316000;TAKER;;ASH_COATED_OSMIUM;XIRECS;10011.0;11
316200;TAKER;;ASH_COATED_OSMIUM;XIRECS;10012.0;3
316300;;TAKER;ASH_COATED_OSMIUM;XIRECS;9991.0;9
316400;TAKER;;INTARIAN_PEPPER_ROOT;XIRECS;12009.0;6
316600;TAKER;;ASH_COATED_OSMIUM;XIRECS;10008.0;15
316700;;TAKER;ASH_COATED_OSMIUM;XIRECS;9990.0;8
316800;;TAKER;INTARIAN_PEPPER_ROOT;XIRECS;11991.0;4
316800;;TAKER;ASH_COATED_OSMIUM;XIRECS;9992.0;15
317000;;TAKER;INTARIAN_PEPPER_ROOT;XIRECS;11993.0;12
317100;;TAKER;ASH_COATED_OSMIUM;XIRECS;9991.0;5
317300;;TAKER;ASH_COATED_OSMIUM;XIRECS;9991.0;11
317400;;TAKER;INTARIAN_PEPPER_ROOT;XIRECS;11993.0;7
317600;;TAKER;INTARIAN_PEPPER_ROOT;XIRECS;11994.0;4
317900;;TAKER;ASH_COATED_OSMIUM;XIRECS;9989.0;7
318300;;TAKER;INTARIAN_PEPPER_ROOT;XIRECS;11992.0;13
318900;TAKER;;ASH_COATED_OSMIUM;XIRECS;10008.0;2
319000;;TAKER;INTARIAN_PEPPER_ROOT;XIRECS;11993.0;5
319000;;TAKER;ASH_COATED_OSMIUM;XIRECS;9989.0;10
319100;;TAKER;ASH_COATED_OSMIUM;XIRECS;9991.0;13
319200;TAKER;;INTARIAN_PEPPER_ROOT;XIRECS;12005.0;14
319300;;TAKER;INTARIAN_PEPPER_ROOT;XIRECS;11992.0;6
319400;TAKER;;INTARIAN_PEPPER_ROOT;XIRECS;12006.0;15
319600;;TAKER;ASH_COATED_OSMIUM;XIRECS;9988.0;13
320000;TAKER;;ASH_COATED_OSMIUM;XIRECS;10007.0;13
320100;;TAKER;INTARIAN_PEPPER_ROOT;XIRECS;11992.0;5
320100;;TAKER;ASH_COATED_OSMIUM;XIRECS;9988.0;4
320500;;TAKER;INTARIAN_PEPPER_ROOT;XIRECS;11992.0;6
320600;;TAKER;INTARIAN_PEPPER_ROOT;XIRECS;11991.0;15
320600;TAKER;;ASH_COATED_OSMIUM;XIRECS;10008.0;5
320800;TAKER;;INTARIAN_PEPPER_ROOT;XIRECS;12004.0;4
321300;TAKER;;INTARIAN_PEPPER_ROOT;XIRECS;12005.0;15
321300;TAKER;;ASH_COATED_OSMIUM;XIRECS;10009.0;12
321400;TAKER;;ASH_COATED_OSMIUM;XIRECS;10009.0;6
321900;TAKER;;INTARIAN_PEPPER_ROOT;XIRECS;12006.0;8
321900;;TAKER;ASH_COATED_OSMIUM;XIRECS;9990.0;4
322000;;TAKER;ASH_COATED_OSMIUM;XIRECS;9992.0;13
322100;;TAKER;INTARIAN_PEPPER_ROOT;XIRECS;11992.0;13
322200;TAKER;;INTARIAN_PEPPER_ROOT;XIRECS;12006.0;5
322300;TAKER;;ASH_COATED_OSMIUM;XIRECS;10011.0;13
323000;;TAKER;INTARIAN_PEPPER_ROOT;XIRECS;11995.0;6
323100;;TAKER;ASH_COATED_OSMIUM;XIRECS;9990.0;10
323200;;TAKER;INTARIAN_PEPPER_ROOT;XIRECS;11994.0;15
323200;;TAKER;ASH_COATED_OSMIUM;XIRECS;9992.0;10
323300;;TAKER;INTARIAN_PEPPER_ROOT;XIRECS;11993.0;10
323600;TAKER;;ASH_COATED_OSMIUM;XIRECS;10006.0;10
323700;;TAKER;ASH_COATED_OSMIUM;XIRECS;9990.0;13
324000;TAKER;;ASH_COATED_OSMIUM;XIRECS;10006.0;2
324300;TAKER;;ASH_COATED_OSMIUM;XIRECS;10009.0;15
324500;;TAKER;INTARIAN_PEPPER_ROOT;XIRECS;11993.0;2
324600;;TAKER;INTARIAN_PEPPER_ROOT;XIRECS;11993.0;6
324600;;TAKER;ASH_COATED_OSMIUM;XIRECS;9991.0;8
324700;;TAKER;ASH_COATED_OSMIUM;XIRECS;9990.0;11
324900;;TAKER;INTARIAN_PEPPER_ROOT;XIRECS;11994.0;13
325000;TAKER;;INTARIAN_PEPPER_ROOT;XIRECS;12006.0;6
325400;TAKER;;INTARIAN_PEPPER_ROOT;XIRECS;12007.0;7
325700;TAKER;;INTARIAN_PEPPER_ROOT;XIRECS;12006.0;14
325800;TAKER;;ASH_COATED_OSMIUM;XIRECS;10010.0;10
326000;;TAKER;ASH_COATED_OSMIUM;XIRECS;9990.0;10
326100;TAKER;;INTARIAN_PEPPER_ROOT;XIRECS;12008.0;9
326100;;TAKER;ASH_COATED_OSMIUM;XIRECS;9990.0;5
326300;TAKER;;ASH_COATED_OSMIUM;XIRECS;10008.0;6
326500;TAKER;;INTARIAN_PEPPER_ROOT;XIRECS;12007.0;9
326700;;TAKER;INTARIAN_PEPPER_ROOT;XIRECS;11994.0;4
326900;TAKER;;ASH_COATED_OSMIUM;XIRECS;10009.0;4
327000;TAKER;;ASH_COATED_OSMIUM;XIRECS;10008.0;15
327300;TAKER;;ASH_COATED_OSMIUM;XIRECS;10006.0;13
327600;;TAKER;INTARIAN_PEPPER_ROOT;XIRECS;11993.0;6
327800;TAKER;;ASH_COATED_OSMIUM;XIRECS;10005.0;15
327900;TAKER;;INTARIAN_PEPPER_ROOT;XIRECS;12008.0;8
327900;;TAKER;ASH_COATED_OSMIUM;XIRECS;9994.0;7
328000;TAKER;;INTARIAN_PEPPER_ROOT;XIRECS;12006.0;2
328100;TAKER;;ASH_COATED_OSMIUM;XIRECS;10006.0;15
328200;;TAKER;ASH_COATED_OSMIUM;XIRECS;9990.0;6
328300;TAKER;;ASH_COATED_OSMIUM;XIRECS;10012.0;6
328400;;TAKER;INTARIAN_PEPPER_ROOT;XIRECS;11995.0;9
328600;TAKER;;ASH_COATED_OSMIUM;XIRECS;10007.0;4
328700;;TAKER;INTARIAN_PEPPER_ROOT;XIRECS;11991.0;7
328700;;TAKER;ASH_COATED_OSMIUM;XIRECS;9994.0;3
328800;TAKER;;ASH_COATED_OSMIUM;XIRECS;10008.0;4
329000;TAKER;;ASH_COATED_OSMIUM;XIRECS;10011.0;10
329100;;TAKER;INTARIAN_PEPPER_ROOT;XIRECS;11992.0;12
329200;;TAKER;ASH_COATED_OSMIUM;XIRECS;9989.0;5
329300;;TAKER;ASH_COATED_OSMIUM;XIRECS;9990.0;4
329400;;TAKER;ASH_COATED_OSMIUM;XIRECS;9986.0;6
329500;;TAKER;ASH_COATED_OSMIUM;XIRECS;9986.0;11
329600;TAKER;;INTARIAN_PEPPER_ROOT;XIRECS;12008.0;15
329600;;TAKER;ASH_COATED_OSMIUM;XIRECS;9988.0;8
329800;;TAKER;INTARIAN_PEPPER_ROOT;XIRECS;11994.0;3
330000;TAKER;;ASH_COATED_OSMIUM;XIRECS;10005.0;5
330200;TAKER;;INTARIAN_PEPPER_ROOT;XIRECS;12008.0;5
330400;;TAKER;ASH_COATED_OSMIUM;XIRECS;9988.0;13
330500;TAKER;;INTARIAN_PEPPER_ROOT;XIRECS;12006.0;6
330600;TAKER;;ASH_COATED_OSMIUM;XIRECS;10009.0;11
330900;;TAKER;ASH_COATED_OSMIUM;XIRECS;9988.0;5
331100;TAKER;;INTARIAN_PEPPER_ROOT;XIRECS;12007.0;8
331300;TAKER;;INTARIAN_PEPPER_ROOT;XIRECS;12007.0;5
331400;TAKER;;ASH_COATED_OSMIUM;XIRECS;10008.0;2
331500;;TAKER;ASH_COATED_OSMIUM;XIRECS;9991.0;5
331600;TAKER;;INTARIAN_PEPPER_ROOT;XIRECS;12008.0;14
331600;;TAKER;ASH_COATED_OSMIUM;XIRECS;9991.0;8
331700;;TAKER;INTARIAN_PEPPER_ROOT;XIRECS;11994.0;10
331800;TAKER;;ASH_COATED_OSMIUM;XIRECS;10008.0;15
332000;TAKER;;INTARIAN_PEPPER_ROOT;XIRECS;12007.0;11
332100;;TAKER;INTARIAN_PEPPER_ROOT;XIRECS;11993.0;11
332300;;TAKER;ASH_COATED_OSMIUM;XIRECS;9988.0;8
332400;TAKER;;ASH_COATED_OSMIUM;XIRECS;10007.0;5
332500;;TAKER;INTARIAN_PEPPER_ROOT;XIRECS;11994.0;5
332600;TAKER;;ASH_COATED_OSMIUM;XIRECS;10006.0;14
332700;;TAKER;ASH_COATED_OSMIUM;XIRECS;9992.0;3
333200;TAKER;;INTARIAN_PEPPER_ROOT;XIRECS;12007.0;11
333300;TAKER;;INTARIAN_PEPPER_ROOT;XIRECS;12006.0;14
333900;TAKER;;ASH_COATED_OSMIUM;XIRECS;10010.0;8
334200;TAKER;;INTARIAN_PEPPER_ROOT;XIRECS;12006.0;2
334300;;TAKER;INTARIAN_PEPPER_ROOT;XIRECS;11993.0;7
334700;;TAKER;INTARIAN_PEPPER_ROOT;XIRECS;11994.0;11
334900;TAKER;;INTARIAN_PEPPER_ROOT;XIRECS;12006.0;3
335300;TAKER;;ASH_COATED_OSMIUM;XIRECS;10009.0;15
335400;TAKER;;ASH_COATED_OSMIUM;XIRECS;10007.0;13
335500;;TAKER;INTARIAN_PEPPER_ROOT;XIRECS;11993.0;9
335600;;TAKER;ASH_COATED_OSMIUM;XIRECS;9991.0;12
335900;TAKER;;INTARIAN_PEPPER_ROOT;XIRECS;12008.0;10
336000;TAKER;;INTARIAN_PEPPER_ROOT;XIRECS;12006.0;8
336300;;TAKER;INTARIAN_PEPPER_ROOT;XIRECS;11993.0;3
336300;;TAKER;ASH_COATED_OSMIUM;XIRECS;9989.0;13
336500;TAKER;;ASH_COATED_OSMIUM;XIRECS;10008.0;13
336900;;TAKER;INTARIAN_PEPPER_ROOT;XIRECS;11992.0;14
337200;;TAKER;INTARIAN_PEPPER_ROOT;XIRECS;11990.0;9
337200;TAKER;;ASH_COATED_OSMIUM;XIRECS;10011.0;5
337300;;TAKER;INTARIAN_PEPPER_ROOT;XIRECS;11992.0;10
337300;TAKER;;ASH_COATED_OSMIUM;XIRECS;10007.0;14
337500;TAKER;;ASH_COATED_OSMIUM;XIRECS;10005.0;9
337700;TAKER;;INTARIAN_PEPPER_ROOT;XIRECS;12005.0;5
337800;TAKER;;ASH_COATED_OSMIUM;XIRECS;10008.0;2
338100;TAKER;;INTARIAN_PEPPER_ROOT;XIRECS;12009.0;5
338200;;TAKER;INTARIAN_PEPPER_ROOT;XIRECS;11992.0;3
338500;TAKER;;ASH_COATED_OSMIUM;XIRECS;10010.0;5
338800;;TAKER;INTARIAN_PEPPER_ROOT;XIRECS;11992.0;5
338900;TAKER;;ASH_COATED_OSMIUM;XIRECS;10007.0;13
339000;;TAKER;INTARIAN_PEPPER_ROOT;XIRECS;11993.0;14
339000;;TAKER;ASH_COATED_OSMIUM;XIRECS;9991.0;15
339200;TAKER;;INTARIAN_PEPPER_ROOT;XIRECS;12005.0;9
339300;;TAKER;INTARIAN_PEPPER_ROOT;XIRECS;11992.0;6
339500;TAKER;;INTARIAN_PEPPER_ROOT;XIRECS;12006.0;10
339800;;TAKER;INTARIAN_PEPPER_ROOT;XIRECS;11995.0;12
339800;TAKER;;ASH_COATED_OSMIUM;XIRECS;10008.0;12
339900;TAKER;;ASH_COATED_OSMIUM;XIRECS;10009.0;3
340000;TAKER;;ASH_COATED_OSMIUM;XIRECS;10008.0;2
340100;;TAKER;INTARIAN_PEPPER_ROOT;XIRECS;11994.0;3
340100;;TAKER;ASH_COATED_OSMIUM;XIRECS;9990.0;10
340400;TAKER;;INTARIAN_PEPPER_ROOT;XIRECS;12006.0;13
340400;TAKER;;ASH_COATED_OSMIUM;XIRECS;10009.0;10
340500;;TAKER;INTARIAN_PEPPER_ROOT;XIRECS;11993.0;4
340800;TAKER;;INTARIAN_PEPPER_ROOT;XIRECS;12006.0;10
340900;;TAKER;ASH_COATED_OSMIUM;XIRECS;9992.0;14
341000;;TAKER;ASH_COATED_OSMIUM;XIRECS;9992.0;3
341200;TAKER;;INTARIAN_PEPPER_ROOT;XIRECS;12007.0;10
341300;;TAKER;INTARIAN_PEPPER_ROOT;XIRECS;11993.0;11
341300;TAKER;;ASH_COATED_OSMIUM;XIRECS;10010.0;2
341400;;TAKER;ASH_COATED_OSMIUM;XIRECS;9990.0;13
341600;;TAKER;ASH_COATED_OSMIUM;XIRECS;9995.0;2
341800;TAKER;;ASH_COATED_OSMIUM;XIRECS;10010.0;6
341900;;TAKER;ASH_COATED_OSMIUM;XIRECS;9988.0;8
342300;;TAKER;INTARIAN_PEPPER_ROOT;XIRECS;11992.0;5
342400;TAKER;;INTARIAN_PEPPER_ROOT;XIRECS;12005.0;14
342500;TAKER;;INTARIAN_PEPPER_ROOT;XIRECS;12008.0;11
342600;;TAKER;ASH_COATED_OSMIUM;XIRECS;9992.0;13
342800;TAKER;;INTARIAN_PEPPER_ROOT;XIRECS;12007.0;5
343000;TAKER;;INTARIAN_PEPPER_ROOT;XIRECS;12006.0;14
343000;;TAKER;ASH_COATED_OSMIUM;XIRECS;9993.0;8
343300;;TAKER;INTARIAN_PEPPER_ROOT;XIRECS;11993.0;4
343700;TAKER;;INTARIAN_PEPPER_ROOT;XIRECS;12007.0;4
343800;;TAKER;ASH_COATED_OSMIUM;XIRECS;9993.0;15
344100;TAKER;;INTARIAN_PEPPER_ROOT;XIRECS;12005.0;15
344300;TAKER;;ASH_COATED_OSMIUM;XIRECS;10009.0;7
344400;;TAKER;INTARIAN_PEPPER_ROOT;XIRECS;11992.0;12
344500;;TAKER;ASH_COATED_OSMIUM;XIRECS;9991.0;12
344700;TAKER;;INTARIAN_PEPPER_ROOT;XIRECS;12005.0;13
344800;;TAKER;ASH_COATED_OSMIUM;XIRECS;9991.0;10
344900;;TAKER;ASH_COATED_OSMIUM;XIRECS;9990.0;14
345100;TAKER;;ASH_COATED_OSMIUM;XIRECS;10009.0;11
345200;TAKER;;ASH_COATED_OSMIUM;XIRECS;10012.0;10
345300;TAKER;;INTARIAN_PEPPER_ROOT;XIRECS;12006.0;9
345700;;TAKER;INTARIAN_PEPPER_ROOT;XIRECS;11993.0;11
345700;;TAKER;ASH_COATED_OSMIUM;XIRECS;9988.0;7
345800;TAKER;;INTARIAN_PEPPER_ROOT;XIRECS;12006.0;8
345800;TAKER;;ASH_COATED_OSMIUM;XIRECS;10006.0;14
345900;TAKER;;ASH_COATED_OSMIUM;XIRECS;10006.0;15
346100;TAKER;;ASH_COATED_OSMIUM;XIRECS;10008.0;15
346400;TAKER;;INTARIAN_PEPPER_ROOT;XIRECS;12008.0;9
346600;TAKER;;INTARIAN_PEPPER_ROOT;XIRECS;12007.0;11
346600;;TAKER;ASH_COATED_OSMIUM;XIRECS;9991.0;15
346700;;TAKER;INTARIAN_PEPPER_ROOT;XIRECS;11993.0;12
347000;;TAKER;INTARIAN_PEPPER_ROOT;XIRECS;11991.0;8
347100;TAKER;;ASH_COATED_OSMIUM;XIRECS;10009.0;14
347200;TAKER;;ASH_COATED_OSMIUM;XIRECS;10011.0;13
347400;TAKER;;INTARIAN_PEPPER_ROOT;XIRECS;12007.0;6
347500;TAKER;;INTARIAN_PEPPER_ROOT;XIRECS;12006.0;15
347600;TAKER;;INTARIAN_PEPPER_ROOT;XIRECS;12008.0;5
347600;TAKER;;ASH_COATED_OSMIUM;XIRECS;10012.0;11
347800;;TAKER;ASH_COATED_OSMIUM;XIRECS;9992.0;8
348100;TAKER;;ASH_COATED_OSMIUM;XIRECS;10010.0;10
348400;TAKER;;INTARIAN_PEPPER_ROOT;XIRECS;12007.0;6
348500;TAKER;;INTARIAN_PEPPER_ROOT;XIRECS;12006.0;10
348500;TAKER;;ASH_COATED_OSMIUM;XIRECS;10007.0;10
348700;;TAKER;INTARIAN_PEPPER_ROOT;XIRECS;11991.0;3
349000;;TAKER;ASH_COATED_OSMIUM;XIRECS;9991.0;4
349200;;TAKER;ASH_COATED_OSMIUM;XIRECS;9990.0;7
349400;;TAKER;ASH_COATED_OSMIUM;XIRECS;9990.0;14
349500;TAKER;;ASH_COATED_OSMIUM;XIRECS;10008.0;7
349600;TAKER;;INTARIAN_PEPPER_ROOT;XIRECS;12007.0;14
349800;;TAKER;ASH_COATED_OSMIUM;XIRECS;9991.0;15
350000;;TAKER;INTARIAN_PEPPER_ROOT;XIRECS;11993.0;6
350100;;TAKER;INTARIAN_PEPPER_ROOT;XIRECS;11991.0;8
350100;TAKER;;ASH_COATED_OSMIUM;XIRECS;10007.0;11
350400;;TAKER;ASH_COATED_OSMIUM;XIRECS;9990.0;15
350600;TAKER;;INTARIAN_PEPPER_ROOT;XIRECS;12008.0;2
350600;;TAKER;ASH_COATED_OSMIUM;XIRECS;9992.0;12
350700;TAKER;;INTARIAN_PEPPER_ROOT;XIRECS;12006.0;15
350800;TAKER;;INTARIAN_PEPPER_ROOT;XIRECS;12007.0;8
350900;;TAKER;INTARIAN_PEPPER_ROOT;XIRECS;11992.0;9
351200;;TAKER;INTARIAN_PEPPER_ROOT;XIRECS;11994.0;13
351300;;TAKER;INTARIAN_PEPPER_ROOT;XIRECS;11994.0;7
351400;;TAKER;INTARIAN_PEPPER_ROOT;XIRECS;11993.0;15
351600;;TAKER;INTARIAN_PEPPER_ROOT;XIRECS;11993.0;5
351700;;TAKER;INTARIAN_PEPPER_ROOT;XIRECS;11994.0;12
351700;;TAKER;ASH_COATED_OSMIUM;XIRECS;9990.0;14
351900;TAKER;;INTARIAN_PEPPER_ROOT;XIRECS;12007.0;11
352200;TAKER;;INTARIAN_PEPPER_ROOT;XIRECS;12006.0;12
352300;TAKER;;ASH_COATED_OSMIUM;XIRECS;10011.0;12
352600;TAKER;;ASH_COATED_OSMIUM;XIRECS;10004.0;8
352700;TAKER;;INTARIAN_PEPPER_ROOT;XIRECS;12007.0;3
352800;;TAKER;INTARIAN_PEPPER_ROOT;XIRECS;11992.0;3
352800;TAKER;;ASH_COATED_OSMIUM;XIRECS;10004.0;8
353000;TAKER;;ASH_COATED_OSMIUM;XIRECS;10009.0;8
353200;;TAKER;ASH_COATED_OSMIUM;XIRECS;9992.0;5
353700;TAKER;;INTARIAN_PEPPER_ROOT;XIRECS;12008.0;10
353700;TAKER;;ASH_COATED_OSMIUM;XIRECS;10010.0;8
353800;;TAKER;INTARIAN_PEPPER_ROOT;XIRECS;11992.0;2
353900;TAKER;;INTARIAN_PEPPER_ROOT;XIRECS;12007.0;13
354500;TAKER;;INTARIAN_PEPPER_ROOT;XIRECS;12006.0;8
354600;TAKER;;INTARIAN_PEPPER_ROOT;XIRECS;12007.0;7
354600;;TAKER;ASH_COATED_OSMIUM;XIRECS;9990.0;12
354700;TAKER;;ASH_COATED_OSMIUM;XIRECS;10008.0;9
354800;;TAKER;ASH_COATED_OSMIUM;XIRECS;9987.0;3
355000;TAKER;;INTARIAN_PEPPER_ROOT;XIRECS;12009.0;8
355000;TAKER;;ASH_COATED_OSMIUM;XIRECS;10008.0;10
355100;;TAKER;ASH_COATED_OSMIUM;XIRECS;9990.0;5
355300;;TAKER;INTARIAN_PEPPER_ROOT;XIRECS;11994.0;7
355400;TAKER;;ASH_COATED_OSMIUM;XIRECS;10007.0;5
355600;;TAKER;INTARIAN_PEPPER_ROOT;XIRECS;11993.0;13
355700;TAKER;;INTARIAN_PEPPER_ROOT;XIRECS;12009.0;4
355800;TAKER;;INTARIAN_PEPPER_ROOT;XIRECS;12008.0;14
356100;TAKER;;INTARIAN_PEPPER_ROOT;XIRECS;12007.0;8
356300;;TAKER;ASH_COATED_OSMIUM;XIRECS;9989.0;6
356500;;TAKER;INTARIAN_PEPPER_ROOT;XIRECS;11994.0;10
357000;TAKER;;INTARIAN_PEPPER_ROOT;XIRECS;12006.0;9
357000;TAKER;;ASH_COATED_OSMIUM;XIRECS;10010.0;13
357200;;TAKER;ASH_COATED_OSMIUM;XIRECS;9990.0;7
357700;;TAKER;INTARIAN_PEPPER_ROOT;XIRECS;11993.0;5
358300;TAKER;;INTARIAN_PEPPER_ROOT;XIRECS;12006.0;2
358400;;TAKER;ASH_COATED_OSMIUM;XIRECS;9988.0;14
358600;;TAKER;INTARIAN_PEPPER_ROOT;XIRECS;11994.0;10
358700;TAKER;;INTARIAN_PEPPER_ROOT;XIRECS;12007.0;13
359100;TAKER;;ASH_COATED_OSMIUM;XIRECS;10012.0;6
359400;TAKER;;INTARIAN_PEPPER_ROOT;XIRECS;12006.0;15
359500;;TAKER;INTARIAN_PEPPER_ROOT;XIRECS;11994.0;4
359700;TAKER;;INTARIAN_PEPPER_ROOT;XIRECS;12006.0;13
359700;;TAKER;ASH_COATED_OSMIUM;XIRECS;9990.0;10
360000;TAKER;;INTARIAN_PEPPER_ROOT;XIRECS;12008.0;13
360100;TAKER;;ASH_COATED_OSMIUM;XIRECS;10009.0;13
360200;TAKER;;INTARIAN_PEPPER_ROOT;XIRECS;12007.0;3
360300;;TAKER;INTARIAN_PEPPER_ROOT;XIRECS;11991.0;2
360400;;TAKER;INTARIAN_PEPPER_ROOT;XIRECS;11993.0;9
360400;TAKER;;ASH_COATED_OSMIUM;XIRECS;10012.0;13
360500;TAKER;;INTARIAN_PEPPER_ROOT;XIRECS;12004.0;7
360700;;TAKER;INTARIAN_PEPPER_ROOT;XIRECS;11992.0;13
360800;TAKER;;ASH_COATED_OSMIUM;XIRECS;10005.0;15
361000;TAKER;;INTARIAN_PEPPER_ROOT;XIRECS;12006.0;7
361000;;TAKER;ASH_COATED_OSMIUM;XIRECS;9993.0;3
361300;;TAKER;INTARIAN_PEPPER_ROOT;XIRECS;11992.0;9
361400;TAKER;;ASH_COATED_OSMIUM;XIRECS;10006.0;5
361600;;TAKER;ASH_COATED_OSMIUM;XIRECS;9992.0;11
361700;;TAKER;ASH_COATED_OSMIUM;XIRECS;9991.0;11
361800;TAKER;;ASH_COATED_OSMIUM;XIRECS;10009.0;10
362000;TAKER;;ASH_COATED_OSMIUM;XIRECS;10011.0;12
362500;TAKER;;ASH_COATED_OSMIUM;XIRECS;10009.0;13
362800;TAKER;;ASH_COATED_OSMIUM;XIRECS;10010.0;10
362900;;TAKER;ASH_COATED_OSMIUM;XIRECS;9989.0;5
363000;TAKER;;ASH_COATED_OSMIUM;XIRECS;10008.0;15
363100;;TAKER;ASH_COATED_OSMIUM;XIRECS;9988.0;15
363200;;TAKER;INTARIAN_PEPPER_ROOT;XIRECS;11991.0;2
363200;;TAKER;ASH_COATED_OSMIUM;XIRECS;9995.0;8
363300;;TAKER;ASH_COATED_OSMIUM;XIRECS;9994.0;3
363800;;TAKER;ASH_COATED_OSMIUM;XIRECS;9993.0;8
363900;TAKER;;INTARIAN_PEPPER_ROOT;XIRECS;12006.0;5
363900;;TAKER;ASH_COATED_OSMIUM;XIRECS;9990.0;9
364100;TAKER;;ASH_COATED_OSMIUM;XIRECS;10010.0;7
364200;;TAKER;INTARIAN_PEPPER_ROOT;XIRECS;11993.0;4
364500;TAKER;;INTARIAN_PEPPER_ROOT;XIRECS;12006.0;15
364600;;TAKER;INTARIAN_PEPPER_ROOT;XIRECS;11994.0;13
364600;TAKER;;ASH_COATED_OSMIUM;XIRECS;10010.0;12
364700;TAKER;;INTARIAN_PEPPER_ROOT;XIRECS;12007.0;11
364800;;TAKER;INTARIAN_PEPPER_ROOT;XIRECS;11995.0;8
365000;;TAKER;INTARIAN_PEPPER_ROOT;XIRECS;11994.0;12
365000;;TAKER;ASH_COATED_OSMIUM;XIRECS;9992.0;5
365100;TAKER;;INTARIAN_PEPPER_ROOT;XIRECS;12007.0;2
365100;TAKER;;ASH_COATED_OSMIUM;XIRECS;10010.0;9
365400;TAKER;;INTARIAN_PEPPER_ROOT;XIRECS;12008.0;7
365400;;TAKER;ASH_COATED_OSMIUM;XIRECS;9990.0;8
365500;;TAKER;ASH_COATED_OSMIUM;XIRECS;9992.0;6
365600;;TAKER;INTARIAN_PEPPER_ROOT;XIRECS;11992.0;2
365600;;TAKER;ASH_COATED_OSMIUM;XIRECS;9990.0;13
365800;;TAKER;ASH_COATED_OSMIUM;XIRECS;9989.0;11
365900;TAKER;;ASH_COATED_OSMIUM;XIRECS;10007.0;7
366000;TAKER;;INTARIAN_PEPPER_ROOT;XIRECS;12005.0;4
366400;;TAKER;ASH_COATED_OSMIUM;XIRECS;9986.0;5
366500;;TAKER;INTARIAN_PEPPER_ROOT;XIRECS;11991.0;8
366600;;TAKER;INTARIAN_PEPPER_ROOT;XIRECS;11994.0;11
366700;TAKER;;ASH_COATED_OSMIUM;XIRECS;10013.0;14
366900;TAKER;;ASH_COATED_OSMIUM;XIRECS;10009.0;7
367300;TAKER;;ASH_COATED_OSMIUM;XIRECS;10012.0;10
367400;;TAKER;ASH_COATED_OSMIUM;XIRECS;9990.0;15
367800;;TAKER;ASH_COATED_OSMIUM;XIRECS;9990.0;8
368100;TAKER;;INTARIAN_PEPPER_ROOT;XIRECS;12005.0;7
368200;;TAKER;INTARIAN_PEPPER_ROOT;XIRECS;11994.0;15
368300;TAKER;;INTARIAN_PEPPER_ROOT;XIRECS;12006.0;10
368600;TAKER;;ASH_COATED_OSMIUM;XIRECS;10005.0;5
368700;TAKER;;INTARIAN_PEPPER_ROOT;XIRECS;12006.0;6
368700;TAKER;;ASH_COATED_OSMIUM;XIRECS;10009.0;7
368800;TAKER;;ASH_COATED_OSMIUM;XIRECS;10009.0;15
368900;;TAKER;ASH_COATED_OSMIUM;XIRECS;9993.0;14
369000;TAKER;;INTARIAN_PEPPER_ROOT;XIRECS;12004.0;10
369500;;TAKER;ASH_COATED_OSMIUM;XIRECS;9990.0;3
369700;TAKER;;INTARIAN_PEPPER_ROOT;XIRECS;12006.0;4
369800;;TAKER;INTARIAN_PEPPER_ROOT;XIRECS;11992.0;15
369900;;TAKER;ASH_COATED_OSMIUM;XIRECS;9992.0;7
370000;;TAKER;INTARIAN_PEPPER_ROOT;XIRECS;11992.0;13
370600;;TAKER;INTARIAN_PEPPER_ROOT;XIRECS;11992.0;11
370600;TAKER;;ASH_COATED_OSMIUM;XIRECS;10010.0;14
370800;;TAKER;INTARIAN_PEPPER_ROOT;XIRECS;11992.0;14
370800;;TAKER;ASH_COATED_OSMIUM;XIRECS;9990.0;5
370900;;TAKER;INTARIAN_PEPPER_ROOT;XIRECS;11991.0;2
370900;TAKER;;ASH_COATED_OSMIUM;XIRECS;10008.0;12
371200;TAKER;;INTARIAN_PEPPER_ROOT;XIRECS;12008.0;14
371300;;TAKER;ASH_COATED_OSMIUM;XIRECS;9990.0;6
371500;;TAKER;INTARIAN_PEPPER_ROOT;XIRECS;11992.0;7
371800;TAKER;;INTARIAN_PEPPER_ROOT;XIRECS;12006.0;7
372000;TAKER;;INTARIAN_PEPPER_ROOT;XIRECS;12008.0;6
372100;TAKER;;INTARIAN_PEPPER_ROOT;XIRECS;12007.0;6
372200;TAKER;;ASH_COATED_OSMIUM;XIRECS;10009.0;8
372300;TAKER;;ASH_COATED_OSMIUM;XIRECS;10010.0;3
372800;;TAKER;INTARIAN_PEPPER_ROOT;XIRECS;11994.0;9
373000;TAKER;;ASH_COATED_OSMIUM;XIRECS;10008.0;6
373300;;TAKER;ASH_COATED_OSMIUM;XIRECS;9989.0;12
373400;;TAKER;INTARIAN_PEPPER_ROOT;XIRECS;11992.0;14
373400;TAKER;;ASH_COATED_OSMIUM;XIRECS;10010.0;4
373700;;TAKER;ASH_COATED_OSMIUM;XIRECS;9992.0;4
373900;;TAKER;ASH_COATED_OSMIUM;XIRECS;9986.0;12
374000;;TAKER;ASH_COATED_OSMIUM;XIRECS;9994.0;8
374200;;TAKER;INTARIAN_PEPPER_ROOT;XIRECS;11996.0;3
374400;TAKER;;INTARIAN_PEPPER_ROOT;XIRECS;12004.0;7
374500;TAKER;;ASH_COATED_OSMIUM;XIRECS;10008.0;12
374600;;TAKER;INTARIAN_PEPPER_ROOT;XIRECS;11993.0;15
374600;;TAKER;ASH_COATED_OSMIUM;XIRECS;9990.0;2
374700;TAKER;;INTARIAN_PEPPER_ROOT;XIRECS;12006.0;6
374800;TAKER;;INTARIAN_PEPPER_ROOT;XIRECS;12006.0;10
375300;;TAKER;INTARIAN_PEPPER_ROOT;XIRECS;11993.0;11
375300;;TAKER;ASH_COATED_OSMIUM;XIRECS;9992.0;7
375400;;TAKER;INTARIAN_PEPPER_ROOT;XIRECS;11994.0;2
375500;TAKER;;ASH_COATED_OSMIUM;XIRECS;10011.0;5
375700;;TAKER;INTARIAN_PEPPER_ROOT;XIRECS;11991.0;6
375900;;TAKER;ASH_COATED_OSMIUM;XIRECS;9986.0;5
376000;;TAKER;INTARIAN_PEPPER_ROOT;XIRECS;11995.0;2
376300;TAKER;;INTARIAN_PEPPER_ROOT;XIRECS;12007.0;4
376300;;TAKER;ASH_COATED_OSMIUM;XIRECS;9993.0;8
376900;TAKER;;INTARIAN_PEPPER_ROOT;XIRECS;12007.0;7
377200;TAKER;;ASH_COATED_OSMIUM;XIRECS;10011.0;13
377500;TAKER;;ASH_COATED_OSMIUM;XIRECS;10013.0;12
377600;TAKER;;ASH_COATED_OSMIUM;XIRECS;10009.0;13
377700;;TAKER;INTARIAN_PEPPER_ROOT;XIRECS;11994.0;6
377900;TAKER;;ASH_COATED_OSMIUM;XIRECS;10005.0;4
378100;TAKER;;ASH_COATED_OSMIUM;XIRECS;10009.0;13
378500;;TAKER;INTARIAN_PEPPER_ROOT;XIRECS;11994.0;14
378500;;TAKER;ASH_COATED_OSMIUM;XIRECS;9991.0;15
378800;TAKER;;INTARIAN_PEPPER_ROOT;XIRECS;12006.0;6
378900;TAKER;;INTARIAN_PEPPER_ROOT;XIRECS;12006.0;4
378900;TAKER;;ASH_COATED_OSMIUM;XIRECS;10009.0;13
379100;TAKER;;INTARIAN_PEPPER_ROOT;XIRECS;12005.0;8
379200;;TAKER;ASH_COATED_OSMIUM;XIRECS;9988.0;11
379400;TAKER;;ASH_COATED_OSMIUM;XIRECS;10006.0;8
379500;TAKER;;INTARIAN_PEPPER_ROOT;XIRECS;12007.0;10
379500;TAKER;;ASH_COATED_OSMIUM;XIRECS;10008.0;2
379600;TAKER;;INTARIAN_PEPPER_ROOT;XIRECS;12006.0;10
379700;TAKER;;ASH_COATED_OSMIUM;XIRECS;10011.0;2
379800;;TAKER;INTARIAN_PEPPER_ROOT;XIRECS;11993.0;4
380000;TAKER;;ASH_COATED_OSMIUM;XIRECS;10004.0;4
380700;;TAKER;ASH_COATED_OSMIUM;XIRECS;9993.0;8
380900;;TAKER;INTARIAN_PEPPER_ROOT;XIRECS;11992.0;2
381400;TAKER;;ASH_COATED_OSMIUM;XIRECS;10010.0;6
381500;TAKER;;ASH_COATED_OSMIUM;XIRECS;10007.0;14
381700;TAKER;;INTARIAN_PEPPER_ROOT;XIRECS;12006.0;8
382100;TAKER;;INTARIAN_PEPPER_ROOT;XIRECS;12005.0;4
382200;;TAKER;ASH_COATED_OSMIUM;XIRECS;9987.0;4
382300;TAKER;;INTARIAN_PEPPER_ROOT;XIRECS;12006.0;6
382300;TAKER;;ASH_COATED_OSMIUM;XIRECS;10008.0;9
382400;TAKER;;INTARIAN_PEPPER_ROOT;XIRECS;12006.0;10
382400;TAKER;;ASH_COATED_OSMIUM;XIRECS;10009.0;11
382600;TAKER;;INTARIAN_PEPPER_ROOT;XIRECS;12005.0;5
382900;;TAKER;ASH_COATED_OSMIUM;XIRECS;9992.0;3
383700;TAKER;;ASH_COATED_OSMIUM;XIRECS;10009.0;8
383800;;TAKER;INTARIAN_PEPPER_ROOT;XIRECS;11993.0;8
384000;TAKER;;INTARIAN_PEPPER_ROOT;XIRECS;12004.0;11
384100;;TAKER;INTARIAN_PEPPER_ROOT;XIRECS;11993.0;14
384200;;TAKER;INTARIAN_PEPPER_ROOT;XIRECS;11993.0;8
384300;;TAKER;INTARIAN_PEPPER_ROOT;XIRECS;11992.0;2
384500;TAKER;;INTARIAN_PEPPER_ROOT;XIRECS;12008.0;7
384500;;TAKER;ASH_COATED_OSMIUM;XIRECS;9991.0;11
384700;;TAKER;ASH_COATED_OSMIUM;XIRECS;9989.0;3
385000;;TAKER;INTARIAN_PEPPER_ROOT;XIRECS;11991.0;3
385000;TAKER;;ASH_COATED_OSMIUM;XIRECS;10010.0;12
385500;TAKER;;ASH_COATED_OSMIUM;XIRECS;10008.0;13
385800;TAKER;;INTARIAN_PEPPER_ROOT;XIRECS;12005.0;12
385800;TAKER;;ASH_COATED_OSMIUM;XIRECS;10009.0;12
385900;;TAKER;INTARIAN_PEPPER_ROOT;XIRECS;11994.0;2
386100;TAKER;;INTARIAN_PEPPER_ROOT;XIRECS;12006.0;15
386300;;TAKER;ASH_COATED_OSMIUM;XIRECS;9990.0;10
386700;;TAKER;INTARIAN_PEPPER_ROOT;XIRECS;11993.0;3
386800;;TAKER;ASH_COATED_OSMIUM;XIRECS;9993.0;3
386900;TAKER;;ASH_COATED_OSMIUM;XIRECS;10012.0;7
387000;TAKER;;ASH_COATED_OSMIUM;XIRECS;10007.0;8
387100;;TAKER;INTARIAN_PEPPER_ROOT;XIRECS;11993.0;12
387200;TAKER;;ASH_COATED_OSMIUM;XIRECS;10007.0;7
387300;TAKER;;INTARIAN_PEPPER_ROOT;XIRECS;12006.0;10
387300;;TAKER;ASH_COATED_OSMIUM;XIRECS;9990.0;12
387400;TAKER;;ASH_COATED_OSMIUM;XIRECS;10010.0;12
387500;TAKER;;ASH_COATED_OSMIUM;XIRECS;10005.0;9
387600;TAKER;;INTARIAN_PEPPER_ROOT;XIRECS;12006.0;3
387600;;TAKER;ASH_COATED_OSMIUM;XIRECS;9993.0;2
387700;TAKER;;INTARIAN_PEPPER_ROOT;XIRECS;12005.0;2
388100;TAKER;;ASH_COATED_OSMIUM;XIRECS;10008.0;2
388300;TAKER;;INTARIAN_PEPPER_ROOT;XIRECS;12007.0;14
388400;;TAKER;ASH_COATED_OSMIUM;XIRECS;9990.0;11
388600;TAKER;;ASH_COATED_OSMIUM;XIRECS;10010.0;5
388800;TAKER;;INTARIAN_PEPPER_ROOT;XIRECS;12007.0;5
389200;TAKER;;INTARIAN_PEPPER_ROOT;XIRECS;12004.0;11
389500;TAKER;;INTARIAN_PEPPER_ROOT;XIRECS;12006.0;5
389700;;TAKER;INTARIAN_PEPPER_ROOT;XIRECS;11993.0;10
389700;TAKER;;ASH_COATED_OSMIUM;XIRECS;10008.0;8
389800;;TAKER;ASH_COATED_OSMIUM;XIRECS;9989.0;9
390100;TAKER;;ASH_COATED_OSMIUM;XIRECS;10005.0;9
390400;TAKER;;ASH_COATED_OSMIUM;XIRECS;10005.0;3
390500;;TAKER;INTARIAN_PEPPER_ROOT;XIRECS;11993.0;6
390500;TAKER;;ASH_COATED_OSMIUM;XIRECS;10006.0;11
390600;;TAKER;INTARIAN_PEPPER_ROOT;XIRECS;11991.0;3
391200;TAKER;;INTARIAN_PEPPER_ROOT;XIRECS;12007.0;3
391700;TAKER;;INTARIAN_PEPPER_ROOT;XIRECS;12007.0;7
391800;;TAKER;ASH_COATED_OSMIUM;XIRECS;9991.0;13
391900;TAKER;;ASH_COATED_OSMIUM;XIRECS;10007.0;3
392100;;TAKER;ASH_COATED_OSMIUM;XIRECS;9993.0;14
392400;TAKER;;ASH_COATED_OSMIUM;XIRECS;10013.0;10
392600;TAKER;;INTARIAN_PEPPER_ROOT;XIRECS;12005.0;6
392700;TAKER;;ASH_COATED_OSMIUM;XIRECS;10005.0;12
392800;TAKER;;INTARIAN_PEPPER_ROOT;XIRECS;12006.0;7
392900;;TAKER;INTARIAN_PEPPER_ROOT;XIRECS;11992.0;2
393100;TAKER;;ASH_COATED_OSMIUM;XIRECS;10009.0;7
393300;TAKER;;ASH_COATED_OSMIUM;XIRECS;10008.0;7
393400;TAKER;;INTARIAN_PEPPER_ROOT;XIRECS;12006.0;9
393500;TAKER;;ASH_COATED_OSMIUM;XIRECS;10009.0;9
394000;TAKER;;INTARIAN_PEPPER_ROOT;XIRECS;12003.0;12
394200;;TAKER;INTARIAN_PEPPER_ROOT;XIRECS;11993.0;14
394400;;TAKER;ASH_COATED_OSMIUM;XIRECS;9992.0;11
394900;;TAKER;ASH_COATED_OSMIUM;XIRECS;9991.0;13
395000;TAKER;;ASH_COATED_OSMIUM;XIRECS;10007.0;8
395100;TAKER;;ASH_COATED_OSMIUM;XIRECS;10008.0;6
395200;TAKER;;ASH_COATED_OSMIUM;XIRECS;10008.0;9
395400;TAKER;;INTARIAN_PEPPER_ROOT;XIRECS;12007.0;6
395600;TAKER;;INTARIAN_PEPPER_ROOT;XIRECS;12009.0;9
395700;;TAKER;INTARIAN_PEPPER_ROOT;XIRECS;11994.0;10
395800;TAKER;;INTARIAN_PEPPER_ROOT;XIRECS;12006.0;4
396000;TAKER;;INTARIAN_PEPPER_ROOT;XIRECS;12006.0;6
396000;;TAKER;ASH_COATED_OSMIUM;XIRECS;9993.0;6
396100;;TAKER;INTARIAN_PEPPER_ROOT;XIRECS;11991.0;7
396300;;TAKER;INTARIAN_PEPPER_ROOT;XIRECS;11993.0;2
396300;TAKER;;ASH_COATED_OSMIUM;XIRECS;10010.0;12
396400;;TAKER;INTARIAN_PEPPER_ROOT;XIRECS;11995.0;2
396700;TAKER;;ASH_COATED_OSMIUM;XIRECS;10011.0;13
397300;TAKER;;ASH_COATED_OSMIUM;XIRECS;10011.0;4
397400;TAKER;;INTARIAN_PEPPER_ROOT;XIRECS;12006.0;5
397600;TAKER;;INTARIAN_PEPPER_ROOT;XIRECS;12008.0;11
397600;TAKER;;ASH_COATED_OSMIUM;XIRECS;10011.0;10
397800;TAKER;;INTARIAN_PEPPER_ROOT;XIRECS;12007.0;15
397900;;TAKER;ASH_COATED_OSMIUM;XIRECS;9991.0;4
398200;TAKER;;ASH_COATED_OSMIUM;XIRECS;10005.0;2
398300;TAKER;;ASH_COATED_OSMIUM;XIRECS;10007.0;13
398400;;TAKER;INTARIAN_PEPPER_ROOT;XIRECS;11993.0;3
398400;TAKER;;ASH_COATED_OSMIUM;XIRECS;10010.0;14
398500;TAKER;;INTARIAN_PEPPER_ROOT;XIRECS;12006.0;15
398500;;TAKER;ASH_COATED_OSMIUM;XIRECS;9991.0;11
398600;;TAKER;ASH_COATED_OSMIUM;XIRECS;9991.0;8
398700;;TAKER;ASH_COATED_OSMIUM;XIRECS;9993.0;5
398800;TAKER;;INTARIAN_PEPPER_ROOT;XIRECS;12006.0;12
399000;;TAKER;INTARIAN_PEPPER_ROOT;XIRECS;11994.0;10
399600;TAKER;;ASH_COATED_OSMIUM;XIRECS;10010.0;9
400400;;TAKER;INTARIAN_PEPPER_ROOT;XIRECS;11992.0;6
400500;TAKER;;INTARIAN_PEPPER_ROOT;XIRECS;12005.0;6
400600;TAKER;;INTARIAN_PEPPER_ROOT;XIRECS;12004.0;13
400700;;TAKER;INTARIAN_PEPPER_ROOT;XIRECS;11994.0;15
401100;;TAKER;ASH_COATED_OSMIUM;XIRECS;9990.0;13
401300;;TAKER;INTARIAN_PEPPER_ROOT;XIRECS;11994.0;8
401600;TAKER;;INTARIAN_PEPPER_ROOT;XIRECS;12008.0;14
401800;TAKER;;ASH_COATED_OSMIUM;XIRECS;10011.0;13
402000;TAKER;;INTARIAN_PEPPER_ROOT;XIRECS;12007.0;13
402300;TAKER;;ASH_COATED_OSMIUM;XIRECS;10011.0;4
402500;;TAKER;ASH_COATED_OSMIUM;XIRECS;9989.0;10
403000;TAKER;;INTARIAN_PEPPER_ROOT;XIRECS;12008.0;14
403100;TAKER;;INTARIAN_PEPPER_ROOT;XIRECS;12006.0;10
403200;TAKER;;INTARIAN_PEPPER_ROOT;XIRECS;12005.0;9
403200;TAKER;;ASH_COATED_OSMIUM;XIRECS;10006.0;6
403400;TAKER;;INTARIAN_PEPPER_ROOT;XIRECS;12007.0;2
403500;TAKER;;INTARIAN_PEPPER_ROOT;XIRECS;12006.0;9
403500;;TAKER;ASH_COATED_OSMIUM;XIRECS;9991.0;9
403900;TAKER;;ASH_COATED_OSMIUM;XIRECS;10012.0;12
404000;TAKER;;INTARIAN_PEPPER_ROOT;XIRECS;12009.0;15
404000;TAKER;;ASH_COATED_OSMIUM;XIRECS;10007.0;6
404100;TAKER;;INTARIAN_PEPPER_ROOT;XIRECS;12005.0;12
404500;TAKER;;INTARIAN_PEPPER_ROOT;XIRECS;12007.0;3
404600;;TAKER;INTARIAN_PEPPER_ROOT;XIRECS;11994.0;11
404800;;TAKER;INTARIAN_PEPPER_ROOT;XIRECS;11992.0;4
404900;;TAKER;INTARIAN_PEPPER_ROOT;XIRECS;11992.0;15
404900;;TAKER;ASH_COATED_OSMIUM;XIRECS;9987.0;11
405000;TAKER;;INTARIAN_PEPPER_ROOT;XIRECS;12007.0;11
405400;TAKER;;ASH_COATED_OSMIUM;XIRECS;10010.0;5
405500;;TAKER;ASH_COATED_OSMIUM;XIRECS;9991.0;7
405600;;TAKER;ASH_COATED_OSMIUM;XIRECS;9989.0;13
405700;;TAKER;INTARIAN_PEPPER_ROOT;XIRECS;11992.0;9
406000;TAKER;;INTARIAN_PEPPER_ROOT;XIRECS;12005.0;9
406100;;TAKER;ASH_COATED_OSMIUM;XIRECS;9991.0;6
406200;;TAKER;INTARIAN_PEPPER_ROOT;XIRECS;11995.0;4
406400;TAKER;;INTARIAN_PEPPER_ROOT;XIRECS;12007.0;3
406500;;TAKER;INTARIAN_PEPPER_ROOT;XIRECS;11994.0;4
406500;;TAKER;ASH_COATED_OSMIUM;XIRECS;9990.0;11
406700;;TAKER;INTARIAN_PEPPER_ROOT;XIRECS;11994.0;10
406800;;TAKER;INTARIAN_PEPPER_ROOT;XIRECS;11991.0;7
407400;TAKER;;INTARIAN_PEPPER_ROOT;XIRECS;12004.0;4
407700;;TAKER;ASH_COATED_OSMIUM;XIRECS;9993.0;3
407900;TAKER;;INTARIAN_PEPPER_ROOT;XIRECS;12006.0;12
407900;;TAKER;ASH_COATED_OSMIUM;XIRECS;9987.0;12
408100;TAKER;;INTARIAN_PEPPER_ROOT;XIRECS;12007.0;12
408400;;TAKER;ASH_COATED_OSMIUM;XIRECS;9991.0;3
408500;TAKER;;ASH_COATED_OSMIUM;XIRECS;10007.0;2
408600;TAKER;;INTARIAN_PEPPER_ROOT;XIRECS;12007.0;6
408700;;TAKER;ASH_COATED_OSMIUM;XIRECS;9991.0;2
408800;;TAKER;ASH_COATED_OSMIUM;XIRECS;9993.0;8
408900;TAKER;;INTARIAN_PEPPER_ROOT;XIRECS;12006.0;6
408900;TAKER;;ASH_COATED_OSMIUM;XIRECS;10007.0;14
409000;TAKER;;INTARIAN_PEPPER_ROOT;XIRECS;12005.0;14
409000;;TAKER;ASH_COATED_OSMIUM;XIRECS;9991.0;6
409100;;TAKER;INTARIAN_PEPPER_ROOT;XIRECS;11993.0;12
409500;;TAKER;ASH_COATED_OSMIUM;XIRECS;9994.0;9
409600;;TAKER;INTARIAN_PEPPER_ROOT;XIRECS;11995.0;15
409900;TAKER;;ASH_COATED_OSMIUM;XIRECS;10014.0;2
410300;TAKER;;ASH_COATED_OSMIUM;XIRECS;10005.0;13
410400;TAKER;;INTARIAN_PEPPER_ROOT;XIRECS;12004.0;7
410900;;TAKER;INTARIAN_PEPPER_ROOT;XIRECS;11992.0;7
411000;;TAKER;ASH_COATED_OSMIUM;XIRECS;9992.0;8
411200;TAKER;;INTARIAN_PEPPER_ROOT;XIRECS;12006.0;3
411400;;TAKER;ASH_COATED_OSMIUM;XIRECS;9989.0;2
411500;TAKER;;ASH_COATED_OSMIUM;XIRECS;10007.0;13
411700;;TAKER;INTARIAN_PEPPER_ROOT;XIRECS;11994.0;3
411700;;TAKER;ASH_COATED_OSMIUM;XIRECS;9991.0;2
411900;TAKER;;INTARIAN_PEPPER_ROOT;XIRECS;12006.0;3
412000;TAKER;;ASH_COATED_OSMIUM;XIRECS;10010.0;13
412200;;TAKER;INTARIAN_PEPPER_ROOT;XIRECS;11991.0;13
412300;;TAKER;ASH_COATED_OSMIUM;XIRECS;9992.0;9
412500;;TAKER;ASH_COATED_OSMIUM;XIRECS;9991.0;15
412900;;TAKER;INTARIAN_PEPPER_ROOT;XIRECS;11992.0;13
412900;;TAKER;ASH_COATED_OSMIUM;XIRECS;9989.0;5
413000;TAKER;;ASH_COATED_OSMIUM;XIRECS;10003.0;5
413200;;TAKER;ASH_COATED_OSMIUM;XIRECS;9991.0;10
413400;;TAKER;INTARIAN_PEPPER_ROOT;XIRECS;11992.0;10
413400;TAKER;;ASH_COATED_OSMIUM;XIRECS;10008.0;15
413700;;TAKER;ASH_COATED_OSMIUM;XIRECS;9985.0;13
414000;TAKER;;INTARIAN_PEPPER_ROOT;XIRECS;12007.0;12
414100;TAKER;;ASH_COATED_OSMIUM;XIRECS;10008.0;14
414300;TAKER;;INTARIAN_PEPPER_ROOT;XIRECS;12005.0;10
414400;;TAKER;ASH_COATED_OSMIUM;XIRECS;9989.0;5
414700;TAKER;;ASH_COATED_OSMIUM;XIRECS;10008.0;10
415000;;TAKER;ASH_COATED_OSMIUM;XIRECS;9992.0;12
415100;TAKER;;ASH_COATED_OSMIUM;XIRECS;10007.0;8
415200;;TAKER;INTARIAN_PEPPER_ROOT;XIRECS;11993.0;4
415400;TAKER;;ASH_COATED_OSMIUM;XIRECS;10013.0;5
415600;;TAKER;INTARIAN_PEPPER_ROOT;XIRECS;11991.0;13
416000;;TAKER;INTARIAN_PEPPER_ROOT;XIRECS;11991.0;4
416200;TAKER;;INTARIAN_PEPPER_ROOT;XIRECS;12006.0;4
416500;;TAKER;ASH_COATED_OSMIUM;XIRECS;9990.0;4
416600;;TAKER;INTARIAN_PEPPER_ROOT;XIRECS;11992.0;15
416600;;TAKER;ASH_COATED_OSMIUM;XIRECS;9992.0;3
416700;;TAKER;INTARIAN_PEPPER_ROOT;XIRECS;11991.0;4
416800;TAKER;;INTARIAN_PEPPER_ROOT;XIRECS;12006.0;14
416800;TAKER;;ASH_COATED_OSMIUM;XIRECS;10008.0;11
416900;;TAKER;INTARIAN_PEPPER_ROOT;XIRECS;11995.0;6
417000;;TAKER;INTARIAN_PEPPER_ROOT;XIRECS;11994.0;15
417400;TAKER;;ASH_COATED_OSMIUM;XIRECS;10008.0;7
417500;;TAKER;INTARIAN_PEPPER_ROOT;XIRECS;11992.0;6
417600;TAKER;;ASH_COATED_OSMIUM;XIRECS;10008.0;5
417700;TAKER;;ASH_COATED_OSMIUM;XIRECS;10009.0;15
417900;;TAKER;INTARIAN_PEPPER_ROOT;XIRECS;11993.0;5
418000;;TAKER;ASH_COATED_OSMIUM;XIRECS;9994.0;7
418100;;TAKER;ASH_COATED_OSMIUM;XIRECS;9991.0;9
418200;TAKER;;ASH_COATED_OSMIUM;XIRECS;10010.0;10
418300;;TAKER;INTARIAN_PEPPER_ROOT;XIRECS;11994.0;9
418500;TAKER;;ASH_COATED_OSMIUM;XIRECS;10006.0;2
418600;TAKER;;ASH_COATED_OSMIUM;XIRECS;10010.0;13
418700;;TAKER;INTARIAN_PEPPER_ROOT;XIRECS;11992.0;6
418700;TAKER;;ASH_COATED_OSMIUM;XIRECS;10006.0;6
418800;;TAKER;INTARIAN_PEPPER_ROOT;XIRECS;11991.0;12
419100;;TAKER;INTARIAN_PEPPER_ROOT;XIRECS;11991.0;15
419300;;TAKER;INTARIAN_PEPPER_ROOT;XIRECS;11992.0;15
419300;;TAKER;ASH_COATED_OSMIUM;XIRECS;9992.0;2
420000;;TAKER;INTARIAN_PEPPER_ROOT;XIRECS;11993.0;8
420200;TAKER;;ASH_COATED_OSMIUM;XIRECS;10007.0;11
420300;;TAKER;INTARIAN_PEPPER_ROOT;XIRECS;11991.0;4
420400;TAKER;;INTARIAN_PEPPER_ROOT;XIRECS;12006.0;4
420800;TAKER;;ASH_COATED_OSMIUM;XIRECS;10012.0;15
420900;;TAKER;ASH_COATED_OSMIUM;XIRECS;9993.0;5
421100;TAKER;;ASH_COATED_OSMIUM;XIRECS;10011.0;3
421300;;TAKER;INTARIAN_PEPPER_ROOT;XIRECS;11991.0;13
421300;TAKER;;ASH_COATED_OSMIUM;XIRECS;10010.0;4
421700;TAKER;;ASH_COATED_OSMIUM;XIRECS;10007.0;3
421900;;TAKER;ASH_COATED_OSMIUM;XIRECS;9987.0;7
422300;TAKER;;INTARIAN_PEPPER_ROOT;XIRECS;12006.0;13
422300;TAKER;;ASH_COATED_OSMIUM;XIRECS;10006.0;4
422400;;TAKER;INTARIAN_PEPPER_ROOT;XIRECS;11994.0;10
422500;;TAKER;ASH_COATED_OSMIUM;XIRECS;9992.0;2
423000;;TAKER;INTARIAN_PEPPER_ROOT;XIRECS;11992.0;15
423100;TAKER;;INTARIAN_PEPPER_ROOT;XIRECS;12006.0;9
423200;TAKER;;INTARIAN_PEPPER_ROOT;XIRECS;12006.0;7
423200;TAKER;;ASH_COATED_OSMIUM;XIRECS;10011.0;5
423300;TAKER;;INTARIAN_PEPPER_ROOT;XIRECS;12007.0;8
423300;;TAKER;ASH_COATED_OSMIUM;XIRECS;9993.0;5
423500;TAKER;;ASH_COATED_OSMIUM;XIRECS;10007.0;10
423600;;TAKER;ASH_COATED_OSMIUM;XIRECS;9994.0;6
423700;TAKER;;INTARIAN_PEPPER_ROOT;XIRECS;12006.0;9
423900;;TAKER;ASH_COATED_OSMIUM;XIRECS;9987.0;4
424000;;TAKER;ASH_COATED_OSMIUM;XIRECS;9992.0;3
424100;TAKER;;INTARIAN_PEPPER_ROOT;XIRECS;12006.0;14
424100;;TAKER;ASH_COATED_OSMIUM;XIRECS;9993.0;2
424500;TAKER;;INTARIAN_PEPPER_ROOT;XIRECS;12008.0;6
424700;TAKER;;INTARIAN_PEPPER_ROOT;XIRECS;12007.0;13
424900;;TAKER;ASH_COATED_OSMIUM;XIRECS;9993.0;13
425000;TAKER;;ASH_COATED_OSMIUM;XIRECS;10009.0;10
425100;;TAKER;ASH_COATED_OSMIUM;XIRECS;9990.0;14
425300;TAKER;;INTARIAN_PEPPER_ROOT;XIRECS;12008.0;2
425400;;TAKER;ASH_COATED_OSMIUM;XIRECS;9992.0;15
425500;;TAKER;INTARIAN_PEPPER_ROOT;XIRECS;11993.0;5
425600;;TAKER;INTARIAN_PEPPER_ROOT;XIRECS;11993.0;10
425600;TAKER;;ASH_COATED_OSMIUM;XIRECS;10007.0;6
425900;TAKER;;INTARIAN_PEPPER_ROOT;XIRECS;12005.0;11
426000;TAKER;;INTARIAN_PEPPER_ROOT;XIRECS;12004.0;8
426100;;TAKER;INTARIAN_PEPPER_ROOT;XIRECS;11993.0;6
426500;;TAKER;INTARIAN_PEPPER_ROOT;XIRECS;11993.0;5
426600;TAKER;;ASH_COATED_OSMIUM;XIRECS;10010.0;4
426700;TAKER;;ASH_COATED_OSMIUM;XIRECS;10007.0;4
427000;;TAKER;ASH_COATED_OSMIUM;XIRECS;9988.0;11
427100;;TAKER;INTARIAN_PEPPER_ROOT;XIRECS;11994.0;13
427100;;TAKER;ASH_COATED_OSMIUM;XIRECS;9991.0;2
427300;;TAKER;ASH_COATED_OSMIUM;XIRECS;9991.0;3
427400;;TAKER;ASH_COATED_OSMIUM;XIRECS;9989.0;4
427500;;TAKER;INTARIAN_PEPPER_ROOT;XIRECS;11994.0;6
427500;;TAKER;ASH_COATED_OSMIUM;XIRECS;9991.0;15
427700;TAKER;;INTARIAN_PEPPER_ROOT;XIRECS;12006.0;11
427900;TAKER;;INTARIAN_PEPPER_ROOT;XIRECS;12006.0;10
428100;TAKER;;ASH_COATED_OSMIUM;XIRECS;10009.0;7
428200;;TAKER;INTARIAN_PEPPER_ROOT;XIRECS;11992.0;13
428400;TAKER;;INTARIAN_PEPPER_ROOT;XIRECS;12008.0;9
428500;;TAKER;INTARIAN_PEPPER_ROOT;XIRECS;11992.0;13
428800;;TAKER;INTARIAN_PEPPER_ROOT;XIRECS;11992.0;14
429000;TAKER;;ASH_COATED_OSMIUM;XIRECS;10007.0;4
429100;;TAKER;INTARIAN_PEPPER_ROOT;XIRECS;11991.0;13
429300;;TAKER;INTARIAN_PEPPER_ROOT;XIRECS;11994.0;2
429700;TAKER;;ASH_COATED_OSMIUM;XIRECS;10008.0;15
429900;TAKER;;INTARIAN_PEPPER_ROOT;XIRECS;12005.0;10
429900;TAKER;;ASH_COATED_OSMIUM;XIRECS;10010.0;3
430000;TAKER;;INTARIAN_PEPPER_ROOT;XIRECS;12008.0;2
430100;TAKER;;INTARIAN_PEPPER_ROOT;XIRECS;12007.0;12
430300;TAKER;;INTARIAN_PEPPER_ROOT;XIRECS;12007.0;15
430600;;TAKER;ASH_COATED_OSMIUM;XIRECS;9991.0;14
431000;TAKER;;ASH_COATED_OSMIUM;XIRECS;10008.0;14
431100;;TAKER;ASH_COATED_OSMIUM;XIRECS;9993.0;12
431300;;TAKER;INTARIAN_PEPPER_ROOT;XIRECS;11993.0;12
431500;;TAKER;ASH_COATED_OSMIUM;XIRECS;9988.0;12
432000;;TAKER;INTARIAN_PEPPER_ROOT;XIRECS;11994.0;5
432200;;TAKER;ASH_COATED_OSMIUM;XIRECS;9994.0;15
432400;;TAKER;ASH_COATED_OSMIUM;XIRECS;9985.0;3
432500;TAKER;;ASH_COATED_OSMIUM;XIRECS;10006.0;6
432600;;TAKER;ASH_COATED_OSMIUM;XIRECS;9990.0;3
432700;TAKER;;INTARIAN_PEPPER_ROOT;XIRECS;12005.0;10
433200;TAKER;;ASH_COATED_OSMIUM;XIRECS;10010.0;3
433300;;TAKER;INTARIAN_PEPPER_ROOT;XIRECS;11992.0;5
433400;TAKER;;INTARIAN_PEPPER_ROOT;XIRECS;12006.0;9
433400;;TAKER;ASH_COATED_OSMIUM;XIRECS;9995.0;12
433700;TAKER;;INTARIAN_PEPPER_ROOT;XIRECS;12006.0;2
433900;;TAKER;ASH_COATED_OSMIUM;XIRECS;9984.0;7
434100;;TAKER;INTARIAN_PEPPER_ROOT;XIRECS;11994.0;11
434300;TAKER;;ASH_COATED_OSMIUM;XIRECS;10009.0;11
434500;TAKER;;INTARIAN_PEPPER_ROOT;XIRECS;12005.0;6
434600;TAKER;;INTARIAN_PEPPER_ROOT;XIRECS;12008.0;7
434700;;TAKER;ASH_COATED_OSMIUM;XIRECS;9988.0;4
434900;;TAKER;INTARIAN_PEPPER_ROOT;XIRECS;11994.0;13
435200;;TAKER;INTARIAN_PEPPER_ROOT;XIRECS;11992.0;5
435400;;TAKER;ASH_COATED_OSMIUM;XIRECS;9992.0;15
435500;;TAKER;ASH_COATED_OSMIUM;XIRECS;9990.0;15
435700;;TAKER;INTARIAN_PEPPER_ROOT;XIRECS;11991.0;15
435800;TAKER;;ASH_COATED_OSMIUM;XIRECS;10009.0;5
435900;;TAKER;INTARIAN_PEPPER_ROOT;XIRECS;11993.0;6
435900;;TAKER;ASH_COATED_OSMIUM;XIRECS;9991.0;5
436400;;TAKER;ASH_COATED_OSMIUM;XIRECS;9989.0;15
436600;;TAKER;INTARIAN_PEPPER_ROOT;XIRECS;11993.0;14
436700;TAKER;;INTARIAN_PEPPER_ROOT;XIRECS;12005.0;15
437000;TAKER;;ASH_COATED_OSMIUM;XIRECS;10010.0;2
437100;;TAKER;ASH_COATED_OSMIUM;XIRECS;9990.0;5
437200;;TAKER;INTARIAN_PEPPER_ROOT;XIRECS;11993.0;4
437300;TAKER;;ASH_COATED_OSMIUM;XIRECS;10009.0;3
437500;;TAKER;INTARIAN_PEPPER_ROOT;XIRECS;11993.0;6
437500;TAKER;;ASH_COATED_OSMIUM;XIRECS;10008.0;4
437900;TAKER;;INTARIAN_PEPPER_ROOT;XIRECS;12008.0;2
438200;;TAKER;ASH_COATED_OSMIUM;XIRECS;9991.0;11
438300;;TAKER;INTARIAN_PEPPER_ROOT;XIRECS;11993.0;14
438300;TAKER;;ASH_COATED_OSMIUM;XIRECS;10007.0;2
438400;;TAKER;INTARIAN_PEPPER_ROOT;XIRECS;11993.0;13
438500;TAKER;;ASH_COATED_OSMIUM;XIRECS;10010.0;6
438600;;TAKER;INTARIAN_PEPPER_ROOT;XIRECS;11991.0;7
438700;TAKER;;ASH_COATED_OSMIUM;XIRECS;10006.0;13
439000;;TAKER;INTARIAN_PEPPER_ROOT;XIRECS;11991.0;8
439100;TAKER;;INTARIAN_PEPPER_ROOT;XIRECS;12008.0;5
439200;;TAKER;INTARIAN_PEPPER_ROOT;XIRECS;11992.0;9
439300;TAKER;;ASH_COATED_OSMIUM;XIRECS;10006.0;6
439400;TAKER;;INTARIAN_PEPPER_ROOT;XIRECS;12006.0;4
439500;;TAKER;ASH_COATED_OSMIUM;XIRECS;9992.0;13
439800;TAKER;;ASH_COATED_OSMIUM;XIRECS;10006.0;4
439900;TAKER;;INTARIAN_PEPPER_ROOT;XIRECS;12007.0;7
440300;;TAKER;INTARIAN_PEPPER_ROOT;XIRECS;11995.0;5
440400;;TAKER;ASH_COATED_OSMIUM;XIRECS;9991.0;11
440800;;TAKER;ASH_COATED_OSMIUM;XIRECS;9989.0;12
441200;;TAKER;ASH_COATED_OSMIUM;XIRECS;9989.0;6
441400;;TAKER;INTARIAN_PEPPER_ROOT;XIRECS;11991.0;3
441500;;TAKER;INTARIAN_PEPPER_ROOT;XIRECS;11991.0;6
441600;;TAKER;ASH_COATED_OSMIUM;XIRECS;9989.0;9
441700;;TAKER;INTARIAN_PEPPER_ROOT;XIRECS;11996.0;4
441900;TAKER;;INTARIAN_PEPPER_ROOT;XIRECS;12005.0;12
442000;TAKER;;ASH_COATED_OSMIUM;XIRECS;10007.0;7
442100;TAKER;;INTARIAN_PEPPER_ROOT;XIRECS;12005.0;2
442200;TAKER;;INTARIAN_PEPPER_ROOT;XIRECS;12006.0;5
442400;;TAKER;ASH_COATED_OSMIUM;XIRECS;9991.0;14
442700;;TAKER;INTARIAN_PEPPER_ROOT;XIRECS;11991.0;15
442700;TAKER;;ASH_COATED_OSMIUM;XIRECS;10011.0;4
442800;TAKER;;INTARIAN_PEPPER_ROOT;XIRECS;12007.0;8
443100;TAKER;;ASH_COATED_OSMIUM;XIRECS;10010.0;7
443300;;TAKER;INTARIAN_PEPPER_ROOT;XIRECS;11991.0;6
443400;TAKER;;INTARIAN_PEPPER_ROOT;XIRECS;12009.0;2
443500;;TAKER;ASH_COATED_OSMIUM;XIRECS;9989.0;4
443600;TAKER;;ASH_COATED_OSMIUM;XIRECS;10010.0;9
443700;;TAKER;INTARIAN_PEPPER_ROOT;XIRECS;11993.0;15
443900;;TAKER;INTARIAN_PEPPER_ROOT;XIRECS;11993.0;11
444300;;TAKER;ASH_COATED_OSMIUM;XIRECS;9990.0;15
444500;TAKER;;INTARIAN_PEPPER_ROOT;XIRECS;12007.0;4
444800;;TAKER;ASH_COATED_OSMIUM;XIRECS;9992.0;7
444900;;TAKER;INTARIAN_PEPPER_ROOT;XIRECS;11992.0;3
444900;TAKER;;ASH_COATED_OSMIUM;XIRECS;10009.0;4
445200;;TAKER;INTARIAN_PEPPER_ROOT;XIRECS;11991.0;7
445200;TAKER;;ASH_COATED_OSMIUM;XIRECS;10011.0;14
445300;;TAKER;ASH_COATED_OSMIUM;XIRECS;9989.0;14
445400;TAKER;;INTARIAN_PEPPER_ROOT;XIRECS;12006.0;13
445400;TAKER;;ASH_COATED_OSMIUM;XIRECS;10013.0;14
445600;TAKER;;INTARIAN_PEPPER_ROOT;XIRECS;12009.0;15
445800;TAKER;;INTARIAN_PEPPER_ROOT;XIRECS;12006.0;12
445800;;TAKER;ASH_COATED_OSMIUM;XIRECS;9995.0;2
445900;TAKER;;INTARIAN_PEPPER_ROOT;XIRECS;12007.0;6
446300;;TAKER;ASH_COATED_OSMIUM;XIRECS;9993.0;5
446600;TAKER;;ASH_COATED_OSMIUM;XIRECS;10007.0;14
446700;TAKER;;INTARIAN_PEPPER_ROOT;XIRECS;12008.0;8
446700;;TAKER;ASH_COATED_OSMIUM;XIRECS;9993.0;2
446900;TAKER;;ASH_COATED_OSMIUM;XIRECS;10009.0;14
447100;;TAKER;INTARIAN_PEPPER_ROOT;XIRECS;11994.0;7
447100;;TAKER;ASH_COATED_OSMIUM;XIRECS;9991.0;12
447200;;TAKER;INTARIAN_PEPPER_ROOT;XIRECS;11993.0;3
447600;;TAKER;INTARIAN_PEPPER_ROOT;XIRECS;11993.0;11
447700;TAKER;;INTARIAN_PEPPER_ROOT;XIRECS;12008.0;11
447700;TAKER;;ASH_COATED_OSMIUM;XIRECS;10011.0;11
447900;TAKER;;INTARIAN_PEPPER_ROOT;XIRECS;12006.0;11
447900;TAKER;;ASH_COATED_OSMIUM;XIRECS;10009.0;15
448100;;TAKER;INTARIAN_PEPPER_ROOT;XIRECS;11993.0;3
448100;;TAKER;ASH_COATED_OSMIUM;XIRECS;9993.0;15
448200;TAKER;;INTARIAN_PEPPER_ROOT;XIRECS;12006.0;11
448300;;TAKER;INTARIAN_PEPPER_ROOT;XIRECS;11992.0;9
448300;;TAKER;ASH_COATED_OSMIUM;XIRECS;9990.0;4
448400;;TAKER;INTARIAN_PEPPER_ROOT;XIRECS;11992.0;14
448700;;TAKER;ASH_COATED_OSMIUM;XIRECS;9992.0;8
448800;;TAKER;INTARIAN_PEPPER_ROOT;XIRECS;11994.0;14
448900;TAKER;;INTARIAN_PEPPER_ROOT;XIRECS;12006.0;3
448900;;TAKER;ASH_COATED_OSMIUM;XIRECS;9987.0;6
449600;;TAKER;INTARIAN_PEPPER_ROOT;XIRECS;11992.0;7
449700;TAKER;;INTARIAN_PEPPER_ROOT;XIRECS;12006.0;3
449800;TAKER;;ASH_COATED_OSMIUM;XIRECS;10007.0;14
450100;;TAKER;INTARIAN_PEPPER_ROOT;XIRECS;11992.0;14
450500;;TAKER;INTARIAN_PEPPER_ROOT;XIRECS;11992.0;3
450700;;TAKER;INTARIAN_PEPPER_ROOT;XIRECS;11991.0;14
451000;;TAKER;ASH_COATED_OSMIUM;XIRECS;9992.0;9
451100;TAKER;;INTARIAN_PEPPER_ROOT;XIRECS;12005.0;15
451200;TAKER;;INTARIAN_PEPPER_ROOT;XIRECS;12006.0;8
451400;;TAKER;INTARIAN_PEPPER_ROOT;XIRECS;11992.0;7
451500;TAKER;;INTARIAN_PEPPER_ROOT;XIRECS;12007.0;15
451500;TAKER;;ASH_COATED_OSMIUM;XIRECS;10011.0;10
451600;TAKER;;ASH_COATED_OSMIUM;XIRECS;10011.0;8
452000;;TAKER;INTARIAN_PEPPER_ROOT;XIRECS;11993.0;5
452100;;TAKER;INTARIAN_PEPPER_ROOT;XIRECS;11993.0;6
452200;TAKER;;ASH_COATED_OSMIUM;XIRECS;10011.0;15
452300;;TAKER;INTARIAN_PEPPER_ROOT;XIRECS;11992.0;5
452400;TAKER;;INTARIAN_PEPPER_ROOT;XIRECS;12005.0;14
452600;;TAKER;INTARIAN_PEPPER_ROOT;XIRECS;11992.0;14
452700;;TAKER;INTARIAN_PEPPER_ROOT;XIRECS;11992.0;7
452700;;TAKER;ASH_COATED_OSMIUM;XIRECS;9993.0;7
452900;TAKER;;INTARIAN_PEPPER_ROOT;XIRECS;12006.0;11
452900;TAKER;;ASH_COATED_OSMIUM;XIRECS;10007.0;8
453000;TAKER;;INTARIAN_PEPPER_ROOT;XIRECS;12005.0;6
453100;;TAKER;ASH_COATED_OSMIUM;XIRECS;9991.0;11
453200;;TAKER;ASH_COATED_OSMIUM;XIRECS;9990.0;14
453600;TAKER;;INTARIAN_PEPPER_ROOT;XIRECS;12008.0;14
453600;;TAKER;ASH_COATED_OSMIUM;XIRECS;9990.0;8
454300;TAKER;;ASH_COATED_OSMIUM;XIRECS;10005.0;12
454400;;TAKER;ASH_COATED_OSMIUM;XIRECS;9991.0;8
454500;;TAKER;INTARIAN_PEPPER_ROOT;XIRECS;11994.0;13
454600;;TAKER;ASH_COATED_OSMIUM;XIRECS;9990.0;6
454700;TAKER;;ASH_COATED_OSMIUM;XIRECS;10009.0;9
454800;TAKER;;INTARIAN_PEPPER_ROOT;XIRECS;12006.0;8
455000;;TAKER;ASH_COATED_OSMIUM;XIRECS;9991.0;15
455100;;TAKER;INTARIAN_PEPPER_ROOT;XIRECS;11993.0;6
455200;;TAKER;INTARIAN_PEPPER_ROOT;XIRECS;11995.0;10
455600;;TAKER;INTARIAN_PEPPER_ROOT;XIRECS;11994.0;5
455600;;TAKER;ASH_COATED_OSMIUM;XIRECS;9990.0;12
455900;TAKER;;INTARIAN_PEPPER_ROOT;XIRECS;12006.0;15
456000;TAKER;;INTARIAN_PEPPER_ROOT;XIRECS;12008.0;11
456100;;TAKER;INTARIAN_PEPPER_ROOT;XIRECS;11991.0;6
456200;;TAKER;ASH_COATED_OSMIUM;XIRECS;9986.0;12
456300;;TAKER;INTARIAN_PEPPER_ROOT;XIRECS;11993.0;2
456800;TAKER;;INTARIAN_PEPPER_ROOT;XIRECS;12004.0;4
456900;;TAKER;ASH_COATED_OSMIUM;XIRECS;9990.0;4
457000;TAKER;;ASH_COATED_OSMIUM;XIRECS;10007.0;12
457200;TAKER;;ASH_COATED_OSMIUM;XIRECS;10008.0;6
457400;;TAKER;ASH_COATED_OSMIUM;XIRECS;9988.0;7
457500;TAKER;;ASH_COATED_OSMIUM;XIRECS;10004.0;13
457600;;TAKER;ASH_COATED_OSMIUM;XIRECS;9993.0;14
457900;;TAKER;INTARIAN_PEPPER_ROOT;XIRECS;11992.0;8
458600;;TAKER;ASH_COATED_OSMIUM;XIRECS;9988.0;15
458700;;TAKER;INTARIAN_PEPPER_ROOT;XIRECS;11991.0;13
458800;TAKER;;ASH_COATED_OSMIUM;XIRECS;10009.0;11
459000;;TAKER;ASH_COATED_OSMIUM;XIRECS;9990.0;13
459100;TAKER;;INTARIAN_PEPPER_ROOT;XIRECS;12008.0;4
459300;TAKER;;ASH_COATED_OSMIUM;XIRECS;10010.0;12
459400;;TAKER;INTARIAN_PEPPER_ROOT;XIRECS;11992.0;9
459600;TAKER;;INTARIAN_PEPPER_ROOT;XIRECS;12006.0;14
459600;;TAKER;ASH_COATED_OSMIUM;XIRECS;9991.0;11
459700;TAKER;;INTARIAN_PEPPER_ROOT;XIRECS;12007.0;3
460000;;TAKER;ASH_COATED_OSMIUM;XIRECS;9995.0;4
460800;TAKER;;INTARIAN_PEPPER_ROOT;XIRECS;12007.0;6
461000;;TAKER;ASH_COATED_OSMIUM;XIRECS;9988.0;4
461100;TAKER;;ASH_COATED_OSMIUM;XIRECS;10008.0;5
461500;TAKER;;INTARIAN_PEPPER_ROOT;XIRECS;12005.0;12
461500;TAKER;;ASH_COATED_OSMIUM;XIRECS;10007.0;14
461700;;TAKER;ASH_COATED_OSMIUM;XIRECS;9992.0;11
461800;TAKER;;ASH_COATED_OSMIUM;XIRECS;10011.0;9
461900;;TAKER;INTARIAN_PEPPER_ROOT;XIRECS;11993.0;6
461900;;TAKER;ASH_COATED_OSMIUM;XIRECS;9992.0;14
462000;TAKER;;ASH_COATED_OSMIUM;XIRECS;10009.0;7
462100;;TAKER;INTARIAN_PEPPER_ROOT;XIRECS;11992.0;8
462400;TAKER;;ASH_COATED_OSMIUM;XIRECS;10010.0;14
462700;;TAKER;INTARIAN_PEPPER_ROOT;XIRECS;11991.0;13
462800;TAKER;;ASH_COATED_OSMIUM;XIRECS;10010.0;3
463000;TAKER;;ASH_COATED_OSMIUM;XIRECS;10007.0;6
463300;;TAKER;INTARIAN_PEPPER_ROOT;XIRECS;11993.0;15
463300;TAKER;;ASH_COATED_OSMIUM;XIRECS;10005.0;7
463900;;TAKER;ASH_COATED_OSMIUM;XIRECS;9995.0;9
464000;TAKER;;INTARIAN_PEPPER_ROOT;XIRECS;12009.0;11
464300;;TAKER;ASH_COATED_OSMIUM;XIRECS;9995.0;3
464400;;TAKER;INTARIAN_PEPPER_ROOT;XIRECS;11994.0;8
464400;;TAKER;ASH_COATED_OSMIUM;XIRECS;9991.0;4
464500;;TAKER;INTARIAN_PEPPER_ROOT;XIRECS;11994.0;5
464500;;TAKER;ASH_COATED_OSMIUM;XIRECS;9991.0;2
464600;;TAKER;ASH_COATED_OSMIUM;XIRECS;9990.0;10
464900;;TAKER;INTARIAN_PEPPER_ROOT;XIRECS;11991.0;15
465000;;TAKER;ASH_COATED_OSMIUM;XIRECS;9991.0;4
465100;TAKER;;ASH_COATED_OSMIUM;XIRECS;10005.0;6
465600;TAKER;;ASH_COATED_OSMIUM;XIRECS;10007.0;5
465700;;TAKER;INTARIAN_PEPPER_ROOT;XIRECS;11994.0;6
465900;TAKER;;INTARIAN_PEPPER_ROOT;XIRECS;12006.0;4
466000;TAKER;;ASH_COATED_OSMIUM;XIRECS;10010.0;14
466200;TAKER;;INTARIAN_PEPPER_ROOT;XIRECS;12008.0;12
466700;TAKER;;INTARIAN_PEPPER_ROOT;XIRECS;12005.0;10
466900;TAKER;;INTARIAN_PEPPER_ROOT;XIRECS;12006.0;4
467000;TAKER;;ASH_COATED_OSMIUM;XIRECS;10006.0;8
467400;TAKER;;INTARIAN_PEPPER_ROOT;XIRECS;12006.0;12
467400;;TAKER;ASH_COATED_OSMIUM;XIRECS;9990.0;12
467500;TAKER;;INTARIAN_PEPPER_ROOT;XIRECS;12005.0;7
467600;TAKER;;INTARIAN_PEPPER_ROOT;XIRECS;12006.0;12
467800;;TAKER;ASH_COATED_OSMIUM;XIRECS;9989.0;5
467900;;TAKER;INTARIAN_PEPPER_ROOT;XIRECS;11993.0;6
468300;TAKER;;INTARIAN_PEPPER_ROOT;XIRECS;12007.0;15
468300;TAKER;;ASH_COATED_OSMIUM;XIRECS;10008.0;6
468500;TAKER;;ASH_COATED_OSMIUM;XIRECS;10008.0;7
468600;;TAKER;INTARIAN_PEPPER_ROOT;XIRECS;11992.0;11
468700;TAKER;;INTARIAN_PEPPER_ROOT;XIRECS;12005.0;6
468800;;TAKER;ASH_COATED_OSMIUM;XIRECS;9988.0;8
469100;TAKER;;ASH_COATED_OSMIUM;XIRECS;10012.0;3
469200;;TAKER;ASH_COATED_OSMIUM;XIRECS;9988.0;2
469500;TAKER;;ASH_COATED_OSMIUM;XIRECS;10009.0;11
469700;TAKER;;ASH_COATED_OSMIUM;XIRECS;10009.0;3
470000;;TAKER;INTARIAN_PEPPER_ROOT;XIRECS;11994.0;10
470000;TAKER;;ASH_COATED_OSMIUM;XIRECS;10009.0;8
470100;TAKER;;ASH_COATED_OSMIUM;XIRECS;10010.0;6
470200;TAKER;;ASH_COATED_OSMIUM;XIRECS;10008.0;4
470400;;TAKER;INTARIAN_PEPPER_ROOT;XIRECS;11993.0;11
470400;TAKER;;ASH_COATED_OSMIUM;XIRECS;10006.0;4
470500;;TAKER;INTARIAN_PEPPER_ROOT;XIRECS;11993.0;2
470900;TAKER;;ASH_COATED_OSMIUM;XIRECS;10008.0;10
471100;TAKER;;INTARIAN_PEPPER_ROOT;XIRECS;12007.0;14
471300;TAKER;;ASH_COATED_OSMIUM;XIRECS;10007.0;4
471400;TAKER;;INTARIAN_PEPPER_ROOT;XIRECS;12009.0;14
471400;;TAKER;ASH_COATED_OSMIUM;XIRECS;9991.0;7
471500;;TAKER;ASH_COATED_OSMIUM;XIRECS;9987.0;14
471800;;TAKER;INTARIAN_PEPPER_ROOT;XIRECS;11994.0;5
471900;TAKER;;ASH_COATED_OSMIUM;XIRECS;10005.0;8
472200;TAKER;;ASH_COATED_OSMIUM;XIRECS;10012.0;3
472300;;TAKER;ASH_COATED_OSMIUM;XIRECS;9991.0;7
472600;;TAKER;INTARIAN_PEPPER_ROOT;XIRECS;11993.0;14
472600;;TAKER;ASH_COATED_OSMIUM;XIRECS;9991.0;10
472700;;TAKER;INTARIAN_PEPPER_ROOT;XIRECS;11993.0;5
472900;TAKER;;INTARIAN_PEPPER_ROOT;XIRECS;12007.0;6
473000;;TAKER;ASH_COATED_OSMIUM;XIRECS;9989.0;13
473200;TAKER;;ASH_COATED_OSMIUM;XIRECS;10008.0;12
473300;TAKER;;ASH_COATED_OSMIUM;XIRECS;10010.0;6
473500;;TAKER;INTARIAN_PEPPER_ROOT;XIRECS;11992.0;3
473900;TAKER;;ASH_COATED_OSMIUM;XIRECS;10012.0;10
474600;TAKER;;INTARIAN_PEPPER_ROOT;XIRECS;12006.0;11
475300;;TAKER;INTARIAN_PEPPER_ROOT;XIRECS;11993.0;3
475400;TAKER;;ASH_COATED_OSMIUM;XIRECS;10008.0;4
475800;;TAKER;INTARIAN_PEPPER_ROOT;XIRECS;11991.0;8
476100;;TAKER;ASH_COATED_OSMIUM;XIRECS;9990.0;5
476400;TAKER;;ASH_COATED_OSMIUM;XIRECS;10009.0;10
476500;TAKER;;ASH_COATED_OSMIUM;XIRECS;10012.0;6
476700;;TAKER;ASH_COATED_OSMIUM;XIRECS;9991.0;3
476900;TAKER;;ASH_COATED_OSMIUM;XIRECS;10011.0;7
477100;TAKER;;ASH_COATED_OSMIUM;XIRECS;10005.0;12
477500;;TAKER;INTARIAN_PEPPER_ROOT;XIRECS;11993.0;13
477800;TAKER;;ASH_COATED_OSMIUM;XIRECS;10008.0;8
477900;TAKER;;ASH_COATED_OSMIUM;XIRECS;10012.0;11
478400;;TAKER;INTARIAN_PEPPER_ROOT;XIRECS;11992.0;8
478500;;TAKER;INTARIAN_PEPPER_ROOT;XIRECS;11992.0;10
478500;TAKER;;ASH_COATED_OSMIUM;XIRECS;10008.0;12
478700;TAKER;;ASH_COATED_OSMIUM;XIRECS;10013.0;7
479000;TAKER;;INTARIAN_PEPPER_ROOT;XIRECS;12007.0;14
479100;;TAKER;INTARIAN_PEPPER_ROOT;XIRECS;11993.0;15
479200;;TAKER;ASH_COATED_OSMIUM;XIRECS;9989.0;7
479300;;TAKER;INTARIAN_PEPPER_ROOT;XIRECS;11995.0;4
479400;TAKER;;INTARIAN_PEPPER_ROOT;XIRECS;12008.0;3
479500;;TAKER;ASH_COATED_OSMIUM;XIRECS;9991.0;2
479600;TAKER;;ASH_COATED_OSMIUM;XIRECS;10013.0;11
479700;;TAKER;ASH_COATED_OSMIUM;XIRECS;9992.0;11
479800;TAKER;;INTARIAN_PEPPER_ROOT;XIRECS;12006.0;5
479900;TAKER;;INTARIAN_PEPPER_ROOT;XIRECS;12006.0;15
480100;TAKER;;INTARIAN_PEPPER_ROOT;XIRECS;12005.0;9
480300;TAKER;;INTARIAN_PEPPER_ROOT;XIRECS;12006.0;14
480400;TAKER;;ASH_COATED_OSMIUM;XIRECS;10008.0;3
480500;;TAKER;INTARIAN_PEPPER_ROOT;XIRECS;11993.0;8
480500;;TAKER;ASH_COATED_OSMIUM;XIRECS;9991.0;4
480800;;TAKER;INTARIAN_PEPPER_ROOT;XIRECS;11991.0;3
481000;;TAKER;INTARIAN_PEPPER_ROOT;XIRECS;11996.0;13
481200;;TAKER;ASH_COATED_OSMIUM;XIRECS;9990.0;14
481300;TAKER;;ASH_COATED_OSMIUM;XIRECS;10010.0;13
481400;TAKER;;INTARIAN_PEPPER_ROOT;XIRECS;12007.0;6
481700;TAKER;;ASH_COATED_OSMIUM;XIRECS;10011.0;13
481800;TAKER;;ASH_COATED_OSMIUM;XIRECS;10009.0;13
482000;TAKER;;INTARIAN_PEPPER_ROOT;XIRECS;12005.0;7
482300;;TAKER;INTARIAN_PEPPER_ROOT;XIRECS;11994.0;9
482300;TAKER;;ASH_COATED_OSMIUM;XIRECS;10010.0;11
482500;TAKER;;INTARIAN_PEPPER_ROOT;XIRECS;12007.0;3
482600;TAKER;;INTARIAN_PEPPER_ROOT;XIRECS;12005.0;15
482800;TAKER;;ASH_COATED_OSMIUM;XIRECS;10008.0;3
482900;TAKER;;INTARIAN_PEPPER_ROOT;XIRECS;12007.0;9
483100;TAKER;;ASH_COATED_OSMIUM;XIRECS;10011.0;7
483400;;TAKER;ASH_COATED_OSMIUM;XIRECS;9989.0;4
483500;;TAKER;ASH_COATED_OSMIUM;XIRECS;9987.0;7
484100;;TAKER;INTARIAN_PEPPER_ROOT;XIRECS;11992.0;7
484600;TAKER;;INTARIAN_PEPPER_ROOT;XIRECS;12008.0;3
484900;TAKER;;INTARIAN_PEPPER_ROOT;XIRECS;12006.0;3
485000;TAKER;;INTARIAN_PEPPER_ROOT;XIRECS;12006.0;13
485000;TAKER;;ASH_COATED_OSMIUM;XIRECS;10006.0;8
485300;TAKER;;ASH_COATED_OSMIUM;XIRECS;10010.0;4
485400;;TAKER;INTARIAN_PEPPER_ROOT;XIRECS;11993.0;5
485600;;TAKER;INTARIAN_PEPPER_ROOT;XIRECS;11993.0;9
485800;TAKER;;INTARIAN_PEPPER_ROOT;XIRECS;12007.0;10
486100;;TAKER;INTARIAN_PEPPER_ROOT;XIRECS;11992.0;4
486300;TAKER;;ASH_COATED_OSMIUM;XIRECS;10009.0;9
486400;;TAKER;INTARIAN_PEPPER_ROOT;XIRECS;11994.0;2
486500;;TAKER;INTARIAN_PEPPER_ROOT;XIRECS;11989.0;5
486600;;TAKER;INTARIAN_PEPPER_ROOT;XIRECS;11992.0;10
486800;TAKER;;INTARIAN_PEPPER_ROOT;XIRECS;12005.0;2
487100;TAKER;;INTARIAN_PEPPER_ROOT;XIRECS;12006.0;6
487300;;TAKER;INTARIAN_PEPPER_ROOT;XIRECS;11991.0;5
487400;TAKER;;INTARIAN_PEPPER_ROOT;XIRECS;12006.0;5
487500;;TAKER;INTARIAN_PEPPER_ROOT;XIRECS;11993.0;8
487700;;TAKER;INTARIAN_PEPPER_ROOT;XIRECS;11994.0;13
487900;;TAKER;ASH_COATED_OSMIUM;XIRECS;9990.0;2
488000;;TAKER;ASH_COATED_OSMIUM;XIRECS;9988.0;2
488100;TAKER;;ASH_COATED_OSMIUM;XIRECS;10011.0;13
488200;TAKER;;INTARIAN_PEPPER_ROOT;XIRECS;12006.0;11
488200;;TAKER;ASH_COATED_OSMIUM;XIRECS;9990.0;15
488300;TAKER;;ASH_COATED_OSMIUM;XIRECS;10005.0;11
488400;TAKER;;INTARIAN_PEPPER_ROOT;XIRECS;12008.0;14
488500;TAKER;;INTARIAN_PEPPER_ROOT;XIRECS;12006.0;2
488800;TAKER;;INTARIAN_PEPPER_ROOT;XIRECS;12006.0;12
488800;;TAKER;ASH_COATED_OSMIUM;XIRECS;9991.0;2
488900;TAKER;;ASH_COATED_OSMIUM;XIRECS;10006.0;10
489100;TAKER;;ASH_COATED_OSMIUM;XIRECS;10010.0;15
489600;TAKER;;INTARIAN_PEPPER_ROOT;XIRECS;12006.0;2
490200;;TAKER;INTARIAN_PEPPER_ROOT;XIRECS;11991.0;2
490500;TAKER;;INTARIAN_PEPPER_ROOT;XIRECS;12007.0;7
490600;TAKER;;ASH_COATED_OSMIUM;XIRECS;10009.0;9
490900;;TAKER;INTARIAN_PEPPER_ROOT;XIRECS;11992.0;12
491300;;TAKER;INTARIAN_PEPPER_ROOT;XIRECS;11992.0;10
491500;;TAKER;ASH_COATED_OSMIUM;XIRECS;9991.0;6
491600;TAKER;;INTARIAN_PEPPER_ROOT;XIRECS;12007.0;7
492400;;TAKER;INTARIAN_PEPPER_ROOT;XIRECS;11994.0;6
492900;;TAKER;INTARIAN_PEPPER_ROOT;XIRECS;11992.0;2
492900;;TAKER;ASH_COATED_OSMIUM;XIRECS;9992.0;7
493400;TAKER;;INTARIAN_PEPPER_ROOT;XIRECS;12008.0;9
493600;;TAKER;INTARIAN_PEPPER_ROOT;XIRECS;11994.0;8
493900;;TAKER;INTARIAN_PEPPER_ROOT;XIRECS;11993.0;15
494200;TAKER;;ASH_COATED_OSMIUM;XIRECS;10009.0;15
494300;TAKER;;INTARIAN_PEPPER_ROOT;XIRECS;12007.0;10
494400;;TAKER;ASH_COATED_OSMIUM;XIRECS;9992.0;3
494600;;TAKER;ASH_COATED_OSMIUM;XIRECS;9991.0;8
494700;TAKER;;INTARIAN_PEPPER_ROOT;XIRECS;12005.0;6
494700;;TAKER;ASH_COATED_OSMIUM;XIRECS;9993.0;9
494800;;TAKER;INTARIAN_PEPPER_ROOT;XIRECS;11993.0;6
495100;TAKER;;ASH_COATED_OSMIUM;XIRECS;10010.0;13
495400;;TAKER;ASH_COATED_OSMIUM;XIRECS;9988.0;10
495700;TAKER;;ASH_COATED_OSMIUM;XIRECS;10008.0;2
495900;;TAKER;INTARIAN_PEPPER_ROOT;XIRECS;11994.0;9
496100;;TAKER;INTARIAN_PEPPER_ROOT;XIRECS;11993.0;10
496300;TAKER;;ASH_COATED_OSMIUM;XIRECS;10007.0;15
496400;;TAKER;INTARIAN_PEPPER_ROOT;XIRECS;11991.0;15
496500;TAKER;;INTARIAN_PEPPER_ROOT;XIRECS;12007.0;5
496500;TAKER;;ASH_COATED_OSMIUM;XIRECS;10012.0;12
496600;;TAKER;ASH_COATED_OSMIUM;XIRECS;9989.0;7
496800;;TAKER;ASH_COATED_OSMIUM;XIRECS;9988.0;12
497400;;TAKER;ASH_COATED_OSMIUM;XIRECS;9988.0;9
497500;TAKER;;ASH_COATED_OSMIUM;XIRECS;10008.0;11
497600;;TAKER;ASH_COATED_OSMIUM;XIRECS;9991.0;9
498400;;TAKER;INTARIAN_PEPPER_ROOT;XIRECS;11992.0;9
498600;TAKER;;INTARIAN_PEPPER_ROOT;XIRECS;12007.0;2
498600;;TAKER;ASH_COATED_OSMIUM;XIRECS;9993.0;11
498900;TAKER;;INTARIAN_PEPPER_ROOT;XIRECS;12006.0;9
498900;;TAKER;ASH_COATED_OSMIUM;XIRECS;9992.0;10
499000;;TAKER;INTARIAN_PEPPER_ROOT;XIRECS;11993.0;12
499100;;TAKER;INTARIAN_PEPPER_ROOT;XIRECS;11994.0;12
499200;TAKER;;INTARIAN_PEPPER_ROOT;XIRECS;12009.0;3
499200;;TAKER;ASH_COATED_OSMIUM;XIRECS;9993.0;11
499300;;TAKER;INTARIAN_PEPPER_ROOT;XIRECS;11992.0;13
499500;TAKER;;ASH_COATED_OSMIUM;XIRECS;10010.0;14
499700;TAKER;;INTARIAN_PEPPER_ROOT;XIRECS;12007.0;3
499800;TAKER;;INTARIAN_PEPPER_ROOT;XIRECS;12006.0;11
500400;TAKER;;INTARIAN_PEPPER_ROOT;XIRECS;12007.0;10
500600;TAKER;;INTARIAN_PEPPER_ROOT;XIRECS;12008.0;15
500700;;TAKER;ASH_COATED_OSMIUM;XIRECS;9990.0;5
500800;TAKER;;INTARIAN_PEPPER_ROOT;XIRECS;12007.0;2
501000;TAKER;;ASH_COATED_OSMIUM;XIRECS;10010.0;6
501100;TAKER;;INTARIAN_PEPPER_ROOT;XIRECS;12004.0;14
501200;TAKER;;INTARIAN_PEPPER_ROOT;XIRECS;12006.0;7
501300;TAKER;;ASH_COATED_OSMIUM;XIRECS;10006.0;3
501500;;TAKER;ASH_COATED_OSMIUM;XIRECS;9994.0;12
501600;TAKER;;INTARIAN_PEPPER_ROOT;XIRECS;12007.0;8
501600;TAKER;;ASH_COATED_OSMIUM;XIRECS;10009.0;5
501700;;TAKER;INTARIAN_PEPPER_ROOT;XIRECS;11993.0;12
501700;;TAKER;ASH_COATED_OSMIUM;XIRECS;9991.0;10
501800;;TAKER;INTARIAN_PEPPER_ROOT;XIRECS;11994.0;4
501800;;TAKER;ASH_COATED_OSMIUM;XIRECS;9990.0;7
502300;TAKER;;INTARIAN_PEPPER_ROOT;XIRECS;12008.0;11
502300;;TAKER;ASH_COATED_OSMIUM;XIRECS;9996.0;12
502500;;TAKER;INTARIAN_PEPPER_ROOT;XIRECS;11992.0;12
502600;;TAKER;INTARIAN_PEPPER_ROOT;XIRECS;11991.0;9
502700;;TAKER;ASH_COATED_OSMIUM;XIRECS;9990.0;6
502800;;TAKER;ASH_COATED_OSMIUM;XIRECS;9992.0;7
502900;;TAKER;ASH_COATED_OSMIUM;XIRECS;9987.0;7
503100;TAKER;;INTARIAN_PEPPER_ROOT;XIRECS;12005.0;7
503100;TAKER;;ASH_COATED_OSMIUM;XIRECS;10010.0;13
503300;TAKER;;ASH_COATED_OSMIUM;XIRECS;10010.0;7
503800;;TAKER;INTARIAN_PEPPER_ROOT;XIRECS;11989.0;9
504100;;TAKER;INTARIAN_PEPPER_ROOT;XIRECS;11993.0;9
504300;TAKER;;INTARIAN_PEPPER_ROOT;XIRECS;12006.0;10
504400;TAKER;;INTARIAN_PEPPER_ROOT;XIRECS;12006.0;9
504500;TAKER;;ASH_COATED_OSMIUM;XIRECS;10006.0;3
504700;;TAKER;INTARIAN_PEPPER_ROOT;XIRECS;11993.0;8
504900;TAKER;;INTARIAN_PEPPER_ROOT;XIRECS;12005.0;10
505000;;TAKER;INTARIAN_PEPPER_ROOT;XIRECS;11992.0;6
505000;TAKER;;ASH_COATED_OSMIUM;XIRECS;10011.0;5
505300;;TAKER;ASH_COATED_OSMIUM;XIRECS;9991.0;15
505400;;TAKER;ASH_COATED_OSMIUM;XIRECS;9987.0;2
505600;TAKER;;INTARIAN_PEPPER_ROOT;XIRECS;12007.0;3
506000;TAKER;;ASH_COATED_OSMIUM;XIRECS;10011.0;2
506400;;TAKER;ASH_COATED_OSMIUM;XIRECS;9990.0;6
506600;TAKER;;INTARIAN_PEPPER_ROOT;XIRECS;12006.0;9
506700;TAKER;;ASH_COATED_OSMIUM;XIRECS;10011.0;12
506800;;TAKER;INTARIAN_PEPPER_ROOT;XIRECS;11993.0;3
507200;TAKER;;INTARIAN_PEPPER_ROOT;XIRECS;12005.0;11
507300;;TAKER;INTARIAN_PEPPER_ROOT;XIRECS;11992.0;7
507400;TAKER;;ASH_COATED_OSMIUM;XIRECS;10010.0;15
507800;;TAKER;INTARIAN_PEPPER_ROOT;XIRECS;11992.0;6
508300;;TAKER;ASH_COATED_OSMIUM;XIRECS;9996.0;15
508400;TAKER;;ASH_COATED_OSMIUM;XIRECS;10003.0;12
508700;TAKER;;ASH_COATED_OSMIUM;XIRECS;10007.0;4
508800;TAKER;;INTARIAN_PEPPER_ROOT;XIRECS;12006.0;10
508800;TAKER;;ASH_COATED_OSMIUM;XIRECS;10008.0;14
509000;TAKER;;ASH_COATED_OSMIUM;XIRECS;10011.0;3
509200;TAKER;;INTARIAN_PEPPER_ROOT;XIRECS;12007.0;8
509400;TAKER;;INTARIAN_PEPPER_ROOT;XIRECS;12007.0;12
509800;;TAKER;ASH_COATED_OSMIUM;XIRECS;9989.0;13
509900;;TAKER;INTARIAN_PEPPER_ROOT;XIRECS;11992.0;14
510000;TAKER;;ASH_COATED_OSMIUM;XIRECS;10008.0;8
510100;;TAKER;INTARIAN_PEPPER_ROOT;XIRECS;11990.0;6
510300;;TAKER;INTARIAN_PEPPER_ROOT;XIRECS;11993.0;3
510300;TAKER;;ASH_COATED_OSMIUM;XIRECS;10011.0;9
510400;;TAKER;INTARIAN_PEPPER_ROOT;XIRECS;11992.0;5
510400;TAKER;;ASH_COATED_OSMIUM;XIRECS;10009.0;11
510500;TAKER;;ASH_COATED_OSMIUM;XIRECS;10012.0;8
510900;;TAKER;ASH_COATED_OSMIUM;XIRECS;9990.0;4
511200;;TAKER;INTARIAN_PEPPER_ROOT;XIRECS;11990.0;12
511300;TAKER;;INTARIAN_PEPPER_ROOT;XIRECS;12007.0;9
511400;;TAKER;INTARIAN_PEPPER_ROOT;XIRECS;11993.0;8
511400;TAKER;;ASH_COATED_OSMIUM;XIRECS;10007.0;14
511700;TAKER;;ASH_COATED_OSMIUM;XIRECS;10009.0;7
511800;TAKER;;INTARIAN_PEPPER_ROOT;XIRECS;12005.0;7
511800;;TAKER;ASH_COATED_OSMIUM;XIRECS;9992.0;15
512200;TAKER;;ASH_COATED_OSMIUM;XIRECS;10009.0;5
512400;;TAKER;INTARIAN_PEPPER_ROOT;XIRECS;11993.0;5
512700;;TAKER;INTARIAN_PEPPER_ROOT;XIRECS;11994.0;4
512800;TAKER;;INTARIAN_PEPPER_ROOT;XIRECS;12008.0;7
512800;;TAKER;ASH_COATED_OSMIUM;XIRECS;9989.0;4
513400;;TAKER;INTARIAN_PEPPER_ROOT;XIRECS;11993.0;12
513500;TAKER;;ASH_COATED_OSMIUM;XIRECS;10009.0;10
513700;;TAKER;INTARIAN_PEPPER_ROOT;XIRECS;11993.0;12
513700;TAKER;;ASH_COATED_OSMIUM;XIRECS;10007.0;5
513900;;TAKER;ASH_COATED_OSMIUM;XIRECS;9989.0;4
514000;;TAKER;ASH_COATED_OSMIUM;XIRECS;9991.0;11
514200;TAKER;;ASH_COATED_OSMIUM;XIRECS;10009.0;7
514400;TAKER;;INTARIAN_PEPPER_ROOT;XIRECS;12007.0;12
514500;TAKER;;INTARIAN_PEPPER_ROOT;XIRECS;12004.0;5
514600;TAKER;;INTARIAN_PEPPER_ROOT;XIRECS;12005.0;10
514600;;TAKER;ASH_COATED_OSMIUM;XIRECS;9992.0;5
514700;TAKER;;ASH_COATED_OSMIUM;XIRECS;10006.0;4
514800;;TAKER;INTARIAN_PEPPER_ROOT;XIRECS;11991.0;2
515000;;TAKER;ASH_COATED_OSMIUM;XIRECS;9989.0;8
515400;TAKER;;INTARIAN_PEPPER_ROOT;XIRECS;12006.0;12
515400;TAKER;;ASH_COATED_OSMIUM;XIRECS;10007.0;3
515500;TAKER;;INTARIAN_PEPPER_ROOT;XIRECS;12007.0;9
515900;;TAKER;INTARIAN_PEPPER_ROOT;XIRECS;11992.0;7
516100;TAKER;;INTARIAN_PEPPER_ROOT;XIRECS;12006.0;11
516200;TAKER;;INTARIAN_PEPPER_ROOT;XIRECS;12006.0;6
516200;;TAKER;ASH_COATED_OSMIUM;XIRECS;9994.0;9
516800;;TAKER;INTARIAN_PEPPER_ROOT;XIRECS;11991.0;15
516900;;TAKER;INTARIAN_PEPPER_ROOT;XIRECS;11993.0;5
516900;TAKER;;ASH_COATED_OSMIUM;XIRECS;10003.0;15
517000;;TAKER;ASH_COATED_OSMIUM;XIRECS;9992.0;9
517100;TAKER;;INTARIAN_PEPPER_ROOT;XIRECS;12007.0;15
517200;TAKER;;INTARIAN_PEPPER_ROOT;XIRECS;12007.0;8
517400;;TAKER;INTARIAN_PEPPER_ROOT;XIRECS;11992.0;13
517500;;TAKER;INTARIAN_PEPPER_ROOT;XIRECS;11992.0;6
517600;;TAKER;INTARIAN_PEPPER_ROOT;XIRECS;11993.0;11
517800;;TAKER;ASH_COATED_OSMIUM;XIRECS;9990.0;15
517900;;TAKER;ASH_COATED_OSMIUM;XIRECS;9990.0;14
518200;;TAKER;ASH_COATED_OSMIUM;XIRECS;9990.0;8
518500;;TAKER;INTARIAN_PEPPER_ROOT;XIRECS;11991.0;4
518500;TAKER;;ASH_COATED_OSMIUM;XIRECS;10009.0;9
518800;TAKER;;ASH_COATED_OSMIUM;XIRECS;10007.0;7
519000;;TAKER;ASH_COATED_OSMIUM;XIRECS;9987.0;4
519100;TAKER;;ASH_COATED_OSMIUM;XIRECS;10009.0;15
519400;;TAKER;ASH_COATED_OSMIUM;XIRECS;9988.0;7
519700;;TAKER;INTARIAN_PEPPER_ROOT;XIRECS;11993.0;15
519800;TAKER;;INTARIAN_PEPPER_ROOT;XIRECS;12006.0;2
520100;TAKER;;INTARIAN_PEPPER_ROOT;XIRECS;12006.0;12
520300;;TAKER;ASH_COATED_OSMIUM;XIRECS;9989.0;3
520400;;TAKER;INTARIAN_PEPPER_ROOT;XIRECS;11994.0;2
520400;;TAKER;ASH_COATED_OSMIUM;XIRECS;9992.0;9
520500;TAKER;;ASH_COATED_OSMIUM;XIRECS;10010.0;12
520600;;TAKER;INTARIAN_PEPPER_ROOT;XIRECS;11993.0;12
520800;TAKER;;INTARIAN_PEPPER_ROOT;XIRECS;12008.0;6
521100;TAKER;;ASH_COATED_OSMIUM;XIRECS;10006.0;12
521200;TAKER;;INTARIAN_PEPPER_ROOT;XIRECS;12005.0;9
521500;TAKER;;INTARIAN_PEPPER_ROOT;XIRECS;12009.0;9
521500;;TAKER;ASH_COATED_OSMIUM;XIRECS;9990.0;8
521800;TAKER;;INTARIAN_PEPPER_ROOT;XIRECS;12006.0;3
521800;;TAKER;ASH_COATED_OSMIUM;XIRECS;9990.0;3
521900;;TAKER;INTARIAN_PEPPER_ROOT;XIRECS;11994.0;5
522300;TAKER;;INTARIAN_PEPPER_ROOT;XIRECS;12007.0;15
522400;TAKER;;INTARIAN_PEPPER_ROOT;XIRECS;12008.0;2
522400;;TAKER;ASH_COATED_OSMIUM;XIRECS;9990.0;5
522500;;TAKER;INTARIAN_PEPPER_ROOT;XIRECS;11992.0;9
522900;TAKER;;ASH_COATED_OSMIUM;XIRECS;10007.0;4
523000;;TAKER;ASH_COATED_OSMIUM;XIRECS;9992.0;2
523200;;TAKER;INTARIAN_PEPPER_ROOT;XIRECS;11992.0;9
523300;;TAKER;INTARIAN_PEPPER_ROOT;XIRECS;11993.0;13
523400;TAKER;;ASH_COATED_OSMIUM;XIRECS;10008.0;3
523600;TAKER;;ASH_COATED_OSMIUM;XIRECS;10007.0;6
523700;TAKER;;ASH_COATED_OSMIUM;XIRECS;10010.0;6
523800;;TAKER;INTARIAN_PEPPER_ROOT;XIRECS;11993.0;4
523800;;TAKER;ASH_COATED_OSMIUM;XIRECS;9990.0;10
524500;;TAKER;INTARIAN_PEPPER_ROOT;XIRECS;11991.0;2
524900;TAKER;;INTARIAN_PEPPER_ROOT;XIRECS;12005.0;13
525000;TAKER;;INTARIAN_PEPPER_ROOT;XIRECS;12008.0;15
525000;TAKER;;ASH_COATED_OSMIUM;XIRECS;10010.0;14
525200;TAKER;;ASH_COATED_OSMIUM;XIRECS;10008.0;7
525400;;TAKER;INTARIAN_PEPPER_ROOT;XIRECS;11992.0;9
525700;;TAKER;INTARIAN_PEPPER_ROOT;XIRECS;11993.0;2
525800;;TAKER;ASH_COATED_OSMIUM;XIRECS;9990.0;2
526100;TAKER;;ASH_COATED_OSMIUM;XIRECS;10010.0;2
526600;;TAKER;ASH_COATED_OSMIUM;XIRECS;9991.0;8
527500;;TAKER;INTARIAN_PEPPER_ROOT;XIRECS;11992.0;13
527700;;TAKER;INTARIAN_PEPPER_ROOT;XIRECS;11994.0;10
527700;TAKER;;ASH_COATED_OSMIUM;XIRECS;10009.0;2
527900;;TAKER;INTARIAN_PEPPER_ROOT;XIRECS;11990.0;6
528200;;TAKER;ASH_COATED_OSMIUM;XIRECS;9992.0;3
528300;TAKER;;INTARIAN_PEPPER_ROOT;XIRECS;12006.0;7
528600;;TAKER;INTARIAN_PEPPER_ROOT;XIRECS;11992.0;3
528800;;TAKER;ASH_COATED_OSMIUM;XIRECS;9992.0;11
529300;TAKER;;ASH_COATED_OSMIUM;XIRECS;10010.0;9
529400;;TAKER;ASH_COATED_OSMIUM;XIRECS;9989.0;4
529900;TAKER;;INTARIAN_PEPPER_ROOT;XIRECS;12006.0;12
529900;;TAKER;ASH_COATED_OSMIUM;XIRECS;9989.0;10
530000;TAKER;;INTARIAN_PEPPER_ROOT;XIRECS;12007.0;7
530000;;TAKER;ASH_COATED_OSMIUM;XIRECS;9996.0;10
530300;TAKER;;INTARIAN_PEPPER_ROOT;XIRECS;12006.0;5
530400;;TAKER;INTARIAN_PEPPER_ROOT;XIRECS;11994.0;3
530800;TAKER;;INTARIAN_PEPPER_ROOT;XIRECS;12008.0;15
531200;TAKER;;ASH_COATED_OSMIUM;XIRECS;10010.0;11
531400;TAKER;;ASH_COATED_OSMIUM;XIRECS;10010.0;3
531500;TAKER;;INTARIAN_PEPPER_ROOT;XIRECS;12007.0;3
531600;;TAKER;ASH_COATED_OSMIUM;XIRECS;9991.0;13
531800;TAKER;;ASH_COATED_OSMIUM;XIRECS;10008.0;10
531900;TAKER;;ASH_COATED_OSMIUM;XIRECS;10009.0;13
532200;TAKER;;ASH_COATED_OSMIUM;XIRECS;10009.0;3
532300;;TAKER;INTARIAN_PEPPER_ROOT;XIRECS;11991.0;3
532500;TAKER;;INTARIAN_PEPPER_ROOT;XIRECS;12007.0;3
532700;TAKER;;INTARIAN_PEPPER_ROOT;XIRECS;12006.0;14
532700;TAKER;;ASH_COATED_OSMIUM;XIRECS;10008.0;11
532800;TAKER;;INTARIAN_PEPPER_ROOT;XIRECS;12006.0;7
532800;;TAKER;ASH_COATED_OSMIUM;XIRECS;9990.0;12
532900;;TAKER;ASH_COATED_OSMIUM;XIRECS;9993.0;11
533200;TAKER;;INTARIAN_PEPPER_ROOT;XIRECS;12006.0;6
533300;TAKER;;INTARIAN_PEPPER_ROOT;XIRECS;12007.0;11
533300;;TAKER;ASH_COATED_OSMIUM;XIRECS;9990.0;15
533400;TAKER;;INTARIAN_PEPPER_ROOT;XIRECS;12006.0;10
534000;;TAKER;INTARIAN_PEPPER_ROOT;XIRECS;11992.0;6
534400;;TAKER;INTARIAN_PEPPER_ROOT;XIRECS;11993.0;5
534600;TAKER;;ASH_COATED_OSMIUM;XIRECS;10008.0;15
535000;;TAKER;ASH_COATED_OSMIUM;XIRECS;9993.0;9
535100;;TAKER;INTARIAN_PEPPER_ROOT;XIRECS;11991.0;14
535300;TAKER;;ASH_COATED_OSMIUM;XIRECS;10010.0;15
535400;;TAKER;ASH_COATED_OSMIUM;XIRECS;9990.0;13
536000;TAKER;;INTARIAN_PEPPER_ROOT;XIRECS;12008.0;5
536000;TAKER;;ASH_COATED_OSMIUM;XIRECS;10008.0;7
536300;;TAKER;ASH_COATED_OSMIUM;XIRECS;9988.0;7
536400;;TAKER;INTARIAN_PEPPER_ROOT;XIRECS;11991.0;13
536600;TAKER;;INTARIAN_PEPPER_ROOT;XIRECS;12008.0;5
536700;;TAKER;INTARIAN_PEPPER_ROOT;XIRECS;11991.0;15
536700;TAKER;;ASH_COATED_OSMIUM;XIRECS;10006.0;3
536800;TAKER;;INTARIAN_PEPPER_ROOT;XIRECS;12007.0;12
536900;TAKER;;ASH_COATED_OSMIUM;XIRECS;10007.0;15
537000;TAKER;;INTARIAN_PEPPER_ROOT;XIRECS;12004.0;6
537100;;TAKER;INTARIAN_PEPPER_ROOT;XIRECS;11992.0;6
537100;TAKER;;ASH_COATED_OSMIUM;XIRECS;10009.0;15
537200;;TAKER;INTARIAN_PEPPER_ROOT;XIRECS;11993.0;13
537300;TAKER;;INTARIAN_PEPPER_ROOT;XIRECS;12007.0;15
537500;TAKER;;INTARIAN_PEPPER_ROOT;XIRECS;12008.0;7
537900;;TAKER;ASH_COATED_OSMIUM;XIRECS;9992.0;4
538400;;TAKER;INTARIAN_PEPPER_ROOT;XIRECS;11994.0;8
538400;TAKER;;ASH_COATED_OSMIUM;XIRECS;10010.0;7
538500;TAKER;;INTARIAN_PEPPER_ROOT;XIRECS;12006.0;13
538800;TAKER;;ASH_COATED_OSMIUM;XIRECS;10008.0;13
538900;;TAKER;INTARIAN_PEPPER_ROOT;XIRECS;11991.0;13
539200;;TAKER;INTARIAN_PEPPER_ROOT;XIRECS;11992.0;12
539200;TAKER;;ASH_COATED_OSMIUM;XIRECS;10009.0;14
539500;;TAKER;ASH_COATED_OSMIUM;XIRECS;9991.0;14
539600;;TAKER;INTARIAN_PEPPER_ROOT;XIRECS;11992.0;2
540600;;TAKER;INTARIAN_PEPPER_ROOT;XIRECS;11992.0;12
540700;;TAKER;INTARIAN_PEPPER_ROOT;XIRECS;11994.0;6
540800;;TAKER;ASH_COATED_OSMIUM;XIRECS;9992.0;6
541200;TAKER;;ASH_COATED_OSMIUM;XIRECS;10009.0;3
541500;TAKER;;INTARIAN_PEPPER_ROOT;XIRECS;12007.0;7
541600;;TAKER;INTARIAN_PEPPER_ROOT;XIRECS;11991.0;11
541600;TAKER;;ASH_COATED_OSMIUM;XIRECS;10009.0;14
541700;TAKER;;INTARIAN_PEPPER_ROOT;XIRECS;12008.0;15
541900;TAKER;;ASH_COATED_OSMIUM;XIRECS;10009.0;5
542000;TAKER;;ASH_COATED_OSMIUM;XIRECS;10008.0;10
542600;;TAKER;INTARIAN_PEPPER_ROOT;XIRECS;11991.0;7
542700;TAKER;;ASH_COATED_OSMIUM;XIRECS;10007.0;9
542800;;TAKER;ASH_COATED_OSMIUM;XIRECS;9987.0;6
542900;TAKER;;ASH_COATED_OSMIUM;XIRECS;10007.0;6
543100;TAKER;;INTARIAN_PEPPER_ROOT;XIRECS;12008.0;9
543100;;TAKER;ASH_COATED_OSMIUM;XIRECS;9988.0;10
543200;;TAKER;INTARIAN_PEPPER_ROOT;XIRECS;11994.0;11
543400;TAKER;;INTARIAN_PEPPER_ROOT;XIRECS;12007.0;12
543500;TAKER;;INTARIAN_PEPPER_ROOT;XIRECS;12007.0;9
543500;;TAKER;ASH_COATED_OSMIUM;XIRECS;9989.0;14
543700;TAKER;;INTARIAN_PEPPER_ROOT;XIRECS;12006.0;5
543800;;TAKER;INTARIAN_PEPPER_ROOT;XIRECS;11993.0;3
544000;TAKER;;INTARIAN_PEPPER_ROOT;XIRECS;12007.0;9
544100;TAKER;;INTARIAN_PEPPER_ROOT;XIRECS;12006.0;3
544300;;TAKER;INTARIAN_PEPPER_ROOT;XIRECS;11992.0;3
544300;;TAKER;ASH_COATED_OSMIUM;XIRECS;9990.0;15
544600;TAKER;;INTARIAN_PEPPER_ROOT;XIRECS;12004.0;4
544700;;TAKER;INTARIAN_PEPPER_ROOT;XIRECS;11993.0;14
544700;TAKER;;ASH_COATED_OSMIUM;XIRECS;10012.0;7
545000;TAKER;;INTARIAN_PEPPER_ROOT;XIRECS;12006.0;5
545200;;TAKER;INTARIAN_PEPPER_ROOT;XIRECS;11991.0;10
545400;;TAKER;INTARIAN_PEPPER_ROOT;XIRECS;11992.0;4
545600;;TAKER;ASH_COATED_OSMIUM;XIRECS;9990.0;5
546100;TAKER;;ASH_COATED_OSMIUM;XIRECS;10009.0;8
546200;;TAKER;INTARIAN_PEPPER_ROOT;XIRECS;11991.0;11
546200;;TAKER;ASH_COATED_OSMIUM;XIRECS;9990.0;12
546400;;TAKER;INTARIAN_PEPPER_ROOT;XIRECS;11992.0;5
546400;TAKER;;ASH_COATED_OSMIUM;XIRECS;10006.0;11
546500;;TAKER;ASH_COATED_OSMIUM;XIRECS;9991.0;11
546600;TAKER;;INTARIAN_PEPPER_ROOT;XIRECS;12006.0;3
546700;;TAKER;ASH_COATED_OSMIUM;XIRECS;9993.0;4
546800;;TAKER;ASH_COATED_OSMIUM;XIRECS;9991.0;7
547300;TAKER;;INTARIAN_PEPPER_ROOT;XIRECS;12006.0;10
547500;TAKER;;ASH_COATED_OSMIUM;XIRECS;10004.0;4
547600;;TAKER;INTARIAN_PEPPER_ROOT;XIRECS;11993.0;3
547700;TAKER;;INTARIAN_PEPPER_ROOT;XIRECS;12006.0;3
547700;TAKER;;ASH_COATED_OSMIUM;XIRECS;10011.0;3
548000;TAKER;;ASH_COATED_OSMIUM;XIRECS;10007.0;13
548100;;TAKER;INTARIAN_PEPPER_ROOT;XIRECS;11992.0;14
548200;TAKER;;INTARIAN_PEPPER_ROOT;XIRECS;12007.0;7
548300;TAKER;;INTARIAN_PEPPER_ROOT;XIRECS;12005.0;5
548400;TAKER;;INTARIAN_PEPPER_ROOT;XIRECS;12007.0;2
548400;;TAKER;ASH_COATED_OSMIUM;XIRECS;9992.0;7
548500;TAKER;;ASH_COATED_OSMIUM;XIRECS;10010.0;13
548700;;TAKER;INTARIAN_PEPPER_ROOT;XIRECS;11993.0;2
548700;TAKER;;ASH_COATED_OSMIUM;XIRECS;10009.0;11
548800;;TAKER;INTARIAN_PEPPER_ROOT;XIRECS;11994.0;3
548800;TAKER;;ASH_COATED_OSMIUM;XIRECS;10007.0;15
549000;;TAKER;INTARIAN_PEPPER_ROOT;XIRECS;11994.0;2
549100;;TAKER;ASH_COATED_OSMIUM;XIRECS;9991.0;9
549200;;TAKER;INTARIAN_PEPPER_ROOT;XIRECS;11995.0;13
549200;TAKER;;ASH_COATED_OSMIUM;XIRECS;10007.0;2
549300;;TAKER;INTARIAN_PEPPER_ROOT;XIRECS;11994.0;3
549400;;TAKER;ASH_COATED_OSMIUM;XIRECS;9990.0;4
549600;TAKER;;INTARIAN_PEPPER_ROOT;XIRECS;12004.0;2
549600;TAKER;;ASH_COATED_OSMIUM;XIRECS;10007.0;12
549700;TAKER;;ASH_COATED_OSMIUM;XIRECS;10007.0;9
549800;TAKER;;INTARIAN_PEPPER_ROOT;XIRECS;12009.0;14
549800;;TAKER;ASH_COATED_OSMIUM;XIRECS;9992.0;13
549900;TAKER;;INTARIAN_PEPPER_ROOT;XIRECS;12007.0;4
549900;TAKER;;ASH_COATED_OSMIUM;XIRECS;10011.0;14
550600;TAKER;;ASH_COATED_OSMIUM;XIRECS;10006.0;5
550800;TAKER;;INTARIAN_PEPPER_ROOT;XIRECS;12007.0;10
551200;;TAKER;INTARIAN_PEPPER_ROOT;XIRECS;11994.0;5
551200;TAKER;;ASH_COATED_OSMIUM;XIRECS;10010.0;10
551300;;TAKER;INTARIAN_PEPPER_ROOT;XIRECS;11993.0;9
551300;;TAKER;ASH_COATED_OSMIUM;XIRECS;9992.0;7
551500;TAKER;;ASH_COATED_OSMIUM;XIRECS;10011.0;5
551600;TAKER;;INTARIAN_PEPPER_ROOT;XIRECS;12006.0;7
551700;TAKER;;INTARIAN_PEPPER_ROOT;XIRECS;12008.0;7
551800;;TAKER;ASH_COATED_OSMIUM;XIRECS;9989.0;6
551900;TAKER;;ASH_COATED_OSMIUM;XIRECS;10008.0;6
552200;TAKER;;INTARIAN_PEPPER_ROOT;XIRECS;12007.0;13
552300;TAKER;;INTARIAN_PEPPER_ROOT;XIRECS;12006.0;6
552400;;TAKER;INTARIAN_PEPPER_ROOT;XIRECS;11991.0;6
552400;;TAKER;ASH_COATED_OSMIUM;XIRECS;9989.0;5
552500;;TAKER;ASH_COATED_OSMIUM;XIRECS;9992.0;6
552600;TAKER;;INTARIAN_PEPPER_ROOT;XIRECS;12006.0;4
552800;;TAKER;INTARIAN_PEPPER_ROOT;XIRECS;11993.0;13
552800;TAKER;;ASH_COATED_OSMIUM;XIRECS;10011.0;11
552900;TAKER;;INTARIAN_PEPPER_ROOT;XIRECS;12006.0;13
553000;TAKER;;ASH_COATED_OSMIUM;XIRECS;10011.0;3
553100;;TAKER;INTARIAN_PEPPER_ROOT;XIRECS;11993.0;10
553700;;TAKER;ASH_COATED_OSMIUM;XIRECS;9992.0;7
553900;TAKER;;INTARIAN_PEPPER_ROOT;XIRECS;12007.0;8
553900;;TAKER;ASH_COATED_OSMIUM;XIRECS;9989.0;7
554000;;TAKER;INTARIAN_PEPPER_ROOT;XIRECS;11994.0;4
554100;;TAKER;INTARIAN_PEPPER_ROOT;XIRECS;11993.0;11
554400;TAKER;;ASH_COATED_OSMIUM;XIRECS;10011.0;10
554500;;TAKER;INTARIAN_PEPPER_ROOT;XIRECS;11992.0;3
554500;TAKER;;ASH_COATED_OSMIUM;XIRECS;10007.0;2
554700;;TAKER;ASH_COATED_OSMIUM;XIRECS;9990.0;2
555300;;TAKER;INTARIAN_PEPPER_ROOT;XIRECS;11994.0;12
555400;;TAKER;ASH_COATED_OSMIUM;XIRECS;9988.0;6
555500;TAKER;;INTARIAN_PEPPER_ROOT;XIRECS;12009.0;4
555700;;TAKER;INTARIAN_PEPPER_ROOT;XIRECS;11991.0;9
555800;TAKER;;INTARIAN_PEPPER_ROOT;XIRECS;12006.0;2
556000;TAKER;;INTARIAN_PEPPER_ROOT;XIRECS;12008.0;12
556300;TAKER;;INTARIAN_PEPPER_ROOT;XIRECS;12007.0;8
556300;;TAKER;ASH_COATED_OSMIUM;XIRECS;9992.0;13
556400;;TAKER;ASH_COATED_OSMIUM;XIRECS;9990.0;15
556600;;TAKER;INTARIAN_PEPPER_ROOT;XIRECS;11992.0;2
556900;;TAKER;INTARIAN_PEPPER_ROOT;XIRECS;11991.0;5
556900;TAKER;;ASH_COATED_OSMIUM;XIRECS;10012.0;2
557100;;TAKER;ASH_COATED_OSMIUM;XIRECS;9991.0;13
557300;;TAKER;ASH_COATED_OSMIUM;XIRECS;9989.0;12
557400;;TAKER;INTARIAN_PEPPER_ROOT;XIRECS;11993.0;7
558200;TAKER;;INTARIAN_PEPPER_ROOT;XIRECS;12006.0;11
558400;TAKER;;INTARIAN_PEPPER_ROOT;XIRECS;12007.0;8
558500;;TAKER;ASH_COATED_OSMIUM;XIRECS;9994.0;3
558600;TAKER;;INTARIAN_PEPPER_ROOT;XIRECS;12007.0;12
558700;TAKER;;INTARIAN_PEPPER_ROOT;XIRECS;12008.0;3
558700;TAKER;;ASH_COATED_OSMIUM;XIRECS;10008.0;8
558800;TAKER;;ASH_COATED_OSMIUM;XIRECS;10005.0;3
559300;;TAKER;INTARIAN_PEPPER_ROOT;XIRECS;11992.0;4
559700;TAKER;;ASH_COATED_OSMIUM;XIRECS;10008.0;8
560000;;TAKER;ASH_COATED_OSMIUM;XIRECS;9989.0;4
560100;;TAKER;ASH_COATED_OSMIUM;XIRECS;9987.0;7
560400;;TAKER;INTARIAN_PEPPER_ROOT;XIRECS;11989.0;8
560400;TAKER;;ASH_COATED_OSMIUM;XIRECS;10010.0;7
560600;;TAKER;ASH_COATED_OSMIUM;XIRECS;9991.0;8
560700;TAKER;;ASH_COATED_OSMIUM;XIRECS;10007.0;2
560800;;TAKER;INTARIAN_PEPPER_ROOT;XIRECS;11990.0;3
560800;TAKER;;ASH_COATED_OSMIUM;XIRECS;10004.0;4
560900;;TAKER;ASH_COATED_OSMIUM;XIRECS;9991.0;2
561000;TAKER;;INTARIAN_PEPPER_ROOT;XIRECS;12008.0;10
561100;;TAKER;ASH_COATED_OSMIUM;XIRECS;9993.0;15
561200;TAKER;;INTARIAN_PEPPER_ROOT;XIRECS;12005.0;12
561200;;TAKER;ASH_COATED_OSMIUM;XIRECS;9990.0;6
561300;;TAKER;INTARIAN_PEPPER_ROOT;XIRECS;11993.0;10
561500;;TAKER;INTARIAN_PEPPER_ROOT;XIRECS;11992.0;6
561500;TAKER;;ASH_COATED_OSMIUM;XIRECS;10008.0;10
562100;;TAKER;INTARIAN_PEPPER_ROOT;XIRECS;11993.0;3
562200;;TAKER;ASH_COATED_OSMIUM;XIRECS;9992.0;9
562500;TAKER;;INTARIAN_PEPPER_ROOT;XIRECS;12007.0;8
562500;TAKER;;ASH_COATED_OSMIUM;XIRECS;10009.0;3
562600;;TAKER;INTARIAN_PEPPER_ROOT;XIRECS;11991.0;4
562700;TAKER;;ASH_COATED_OSMIUM;XIRECS;10010.0;13
562800;TAKER;;ASH_COATED_OSMIUM;XIRECS;10007.0;3
563100;TAKER;;INTARIAN_PEPPER_ROOT;XIRECS;12008.0;12
563200;;TAKER;ASH_COATED_OSMIUM;XIRECS;9992.0;6
563300;TAKER;;INTARIAN_PEPPER_ROOT;XIRECS;12007.0;3
563700;TAKER;;INTARIAN_PEPPER_ROOT;XIRECS;12006.0;4
563700;TAKER;;ASH_COATED_OSMIUM;XIRECS;10012.0;11
563800;TAKER;;ASH_COATED_OSMIUM;XIRECS;10011.0;8
563900;;TAKER;INTARIAN_PEPPER_ROOT;XIRECS;11991.0;11
563900;;TAKER;ASH_COATED_OSMIUM;XIRECS;9991.0;3
564000;;TAKER;INTARIAN_PEPPER_ROOT;XIRECS;11990.0;9
564200;TAKER;;ASH_COATED_OSMIUM;XIRECS;10009.0;14
564400;;TAKER;INTARIAN_PEPPER_ROOT;XIRECS;11994.0;6
564400;TAKER;;ASH_COATED_OSMIUM;XIRECS;10006.0;4
564900;;TAKER;INTARIAN_PEPPER_ROOT;XIRECS;11993.0;11
565000;;TAKER;INTARIAN_PEPPER_ROOT;XIRECS;11995.0;12
565100;TAKER;;ASH_COATED_OSMIUM;XIRECS;10005.0;10
565600;TAKER;;ASH_COATED_OSMIUM;XIRECS;10008.0;6
565800;;TAKER;INTARIAN_PEPPER_ROOT;XIRECS;11991.0;14
566000;;TAKER;INTARIAN_PEPPER_ROOT;XIRECS;11993.0;12
566100;TAKER;;INTARIAN_PEPPER_ROOT;XIRECS;12007.0;6
566400;TAKER;;INTARIAN_PEPPER_ROOT;XIRECS;12006.0;13
566500;;TAKER;ASH_COATED_OSMIUM;XIRECS;9995.0;12
566600;TAKER;;ASH_COATED_OSMIUM;XIRECS;10007.0;4
566700;TAKER;;INTARIAN_PEPPER_ROOT;XIRECS;12007.0;7
566700;TAKER;;ASH_COATED_OSMIUM;XIRECS;10009.0;15
566900;;TAKER;INTARIAN_PEPPER_ROOT;XIRECS;11992.0;15
567100;;TAKER;ASH_COATED_OSMIUM;XIRECS;9990.0;4
567300;TAKER;;ASH_COATED_OSMIUM;XIRECS;10010.0;7
567400;TAKER;;ASH_COATED_OSMIUM;XIRECS;10005.0;12
567500;TAKER;;INTARIAN_PEPPER_ROOT;XIRECS;12006.0;15
567600;TAKER;;INTARIAN_PEPPER_ROOT;XIRECS;12005.0;8
567600;TAKER;;ASH_COATED_OSMIUM;XIRECS;10009.0;11
567900;;TAKER;ASH_COATED_OSMIUM;XIRECS;9989.0;5
568000;TAKER;;ASH_COATED_OSMIUM;XIRECS;10007.0;7
568100;TAKER;;INTARIAN_PEPPER_ROOT;XIRECS;12005.0;15
568200;;TAKER;INTARIAN_PEPPER_ROOT;XIRECS;11992.0;10
568500;TAKER;;ASH_COATED_OSMIUM;XIRECS;10008.0;3
568700;;TAKER;INTARIAN_PEPPER_ROOT;XIRECS;11993.0;8
568800;TAKER;;INTARIAN_PEPPER_ROOT;XIRECS;12008.0;13
568800;;TAKER;ASH_COATED_OSMIUM;XIRECS;9993.0;14
568900;;TAKER;ASH_COATED_OSMIUM;XIRECS;9989.0;11
569000;;TAKER;ASH_COATED_OSMIUM;XIRECS;9990.0;5
569200;TAKER;;INTARIAN_PEPPER_ROOT;XIRECS;12007.0;10
569400;TAKER;;INTARIAN_PEPPER_ROOT;XIRECS;12004.0;8
569500;TAKER;;ASH_COATED_OSMIUM;XIRECS;10013.0;7
569600;;TAKER;INTARIAN_PEPPER_ROOT;XIRECS;11993.0;3
569700;TAKER;;ASH_COATED_OSMIUM;XIRECS;10011.0;8
569800;;TAKER;INTARIAN_PEPPER_ROOT;XIRECS;11995.0;12
570000;TAKER;;INTARIAN_PEPPER_ROOT;XIRECS;12006.0;12
570200;TAKER;;INTARIAN_PEPPER_ROOT;XIRECS;12007.0;12
570700;;TAKER;INTARIAN_PEPPER_ROOT;XIRECS;11994.0;6
570900;TAKER;;ASH_COATED_OSMIUM;XIRECS;10011.0;11
571000;TAKER;;INTARIAN_PEPPER_ROOT;XIRECS;12005.0;3
571000;;TAKER;ASH_COATED_OSMIUM;XIRECS;9987.0;15
571100;TAKER;;INTARIAN_PEPPER_ROOT;XIRECS;12007.0;4
571200;;TAKER;ASH_COATED_OSMIUM;XIRECS;9986.0;11
571300;;TAKER;INTARIAN_PEPPER_ROOT;XIRECS;11991.0;6
571900;;TAKER;INTARIAN_PEPPER_ROOT;XIRECS;11994.0;8
572000;TAKER;;INTARIAN_PEPPER_ROOT;XIRECS;12008.0;11
572000;TAKER;;ASH_COATED_OSMIUM;XIRECS;10011.0;9
572100;;TAKER;INTARIAN_PEPPER_ROOT;XIRECS;11992.0;7
572100;TAKER;;ASH_COATED_OSMIUM;XIRECS;10007.0;3
572500;TAKER;;INTARIAN_PEPPER_ROOT;XIRECS;12006.0;14
572900;;TAKER;INTARIAN_PEPPER_ROOT;XIRECS;11992.0;10
573000;;TAKER;INTARIAN_PEPPER_ROOT;XIRECS;11991.0;5
573000;;TAKER;ASH_COATED_OSMIUM;XIRECS;9989.0;10
573200;;TAKER;ASH_COATED_OSMIUM;XIRECS;9990.0;13
573600;TAKER;;INTARIAN_PEPPER_ROOT;XIRECS;12008.0;11
573900;TAKER;;ASH_COATED_OSMIUM;XIRECS;10007.0;2
574000;;TAKER;ASH_COATED_OSMIUM;XIRECS;9989.0;10
574700;;TAKER;INTARIAN_PEPPER_ROOT;XIRECS;11992.0;2
575100;;TAKER;ASH_COATED_OSMIUM;XIRECS;9993.0;5
575300;;TAKER;INTARIAN_PEPPER_ROOT;XIRECS;11994.0;6
575400;TAKER;;INTARIAN_PEPPER_ROOT;XIRECS;12007.0;6
575500;TAKER;;ASH_COATED_OSMIUM;XIRECS;10008.0;10
575700;;TAKER;INTARIAN_PEPPER_ROOT;XIRECS;11991.0;10
575700;;TAKER;ASH_COATED_OSMIUM;XIRECS;9992.0;3
576100;;TAKER;INTARIAN_PEPPER_ROOT;XIRECS;11993.0;12
576200;TAKER;;ASH_COATED_OSMIUM;XIRECS;10011.0;15
576300;TAKER;;ASH_COATED_OSMIUM;XIRECS;10010.0;12
576400;TAKER;;INTARIAN_PEPPER_ROOT;XIRECS;12007.0;2
576500;;TAKER;ASH_COATED_OSMIUM;XIRECS;9992.0;9
576700;;TAKER;INTARIAN_PEPPER_ROOT;XIRECS;11992.0;9
576800;TAKER;;INTARIAN_PEPPER_ROOT;XIRECS;12009.0;15
576900;TAKER;;INTARIAN_PEPPER_ROOT;XIRECS;12005.0;9
577200;TAKER;;INTARIAN_PEPPER_ROOT;XIRECS;12006.0;11
577300;TAKER;;INTARIAN_PEPPER_ROOT;XIRECS;12006.0;3
577400;TAKER;;INTARIAN_PEPPER_ROOT;XIRECS;12006.0;12
577500;;TAKER;INTARIAN_PEPPER_ROOT;XIRECS;11993.0;9
577600;TAKER;;INTARIAN_PEPPER_ROOT;XIRECS;12006.0;4
577800;TAKER;;ASH_COATED_OSMIUM;XIRECS;10008.0;12
577900;;TAKER;ASH_COATED_OSMIUM;XIRECS;9991.0;12
578400;TAKER;;INTARIAN_PEPPER_ROOT;XIRECS;12008.0;11
578400;TAKER;;ASH_COATED_OSMIUM;XIRECS;10011.0;6
578700;;TAKER;INTARIAN_PEPPER_ROOT;XIRECS;11993.0;4
578800;;TAKER;INTARIAN_PEPPER_ROOT;XIRECS;11992.0;11
578800;TAKER;;ASH_COATED_OSMIUM;XIRECS;10009.0;2
579000;TAKER;;INTARIAN_PEPPER_ROOT;XIRECS;12007.0;5
579100;;TAKER;ASH_COATED_OSMIUM;XIRECS;9990.0;2
579200;;TAKER;INTARIAN_PEPPER_ROOT;XIRECS;11992.0;2
579300;;TAKER;INTARIAN_PEPPER_ROOT;XIRECS;11991.0;12
579300;TAKER;;ASH_COATED_OSMIUM;XIRECS;10008.0;15
579400;;TAKER;INTARIAN_PEPPER_ROOT;XIRECS;11994.0;9
579600;;TAKER;INTARIAN_PEPPER_ROOT;XIRECS;11992.0;7
579600;TAKER;;ASH_COATED_OSMIUM;XIRECS;10008.0;10
580000;;TAKER;INTARIAN_PEPPER_ROOT;XIRECS;11994.0;2
580200;TAKER;;INTARIAN_PEPPER_ROOT;XIRECS;12006.0;5
580300;TAKER;;INTARIAN_PEPPER_ROOT;XIRECS;12008.0;5
580400;TAKER;;INTARIAN_PEPPER_ROOT;XIRECS;12009.0;8
580500;TAKER;;ASH_COATED_OSMIUM;XIRECS;10010.0;7
580700;;TAKER;ASH_COATED_OSMIUM;XIRECS;9993.0;10
580900;TAKER;;INTARIAN_PEPPER_ROOT;XIRECS;12006.0;4
581200;;TAKER;INTARIAN_PEPPER_ROOT;XIRECS;11992.0;13
581300;TAKER;;INTARIAN_PEPPER_ROOT;XIRECS;12007.0;7
581400;;TAKER;INTARIAN_PEPPER_ROOT;XIRECS;11992.0;3
581400;TAKER;;ASH_COATED_OSMIUM;XIRECS;10007.0;6
581500;TAKER;;INTARIAN_PEPPER_ROOT;XIRECS;12006.0;9
581500;;TAKER;ASH_COATED_OSMIUM;XIRECS;9992.0;15
581700;;TAKER;ASH_COATED_OSMIUM;XIRECS;9988.0;12
581800;TAKER;;ASH_COATED_OSMIUM;XIRECS;10006.0;4
581900;TAKER;;INTARIAN_PEPPER_ROOT;XIRECS;12006.0;4
582100;TAKER;;INTARIAN_PEPPER_ROOT;XIRECS;12004.0;9
582200;TAKER;;INTARIAN_PEPPER_ROOT;XIRECS;12008.0;13
582300;TAKER;;ASH_COATED_OSMIUM;XIRECS;10007.0;14
582400;;TAKER;ASH_COATED_OSMIUM;XIRECS;9989.0;11
583100;TAKER;;INTARIAN_PEPPER_ROOT;XIRECS;12007.0;3
583500;;TAKER;ASH_COATED_OSMIUM;XIRECS;9989.0;9
583800;;TAKER;INTARIAN_PEPPER_ROOT;XIRECS;11992.0;12
584000;TAKER;;ASH_COATED_OSMIUM;XIRECS;10009.0;5
584100;;TAKER;INTARIAN_PEPPER_ROOT;XIRECS;11991.0;8
584300;;TAKER;INTARIAN_PEPPER_ROOT;XIRECS;11993.0;15
584500;;TAKER;ASH_COATED_OSMIUM;XIRECS;9994.0;6
585100;;TAKER;INTARIAN_PEPPER_ROOT;XIRECS;11992.0;9
585200;TAKER;;ASH_COATED_OSMIUM;XIRECS;10006.0;3
585300;TAKER;;INTARIAN_PEPPER_ROOT;XIRECS;12008.0;6
585400;TAKER;;INTARIAN_PEPPER_ROOT;XIRECS;12007.0;9
585500;;TAKER;INTARIAN_PEPPER_ROOT;XIRECS;11994.0;9
585700;TAKER;;INTARIAN_PEPPER_ROOT;XIRECS;12006.0;4
585900;TAKER;;INTARIAN_PEPPER_ROOT;XIRECS;12008.0;12
586200;;TAKER;ASH_COATED_OSMIUM;XIRECS;9991.0;6
586300;;TAKER;ASH_COATED_OSMIUM;XIRECS;9990.0;12
586600;TAKER;;INTARIAN_PEPPER_ROOT;XIRECS;12004.0;7
586600;;TAKER;ASH_COATED_OSMIUM;XIRECS;9990.0;9
586700;TAKER;;INTARIAN_PEPPER_ROOT;XIRECS;12005.0;11
586900;TAKER;;INTARIAN_PEPPER_ROOT;XIRECS;12007.0;9
587000;;TAKER;INTARIAN_PEPPER_ROOT;XIRECS;11993.0;8
587000;TAKER;;ASH_COATED_OSMIUM;XIRECS;10005.0;13
587400;;TAKER;ASH_COATED_OSMIUM;XIRECS;9989.0;3
587600;;TAKER;ASH_COATED_OSMIUM;XIRECS;9990.0;3
587700;;TAKER;ASH_COATED_OSMIUM;XIRECS;9988.0;6
587800;TAKER;;INTARIAN_PEPPER_ROOT;XIRECS;12007.0;8
587900;;TAKER;ASH_COATED_OSMIUM;XIRECS;9992.0;7
588000;TAKER;;ASH_COATED_OSMIUM;XIRECS;10009.0;12
588200;TAKER;;ASH_COATED_OSMIUM;XIRECS;10008.0;3
588300;TAKER;;INTARIAN_PEPPER_ROOT;XIRECS;12005.0;15
588400;TAKER;;INTARIAN_PEPPER_ROOT;XIRECS;12008.0;10
588400;;TAKER;ASH_COATED_OSMIUM;XIRECS;9991.0;5
588500;;TAKER;ASH_COATED_OSMIUM;XIRECS;9989.0;9
588600;TAKER;;INTARIAN_PEPPER_ROOT;XIRECS;12007.0;11
588900;;TAKER;INTARIAN_PEPPER_ROOT;XIRECS;11993.0;10
589000;TAKER;;INTARIAN_PEPPER_ROOT;XIRECS;12007.0;7
589200;TAKER;;INTARIAN_PEPPER_ROOT;XIRECS;12008.0;13
589400;;TAKER;INTARIAN_PEPPER_ROOT;XIRECS;11992.0;12
589600;TAKER;;ASH_COATED_OSMIUM;XIRECS;10009.0;8
590100;TAKER;;INTARIAN_PEPPER_ROOT;XIRECS;12008.0;3
590100;;TAKER;ASH_COATED_OSMIUM;XIRECS;9987.0;3
590200;TAKER;;ASH_COATED_OSMIUM;XIRECS;10008.0;3
590300;TAKER;;ASH_COATED_OSMIUM;XIRECS;10010.0;15
590600;TAKER;;INTARIAN_PEPPER_ROOT;XIRECS;12005.0;12
590900;;TAKER;INTARIAN_PEPPER_ROOT;XIRECS;11994.0;5
590900;;TAKER;ASH_COATED_OSMIUM;XIRECS;9993.0;15
591000;;TAKER;INTARIAN_PEPPER_ROOT;XIRECS;11993.0;13
591100;TAKER;;INTARIAN_PEPPER_ROOT;XIRECS;12005.0;11
591300;;TAKER;INTARIAN_PEPPER_ROOT;XIRECS;11994.0;6
591400;;TAKER;INTARIAN_PEPPER_ROOT;XIRECS;11993.0;3
591600;;TAKER;INTARIAN_PEPPER_ROOT;XIRECS;11994.0;2
591600;;TAKER;ASH_COATED_OSMIUM;XIRECS;9992.0;11
591800;;TAKER;INTARIAN_PEPPER_ROOT;XIRECS;11993.0;6
591800;;TAKER;ASH_COATED_OSMIUM;XIRECS;9991.0;12
592700;;TAKER;INTARIAN_PEPPER_ROOT;XIRECS;11992.0;9
592900;TAKER;;INTARIAN_PEPPER_ROOT;XIRECS;12007.0;7
592900;TAKER;;ASH_COATED_OSMIUM;XIRECS;10009.0;2
593000;TAKER;;INTARIAN_PEPPER_ROOT;XIRECS;12006.0;13
593100;TAKER;;INTARIAN_PEPPER_ROOT;XIRECS;12007.0;3
593600;TAKER;;ASH_COATED_OSMIUM;XIRECS;10007.0;7
594000;;TAKER;ASH_COATED_OSMIUM;XIRECS;9988.0;13
594100;;TAKER;ASH_COATED_OSMIUM;XIRECS;9987.0;5
594200;;TAKER;INTARIAN_PEPPER_ROOT;XIRECS;11994.0;15
594400;;TAKER;INTARIAN_PEPPER_ROOT;XIRECS;11994.0;8
594500;TAKER;;ASH_COATED_OSMIUM;XIRECS;10005.0;10
594600;TAKER;;ASH_COATED_OSMIUM;XIRECS;10009.0;8
594700;;TAKER;INTARIAN_PEPPER_ROOT;XIRECS;11992.0;9
594700;;TAKER;ASH_COATED_OSMIUM;XIRECS;9989.0;15
594800;TAKER;;ASH_COATED_OSMIUM;XIRECS;10008.0;11
594900;;TAKER;INTARIAN_PEPPER_ROOT;XIRECS;11992.0;11
595000;;TAKER;ASH_COATED_OSMIUM;XIRECS;9996.0;5
595100;;TAKER;INTARIAN_PEPPER_ROOT;XIRECS;11993.0;9
595500;;TAKER;INTARIAN_PEPPER_ROOT;XIRECS;11992.0;12
595500;TAKER;;ASH_COATED_OSMIUM;XIRECS;10008.0;13
595600;TAKER;;ASH_COATED_OSMIUM;XIRECS;10012.0;7
595700;;TAKER;ASH_COATED_OSMIUM;XIRECS;9992.0;4
595900;TAKER;;INTARIAN_PEPPER_ROOT;XIRECS;12005.0;9
596000;;TAKER;ASH_COATED_OSMIUM;XIRECS;9989.0;7
596100;;TAKER;ASH_COATED_OSMIUM;XIRECS;9995.0;7
596300;TAKER;;INTARIAN_PEPPER_ROOT;XIRECS;12007.0;12
596500;;TAKER;ASH_COATED_OSMIUM;XIRECS;9992.0;3
597000;;TAKER;ASH_COATED_OSMIUM;XIRECS;9990.0;11
597100;;TAKER;INTARIAN_PEPPER_ROOT;XIRECS;11993.0;4
597100;;TAKER;ASH_COATED_OSMIUM;XIRECS;9992.0;10
597200;TAKER;;INTARIAN_PEPPER_ROOT;XIRECS;12006.0;15
597500;TAKER;;INTARIAN_PEPPER_ROOT;XIRECS;12005.0;4
597600;;TAKER;INTARIAN_PEPPER_ROOT;XIRECS;11993.0;8
598000;;TAKER;INTARIAN_PEPPER_ROOT;XIRECS;11991.0;13
598200;;TAKER;INTARIAN_PEPPER_ROOT;XIRECS;11992.0;10
598200;TAKER;;ASH_COATED_OSMIUM;XIRECS;10008.0;11
598400;TAKER;;ASH_COATED_OSMIUM;XIRECS;10012.0;9
598500;;TAKER;ASH_COATED_OSMIUM;XIRECS;9990.0;14
598700;;TAKER;INTARIAN_PEPPER_ROOT;XIRECS;11991.0;5
598700;TAKER;;ASH_COATED_OSMIUM;XIRECS;10006.0;12
599400;;TAKER;ASH_COATED_OSMIUM;XIRECS;9988.0;12
599600;;TAKER;INTARIAN_PEPPER_ROOT;XIRECS;11992.0;14
599800;;TAKER;INTARIAN_PEPPER_ROOT;XIRECS;11990.0;13
600200;TAKER;;INTARIAN_PEPPER_ROOT;XIRECS;12008.0;7
600400;;TAKER;INTARIAN_PEPPER_ROOT;XIRECS;11993.0;3
600400;TAKER;;ASH_COATED_OSMIUM;XIRECS;10011.0;12
600600;TAKER;;INTARIAN_PEPPER_ROOT;XIRECS;12005.0;8
600700;;TAKER;INTARIAN_PEPPER_ROOT;XIRECS;11995.0;2
600800;;TAKER;INTARIAN_PEPPER_ROOT;XIRECS;11991.0;5
601000;TAKER;;ASH_COATED_OSMIUM;XIRECS;10007.0;14
601200;;TAKER;INTARIAN_PEPPER_ROOT;XIRECS;11992.0;10
601300;TAKER;;ASH_COATED_OSMIUM;XIRECS;10009.0;15
601400;TAKER;;ASH_COATED_OSMIUM;XIRECS;10012.0;3
601500;;TAKER;ASH_COATED_OSMIUM;XIRECS;9989.0;12
601900;;TAKER;INTARIAN_PEPPER_ROOT;XIRECS;11993.0;3
602200;TAKER;;ASH_COATED_OSMIUM;XIRECS;10010.0;14
602300;TAKER;;INTARIAN_PEPPER_ROOT;XIRECS;12003.0;6
602400;;TAKER;INTARIAN_PEPPER_ROOT;XIRECS;11992.0;15
602500;;TAKER;INTARIAN_PEPPER_ROOT;XIRECS;11992.0;14
602500;;TAKER;ASH_COATED_OSMIUM;XIRECS;9994.0;7
602800;;TAKER;INTARIAN_PEPPER_ROOT;XIRECS;11993.0;11
602800;TAKER;;ASH_COATED_OSMIUM;XIRECS;10007.0;2
603100;;TAKER;INTARIAN_PEPPER_ROOT;XIRECS;11992.0;12
603100;TAKER;;ASH_COATED_OSMIUM;XIRECS;10010.0;2
603200;;TAKER;INTARIAN_PEPPER_ROOT;XIRECS;11994.0;15
603200;;TAKER;ASH_COATED_OSMIUM;XIRECS;9992.0;2
603500;TAKER;;INTARIAN_PEPPER_ROOT;XIRECS;12006.0;8
603500;;TAKER;ASH_COATED_OSMIUM;XIRECS;9988.0;4
603700;TAKER;;ASH_COATED_OSMIUM;XIRECS;10010.0;10
603800;TAKER;;ASH_COATED_OSMIUM;XIRECS;10009.0;5
603900;;TAKER;INTARIAN_PEPPER_ROOT;XIRECS;11991.0;13
604100;TAKER;;ASH_COATED_OSMIUM;XIRECS;10000.0;6
604500;;TAKER;ASH_COATED_OSMIUM;XIRECS;9990.0;3
605000;;TAKER;INTARIAN_PEPPER_ROOT;XIRECS;11992.0;5
605200;TAKER;;ASH_COATED_OSMIUM;XIRECS;10010.0;7
605300;;TAKER;INTARIAN_PEPPER_ROOT;XIRECS;11992.0;14
605500;TAKER;;INTARIAN_PEPPER_ROOT;XIRECS;12006.0;9
606000;TAKER;;INTARIAN_PEPPER_ROOT;XIRECS;12007.0;10
606200;TAKER;;ASH_COATED_OSMIUM;XIRECS;10007.0;5
606300;TAKER;;ASH_COATED_OSMIUM;XIRECS;10008.0;5
606500;;TAKER;INTARIAN_PEPPER_ROOT;XIRECS;11992.0;6
606600;;TAKER;ASH_COATED_OSMIUM;XIRECS;9992.0;14
606700;;TAKER;INTARIAN_PEPPER_ROOT;XIRECS;11992.0;13
606800;;TAKER;INTARIAN_PEPPER_ROOT;XIRECS;11992.0;3
606800;TAKER;;ASH_COATED_OSMIUM;XIRECS;10012.0;9
607100;TAKER;;INTARIAN_PEPPER_ROOT;XIRECS;12006.0;13
607100;TAKER;;ASH_COATED_OSMIUM;XIRECS;10006.0;15
607300;;TAKER;INTARIAN_PEPPER_ROOT;XIRECS;11991.0;10
607500;;TAKER;ASH_COATED_OSMIUM;XIRECS;9994.0;6
607600;;TAKER;ASH_COATED_OSMIUM;XIRECS;9991.0;10
607800;;TAKER;ASH_COATED_OSMIUM;XIRECS;9993.0;9
608100;TAKER;;INTARIAN_PEPPER_ROOT;XIRECS;12008.0;7
608400;TAKER;;INTARIAN_PEPPER_ROOT;XIRECS;12006.0;4
608400;;TAKER;ASH_COATED_OSMIUM;XIRECS;9989.0;10
608700;TAKER;;ASH_COATED_OSMIUM;XIRECS;10008.0;5
608900;;TAKER;INTARIAN_PEPPER_ROOT;XIRECS;11992.0;13
608900;;TAKER;ASH_COATED_OSMIUM;XIRECS;9991.0;7
609800;TAKER;;INTARIAN_PEPPER_ROOT;XIRECS;12007.0;3
609900;;TAKER;ASH_COATED_OSMIUM;XIRECS;9994.0;11
610100;TAKER;;INTARIAN_PEPPER_ROOT;XIRECS;12007.0;11
610400;;TAKER;ASH_COATED_OSMIUM;XIRECS;9991.0;13
610500;TAKER;;ASH_COATED_OSMIUM;XIRECS;10008.0;8
610600;;TAKER;ASH_COATED_OSMIUM;XIRECS;9990.0;9
610900;;TAKER;INTARIAN_PEPPER_ROOT;XIRECS;11993.0;7
611100;TAKER;;ASH_COATED_OSMIUM;XIRECS;10013.0;5
611200;;TAKER;ASH_COATED_OSMIUM;XIRECS;9990.0;2
611700;;TAKER;INTARIAN_PEPPER_ROOT;XIRECS;11994.0;9
611700;;TAKER;ASH_COATED_OSMIUM;XIRECS;9990.0;8
611800;TAKER;;ASH_COATED_OSMIUM;XIRECS;10008.0;14
611900;;TAKER;ASH_COATED_OSMIUM;XIRECS;9991.0;15
612000;TAKER;;INTARIAN_PEPPER_ROOT;XIRECS;12008.0;4
612000;;TAKER;ASH_COATED_OSMIUM;XIRECS;9988.0;3
612400;;TAKER;INTARIAN_PEPPER_ROOT;XIRECS;11992.0;8
612400;TAKER;;ASH_COATED_OSMIUM;XIRECS;10009.0;9
612700;TAKER;;INTARIAN_PEPPER_ROOT;XIRECS;12005.0;13
612800;;TAKER;ASH_COATED_OSMIUM;XIRECS;9995.0;9
613200;;TAKER;ASH_COATED_OSMIUM;XIRECS;9991.0;5
613300;TAKER;;INTARIAN_PEPPER_ROOT;XIRECS;12007.0;10
613300;TAKER;;ASH_COATED_OSMIUM;XIRECS;10009.0;8
613500;TAKER;;INTARIAN_PEPPER_ROOT;XIRECS;12007.0;13
613800;;TAKER;ASH_COATED_OSMIUM;XIRECS;9993.0;4
614200;;TAKER;INTARIAN_PEPPER_ROOT;XIRECS;11995.0;15
614300;TAKER;;INTARIAN_PEPPER_ROOT;XIRECS;12005.0;3
614600;TAKER;;INTARIAN_PEPPER_ROOT;XIRECS;12006.0;13
615000;TAKER;;INTARIAN_PEPPER_ROOT;XIRECS;12006.0;11
615100;TAKER;;INTARIAN_PEPPER_ROOT;XIRECS;12007.0;3
615200;TAKER;;INTARIAN_PEPPER_ROOT;XIRECS;12006.0;7
615400;;TAKER;ASH_COATED_OSMIUM;XIRECS;9991.0;8
615500;;TAKER;INTARIAN_PEPPER_ROOT;XIRECS;11992.0;15
615600;TAKER;;INTARIAN_PEPPER_ROOT;XIRECS;12006.0;4
615700;TAKER;;INTARIAN_PEPPER_ROOT;XIRECS;12005.0;10
615900;TAKER;;INTARIAN_PEPPER_ROOT;XIRECS;12008.0;8
616100;TAKER;;INTARIAN_PEPPER_ROOT;XIRECS;12005.0;4
616100;TAKER;;ASH_COATED_OSMIUM;XIRECS;10006.0;5
616200;TAKER;;INTARIAN_PEPPER_ROOT;XIRECS;12008.0;7
616300;;TAKER;INTARIAN_PEPPER_ROOT;XIRECS;11992.0;3
616400;;TAKER;ASH_COATED_OSMIUM;XIRECS;9989.0;10
616500;;TAKER;ASH_COATED_OSMIUM;XIRECS;9994.0;13
616600;;TAKER;INTARIAN_PEPPER_ROOT;XIRECS;11995.0;14
616800;;TAKER;ASH_COATED_OSMIUM;XIRECS;9992.0;7
617000;;TAKER;INTARIAN_PEPPER_ROOT;XIRECS;11994.0;7
617300;TAKER;;INTARIAN_PEPPER_ROOT;XIRECS;12008.0;7
617400;;TAKER;INTARIAN_PEPPER_ROOT;XIRECS;11994.0;13
617500;TAKER;;INTARIAN_PEPPER_ROOT;XIRECS;12008.0;2
617700;TAKER;;ASH_COATED_OSMIUM;XIRECS;10010.0;11
617800;TAKER;;INTARIAN_PEPPER_ROOT;XIRECS;12006.0;3
618300;;TAKER;ASH_COATED_OSMIUM;XIRECS;9992.0;2
618400;;TAKER;INTARIAN_PEPPER_ROOT;XIRECS;11994.0;3
618500;;TAKER;ASH_COATED_OSMIUM;XIRECS;9988.0;5
618600;TAKER;;ASH_COATED_OSMIUM;XIRECS;10006.0;14
619000;TAKER;;INTARIAN_PEPPER_ROOT;XIRECS;12007.0;7
619000;;TAKER;ASH_COATED_OSMIUM;XIRECS;9989.0;10
619100;TAKER;;ASH_COATED_OSMIUM;XIRECS;10010.0;13
619200;TAKER;;ASH_COATED_OSMIUM;XIRECS;10007.0;6
619300;;TAKER;ASH_COATED_OSMIUM;XIRECS;9991.0;8
619400;;TAKER;ASH_COATED_OSMIUM;XIRECS;9993.0;13
619600;TAKER;;INTARIAN_PEPPER_ROOT;XIRECS;12006.0;7
619700;TAKER;;ASH_COATED_OSMIUM;XIRECS;10011.0;3
619800;TAKER;;INTARIAN_PEPPER_ROOT;XIRECS;12008.0;13
619900;TAKER;;ASH_COATED_OSMIUM;XIRECS;10011.0;10
620100;;TAKER;INTARIAN_PEPPER_ROOT;XIRECS;11992.0;15
620200;;TAKER;ASH_COATED_OSMIUM;XIRECS;9991.0;8
620400;;TAKER;INTARIAN_PEPPER_ROOT;XIRECS;11994.0;13
620500;TAKER;;INTARIAN_PEPPER_ROOT;XIRECS;12008.0;15
620600;TAKER;;ASH_COATED_OSMIUM;XIRECS;10007.0;15
620700;;TAKER;INTARIAN_PEPPER_ROOT;XIRECS;11994.0;14
620800;TAKER;;ASH_COATED_OSMIUM;XIRECS;10009.0;10
620900;;TAKER;ASH_COATED_OSMIUM;XIRECS;9992.0;7
621000;TAKER;;INTARIAN_PEPPER_ROOT;XIRECS;12007.0;5
621000;;TAKER;ASH_COATED_OSMIUM;XIRECS;9990.0;10
621300;;TAKER;ASH_COATED_OSMIUM;XIRECS;9992.0;8
621400;TAKER;;INTARIAN_PEPPER_ROOT;XIRECS;12006.0;12
621500;;TAKER;INTARIAN_PEPPER_ROOT;XIRECS;11995.0;15
621600;;TAKER;ASH_COATED_OSMIUM;XIRECS;9989.0;4
621700;TAKER;;ASH_COATED_OSMIUM;XIRECS;10006.0;7
622000;;TAKER;ASH_COATED_OSMIUM;XIRECS;9993.0;11
622600;TAKER;;ASH_COATED_OSMIUM;XIRECS;10009.0;9
622800;;TAKER;ASH_COATED_OSMIUM;XIRECS;9989.0;3
622900;;TAKER;ASH_COATED_OSMIUM;XIRECS;9992.0;5
623000;;TAKER;INTARIAN_PEPPER_ROOT;XIRECS;11992.0;9
623200;;TAKER;ASH_COATED_OSMIUM;XIRECS;9992.0;11
623300;TAKER;;ASH_COATED_OSMIUM;XIRECS;10009.0;4
623400;;TAKER;INTARIAN_PEPPER_ROOT;XIRECS;11991.0;13
623600;;TAKER;INTARIAN_PEPPER_ROOT;XIRECS;11994.0;11
623700;;TAKER;INTARIAN_PEPPER_ROOT;XIRECS;11995.0;2
623900;TAKER;;INTARIAN_PEPPER_ROOT;XIRECS;12007.0;13
623900;TAKER;;ASH_COATED_OSMIUM;XIRECS;10007.0;11
624000;TAKER;;INTARIAN_PEPPER_ROOT;XIRECS;12005.0;14
624100;;TAKER;ASH_COATED_OSMIUM;XIRECS;9990.0;15
624300;TAKER;;INTARIAN_PEPPER_ROOT;XIRECS;12005.0;10
624400;TAKER;;INTARIAN_PEPPER_ROOT;XIRECS;12005.0;14
624400;TAKER;;ASH_COATED_OSMIUM;XIRECS;10013.0;13
625200;TAKER;;ASH_COATED_OSMIUM;XIRECS;10009.0;6
625400;;TAKER;INTARIAN_PEPPER_ROOT;XIRECS;11992.0;4
625400;TAKER;;ASH_COATED_OSMIUM;XIRECS;10010.0;10
625500;TAKER;;INTARIAN_PEPPER_ROOT;XIRECS;12008.0;14
625600;;TAKER;INTARIAN_PEPPER_ROOT;XIRECS;11993.0;4
625600;TAKER;;ASH_COATED_OSMIUM;XIRECS;10007.0;13
625700;TAKER;;INTARIAN_PEPPER_ROOT;XIRECS;12005.0;6
625800;TAKER;;ASH_COATED_OSMIUM;XIRECS;10007.0;4
625900;;TAKER;INTARIAN_PEPPER_ROOT;XIRECS;11993.0;10
626000;TAKER;;ASH_COATED_OSMIUM;XIRECS;10010.0;10
626200;TAKER;;ASH_COATED_OSMIUM;XIRECS;10010.0;6
626300;;TAKER;INTARIAN_PEPPER_ROOT;XIRECS;11992.0;2
626400;TAKER;;ASH_COATED_OSMIUM;XIRECS;10008.0;4
626500;;TAKER;INTARIAN_PEPPER_ROOT;XIRECS;11995.0;14
626500;;TAKER;ASH_COATED_OSMIUM;XIRECS;9987.0;8
626700;TAKER;;ASH_COATED_OSMIUM;XIRECS;10009.0;7
627000;TAKER;;INTARIAN_PEPPER_ROOT;XIRECS;12008.0;4
627000;;TAKER;ASH_COATED_OSMIUM;XIRECS;9993.0;4
627100;TAKER;;INTARIAN_PEPPER_ROOT;XIRECS;12006.0;12
627900;TAKER;;ASH_COATED_OSMIUM;XIRECS;10011.0;15
628100;TAKER;;INTARIAN_PEPPER_ROOT;XIRECS;12006.0;3
628200;TAKER;;ASH_COATED_OSMIUM;XIRECS;10008.0;2
628300;TAKER;;ASH_COATED_OSMIUM;XIRECS;10012.0;2
628500;;TAKER;INTARIAN_PEPPER_ROOT;XIRECS;11994.0;12
628700;TAKER;;INTARIAN_PEPPER_ROOT;XIRECS;12008.0;15
629000;;TAKER;INTARIAN_PEPPER_ROOT;XIRECS;11992.0;5
629100;;TAKER;ASH_COATED_OSMIUM;XIRECS;9990.0;6
629400;TAKER;;ASH_COATED_OSMIUM;XIRECS;10008.0;5
629500;TAKER;;INTARIAN_PEPPER_ROOT;XIRECS;12007.0;14
629700;TAKER;;ASH_COATED_OSMIUM;XIRECS;10008.0;4
630000;;TAKER;INTARIAN_PEPPER_ROOT;XIRECS;11991.0;7
630100;TAKER;;INTARIAN_PEPPER_ROOT;XIRECS;12007.0;15
630300;TAKER;;INTARIAN_PEPPER_ROOT;XIRECS;12007.0;2
630400;;TAKER;ASH_COATED_OSMIUM;XIRECS;9994.0;5
630500;TAKER;;INTARIAN_PEPPER_ROOT;XIRECS;12007.0;8
630500;;TAKER;ASH_COATED_OSMIUM;XIRECS;9992.0;13
630600;TAKER;;ASH_COATED_OSMIUM;XIRECS;10009.0;12
630700;TAKER;;INTARIAN_PEPPER_ROOT;XIRECS;12007.0;11
630800;;TAKER;INTARIAN_PEPPER_ROOT;XIRECS;11992.0;14
630800;TAKER;;ASH_COATED_OSMIUM;XIRECS;10011.0;2
631100;;TAKER;ASH_COATED_OSMIUM;XIRECS;9993.0;14
631200;;TAKER;ASH_COATED_OSMIUM;XIRECS;9991.0;12
631300;;TAKER;INTARIAN_PEPPER_ROOT;XIRECS;11991.0;10
631400;TAKER;;ASH_COATED_OSMIUM;XIRECS;10010.0;5
631500;TAKER;;INTARIAN_PEPPER_ROOT;XIRECS;12006.0;6
631600;;TAKER;ASH_COATED_OSMIUM;XIRECS;9992.0;12
631900;;TAKER;ASH_COATED_OSMIUM;XIRECS;9987.0;5
632100;;TAKER;INTARIAN_PEPPER_ROOT;XIRECS;11992.0;15
632300;TAKER;;INTARIAN_PEPPER_ROOT;XIRECS;12007.0;3
632600;TAKER;;INTARIAN_PEPPER_ROOT;XIRECS;12004.0;14
632600;TAKER;;ASH_COATED_OSMIUM;XIRECS;10008.0;4
633000;;TAKER;ASH_COATED_OSMIUM;XIRECS;9985.0;5
633200;;TAKER;INTARIAN_PEPPER_ROOT;XIRECS;11993.0;12
633600;;TAKER;ASH_COATED_OSMIUM;XIRECS;9993.0;5
633700;TAKER;;INTARIAN_PEPPER_ROOT;XIRECS;12006.0;2
633800;;TAKER;INTARIAN_PEPPER_ROOT;XIRECS;11992.0;8
633900;TAKER;;INTARIAN_PEPPER_ROOT;XIRECS;12005.0;12
633900;;TAKER;ASH_COATED_OSMIUM;XIRECS;9989.0;2
634500;TAKER;;INTARIAN_PEPPER_ROOT;XIRECS;12007.0;9
634600;TAKER;;INTARIAN_PEPPER_ROOT;XIRECS;12008.0;15
634700;;TAKER;ASH_COATED_OSMIUM;XIRECS;9985.0;2
634800;;TAKER;INTARIAN_PEPPER_ROOT;XIRECS;11995.0;6
635100;;TAKER;ASH_COATED_OSMIUM;XIRECS;9993.0;10
635200;;TAKER;INTARIAN_PEPPER_ROOT;XIRECS;11996.0;3
635300;TAKER;;INTARIAN_PEPPER_ROOT;XIRECS;12004.0;6
635300;;TAKER;ASH_COATED_OSMIUM;XIRECS;9994.0;14
635700;TAKER;;INTARIAN_PEPPER_ROOT;XIRECS;12006.0;6
635700;TAKER;;ASH_COATED_OSMIUM;XIRECS;10004.0;13
635800;;TAKER;ASH_COATED_OSMIUM;XIRECS;9987.0;10
636000;TAKER;;INTARIAN_PEPPER_ROOT;XIRECS;12006.0;10
636000;TAKER;;ASH_COATED_OSMIUM;XIRECS;10009.0;2
636100;;TAKER;INTARIAN_PEPPER_ROOT;XIRECS;11992.0;8
636100;;TAKER;ASH_COATED_OSMIUM;XIRECS;9992.0;3
636200;TAKER;;INTARIAN_PEPPER_ROOT;XIRECS;12007.0;5
636300;TAKER;;INTARIAN_PEPPER_ROOT;XIRECS;12006.0;5
636400;TAKER;;INTARIAN_PEPPER_ROOT;XIRECS;12006.0;13
636500;;TAKER;INTARIAN_PEPPER_ROOT;XIRECS;11992.0;7
637000;TAKER;;INTARIAN_PEPPER_ROOT;XIRECS;12007.0;5
637000;;TAKER;ASH_COATED_OSMIUM;XIRECS;9990.0;11
637100;;TAKER;INTARIAN_PEPPER_ROOT;XIRECS;11992.0;11
637300;;TAKER;INTARIAN_PEPPER_ROOT;XIRECS;11993.0;15
637400;;TAKER;INTARIAN_PEPPER_ROOT;XIRECS;11991.0;3
637500;;TAKER;INTARIAN_PEPPER_ROOT;XIRECS;11993.0;4
637600;TAKER;;ASH_COATED_OSMIUM;XIRECS;10005.0;12
637800;;TAKER;INTARIAN_PEPPER_ROOT;XIRECS;11992.0;7
637800;TAKER;;ASH_COATED_OSMIUM;XIRECS;10008.0;9
638200;;TAKER;INTARIAN_PEPPER_ROOT;XIRECS;11994.0;3
638300;TAKER;;ASH_COATED_OSMIUM;XIRECS;10011.0;5
638500;TAKER;;INTARIAN_PEPPER_ROOT;XIRECS;12005.0;4
638600;TAKER;;INTARIAN_PEPPER_ROOT;XIRECS;12006.0;14
638700;;TAKER;INTARIAN_PEPPER_ROOT;XIRECS;11992.0;3
638900;TAKER;;ASH_COATED_OSMIUM;XIRECS;10010.0;7
639400;TAKER;;ASH_COATED_OSMIUM;XIRECS;10008.0;9
639600;TAKER;;ASH_COATED_OSMIUM;XIRECS;10010.0;15
639700;TAKER;;ASH_COATED_OSMIUM;XIRECS;10010.0;10
639900;;TAKER;ASH_COATED_OSMIUM;XIRECS;9993.0;2
640100;TAKER;;INTARIAN_PEPPER_ROOT;XIRECS;12005.0;8
640100;;TAKER;ASH_COATED_OSMIUM;XIRECS;9993.0;13
640300;;TAKER;INTARIAN_PEPPER_ROOT;XIRECS;11991.0;3
640400;TAKER;;ASH_COATED_OSMIUM;XIRECS;10007.0;5
640500;TAKER;;INTARIAN_PEPPER_ROOT;XIRECS;12005.0;14
640700;;TAKER;ASH_COATED_OSMIUM;XIRECS;9992.0;12
640800;TAKER;;INTARIAN_PEPPER_ROOT;XIRECS;12006.0;7
640900;;TAKER;INTARIAN_PEPPER_ROOT;XIRECS;11992.0;12
641000;TAKER;;INTARIAN_PEPPER_ROOT;XIRECS;12006.0;2
641000;;TAKER;ASH_COATED_OSMIUM;XIRECS;9992.0;7
641100;;TAKER;INTARIAN_PEPPER_ROOT;XIRECS;11993.0;9
641200;TAKER;;INTARIAN_PEPPER_ROOT;XIRECS;12005.0;7
641200;TAKER;;ASH_COATED_OSMIUM;XIRECS;10008.0;10
641300;TAKER;;ASH_COATED_OSMIUM;XIRECS;10007.0;14
641400;;TAKER;ASH_COATED_OSMIUM;XIRECS;9990.0;9
641500;TAKER;;INTARIAN_PEPPER_ROOT;XIRECS;12007.0;3
641500;TAKER;;ASH_COATED_OSMIUM;XIRECS;10013.0;15
641600;TAKER;;ASH_COATED_OSMIUM;XIRECS;10012.0;13
641900;;TAKER;INTARIAN_PEPPER_ROOT;XIRECS;11993.0;6
642000;;TAKER;ASH_COATED_OSMIUM;XIRECS;9993.0;13
642100;;TAKER;ASH_COATED_OSMIUM;XIRECS;9994.0;8
642200;TAKER;;ASH_COATED_OSMIUM;XIRECS;10011.0;13
642300;TAKER;;INTARIAN_PEPPER_ROOT;XIRECS;12006.0;13
642400;;TAKER;ASH_COATED_OSMIUM;XIRECS;9990.0;12
642600;;TAKER;ASH_COATED_OSMIUM;XIRECS;9995.0;8
642800;;TAKER;INTARIAN_PEPPER_ROOT;XIRECS;11991.0;2
643000;;TAKER;INTARIAN_PEPPER_ROOT;XIRECS;11994.0;15
643100;;TAKER;INTARIAN_PEPPER_ROOT;XIRECS;11991.0;2
643100;TAKER;;ASH_COATED_OSMIUM;XIRECS;10002.0;10
643200;;TAKER;INTARIAN_PEPPER_ROOT;XIRECS;11994.0;12
643700;;TAKER;ASH_COATED_OSMIUM;XIRECS;9994.0;7
643800;TAKER;;INTARIAN_PEPPER_ROOT;XIRECS;12007.0;13
643900;;TAKER;INTARIAN_PEPPER_ROOT;XIRECS;11993.0;15
644400;TAKER;;ASH_COATED_OSMIUM;XIRECS;10009.0;8
644600;;TAKER;ASH_COATED_OSMIUM;XIRECS;9992.0;7
645100;TAKER;;ASH_COATED_OSMIUM;XIRECS;10011.0;2
645200;TAKER;;ASH_COATED_OSMIUM;XIRECS;10005.0;14
645600;;TAKER;INTARIAN_PEPPER_ROOT;XIRECS;11992.0;11
645700;;TAKER;INTARIAN_PEPPER_ROOT;XIRECS;11994.0;8
645800;TAKER;;ASH_COATED_OSMIUM;XIRECS;10010.0;14
646000;;TAKER;INTARIAN_PEPPER_ROOT;XIRECS;11992.0;9
646100;;TAKER;ASH_COATED_OSMIUM;XIRECS;9990.0;8
646200;;TAKER;INTARIAN_PEPPER_ROOT;XIRECS;11994.0;8
646300;;TAKER;ASH_COATED_OSMIUM;XIRECS;9988.0;5
647000;TAKER;;INTARIAN_PEPPER_ROOT;XIRECS;12006.0;11
647000;TAKER;;ASH_COATED_OSMIUM;XIRECS;10011.0;3
647200;;TAKER;ASH_COATED_OSMIUM;XIRECS;9990.0;7
647300;;TAKER;ASH_COATED_OSMIUM;XIRECS;9991.0;9
647700;;TAKER;ASH_COATED_OSMIUM;XIRECS;9993.0;13
647900;TAKER;;ASH_COATED_OSMIUM;XIRECS;10004.0;8
648000;TAKER;;INTARIAN_PEPPER_ROOT;XIRECS;12006.0;6
648200;TAKER;;INTARIAN_PEPPER_ROOT;XIRECS;12006.0;9
648300;TAKER;;ASH_COATED_OSMIUM;XIRECS;10008.0;11
648400;;TAKER;ASH_COATED_OSMIUM;XIRECS;9989.0;13
648500;;TAKER;ASH_COATED_OSMIUM;XIRECS;9992.0;13
648800;TAKER;;INTARIAN_PEPPER_ROOT;XIRECS;12007.0;4
648800;TAKER;;ASH_COATED_OSMIUM;XIRECS;10006.0;10
649100;;TAKER;ASH_COATED_OSMIUM;XIRECS;9993.0;4
649300;TAKER;;INTARIAN_PEPPER_ROOT;XIRECS;12006.0;11
649400;TAKER;;INTARIAN_PEPPER_ROOT;XIRECS;12005.0;15
649600;;TAKER;INTARIAN_PEPPER_ROOT;XIRECS;11994.0;4
649700;;TAKER;ASH_COATED_OSMIUM;XIRECS;9989.0;11
649800;;TAKER;INTARIAN_PEPPER_ROOT;XIRECS;11994.0;8
650500;TAKER;;ASH_COATED_OSMIUM;XIRECS;10011.0;15
650600;;TAKER;ASH_COATED_OSMIUM;XIRECS;9989.0;2
650700;TAKER;;INTARIAN_PEPPER_ROOT;XIRECS;12007.0;7
650800;;TAKER;INTARIAN_PEPPER_ROOT;XIRECS;11995.0;15
650900;TAKER;;ASH_COATED_OSMIUM;XIRECS;10009.0;15
651100;TAKER;;ASH_COATED_OSMIUM;XIRECS;10008.0;14
651200;TAKER;;ASH_COATED_OSMIUM;XIRECS;10012.0;3
651700;;TAKER;ASH_COATED_OSMIUM;XIRECS;9987.0;11
651800;TAKER;;ASH_COATED_OSMIUM;XIRECS;10011.0;15
652300;;TAKER;INTARIAN_PEPPER_ROOT;XIRECS;11993.0;7
652500;;TAKER;ASH_COATED_OSMIUM;XIRECS;9991.0;13
652700;TAKER;;INTARIAN_PEPPER_ROOT;XIRECS;12005.0;4
652900;TAKER;;ASH_COATED_OSMIUM;XIRECS;10011.0;14
653200;;TAKER;INTARIAN_PEPPER_ROOT;XIRECS;11994.0;10
653200;TAKER;;ASH_COATED_OSMIUM;XIRECS;10010.0;4
653500;TAKER;;ASH_COATED_OSMIUM;XIRECS;10007.0;7
653600;;TAKER;INTARIAN_PEPPER_ROOT;XIRECS;11993.0;13
653900;;TAKER;INTARIAN_PEPPER_ROOT;XIRECS;11992.0;8
654000;TAKER;;INTARIAN_PEPPER_ROOT;XIRECS;12004.0;13
654000;;TAKER;ASH_COATED_OSMIUM;XIRECS;9991.0;12
654400;;TAKER;INTARIAN_PEPPER_ROOT;XIRECS;11994.0;9
654700;TAKER;;INTARIAN_PEPPER_ROOT;XIRECS;12003.0;13
654800;;TAKER;INTARIAN_PEPPER_ROOT;XIRECS;11992.0;15
655200;TAKER;;ASH_COATED_OSMIUM;XIRECS;10008.0;3
655600;TAKER;;INTARIAN_PEPPER_ROOT;XIRECS;12007.0;14
655600;;TAKER;ASH_COATED_OSMIUM;XIRECS;9991.0;12
655700;;TAKER;ASH_COATED_OSMIUM;XIRECS;9991.0;5
655800;;TAKER;INTARIAN_PEPPER_ROOT;XIRECS;11994.0;12
655800;;TAKER;ASH_COATED_OSMIUM;XIRECS;9991.0;5
655900;;TAKER;INTARIAN_PEPPER_ROOT;XIRECS;11994.0;4
655900;TAKER;;ASH_COATED_OSMIUM;XIRECS;10007.0;4
656100;;TAKER;INTARIAN_PEPPER_ROOT;XIRECS;11994.0;14
656300;TAKER;;ASH_COATED_OSMIUM;XIRECS;10006.0;3
656400;TAKER;;INTARIAN_PEPPER_ROOT;XIRECS;12007.0;4
656400;TAKER;;ASH_COATED_OSMIUM;XIRECS;10008.0;14
656500;TAKER;;ASH_COATED_OSMIUM;XIRECS;10006.0;13
656600;;TAKER;INTARIAN_PEPPER_ROOT;XIRECS;11992.0;6
656600;;TAKER;ASH_COATED_OSMIUM;XIRECS;9986.0;14
656700;;TAKER;INTARIAN_PEPPER_ROOT;XIRECS;11990.0;4
656700;TAKER;;ASH_COATED_OSMIUM;XIRECS;10009.0;10
657100;;TAKER;ASH_COATED_OSMIUM;XIRECS;9993.0;14
657200;TAKER;;ASH_COATED_OSMIUM;XIRECS;10011.0;13
657300;;TAKER;ASH_COATED_OSMIUM;XIRECS;9992.0;10
657400;TAKER;;ASH_COATED_OSMIUM;XIRECS;10006.0;4
657600;;TAKER;INTARIAN_PEPPER_ROOT;XIRECS;11992.0;12
657900;;TAKER;ASH_COATED_OSMIUM;XIRECS;9986.0;10
658000;;TAKER;ASH_COATED_OSMIUM;XIRECS;9995.0;13
658200;TAKER;;INTARIAN_PEPPER_ROOT;XIRECS;12007.0;7
658300;;TAKER;INTARIAN_PEPPER_ROOT;XIRECS;11992.0;2
658300;TAKER;;ASH_COATED_OSMIUM;XIRECS;10012.0;7
658700;TAKER;;INTARIAN_PEPPER_ROOT;XIRECS;12008.0;5
659200;;TAKER;ASH_COATED_OSMIUM;XIRECS;9991.0;14
659300;TAKER;;INTARIAN_PEPPER_ROOT;XIRECS;12005.0;9
659700;TAKER;;INTARIAN_PEPPER_ROOT;XIRECS;12007.0;6
659800;TAKER;;INTARIAN_PEPPER_ROOT;XIRECS;12006.0;14
659800;;TAKER;ASH_COATED_OSMIUM;XIRECS;9991.0;7
659900;TAKER;;INTARIAN_PEPPER_ROOT;XIRECS;12008.0;5
659900;TAKER;;ASH_COATED_OSMIUM;XIRECS;10009.0;4
660100;;TAKER;INTARIAN_PEPPER_ROOT;XIRECS;11993.0;13
660200;TAKER;;ASH_COATED_OSMIUM;XIRECS;10010.0;6
660300;TAKER;;INTARIAN_PEPPER_ROOT;XIRECS;12006.0;7
660300;TAKER;;ASH_COATED_OSMIUM;XIRECS;10009.0;9
660400;TAKER;;INTARIAN_PEPPER_ROOT;XIRECS;12007.0;13
660500;;TAKER;INTARIAN_PEPPER_ROOT;XIRECS;11991.0;14
660500;TAKER;;ASH_COATED_OSMIUM;XIRECS;10008.0;6
660600;TAKER;;INTARIAN_PEPPER_ROOT;XIRECS;12007.0;3
660600;TAKER;;ASH_COATED_OSMIUM;XIRECS;10008.0;2
660800;;TAKER;INTARIAN_PEPPER_ROOT;XIRECS;11992.0;4
660900;TAKER;;ASH_COATED_OSMIUM;XIRECS;10006.0;12
661100;;TAKER;ASH_COATED_OSMIUM;XIRECS;9990.0;12
661200;;TAKER;ASH_COATED_OSMIUM;XIRECS;9991.0;7
661300;TAKER;;ASH_COATED_OSMIUM;XIRECS;10007.0;7
661500;;TAKER;INTARIAN_PEPPER_ROOT;XIRECS;11995.0;2
662100;;TAKER;INTARIAN_PEPPER_ROOT;XIRECS;11991.0;9
662100;;TAKER;ASH_COATED_OSMIUM;XIRECS;9990.0;2
662500;TAKER;;ASH_COATED_OSMIUM;XIRECS;10009.0;14
662600;TAKER;;ASH_COATED_OSMIUM;XIRECS;10007.0;5
662700;TAKER;;INTARIAN_PEPPER_ROOT;XIRECS;12007.0;9
662800;;TAKER;INTARIAN_PEPPER_ROOT;XIRECS;11994.0;15
662800;TAKER;;ASH_COATED_OSMIUM;XIRECS;10009.0;8
662900;;TAKER;INTARIAN_PEPPER_ROOT;XIRECS;11995.0;10
662900;;TAKER;ASH_COATED_OSMIUM;XIRECS;9990.0;2
663100;TAKER;;INTARIAN_PEPPER_ROOT;XIRECS;12005.0;2
663200;TAKER;;INTARIAN_PEPPER_ROOT;XIRECS;12006.0;13
663400;;TAKER;INTARIAN_PEPPER_ROOT;XIRECS;11992.0;4
663400;TAKER;;ASH_COATED_OSMIUM;XIRECS;10008.0;14
663500;;TAKER;INTARIAN_PEPPER_ROOT;XIRECS;11991.0;3
663800;TAKER;;INTARIAN_PEPPER_ROOT;XIRECS;12005.0;12
663900;;TAKER;INTARIAN_PEPPER_ROOT;XIRECS;11993.0;7
664100;TAKER;;INTARIAN_PEPPER_ROOT;XIRECS;12005.0;14
664200;TAKER;;INTARIAN_PEPPER_ROOT;XIRECS;12007.0;6
664300;TAKER;;ASH_COATED_OSMIUM;XIRECS;10009.0;7
664400;;TAKER;INTARIAN_PEPPER_ROOT;XIRECS;11995.0;11
664400;;TAKER;ASH_COATED_OSMIUM;XIRECS;9990.0;5
664500;TAKER;;ASH_COATED_OSMIUM;XIRECS;10011.0;11
664700;;TAKER;INTARIAN_PEPPER_ROOT;XIRECS;11992.0;11
664800;TAKER;;INTARIAN_PEPPER_ROOT;XIRECS;12007.0;7
665000;;TAKER;ASH_COATED_OSMIUM;XIRECS;9990.0;4
665300;TAKER;;INTARIAN_PEPPER_ROOT;XIRECS;12006.0;13
665400;;TAKER;ASH_COATED_OSMIUM;XIRECS;9990.0;3
665500;;TAKER;INTARIAN_PEPPER_ROOT;XIRECS;11994.0;6
665500;;TAKER;ASH_COATED_OSMIUM;XIRECS;9992.0;13
665900;TAKER;;ASH_COATED_OSMIUM;XIRECS;10008.0;4
666100;TAKER;;ASH_COATED_OSMIUM;XIRECS;10012.0;8
666300;TAKER;;ASH_COATED_OSMIUM;XIRECS;10008.0;7
666400;TAKER;;INTARIAN_PEPPER_ROOT;XIRECS;12006.0;10
666500;;TAKER;INTARIAN_PEPPER_ROOT;XIRECS;11992.0;12
666500;;TAKER;ASH_COATED_OSMIUM;XIRECS;9990.0;15
666700;TAKER;;INTARIAN_PEPPER_ROOT;XIRECS;12006.0;8
666800;TAKER;;INTARIAN_PEPPER_ROOT;XIRECS;12004.0;9
667000;TAKER;;INTARIAN_PEPPER_ROOT;XIRECS;12007.0;9
667000;;TAKER;ASH_COATED_OSMIUM;XIRECS;9986.0;12
667700;TAKER;;INTARIAN_PEPPER_ROOT;XIRECS;12006.0;3
667800;;TAKER;INTARIAN_PEPPER_ROOT;XIRECS;11994.0;8
668100;TAKER;;ASH_COATED_OSMIUM;XIRECS;10007.0;7
668300;TAKER;;INTARIAN_PEPPER_ROOT;XIRECS;12006.0;6
668400;TAKER;;ASH_COATED_OSMIUM;XIRECS;10010.0;9
668600;TAKER;;INTARIAN_PEPPER_ROOT;XIRECS;12007.0;12
668800;TAKER;;INTARIAN_PEPPER_ROOT;XIRECS;12006.0;14
669000;;TAKER;ASH_COATED_OSMIUM;XIRECS;9989.0;6
669300;TAKER;;ASH_COATED_OSMIUM;XIRECS;10009.0;6
669400;;TAKER;INTARIAN_PEPPER_ROOT;XIRECS;11990.0;11
669700;TAKER;;INTARIAN_PEPPER_ROOT;XIRECS;12006.0;12
669700;TAKER;;ASH_COATED_OSMIUM;XIRECS;10009.0;6
669800;;TAKER;INTARIAN_PEPPER_ROOT;XIRECS;11991.0;10
670000;TAKER;;ASH_COATED_OSMIUM;XIRECS;10006.0;8
670100;;TAKER;ASH_COATED_OSMIUM;XIRECS;9989.0;9
670400;TAKER;;INTARIAN_PEPPER_ROOT;XIRECS;12007.0;10
670500;;TAKER;INTARIAN_PEPPER_ROOT;XIRECS;11992.0;10
670500;;TAKER;ASH_COATED_OSMIUM;XIRECS;9992.0;5
670600;;TAKER;INTARIAN_PEPPER_ROOT;XIRECS;11990.0;8
670600;;TAKER;ASH_COATED_OSMIUM;XIRECS;9992.0;15
670700;TAKER;;ASH_COATED_OSMIUM;XIRECS;10010.0;8
670900;TAKER;;ASH_COATED_OSMIUM;XIRECS;10009.0;4
671100;;TAKER;ASH_COATED_OSMIUM;XIRECS;9989.0;9
671200;TAKER;;INTARIAN_PEPPER_ROOT;XIRECS;12004.0;10
671300;;TAKER;INTARIAN_PEPPER_ROOT;XIRECS;11994.0;3
671300;;TAKER;ASH_COATED_OSMIUM;XIRECS;9991.0;2
671700;TAKER;;ASH_COATED_OSMIUM;XIRECS;10013.0;8
671800;TAKER;;INTARIAN_PEPPER_ROOT;XIRECS;12004.0;11
671900;;TAKER;ASH_COATED_OSMIUM;XIRECS;9988.0;10
672000;TAKER;;INTARIAN_PEPPER_ROOT;XIRECS;12005.0;8
672000;TAKER;;ASH_COATED_OSMIUM;XIRECS;10007.0;2
672200;TAKER;;ASH_COATED_OSMIUM;XIRECS;10008.0;15
672300;TAKER;;INTARIAN_PEPPER_ROOT;XIRECS;12006.0;12
672400;TAKER;;INTARIAN_PEPPER_ROOT;XIRECS;12006.0;5
672500;;TAKER;ASH_COATED_OSMIUM;XIRECS;9989.0;14
672800;;TAKER;ASH_COATED_OSMIUM;XIRECS;9990.0;14
672900;;TAKER;ASH_COATED_OSMIUM;XIRECS;9988.0;4
673000;TAKER;;INTARIAN_PEPPER_ROOT;XIRECS;12006.0;13
673100;;TAKER;ASH_COATED_OSMIUM;XIRECS;9989.0;5
673300;;TAKER;ASH_COATED_OSMIUM;XIRECS;9990.0;14
673400;;TAKER;ASH_COATED_OSMIUM;XIRECS;9992.0;3
673600;TAKER;;INTARIAN_PEPPER_ROOT;XIRECS;12006.0;5
673700;;TAKER;INTARIAN_PEPPER_ROOT;XIRECS;11993.0;5
674000;TAKER;;ASH_COATED_OSMIUM;XIRECS;10010.0;13
674100;;TAKER;ASH_COATED_OSMIUM;XIRECS;9991.0;10
674500;TAKER;;INTARIAN_PEPPER_ROOT;XIRECS;12008.0;4
674500;;TAKER;ASH_COATED_OSMIUM;XIRECS;9988.0;8
674600;;TAKER;INTARIAN_PEPPER_ROOT;XIRECS;11992.0;2
674600;TAKER;;ASH_COATED_OSMIUM;XIRECS;10007.0;2
674800;TAKER;;INTARIAN_PEPPER_ROOT;XIRECS;12007.0;10
674900;;TAKER;INTARIAN_PEPPER_ROOT;XIRECS;11992.0;8
674900;;TAKER;ASH_COATED_OSMIUM;XIRECS;9987.0;11
675200;TAKER;;ASH_COATED_OSMIUM;XIRECS;10006.0;15
675400;;TAKER;ASH_COATED_OSMIUM;XIRECS;9990.0;11
675500;TAKER;;INTARIAN_PEPPER_ROOT;XIRECS;12007.0;10
676200;TAKER;;INTARIAN_PEPPER_ROOT;XIRECS;12006.0;9
676200;TAKER;;ASH_COATED_OSMIUM;XIRECS;10006.0;6
676300;;TAKER;ASH_COATED_OSMIUM;XIRECS;9991.0;9
676500;;TAKER;INTARIAN_PEPPER_ROOT;XIRECS;11992.0;2
676500;TAKER;;ASH_COATED_OSMIUM;XIRECS;10010.0;11
676600;;TAKER;ASH_COATED_OSMIUM;XIRECS;9988.0;4
676700;;TAKER;INTARIAN_PEPPER_ROOT;XIRECS;11991.0;13
676700;TAKER;;ASH_COATED_OSMIUM;XIRECS;10009.0;14
676800;TAKER;;INTARIAN_PEPPER_ROOT;XIRECS;12006.0;11
677000;TAKER;;INTARIAN_PEPPER_ROOT;XIRECS;12005.0;4
677100;TAKER;;INTARIAN_PEPPER_ROOT;XIRECS;12005.0;15
677600;;TAKER;ASH_COATED_OSMIUM;XIRECS;9992.0;15
677800;;TAKER;INTARIAN_PEPPER_ROOT;XIRECS;11994.0;8
677800;;TAKER;ASH_COATED_OSMIUM;XIRECS;9990.0;11
678100;TAKER;;INTARIAN_PEPPER_ROOT;XIRECS;12007.0;2
678300;;TAKER;INTARIAN_PEPPER_ROOT;XIRECS;11992.0;8
678300;;TAKER;ASH_COATED_OSMIUM;XIRECS;9990.0;13
678500;TAKER;;INTARIAN_PEPPER_ROOT;XIRECS;12005.0;14
678600;;TAKER;INTARIAN_PEPPER_ROOT;XIRECS;11994.0;9
678600;;TAKER;ASH_COATED_OSMIUM;XIRECS;9990.0;8
678700;;TAKER;INTARIAN_PEPPER_ROOT;XIRECS;11992.0;15
679000;;TAKER;ASH_COATED_OSMIUM;XIRECS;9992.0;3
679200;TAKER;;ASH_COATED_OSMIUM;XIRECS;10004.0;2
679400;;TAKER;ASH_COATED_OSMIUM;XIRECS;9986.0;2
679600;;TAKER;ASH_COATED_OSMIUM;XIRECS;9988.0;10
679800;;TAKER;INTARIAN_PEPPER_ROOT;XIRECS;11992.0;5
679800;TAKER;;ASH_COATED_OSMIUM;XIRECS;10009.0;9
679900;;TAKER;INTARIAN_PEPPER_ROOT;XIRECS;11991.0;15
680400;;TAKER;INTARIAN_PEPPER_ROOT;XIRECS;11992.0;7
680500;TAKER;;ASH_COATED_OSMIUM;XIRECS;10010.0;8
680600;;TAKER;ASH_COATED_OSMIUM;XIRECS;9989.0;4
680900;TAKER;;ASH_COATED_OSMIUM;XIRECS;10006.0;4
681300;;TAKER;INTARIAN_PEPPER_ROOT;XIRECS;11995.0;11
681400;TAKER;;INTARIAN_PEPPER_ROOT;XIRECS;12007.0;12
681500;TAKER;;ASH_COATED_OSMIUM;XIRECS;10010.0;5
681600;TAKER;;ASH_COATED_OSMIUM;XIRECS;10007.0;10
681700;;TAKER;INTARIAN_PEPPER_ROOT;XIRECS;11992.0;13
681700;;TAKER;ASH_COATED_OSMIUM;XIRECS;9986.0;6
681800;TAKER;;ASH_COATED_OSMIUM;XIRECS;10011.0;4
681900;;TAKER;ASH_COATED_OSMIUM;XIRECS;9987.0;10
682100;TAKER;;INTARIAN_PEPPER_ROOT;XIRECS;12006.0;5
682500;;TAKER;ASH_COATED_OSMIUM;XIRECS;9995.0;14
682600;TAKER;;INTARIAN_PEPPER_ROOT;XIRECS;12008.0;8
682600;TAKER;;ASH_COATED_OSMIUM;XIRECS;10009.0;11
683300;;TAKER;ASH_COATED_OSMIUM;XIRECS;9992.0;9
683500;TAKER;;INTARIAN_PEPPER_ROOT;XIRECS;12006.0;14
683600;TAKER;;INTARIAN_PEPPER_ROOT;XIRECS;12007.0;6
683700;TAKER;;ASH_COATED_OSMIUM;XIRECS;10010.0;7
683800;;TAKER;INTARIAN_PEPPER_ROOT;XIRECS;11992.0;13
683900;;TAKER;INTARIAN_PEPPER_ROOT;XIRECS;11993.0;4
683900;TAKER;;ASH_COATED_OSMIUM;XIRECS;10006.0;12
684100;TAKER;;ASH_COATED_OSMIUM;XIRECS;10010.0;5
684300;;TAKER;INTARIAN_PEPPER_ROOT;XIRECS;11994.0;10
684400;;TAKER;INTARIAN_PEPPER_ROOT;XIRECS;11992.0;14
684500;;TAKER;INTARIAN_PEPPER_ROOT;XIRECS;11991.0;12
685000;;TAKER;ASH_COATED_OSMIUM;XIRECS;9990.0;2
685100;;TAKER;INTARIAN_PEPPER_ROOT;XIRECS;11993.0;2
685200;TAKER;;ASH_COATED_OSMIUM;XIRECS;10007.0;6
685300;;TAKER;INTARIAN_PEPPER_ROOT;XIRECS;11993.0;4
685400;TAKER;;INTARIAN_PEPPER_ROOT;XIRECS;12008.0;13
685400;;TAKER;ASH_COATED_OSMIUM;XIRECS;9989.0;3
685800;TAKER;;ASH_COATED_OSMIUM;XIRECS;10007.0;4
686000;TAKER;;INTARIAN_PEPPER_ROOT;XIRECS;12005.0;11
686100;;TAKER;ASH_COATED_OSMIUM;XIRECS;9990.0;9
686200;TAKER;;ASH_COATED_OSMIUM;XIRECS;10008.0;2
686300;;TAKER;INTARIAN_PEPPER_ROOT;XIRECS;11993.0;4
686400;TAKER;;INTARIAN_PEPPER_ROOT;XIRECS;12007.0;10
686500;TAKER;;INTARIAN_PEPPER_ROOT;XIRECS;12007.0;12
686600;TAKER;;INTARIAN_PEPPER_ROOT;XIRECS;12004.0;3
687000;;TAKER;INTARIAN_PEPPER_ROOT;XIRECS;11992.0;9
687100;;TAKER;ASH_COATED_OSMIUM;XIRECS;9989.0;7
687200;;TAKER;INTARIAN_PEPPER_ROOT;XIRECS;11992.0;7
687200;TAKER;;ASH_COATED_OSMIUM;XIRECS;10011.0;8
687300;TAKER;;INTARIAN_PEPPER_ROOT;XIRECS;12005.0;8
687400;TAKER;;ASH_COATED_OSMIUM;XIRECS;10006.0;2
687500;;TAKER;ASH_COATED_OSMIUM;XIRECS;9991.0;4
687900;TAKER;;INTARIAN_PEPPER_ROOT;XIRECS;12006.0;6
688000;TAKER;;INTARIAN_PEPPER_ROOT;XIRECS;12006.0;5
688000;TAKER;;ASH_COATED_OSMIUM;XIRECS;10008.0;15
688200;TAKER;;ASH_COATED_OSMIUM;XIRECS;10010.0;2
688300;TAKER;;INTARIAN_PEPPER_ROOT;XIRECS;12007.0;9
688500;TAKER;;ASH_COATED_OSMIUM;XIRECS;10009.0;4
688800;;TAKER;ASH_COATED_OSMIUM;XIRECS;9988.0;6
689100;TAKER;;INTARIAN_PEPPER_ROOT;XIRECS;12009.0;10
689600;;TAKER;INTARIAN_PEPPER_ROOT;XIRECS;11995.0;5
689700;;TAKER;ASH_COATED_OSMIUM;XIRECS;9994.0;11
689800;;TAKER;INTARIAN_PEPPER_ROOT;XIRECS;11994.0;5
690000;TAKER;;ASH_COATED_OSMIUM;XIRECS;10009.0;4
690300;;TAKER;INTARIAN_PEPPER_ROOT;XIRECS;11993.0;2
690500;;TAKER;INTARIAN_PEPPER_ROOT;XIRECS;11993.0;14
690800;;TAKER;INTARIAN_PEPPER_ROOT;XIRECS;11994.0;13
691500;TAKER;;ASH_COATED_OSMIUM;XIRECS;10007.0;12
692000;;TAKER;INTARIAN_PEPPER_ROOT;XIRECS;11996.0;10
692100;;TAKER;INTARIAN_PEPPER_ROOT;XIRECS;11993.0;4
692300;TAKER;;INTARIAN_PEPPER_ROOT;XIRECS;12008.0;4
692400;TAKER;;INTARIAN_PEPPER_ROOT;XIRECS;12008.0;8
692500;TAKER;;INTARIAN_PEPPER_ROOT;XIRECS;12007.0;4
692500;TAKER;;ASH_COATED_OSMIUM;XIRECS;10008.0;13
692900;;TAKER;INTARIAN_PEPPER_ROOT;XIRECS;11992.0;15
693000;;TAKER;ASH_COATED_OSMIUM;XIRECS;9992.0;8
693200;TAKER;;INTARIAN_PEPPER_ROOT;XIRECS;12006.0;5
693400;TAKER;;ASH_COATED_OSMIUM;XIRECS;10008.0;11
693500;TAKER;;INTARIAN_PEPPER_ROOT;XIRECS;12005.0;8
693700;TAKER;;INTARIAN_PEPPER_ROOT;XIRECS;12005.0;13
694000;;TAKER;INTARIAN_PEPPER_ROOT;XIRECS;11996.0;11
694300;;TAKER;ASH_COATED_OSMIUM;XIRECS;9993.0;4
694400;TAKER;;INTARIAN_PEPPER_ROOT;XIRECS;12007.0;12
694800;;TAKER;INTARIAN_PEPPER_ROOT;XIRECS;11992.0;14
695000;;TAKER;ASH_COATED_OSMIUM;XIRECS;9996.0;12
695100;;TAKER;INTARIAN_PEPPER_ROOT;XIRECS;11994.0;13
695700;TAKER;;INTARIAN_PEPPER_ROOT;XIRECS;12007.0;5
695700;;TAKER;ASH_COATED_OSMIUM;XIRECS;9991.0;8
695800;TAKER;;ASH_COATED_OSMIUM;XIRECS;10009.0;2
696000;TAKER;;ASH_COATED_OSMIUM;XIRECS;10008.0;10
696100;TAKER;;INTARIAN_PEPPER_ROOT;XIRECS;12006.0;14
696300;;TAKER;INTARIAN_PEPPER_ROOT;XIRECS;11991.0;10
696500;;TAKER;ASH_COATED_OSMIUM;XIRECS;9988.0;3
696600;TAKER;;INTARIAN_PEPPER_ROOT;XIRECS;12006.0;14
696700;TAKER;;INTARIAN_PEPPER_ROOT;XIRECS;12006.0;13
697200;;TAKER;ASH_COATED_OSMIUM;XIRECS;9991.0;3
697700;;TAKER;INTARIAN_PEPPER_ROOT;XIRECS;11992.0;9
697900;;TAKER;INTARIAN_PEPPER_ROOT;XIRECS;11990.0;14
697900;TAKER;;ASH_COATED_OSMIUM;XIRECS;10006.0;10
698000;;TAKER;ASH_COATED_OSMIUM;XIRECS;9991.0;7
698100;TAKER;;INTARIAN_PEPPER_ROOT;XIRECS;12005.0;5
698200;TAKER;;ASH_COATED_OSMIUM;XIRECS;10008.0;10
698400;;TAKER;INTARIAN_PEPPER_ROOT;XIRECS;11992.0;13
698500;;TAKER;ASH_COATED_OSMIUM;XIRECS;9993.0;7
698600;;TAKER;INTARIAN_PEPPER_ROOT;XIRECS;11992.0;3
698600;TAKER;;ASH_COATED_OSMIUM;XIRECS;10007.0;9
698700;;TAKER;ASH_COATED_OSMIUM;XIRECS;9988.0;2
699000;;TAKER;INTARIAN_PEPPER_ROOT;XIRECS;11991.0;11
699400;TAKER;;INTARIAN_PEPPER_ROOT;XIRECS;12007.0;15
699900;;TAKER;INTARIAN_PEPPER_ROOT;XIRECS;11993.0;8
700000;;TAKER;INTARIAN_PEPPER_ROOT;XIRECS;11994.0;2
700000;TAKER;;ASH_COATED_OSMIUM;XIRECS;10010.0;4
700100;TAKER;;ASH_COATED_OSMIUM;XIRECS;10010.0;3
700200;TAKER;;INTARIAN_PEPPER_ROOT;XIRECS;12004.0;2
700200;;TAKER;ASH_COATED_OSMIUM;XIRECS;9988.0;2
700300;TAKER;;INTARIAN_PEPPER_ROOT;XIRECS;12005.0;14
700300;TAKER;;ASH_COATED_OSMIUM;XIRECS;10008.0;9
700600;;TAKER;ASH_COATED_OSMIUM;XIRECS;9994.0;3
701100;;TAKER;ASH_COATED_OSMIUM;XIRECS;9993.0;12
701400;;TAKER;ASH_COATED_OSMIUM;XIRECS;9987.0;6
701600;;TAKER;INTARIAN_PEPPER_ROOT;XIRECS;11992.0;9
701600;;TAKER;ASH_COATED_OSMIUM;XIRECS;9989.0;4
701700;;TAKER;INTARIAN_PEPPER_ROOT;XIRECS;11992.0;2
701800;;TAKER;INTARIAN_PEPPER_ROOT;XIRECS;11993.0;10
702000;TAKER;;INTARIAN_PEPPER_ROOT;XIRECS;12004.0;10
702400;;TAKER;INTARIAN_PEPPER_ROOT;XIRECS;11991.0;13
702500;;TAKER;ASH_COATED_OSMIUM;XIRECS;9992.0;8
702700;;TAKER;INTARIAN_PEPPER_ROOT;XIRECS;11994.0;5
702900;;TAKER;INTARIAN_PEPPER_ROOT;XIRECS;11993.0;8
703100;TAKER;;ASH_COATED_OSMIUM;XIRECS;10009.0;6
703200;TAKER;;ASH_COATED_OSMIUM;XIRECS;10008.0;12
703400;;TAKER;ASH_COATED_OSMIUM;XIRECS;9994.0;5
703500;TAKER;;INTARIAN_PEPPER_ROOT;XIRECS;12006.0;10
703600;;TAKER;INTARIAN_PEPPER_ROOT;XIRECS;11993.0;4
703600;TAKER;;ASH_COATED_OSMIUM;XIRECS;10004.0;14
703800;;TAKER;INTARIAN_PEPPER_ROOT;XIRECS;11994.0;13
703800;TAKER;;ASH_COATED_OSMIUM;XIRECS;10012.0;2
704000;;TAKER;INTARIAN_PEPPER_ROOT;XIRECS;11991.0;2
704000;TAKER;;ASH_COATED_OSMIUM;XIRECS;10007.0;9
704100;;TAKER;INTARIAN_PEPPER_ROOT;XIRECS;11991.0;12
704300;;TAKER;INTARIAN_PEPPER_ROOT;XIRECS;11993.0;2
704400;TAKER;;INTARIAN_PEPPER_ROOT;XIRECS;12005.0;12
704400;TAKER;;ASH_COATED_OSMIUM;XIRECS;10011.0;15
704700;;TAKER;ASH_COATED_OSMIUM;XIRECS;9993.0;14
704800;TAKER;;ASH_COATED_OSMIUM;XIRECS;10006.0;10
704900;TAKER;;ASH_COATED_OSMIUM;XIRECS;10008.0;4
705000;TAKER;;INTARIAN_PEPPER_ROOT;XIRECS;12004.0;11
705000;;TAKER;ASH_COATED_OSMIUM;XIRECS;9988.0;14
705100;TAKER;;INTARIAN_PEPPER_ROOT;XIRECS;12008.0;5
705200;TAKER;;ASH_COATED_OSMIUM;XIRECS;10010.0;10
705400;TAKER;;ASH_COATED_OSMIUM;XIRECS;10007.0;6
705500;;TAKER;INTARIAN_PEPPER_ROOT;XIRECS;11993.0;12
705500;;TAKER;ASH_COATED_OSMIUM;XIRECS;9992.0;2
705600;;TAKER;ASH_COATED_OSMIUM;XIRECS;9990.0;3
705800;TAKER;;INTARIAN_PEPPER_ROOT;XIRECS;12008.0;4
706000;TAKER;;INTARIAN_PEPPER_ROOT;XIRECS;12007.0;12
706200;;TAKER;INTARIAN_PEPPER_ROOT;XIRECS;11994.0;15
706300;TAKER;;INTARIAN_PEPPER_ROOT;XIRECS;12006.0;3
706300;TAKER;;ASH_COATED_OSMIUM;XIRECS;10010.0;10
706500;TAKER;;ASH_COATED_OSMIUM;XIRECS;10003.0;2
706600;TAKER;;INTARIAN_PEPPER_ROOT;XIRECS;12009.0;5
706600;TAKER;;ASH_COATED_OSMIUM;XIRECS;10005.0;10
706900;TAKER;;INTARIAN_PEPPER_ROOT;XIRECS;12009.0;12
706900;TAKER;;ASH_COATED_OSMIUM;XIRECS;10009.0;11
707200;;TAKER;INTARIAN_PEPPER_ROOT;XIRECS;11993.0;14
707300;TAKER;;ASH_COATED_OSMIUM;XIRECS;10009.0;4
707500;;TAKER;ASH_COATED_OSMIUM;XIRECS;9990.0;3
707600;;TAKER;INTARIAN_PEPPER_ROOT;XIRECS;11992.0;3
707800;;TAKER;INTARIAN_PEPPER_ROOT;XIRECS;11992.0;8
708100;;TAKER;INTARIAN_PEPPER_ROOT;XIRECS;11993.0;13
708200;TAKER;;ASH_COATED_OSMIUM;XIRECS;10009.0;7
708600;TAKER;;ASH_COATED_OSMIUM;XIRECS;10005.0;4
708700;TAKER;;ASH_COATED_OSMIUM;XIRECS;10008.0;4
708800;TAKER;;INTARIAN_PEPPER_ROOT;XIRECS;12008.0;13
708900;TAKER;;INTARIAN_PEPPER_ROOT;XIRECS;12006.0;4
709000;TAKER;;ASH_COATED_OSMIUM;XIRECS;10008.0;9
709100;TAKER;;ASH_COATED_OSMIUM;XIRECS;10010.0;12
709700;;TAKER;INTARIAN_PEPPER_ROOT;XIRECS;11994.0;3
709900;;TAKER;INTARIAN_PEPPER_ROOT;XIRECS;11993.0;13
710400;TAKER;;INTARIAN_PEPPER_ROOT;XIRECS;12007.0;5
710500;;TAKER;INTARIAN_PEPPER_ROOT;XIRECS;11994.0;13
710600;TAKER;;ASH_COATED_OSMIUM;XIRECS;10005.0;6
710700;TAKER;;ASH_COATED_OSMIUM;XIRECS;10006.0;6
711100;TAKER;;ASH_COATED_OSMIUM;XIRECS;10008.0;6
711200;TAKER;;INTARIAN_PEPPER_ROOT;XIRECS;12003.0;12
711600;;TAKER;INTARIAN_PEPPER_ROOT;XIRECS;11994.0;13
711700;TAKER;;INTARIAN_PEPPER_ROOT;XIRECS;12007.0;2
712000;TAKER;;ASH_COATED_OSMIUM;XIRECS;10010.0;12
712100;;TAKER;ASH_COATED_OSMIUM;XIRECS;9989.0;6
712200;TAKER;;INTARIAN_PEPPER_ROOT;XIRECS;12007.0;2
712300;;TAKER;INTARIAN_PEPPER_ROOT;XIRECS;11993.0;4
712300;;TAKER;ASH_COATED_OSMIUM;XIRECS;9991.0;15
712500;;TAKER;ASH_COATED_OSMIUM;XIRECS;9991.0;6
712600;;TAKER;ASH_COATED_OSMIUM;XIRECS;9990.0;10
712700;;TAKER;ASH_COATED_OSMIUM;XIRECS;9988.0;13
712900;TAKER;;INTARIAN_PEPPER_ROOT;XIRECS;12006.0;6
713000;TAKER;;INTARIAN_PEPPER_ROOT;XIRECS;12004.0;10
713400;TAKER;;ASH_COATED_OSMIUM;XIRECS;10005.0;7
713900;TAKER;;INTARIAN_PEPPER_ROOT;XIRECS;12006.0;6
713900;;TAKER;ASH_COATED_OSMIUM;XIRECS;9990.0;12
714000;;TAKER;ASH_COATED_OSMIUM;XIRECS;9991.0;8
714100;;TAKER;INTARIAN_PEPPER_ROOT;XIRECS;11993.0;13
714300;TAKER;;ASH_COATED_OSMIUM;XIRECS;10010.0;2
714400;;TAKER;ASH_COATED_OSMIUM;XIRECS;9987.0;11
714500;TAKER;;INTARIAN_PEPPER_ROOT;XIRECS;12006.0;10
714600;;TAKER;ASH_COATED_OSMIUM;XIRECS;9989.0;7
714900;;TAKER;INTARIAN_PEPPER_ROOT;XIRECS;11991.0;15
715000;;TAKER;ASH_COATED_OSMIUM;XIRECS;9989.0;5
715200;;TAKER;INTARIAN_PEPPER_ROOT;XIRECS;11993.0;11
715900;;TAKER;ASH_COATED_OSMIUM;XIRECS;9991.0;10
716000;;TAKER;ASH_COATED_OSMIUM;XIRECS;9994.0;2
716100;TAKER;;INTARIAN_PEPPER_ROOT;XIRECS;12007.0;15
716400;TAKER;;ASH_COATED_OSMIUM;XIRECS;10005.0;5
716700;TAKER;;INTARIAN_PEPPER_ROOT;XIRECS;12006.0;15
716800;;TAKER;ASH_COATED_OSMIUM;XIRECS;9991.0;8
717000;;TAKER;ASH_COATED_OSMIUM;XIRECS;9990.0;8
717100;TAKER;;INTARIAN_PEPPER_ROOT;XIRECS;12005.0;8
717100;TAKER;;ASH_COATED_OSMIUM;XIRECS;10011.0;3
717200;TAKER;;INTARIAN_PEPPER_ROOT;XIRECS;12006.0;4
717500;TAKER;;INTARIAN_PEPPER_ROOT;XIRECS;12006.0;14
717500;TAKER;;ASH_COATED_OSMIUM;XIRECS;10007.0;11
717900;;TAKER;ASH_COATED_OSMIUM;XIRECS;9990.0;12
718300;;TAKER;ASH_COATED_OSMIUM;XIRECS;9990.0;9
718600;TAKER;;INTARIAN_PEPPER_ROOT;XIRECS;12006.0;10
718600;TAKER;;ASH_COATED_OSMIUM;XIRECS;10005.0;3
718700;TAKER;;INTARIAN_PEPPER_ROOT;XIRECS;12008.0;8
718700;TAKER;;ASH_COATED_OSMIUM;XIRECS;10008.0;9
718800;TAKER;;ASH_COATED_OSMIUM;XIRECS;10011.0;13
719000;TAKER;;ASH_COATED_OSMIUM;XIRECS;10005.0;5
719200;;TAKER;ASH_COATED_OSMIUM;XIRECS;9991.0;11
719300;;TAKER;INTARIAN_PEPPER_ROOT;XIRECS;11993.0;11
719300;;TAKER;ASH_COATED_OSMIUM;XIRECS;9993.0;6
719400;;TAKER;INTARIAN_PEPPER_ROOT;XIRECS;11994.0;10
719500;;TAKER;INTARIAN_PEPPER_ROOT;XIRECS;11993.0;10
719600;;TAKER;INTARIAN_PEPPER_ROOT;XIRECS;11995.0;7
719700;;TAKER;ASH_COATED_OSMIUM;XIRECS;9987.0;5
719800;TAKER;;ASH_COATED_OSMIUM;XIRECS;10005.0;4
720000;TAKER;;INTARIAN_PEPPER_ROOT;XIRECS;12006.0;5
720100;TAKER;;ASH_COATED_OSMIUM;XIRECS;10008.0;6
720200;TAKER;;ASH_COATED_OSMIUM;XIRECS;10007.0;14
720300;TAKER;;INTARIAN_PEPPER_ROOT;XIRECS;12005.0;3
720700;TAKER;;INTARIAN_PEPPER_ROOT;XIRECS;12007.0;15
720800;TAKER;;ASH_COATED_OSMIUM;XIRECS;10010.0;13
720900;TAKER;;INTARIAN_PEPPER_ROOT;XIRECS;12006.0;14
721000;TAKER;;INTARIAN_PEPPER_ROOT;XIRECS;12005.0;11
721100;TAKER;;ASH_COATED_OSMIUM;XIRECS;10009.0;9
721200;;TAKER;ASH_COATED_OSMIUM;XIRECS;9991.0;7
721400;TAKER;;INTARIAN_PEPPER_ROOT;XIRECS;12007.0;7
721500;;TAKER;INTARIAN_PEPPER_ROOT;XIRECS;11991.0;15
721500;;TAKER;ASH_COATED_OSMIUM;XIRECS;9990.0;15
721700;TAKER;;ASH_COATED_OSMIUM;XIRECS;10009.0;9
721800;;TAKER;ASH_COATED_OSMIUM;XIRECS;9991.0;7
722200;;TAKER;ASH_COATED_OSMIUM;XIRECS;9994.0;9
722300;TAKER;;INTARIAN_PEPPER_ROOT;XIRECS;12007.0;11
722300;;TAKER;ASH_COATED_OSMIUM;XIRECS;9992.0;7
722600;;TAKER;INTARIAN_PEPPER_ROOT;XIRECS;11993.0;3
722800;TAKER;;INTARIAN_PEPPER_ROOT;XIRECS;12006.0;13
722900;TAKER;;ASH_COATED_OSMIUM;XIRECS;10006.0;6
723000;TAKER;;INTARIAN_PEPPER_ROOT;XIRECS;12005.0;10
723200;;TAKER;ASH_COATED_OSMIUM;XIRECS;9988.0;13
723400;;TAKER;INTARIAN_PEPPER_ROOT;XIRECS;11993.0;8
723400;;TAKER;ASH_COATED_OSMIUM;XIRECS;9992.0;8
723600;;TAKER;INTARIAN_PEPPER_ROOT;XIRECS;11993.0;11
723600;TAKER;;ASH_COATED_OSMIUM;XIRECS;10007.0;4
723700;;TAKER;INTARIAN_PEPPER_ROOT;XIRECS;11993.0;14
723800;TAKER;;ASH_COATED_OSMIUM;XIRECS;10006.0;6
723900;TAKER;;ASH_COATED_OSMIUM;XIRECS;10009.0;6
724000;;TAKER;INTARIAN_PEPPER_ROOT;XIRECS;11991.0;2
724300;;TAKER;ASH_COATED_OSMIUM;XIRECS;9989.0;3
724600;TAKER;;ASH_COATED_OSMIUM;XIRECS;10008.0;15
724800;TAKER;;INTARIAN_PEPPER_ROOT;XIRECS;12006.0;15
725100;;TAKER;INTARIAN_PEPPER_ROOT;XIRECS;11990.0;9
725200;TAKER;;INTARIAN_PEPPER_ROOT;XIRECS;12007.0;11
725200;;TAKER;ASH_COATED_OSMIUM;XIRECS;9991.0;12
725300;TAKER;;ASH_COATED_OSMIUM;XIRECS;10006.0;3
725400;;TAKER;INTARIAN_PEPPER_ROOT;XIRECS;11992.0;7
725500;;TAKER;ASH_COATED_OSMIUM;XIRECS;9994.0;13
725600;TAKER;;INTARIAN_PEPPER_ROOT;XIRECS;12004.0;12
725700;TAKER;;INTARIAN_PEPPER_ROOT;XIRECS;12005.0;11
725700;TAKER;;ASH_COATED_OSMIUM;XIRECS;10007.0;13
725800;;TAKER;ASH_COATED_OSMIUM;XIRECS;9990.0;5
726200;;TAKER;INTARIAN_PEPPER_ROOT;XIRECS;11993.0;5
726400;TAKER;;INTARIAN_PEPPER_ROOT;XIRECS;12006.0;7
726600;;TAKER;INTARIAN_PEPPER_ROOT;XIRECS;11992.0;15
726800;;TAKER;ASH_COATED_OSMIUM;XIRECS;9992.0;9
727000;TAKER;;ASH_COATED_OSMIUM;XIRECS;10006.0;2
727100;;TAKER;ASH_COATED_OSMIUM;XIRECS;9990.0;10
727200;TAKER;;ASH_COATED_OSMIUM;XIRECS;10003.0;8
727300;TAKER;;INTARIAN_PEPPER_ROOT;XIRECS;12007.0;3
727300;TAKER;;ASH_COATED_OSMIUM;XIRECS;10010.0;3
727500;TAKER;;ASH_COATED_OSMIUM;XIRECS;10008.0;10
728100;;TAKER;INTARIAN_PEPPER_ROOT;XIRECS;11993.0;6
728300;;TAKER;INTARIAN_PEPPER_ROOT;XIRECS;11992.0;10
728400;;TAKER;ASH_COATED_OSMIUM;XIRECS;9991.0;2
728500;TAKER;;INTARIAN_PEPPER_ROOT;XIRECS;12008.0;13
728600;;TAKER;ASH_COATED_OSMIUM;XIRECS;9993.0;9
728700;TAKER;;ASH_COATED_OSMIUM;XIRECS;10006.0;4
728800;;TAKER;INTARIAN_PEPPER_ROOT;XIRECS;11992.0;6
728800;TAKER;;ASH_COATED_OSMIUM;XIRECS;10009.0;9
729100;;TAKER;INTARIAN_PEPPER_ROOT;XIRECS;11992.0;8
729300;TAKER;;INTARIAN_PEPPER_ROOT;XIRECS;12005.0;6
729400;TAKER;;ASH_COATED_OSMIUM;XIRECS;10012.0;5
729600;TAKER;;INTARIAN_PEPPER_ROOT;XIRECS;12007.0;12
729700;;TAKER;ASH_COATED_OSMIUM;XIRECS;9988.0;9
729800;;TAKER;ASH_COATED_OSMIUM;XIRECS;9991.0;9
730000;;TAKER;INTARIAN_PEPPER_ROOT;XIRECS;11992.0;6
730100;;TAKER;INTARIAN_PEPPER_ROOT;XIRECS;11993.0;9
730200;TAKER;;ASH_COATED_OSMIUM;XIRECS;10013.0;7
730300;;TAKER;INTARIAN_PEPPER_ROOT;XIRECS;11992.0;5
730300;;TAKER;ASH_COATED_OSMIUM;XIRECS;9990.0;2
730500;;TAKER;ASH_COATED_OSMIUM;XIRECS;9993.0;8
730700;;TAKER;INTARIAN_PEPPER_ROOT;XIRECS;11992.0;9
730700;TAKER;;ASH_COATED_OSMIUM;XIRECS;10009.0;2
730900;;TAKER;INTARIAN_PEPPER_ROOT;XIRECS;11992.0;14
731200;TAKER;;INTARIAN_PEPPER_ROOT;XIRECS;12006.0;5
731400;TAKER;;ASH_COATED_OSMIUM;XIRECS;10009.0;2
731500;TAKER;;ASH_COATED_OSMIUM;XIRECS;10009.0;13
731700;;TAKER;INTARIAN_PEPPER_ROOT;XIRECS;11992.0;14
732000;;TAKER;INTARIAN_PEPPER_ROOT;XIRECS;11993.0;4
732200;;TAKER;INTARIAN_PEPPER_ROOT;XIRECS;11993.0;12
732200;;TAKER;ASH_COATED_OSMIUM;XIRECS;9990.0;10
732400;;TAKER;INTARIAN_PEPPER_ROOT;XIRECS;11990.0;6
732600;TAKER;;INTARIAN_PEPPER_ROOT;XIRECS;12008.0;12
732600;TAKER;;ASH_COATED_OSMIUM;XIRECS;10007.0;13
732700;TAKER;;INTARIAN_PEPPER_ROOT;XIRECS;12007.0;7
732800;;TAKER;ASH_COATED_OSMIUM;XIRECS;9995.0;13
732900;TAKER;;INTARIAN_PEPPER_ROOT;XIRECS;12009.0;11
733000;;TAKER;INTARIAN_PEPPER_ROOT;XIRECS;11992.0;13
733300;;TAKER;ASH_COATED_OSMIUM;XIRECS;9990.0;7
733400;TAKER;;ASH_COATED_OSMIUM;XIRECS;10008.0;15
733600;;TAKER;INTARIAN_PEPPER_ROOT;XIRECS;11991.0;8
733900;;TAKER;ASH_COATED_OSMIUM;XIRECS;9990.0;3
734200;;TAKER;INTARIAN_PEPPER_ROOT;XIRECS;11992.0;10
734300;;TAKER;INTARIAN_PEPPER_ROOT;XIRECS;11994.0;14
734300;;TAKER;ASH_COATED_OSMIUM;XIRECS;9991.0;10
734500;TAKER;;ASH_COATED_OSMIUM;XIRECS;10010.0;7
734600;TAKER;;ASH_COATED_OSMIUM;XIRECS;10011.0;15
735000;;TAKER;ASH_COATED_OSMIUM;XIRECS;9992.0;15
735100;TAKER;;ASH_COATED_OSMIUM;XIRECS;10009.0;8
735200;;TAKER;ASH_COATED_OSMIUM;XIRECS;9988.0;13
735300;TAKER;;ASH_COATED_OSMIUM;XIRECS;10008.0;8
735700;TAKER;;INTARIAN_PEPPER_ROOT;XIRECS;12008.0;6
735900;;TAKER;ASH_COATED_OSMIUM;XIRECS;9991.0;7
736100;;TAKER;INTARIAN_PEPPER_ROOT;XIRECS;11993.0;4
736400;;TAKER;INTARIAN_PEPPER_ROOT;XIRECS;11993.0;12
736700;;TAKER;INTARIAN_PEPPER_ROOT;XIRECS;11991.0;2
737000;TAKER;;ASH_COATED_OSMIUM;XIRECS;10008.0;7
737200;;TAKER;ASH_COATED_OSMIUM;XIRECS;9988.0;4
737300;;TAKER;INTARIAN_PEPPER_ROOT;XIRECS;11995.0;4
737600;;TAKER;INTARIAN_PEPPER_ROOT;XIRECS;11994.0;7
737800;;TAKER;INTARIAN_PEPPER_ROOT;XIRECS;11991.0;4
737800;TAKER;;ASH_COATED_OSMIUM;XIRECS;10007.0;14
738000;;TAKER;INTARIAN_PEPPER_ROOT;XIRECS;11991.0;4
738300;TAKER;;ASH_COATED_OSMIUM;XIRECS;10008.0;9
738500;;TAKER;ASH_COATED_OSMIUM;XIRECS;9991.0;15
738600;;TAKER;INTARIAN_PEPPER_ROOT;XIRECS;11991.0;5
738800;TAKER;;INTARIAN_PEPPER_ROOT;XIRECS;12007.0;5
738800;TAKER;;ASH_COATED_OSMIUM;XIRECS;10009.0;8
739000;;TAKER;ASH_COATED_OSMIUM;XIRECS;9991.0;15
739200;TAKER;;INTARIAN_PEPPER_ROOT;XIRECS;12008.0;10
739300;TAKER;;INTARIAN_PEPPER_ROOT;XIRECS;12008.0;14
739300;;TAKER;ASH_COATED_OSMIUM;XIRECS;9988.0;12
739400;TAKER;;INTARIAN_PEPPER_ROOT;XIRECS;12008.0;3
739500;TAKER;;INTARIAN_PEPPER_ROOT;XIRECS;12007.0;8
739500;TAKER;;ASH_COATED_OSMIUM;XIRECS;10008.0;5
739600;TAKER;;INTARIAN_PEPPER_ROOT;XIRECS;12005.0;9
739800;TAKER;;ASH_COATED_OSMIUM;XIRECS;10009.0;12
740200;;TAKER;INTARIAN_PEPPER_ROOT;XIRECS;11991.0;11
740300;;TAKER;INTARIAN_PEPPER_ROOT;XIRECS;11991.0;5
741400;;TAKER;INTARIAN_PEPPER_ROOT;XIRECS;11992.0;12
741500;;TAKER;ASH_COATED_OSMIUM;XIRECS;9990.0;9
741700;TAKER;;ASH_COATED_OSMIUM;XIRECS;10008.0;5
741800;TAKER;;INTARIAN_PEPPER_ROOT;XIRECS;12006.0;14
741900;TAKER;;ASH_COATED_OSMIUM;XIRECS;10009.0;12
742100;TAKER;;INTARIAN_PEPPER_ROOT;XIRECS;12006.0;9
742400;TAKER;;ASH_COATED_OSMIUM;XIRECS;10004.0;13
742600;;TAKER;ASH_COATED_OSMIUM;XIRECS;9994.0;5
742700;;TAKER;INTARIAN_PEPPER_ROOT;XIRECS;11992.0;2
742900;TAKER;;ASH_COATED_OSMIUM;XIRECS;10007.0;14
743000;;TAKER;INTARIAN_PEPPER_ROOT;XIRECS;11993.0;8
743000;;TAKER;ASH_COATED_OSMIUM;XIRECS;9987.0;3
743400;TAKER;;ASH_COATED_OSMIUM;XIRECS;10008.0;3
743600;;TAKER;INTARIAN_PEPPER_ROOT;XIRECS;11991.0;14
743600;;TAKER;ASH_COATED_OSMIUM;XIRECS;9987.0;3
743700;TAKER;;INTARIAN_PEPPER_ROOT;XIRECS;12008.0;6
743700;;TAKER;ASH_COATED_OSMIUM;XIRECS;9991.0;4
743800;TAKER;;INTARIAN_PEPPER_ROOT;XIRECS;12006.0;7
743900;;TAKER;INTARIAN_PEPPER_ROOT;XIRECS;11993.0;10
744100;;TAKER;INTARIAN_PEPPER_ROOT;XIRECS;11994.0;15
744100;;TAKER;ASH_COATED_OSMIUM;XIRECS;9992.0;10
744200;TAKER;;INTARIAN_PEPPER_ROOT;XIRECS;12006.0;8
744300;TAKER;;ASH_COATED_OSMIUM;XIRECS;10014.0;4
744400;TAKER;;ASH_COATED_OSMIUM;XIRECS;10011.0;5
744700;;TAKER;INTARIAN_PEPPER_ROOT;XIRECS;11992.0;11
744900;TAKER;;ASH_COATED_OSMIUM;XIRECS;10008.0;8
745100;TAKER;;ASH_COATED_OSMIUM;XIRECS;10009.0;7
745200;;TAKER;INTARIAN_PEPPER_ROOT;XIRECS;11992.0;15
745300;;TAKER;INTARIAN_PEPPER_ROOT;XIRECS;11993.0;15
745300;TAKER;;ASH_COATED_OSMIUM;XIRECS;10013.0;4
745600;TAKER;;INTARIAN_PEPPER_ROOT;XIRECS;12006.0;9
745600;;TAKER;ASH_COATED_OSMIUM;XIRECS;9988.0;11
745800;;TAKER;INTARIAN_PEPPER_ROOT;XIRECS;11994.0;12
746000;;TAKER;ASH_COATED_OSMIUM;XIRECS;9989.0;14
746100;;TAKER;INTARIAN_PEPPER_ROOT;XIRECS;11993.0;15
746300;TAKER;;ASH_COATED_OSMIUM;XIRECS;10009.0;8
746400;;TAKER;ASH_COATED_OSMIUM;XIRECS;9991.0;10
746500;;TAKER;INTARIAN_PEPPER_ROOT;XIRECS;11993.0;11
746600;TAKER;;INTARIAN_PEPPER_ROOT;XIRECS;12008.0;13
746700;;TAKER;ASH_COATED_OSMIUM;XIRECS;9990.0;15
747000;TAKER;;INTARIAN_PEPPER_ROOT;XIRECS;12007.0;7
747200;;TAKER;INTARIAN_PEPPER_ROOT;XIRECS;11993.0;10
747400;;TAKER;INTARIAN_PEPPER_ROOT;XIRECS;11992.0;9
747600;;TAKER;ASH_COATED_OSMIUM;XIRECS;9989.0;15
747900;TAKER;;ASH_COATED_OSMIUM;XIRECS;10009.0;10
748200;TAKER;;ASH_COATED_OSMIUM;XIRECS;10009.0;14
748400;TAKER;;INTARIAN_PEPPER_ROOT;XIRECS;12006.0;7
748500;TAKER;;ASH_COATED_OSMIUM;XIRECS;10006.0;15
748600;;TAKER;INTARIAN_PEPPER_ROOT;XIRECS;11993.0;12
748600;TAKER;;ASH_COATED_OSMIUM;XIRECS;10011.0;5
748700;;TAKER;INTARIAN_PEPPER_ROOT;XIRECS;11992.0;3
748700;TAKER;;ASH_COATED_OSMIUM;XIRECS;10010.0;7
748800;;TAKER;ASH_COATED_OSMIUM;XIRECS;9991.0;15
748900;TAKER;;ASH_COATED_OSMIUM;XIRECS;10007.0;7
749000;;TAKER;INTARIAN_PEPPER_ROOT;XIRECS;11992.0;10
749000;;TAKER;ASH_COATED_OSMIUM;XIRECS;9987.0;8
749100;;TAKER;INTARIAN_PEPPER_ROOT;XIRECS;11993.0;7
749200;;TAKER;INTARIAN_PEPPER_ROOT;XIRECS;11994.0;14
749400;;TAKER;INTARIAN_PEPPER_ROOT;XIRECS;11991.0;15
749400;;TAKER;ASH_COATED_OSMIUM;XIRECS;9989.0;4
749600;;TAKER;INTARIAN_PEPPER_ROOT;XIRECS;11991.0;7
749600;;TAKER;ASH_COATED_OSMIUM;XIRECS;9990.0;2
749700;;TAKER;ASH_COATED_OSMIUM;XIRECS;9990.0;13
749800;;TAKER;ASH_COATED_OSMIUM;XIRECS;9990.0;5
749900;TAKER;;INTARIAN_PEPPER_ROOT;XIRECS;12007.0;11
750000;TAKER;;INTARIAN_PEPPER_ROOT;XIRECS;12006.0;4
750300;TAKER;;ASH_COATED_OSMIUM;XIRECS;10005.0;6
750400;;TAKER;INTARIAN_PEPPER_ROOT;XIRECS;11993.0;15
750700;TAKER;;INTARIAN_PEPPER_ROOT;XIRECS;12005.0;3
751200;;TAKER;INTARIAN_PEPPER_ROOT;XIRECS;11989.0;7
751200;;TAKER;ASH_COATED_OSMIUM;XIRECS;9993.0;11
751300;TAKER;;INTARIAN_PEPPER_ROOT;XIRECS;12008.0;2
751900;;TAKER;ASH_COATED_OSMIUM;XIRECS;9991.0;7
752000;TAKER;;INTARIAN_PEPPER_ROOT;XIRECS;12008.0;3
752000;;TAKER;ASH_COATED_OSMIUM;XIRECS;9990.0;6
752200;;TAKER;INTARIAN_PEPPER_ROOT;XIRECS;11995.0;4
752400;;TAKER;INTARIAN_PEPPER_ROOT;XIRECS;11990.0;13
752500;TAKER;;ASH_COATED_OSMIUM;XIRECS;10007.0;6
752600;;TAKER;ASH_COATED_OSMIUM;XIRECS;9989.0;13
752700;;TAKER;ASH_COATED_OSMIUM;XIRECS;9993.0;4
753400;TAKER;;ASH_COATED_OSMIUM;XIRECS;10006.0;4
753500;TAKER;;INTARIAN_PEPPER_ROOT;XIRECS;12006.0;6
753700;;TAKER;INTARIAN_PEPPER_ROOT;XIRECS;11992.0;4
753800;;TAKER;INTARIAN_PEPPER_ROOT;XIRECS;11994.0;11
753900;TAKER;;INTARIAN_PEPPER_ROOT;XIRECS;12006.0;10
754000;TAKER;;INTARIAN_PEPPER_ROOT;XIRECS;12006.0;5
754000;;TAKER;ASH_COATED_OSMIUM;XIRECS;9991.0;4
754100;;TAKER;ASH_COATED_OSMIUM;XIRECS;9989.0;2
754200;TAKER;;INTARIAN_PEPPER_ROOT;XIRECS;12007.0;12
754200;TAKER;;ASH_COATED_OSMIUM;XIRECS;10006.0;10
754300;;TAKER;INTARIAN_PEPPER_ROOT;XIRECS;11991.0;2
754500;TAKER;;INTARIAN_PEPPER_ROOT;XIRECS;12005.0;13
754600;TAKER;;ASH_COATED_OSMIUM;XIRECS;10004.0;8
754800;TAKER;;INTARIAN_PEPPER_ROOT;XIRECS;12006.0;4
755100;;TAKER;ASH_COATED_OSMIUM;XIRECS;9992.0;3
755200;TAKER;;INTARIAN_PEPPER_ROOT;XIRECS;12007.0;8
755300;TAKER;;INTARIAN_PEPPER_ROOT;XIRECS;12007.0;10
755600;;TAKER;ASH_COATED_OSMIUM;XIRECS;9991.0;14
755700;TAKER;;ASH_COATED_OSMIUM;XIRECS;10009.0;11
756100;TAKER;;ASH_COATED_OSMIUM;XIRECS;10006.0;14
756300;;TAKER;INTARIAN_PEPPER_ROOT;XIRECS;11992.0;15
756800;;TAKER;INTARIAN_PEPPER_ROOT;XIRECS;11992.0;14
757000;TAKER;;ASH_COATED_OSMIUM;XIRECS;10005.0;6
757100;TAKER;;ASH_COATED_OSMIUM;XIRECS;10010.0;11
757800;;TAKER;INTARIAN_PEPPER_ROOT;XIRECS;11993.0;5
757900;;TAKER;INTARIAN_PEPPER_ROOT;XIRECS;11992.0;13
758000;TAKER;;INTARIAN_PEPPER_ROOT;XIRECS;12006.0;4
758000;;TAKER;ASH_COATED_OSMIUM;XIRECS;9990.0;3
758400;TAKER;;INTARIAN_PEPPER_ROOT;XIRECS;12004.0;12
758900;TAKER;;INTARIAN_PEPPER_ROOT;XIRECS;12006.0;4
759100;TAKER;;INTARIAN_PEPPER_ROOT;XIRECS;12007.0;7
759200;;TAKER;INTARIAN_PEPPER_ROOT;XIRECS;11994.0;11
759200;TAKER;;ASH_COATED_OSMIUM;XIRECS;10007.0;12
759300;;TAKER;INTARIAN_PEPPER_ROOT;XIRECS;11990.0;4
759300;TAKER;;ASH_COATED_OSMIUM;XIRECS;10013.0;12
759400;TAKER;;INTARIAN_PEPPER_ROOT;XIRECS;12007.0;11
759700;TAKER;;ASH_COATED_OSMIUM;XIRECS;10009.0;12
759900;;TAKER;INTARIAN_PEPPER_ROOT;XIRECS;11993.0;8
759900;;TAKER;ASH_COATED_OSMIUM;XIRECS;9991.0;2
760100;;TAKER;INTARIAN_PEPPER_ROOT;XIRECS;11994.0;4
760200;TAKER;;INTARIAN_PEPPER_ROOT;XIRECS;12007.0;13
760300;;TAKER;INTARIAN_PEPPER_ROOT;XIRECS;11992.0;13
760300;;TAKER;ASH_COATED_OSMIUM;XIRECS;9993.0;4
760500;;TAKER;ASH_COATED_OSMIUM;XIRECS;9987.0;13
760600;TAKER;;ASH_COATED_OSMIUM;XIRECS;10005.0;8
760800;;TAKER;ASH_COATED_OSMIUM;XIRECS;9993.0;14
761000;;TAKER;ASH_COATED_OSMIUM;XIRECS;9991.0;8
761200;;TAKER;INTARIAN_PEPPER_ROOT;XIRECS;11992.0;4
761600;TAKER;;INTARIAN_PEPPER_ROOT;XIRECS;12007.0;13
761700;TAKER;;INTARIAN_PEPPER_ROOT;XIRECS;12008.0;13
761800;;TAKER;INTARIAN_PEPPER_ROOT;XIRECS;11991.0;14
762500;;TAKER;INTARIAN_PEPPER_ROOT;XIRECS;11993.0;5
762800;TAKER;;INTARIAN_PEPPER_ROOT;XIRECS;12005.0;13
762900;;TAKER;INTARIAN_PEPPER_ROOT;XIRECS;11993.0;6
763000;TAKER;;INTARIAN_PEPPER_ROOT;XIRECS;12005.0;9
763100;TAKER;;INTARIAN_PEPPER_ROOT;XIRECS;12009.0;2
763300;;TAKER;ASH_COATED_OSMIUM;XIRECS;9988.0;7
763500;;TAKER;INTARIAN_PEPPER_ROOT;XIRECS;11994.0;11
763700;;TAKER;ASH_COATED_OSMIUM;XIRECS;9990.0;2
763800;TAKER;;INTARIAN_PEPPER_ROOT;XIRECS;12008.0;12
763900;TAKER;;ASH_COATED_OSMIUM;XIRECS;10011.0;11
764000;;TAKER;ASH_COATED_OSMIUM;XIRECS;9992.0;10
764300;;TAKER;INTARIAN_PEPPER_ROOT;XIRECS;11993.0;4
764400;;TAKER;ASH_COATED_OSMIUM;XIRECS;9987.0;4
764600;;TAKER;ASH_COATED_OSMIUM;XIRECS;9987.0;11
764700;;TAKER;ASH_COATED_OSMIUM;XIRECS;9990.0;12
764900;;TAKER;INTARIAN_PEPPER_ROOT;XIRECS;11992.0;11
764900;TAKER;;ASH_COATED_OSMIUM;XIRECS;10007.0;14
765100;TAKER;;ASH_COATED_OSMIUM;XIRECS;10012.0;2
765200;TAKER;;INTARIAN_PEPPER_ROOT;XIRECS;12008.0;13
765300;;TAKER;INTARIAN_PEPPER_ROOT;XIRECS;11994.0;7
765500;;TAKER;INTARIAN_PEPPER_ROOT;XIRECS;11992.0;4
765500;;TAKER;ASH_COATED_OSMIUM;XIRECS;9990.0;14
765600;TAKER;;ASH_COATED_OSMIUM;XIRECS;10009.0;11
765700;TAKER;;ASH_COATED_OSMIUM;XIRECS;10006.0;9
765900;TAKER;;INTARIAN_PEPPER_ROOT;XIRECS;12008.0;2
766000;TAKER;;ASH_COATED_OSMIUM;XIRECS;10007.0;11
766100;;TAKER;ASH_COATED_OSMIUM;XIRECS;9987.0;15
766600;TAKER;;INTARIAN_PEPPER_ROOT;XIRECS;12008.0;9
766700;;TAKER;INTARIAN_PEPPER_ROOT;XIRECS;11993.0;11
766900;TAKER;;ASH_COATED_OSMIUM;XIRECS;10008.0;9
767200;;TAKER;ASH_COATED_OSMIUM;XIRECS;9989.0;3
767300;TAKER;;INTARIAN_PEPPER_ROOT;XIRECS;12006.0;15
767400;;TAKER;ASH_COATED_OSMIUM;XIRECS;9989.0;7
767500;TAKER;;INTARIAN_PEPPER_ROOT;XIRECS;12007.0;5
767600;;TAKER;INTARIAN_PEPPER_ROOT;XIRECS;11991.0;6
767600;TAKER;;ASH_COATED_OSMIUM;XIRECS;10008.0;6
767700;;TAKER;INTARIAN_PEPPER_ROOT;XIRECS;11993.0;9
767700;TAKER;;ASH_COATED_OSMIUM;XIRECS;10010.0;14
767800;TAKER;;ASH_COATED_OSMIUM;XIRECS;10008.0;10
768100;;TAKER;INTARIAN_PEPPER_ROOT;XIRECS;11993.0;7
768400;TAKER;;INTARIAN_PEPPER_ROOT;XIRECS;12008.0;11
768500;TAKER;;ASH_COATED_OSMIUM;XIRECS;10011.0;13
768800;TAKER;;INTARIAN_PEPPER_ROOT;XIRECS;12008.0;10
769100;;TAKER;ASH_COATED_OSMIUM;XIRECS;9993.0;13
769300;;TAKER;ASH_COATED_OSMIUM;XIRECS;9988.0;13
769400;TAKER;;INTARIAN_PEPPER_ROOT;XIRECS;12004.0;6
769700;TAKER;;INTARIAN_PEPPER_ROOT;XIRECS;12006.0;6
769700;;TAKER;ASH_COATED_OSMIUM;XIRECS;9990.0;7
770100;;TAKER;INTARIAN_PEPPER_ROOT;XIRECS;11992.0;14
770100;;TAKER;ASH_COATED_OSMIUM;XIRECS;9991.0;5
770200;;TAKER;INTARIAN_PEPPER_ROOT;XIRECS;11993.0;5
770900;;TAKER;INTARIAN_PEPPER_ROOT;XIRECS;11993.0;12
771000;TAKER;;INTARIAN_PEPPER_ROOT;XIRECS;12007.0;10
771100;TAKER;;INTARIAN_PEPPER_ROOT;XIRECS;12008.0;9
771300;;TAKER;ASH_COATED_OSMIUM;XIRECS;9989.0;13
771400;TAKER;;INTARIAN_PEPPER_ROOT;XIRECS;12006.0;15
771600;;TAKER;ASH_COATED_OSMIUM;XIRECS;9993.0;7
771700;TAKER;;INTARIAN_PEPPER_ROOT;XIRECS;12006.0;4
771900;;TAKER;ASH_COATED_OSMIUM;XIRECS;9990.0;13
772000;TAKER;;ASH_COATED_OSMIUM;XIRECS;10006.0;14
772200;;TAKER;INTARIAN_PEPPER_ROOT;XIRECS;11993.0;8
772300;TAKER;;ASH_COATED_OSMIUM;XIRECS;10009.0;7
772600;TAKER;;INTARIAN_PEPPER_ROOT;XIRECS;12006.0;2
772700;;TAKER;INTARIAN_PEPPER_ROOT;XIRECS;11991.0;6
772700;TAKER;;ASH_COATED_OSMIUM;XIRECS;10009.0;2
772800;;TAKER;ASH_COATED_OSMIUM;XIRECS;9990.0;8
773000;TAKER;;INTARIAN_PEPPER_ROOT;XIRECS;12007.0;14
773100;TAKER;;INTARIAN_PEPPER_ROOT;XIRECS;12006.0;8
773200;;TAKER;INTARIAN_PEPPER_ROOT;XIRECS;11992.0;14
773300;TAKER;;INTARIAN_PEPPER_ROOT;XIRECS;12009.0;2
773500;TAKER;;INTARIAN_PEPPER_ROOT;XIRECS;12007.0;9
773500;;TAKER;ASH_COATED_OSMIUM;XIRECS;9994.0;4
773600;;TAKER;INTARIAN_PEPPER_ROOT;XIRECS;11994.0;11
774000;TAKER;;ASH_COATED_OSMIUM;XIRECS;10007.0;10
774100;;TAKER;ASH_COATED_OSMIUM;XIRECS;9990.0;7
774400;TAKER;;INTARIAN_PEPPER_ROOT;XIRECS;12006.0;11
774500;;TAKER;INTARIAN_PEPPER_ROOT;XIRECS;11992.0;14
774600;;TAKER;INTARIAN_PEPPER_ROOT;XIRECS;11992.0;2
774900;TAKER;;ASH_COATED_OSMIUM;XIRECS;10010.0;15
775000;TAKER;;INTARIAN_PEPPER_ROOT;XIRECS;12006.0;6
775100;;TAKER;ASH_COATED_OSMIUM;XIRECS;9990.0;10
775300;TAKER;;INTARIAN_PEPPER_ROOT;XIRECS;12006.0;3
775600;TAKER;;ASH_COATED_OSMIUM;XIRECS;10008.0;7
775800;TAKER;;INTARIAN_PEPPER_ROOT;XIRECS;12006.0;6
775800;;TAKER;ASH_COATED_OSMIUM;XIRECS;9990.0;10
776100;;TAKER;INTARIAN_PEPPER_ROOT;XIRECS;11992.0;2
776200;;TAKER;ASH_COATED_OSMIUM;XIRECS;9994.0;11
776300;TAKER;;INTARIAN_PEPPER_ROOT;XIRECS;12007.0;5
776700;;TAKER;INTARIAN_PEPPER_ROOT;XIRECS;11993.0;13
776800;TAKER;;INTARIAN_PEPPER_ROOT;XIRECS;12007.0;7
776800;TAKER;;ASH_COATED_OSMIUM;XIRECS;10009.0;13
776900;;TAKER;ASH_COATED_OSMIUM;XIRECS;9992.0;14
777000;TAKER;;INTARIAN_PEPPER_ROOT;XIRECS;12007.0;10
777300;;TAKER;INTARIAN_PEPPER_ROOT;XIRECS;11993.0;15
777300;TAKER;;ASH_COATED_OSMIUM;XIRECS;10009.0;13
777500;TAKER;;INTARIAN_PEPPER_ROOT;XIRECS;12007.0;4
777800;;TAKER;INTARIAN_PEPPER_ROOT;XIRECS;11993.0;11
777800;;TAKER;ASH_COATED_OSMIUM;XIRECS;9994.0;6
778300;TAKER;;ASH_COATED_OSMIUM;XIRECS;10008.0;7
778400;TAKER;;INTARIAN_PEPPER_ROOT;XIRECS;12006.0;9
778400;TAKER;;ASH_COATED_OSMIUM;XIRECS;10008.0;5
778500;;TAKER;ASH_COATED_OSMIUM;XIRECS;9995.0;13
778600;;TAKER;ASH_COATED_OSMIUM;XIRECS;9994.0;15
779000;;TAKER;ASH_COATED_OSMIUM;XIRECS;9992.0;13
779400;;TAKER;INTARIAN_PEPPER_ROOT;XIRECS;11993.0;14
779400;;TAKER;ASH_COATED_OSMIUM;XIRECS;9989.0;4
779500;TAKER;;INTARIAN_PEPPER_ROOT;XIRECS;12007.0;7
779500;;TAKER;ASH_COATED_OSMIUM;XIRECS;9990.0;10
779900;TAKER;;INTARIAN_PEPPER_ROOT;XIRECS;12006.0;7
779900;;TAKER;ASH_COATED_OSMIUM;XIRECS;9996.0;4
780000;TAKER;;ASH_COATED_OSMIUM;XIRECS;10005.0;11
780100;TAKER;;INTARIAN_PEPPER_ROOT;XIRECS;12006.0;13
780300;TAKER;;INTARIAN_PEPPER_ROOT;XIRECS;12005.0;4
780300;TAKER;;ASH_COATED_OSMIUM;XIRECS;10008.0;14
780600;TAKER;;ASH_COATED_OSMIUM;XIRECS;10007.0;11
780800;;TAKER;ASH_COATED_OSMIUM;XIRECS;9993.0;10
781000;;TAKER;INTARIAN_PEPPER_ROOT;XIRECS;11992.0;2
781300;TAKER;;ASH_COATED_OSMIUM;XIRECS;10005.0;15
781600;;TAKER;INTARIAN_PEPPER_ROOT;XIRECS;11994.0;3
781700;;TAKER;ASH_COATED_OSMIUM;XIRECS;9989.0;14
781800;TAKER;;ASH_COATED_OSMIUM;XIRECS;10009.0;12
782200;;TAKER;INTARIAN_PEPPER_ROOT;XIRECS;11993.0;14
782300;;TAKER;ASH_COATED_OSMIUM;XIRECS;9989.0;13
782400;TAKER;;INTARIAN_PEPPER_ROOT;XIRECS;12008.0;9
782500;;TAKER;ASH_COATED_OSMIUM;XIRECS;9989.0;14
782700;;TAKER;INTARIAN_PEPPER_ROOT;XIRECS;11993.0;14
782800;TAKER;;INTARIAN_PEPPER_ROOT;XIRECS;12006.0;13
782900;;TAKER;INTARIAN_PEPPER_ROOT;XIRECS;11992.0;15
783200;TAKER;;INTARIAN_PEPPER_ROOT;XIRECS;12006.0;4
783300;TAKER;;INTARIAN_PEPPER_ROOT;XIRECS;12006.0;10
783400;TAKER;;INTARIAN_PEPPER_ROOT;XIRECS;12007.0;9
783400;;TAKER;ASH_COATED_OSMIUM;XIRECS;9993.0;10
783500;;TAKER;INTARIAN_PEPPER_ROOT;XIRECS;11993.0;11
783800;;TAKER;INTARIAN_PEPPER_ROOT;XIRECS;11992.0;3
783800;;TAKER;ASH_COATED_OSMIUM;XIRECS;9992.0;13
784100;TAKER;;INTARIAN_PEPPER_ROOT;XIRECS;12008.0;14
784200;;TAKER;ASH_COATED_OSMIUM;XIRECS;9991.0;7
784300;TAKER;;INTARIAN_PEPPER_ROOT;XIRECS;12006.0;9
784500;TAKER;;ASH_COATED_OSMIUM;XIRECS;10008.0;10
784900;TAKER;;INTARIAN_PEPPER_ROOT;XIRECS;12006.0;9
784900;;TAKER;ASH_COATED_OSMIUM;XIRECS;9986.0;8
785000;;TAKER;INTARIAN_PEPPER_ROOT;XIRECS;11993.0;9
785000;TAKER;;ASH_COATED_OSMIUM;XIRECS;10006.0;14
785100;;TAKER;INTARIAN_PEPPER_ROOT;XIRECS;11992.0;8
785400;TAKER;;ASH_COATED_OSMIUM;XIRECS;10009.0;3
785500;TAKER;;INTARIAN_PEPPER_ROOT;XIRECS;12008.0;15
785600;;TAKER;INTARIAN_PEPPER_ROOT;XIRECS;11993.0;11
785700;TAKER;;ASH_COATED_OSMIUM;XIRECS;10011.0;12
786200;;TAKER;INTARIAN_PEPPER_ROOT;XIRECS;11994.0;9
786300;;TAKER;INTARIAN_PEPPER_ROOT;XIRECS;11992.0;11
786400;;TAKER;INTARIAN_PEPPER_ROOT;XIRECS;11994.0;15
786500;TAKER;;INTARIAN_PEPPER_ROOT;XIRECS;12007.0;12
786600;TAKER;;INTARIAN_PEPPER_ROOT;XIRECS;12007.0;14
786700;;TAKER;INTARIAN_PEPPER_ROOT;XIRECS;11993.0;15
787200;;TAKER;INTARIAN_PEPPER_ROOT;XIRECS;11994.0;4
787300;TAKER;;INTARIAN_PEPPER_ROOT;XIRECS;12006.0;3
787600;;TAKER;INTARIAN_PEPPER_ROOT;XIRECS;11994.0;13
787600;TAKER;;ASH_COATED_OSMIUM;XIRECS;10012.0;4
787700;;TAKER;INTARIAN_PEPPER_ROOT;XIRECS;11991.0;3
787800;;TAKER;ASH_COATED_OSMIUM;XIRECS;9986.0;2
787900;TAKER;;ASH_COATED_OSMIUM;XIRECS;10010.0;2
788200;;TAKER;INTARIAN_PEPPER_ROOT;XIRECS;11992.0;8
788400;TAKER;;ASH_COATED_OSMIUM;XIRECS;10011.0;3
788500;;TAKER;ASH_COATED_OSMIUM;XIRECS;9988.0;4
788600;TAKER;;INTARIAN_PEPPER_ROOT;XIRECS;12005.0;5
788800;;TAKER;INTARIAN_PEPPER_ROOT;XIRECS;11993.0;9
789100;;TAKER;ASH_COATED_OSMIUM;XIRECS;9990.0;8
789200;;TAKER;INTARIAN_PEPPER_ROOT;XIRECS;11993.0;11
789300;TAKER;;INTARIAN_PEPPER_ROOT;XIRECS;12006.0;11
789500;TAKER;;INTARIAN_PEPPER_ROOT;XIRECS;12008.0;13
789500;;TAKER;ASH_COATED_OSMIUM;XIRECS;9988.0;15
789700;;TAKER;INTARIAN_PEPPER_ROOT;XIRECS;11990.0;8
789800;;TAKER;INTARIAN_PEPPER_ROOT;XIRECS;11994.0;10
789800;;TAKER;ASH_COATED_OSMIUM;XIRECS;9989.0;13
789900;TAKER;;ASH_COATED_OSMIUM;XIRECS;10011.0;6
790100;TAKER;;INTARIAN_PEPPER_ROOT;XIRECS;12007.0;4
790300;;TAKER;ASH_COATED_OSMIUM;XIRECS;9990.0;8
790500;TAKER;;INTARIAN_PEPPER_ROOT;XIRECS;12005.0;7
790700;;TAKER;ASH_COATED_OSMIUM;XIRECS;9991.0;5
790900;TAKER;;INTARIAN_PEPPER_ROOT;XIRECS;12005.0;13
791000;;TAKER;INTARIAN_PEPPER_ROOT;XIRECS;11992.0;8
791000;;TAKER;ASH_COATED_OSMIUM;XIRECS;9990.0;15
791300;TAKER;;INTARIAN_PEPPER_ROOT;XIRECS;12006.0;11
791300;TAKER;;ASH_COATED_OSMIUM;XIRECS;10003.0;6
791400;;TAKER;ASH_COATED_OSMIUM;XIRECS;9990.0;7
791600;;TAKER;ASH_COATED_OSMIUM;XIRECS;9993.0;8
791700;TAKER;;INTARIAN_PEPPER_ROOT;XIRECS;12005.0;9
791700;;TAKER;ASH_COATED_OSMIUM;XIRECS;9992.0;12
792100;TAKER;;ASH_COATED_OSMIUM;XIRECS;10008.0;13
792300;TAKER;;INTARIAN_PEPPER_ROOT;XIRECS;12006.0;7
792400;;TAKER;INTARIAN_PEPPER_ROOT;XIRECS;11990.0;4
792400;TAKER;;ASH_COATED_OSMIUM;XIRECS;10008.0;4
792500;TAKER;;INTARIAN_PEPPER_ROOT;XIRECS;12005.0;2
792500;;TAKER;ASH_COATED_OSMIUM;XIRECS;9991.0;2
792600;TAKER;;INTARIAN_PEPPER_ROOT;XIRECS;12006.0;7
792800;TAKER;;ASH_COATED_OSMIUM;XIRECS;10010.0;2
792900;;TAKER;INTARIAN_PEPPER_ROOT;XIRECS;11990.0;11
793000;TAKER;;ASH_COATED_OSMIUM;XIRECS;10004.0;4
793100;TAKER;;ASH_COATED_OSMIUM;XIRECS;10005.0;12
793300;;TAKER;INTARIAN_PEPPER_ROOT;XIRECS;11994.0;12
793500;;TAKER;ASH_COATED_OSMIUM;XIRECS;9992.0;11
793700;;TAKER;ASH_COATED_OSMIUM;XIRECS;9992.0;7
793800;;TAKER;ASH_COATED_OSMIUM;XIRECS;9990.0;13
794200;TAKER;;ASH_COATED_OSMIUM;XIRECS;10011.0;11
794300;TAKER;;INTARIAN_PEPPER_ROOT;XIRECS;12008.0;7
794300;;TAKER;ASH_COATED_OSMIUM;XIRECS;9988.0;3
794400;TAKER;;INTARIAN_PEPPER_ROOT;XIRECS;12006.0;8
794500;TAKER;;INTARIAN_PEPPER_ROOT;XIRECS;12008.0;10
794900;TAKER;;ASH_COATED_OSMIUM;XIRECS;10009.0;14
795200;;TAKER;INTARIAN_PEPPER_ROOT;XIRECS;11994.0;14
795500;TAKER;;INTARIAN_PEPPER_ROOT;XIRECS;12005.0;4
795500;TAKER;;ASH_COATED_OSMIUM;XIRECS;10006.0;8
795700;;TAKER;ASH_COATED_OSMIUM;XIRECS;9989.0;6
795800;;TAKER;ASH_COATED_OSMIUM;XIRECS;9991.0;8
796000;;TAKER;ASH_COATED_OSMIUM;XIRECS;9993.0;7
796100;;TAKER;ASH_COATED_OSMIUM;XIRECS;9990.0;5
796400;;TAKER;ASH_COATED_OSMIUM;XIRECS;9991.0;7
796600;;TAKER;ASH_COATED_OSMIUM;XIRECS;9988.0;4
796800;;TAKER;ASH_COATED_OSMIUM;XIRECS;9993.0;5
797000;;TAKER;INTARIAN_PEPPER_ROOT;XIRECS;11994.0;6
797000;TAKER;;ASH_COATED_OSMIUM;XIRECS;10008.0;14
797100;TAKER;;INTARIAN_PEPPER_ROOT;XIRECS;12005.0;8
797200;;TAKER;INTARIAN_PEPPER_ROOT;XIRECS;11993.0;12
797600;;TAKER;ASH_COATED_OSMIUM;XIRECS;9992.0;6
797700;;TAKER;INTARIAN_PEPPER_ROOT;XIRECS;11992.0;7
797700;TAKER;;ASH_COATED_OSMIUM;XIRECS;10011.0;11
797800;TAKER;;ASH_COATED_OSMIUM;XIRECS;10010.0;4
797900;;TAKER;INTARIAN_PEPPER_ROOT;XIRECS;11992.0;15
798000;;TAKER;INTARIAN_PEPPER_ROOT;XIRECS;11991.0;5
798300;TAKER;;ASH_COATED_OSMIUM;XIRECS;10008.0;14
798400;TAKER;;INTARIAN_PEPPER_ROOT;XIRECS;12007.0;5
798700;;TAKER;ASH_COATED_OSMIUM;XIRECS;9990.0;3
798800;;TAKER;ASH_COATED_OSMIUM;XIRECS;9987.0;3
798900;TAKER;;INTARIAN_PEPPER_ROOT;XIRECS;12006.0;2
799100;TAKER;;ASH_COATED_OSMIUM;XIRECS;10006.0;6
799200;;TAKER;ASH_COATED_OSMIUM;XIRECS;9988.0;5
799300;;TAKER;INTARIAN_PEPPER_ROOT;XIRECS;11993.0;12
799300;;TAKER;ASH_COATED_OSMIUM;XIRECS;9989.0;8
799700;;TAKER;INTARIAN_PEPPER_ROOT;XIRECS;11992.0;12
800100;;TAKER;INTARIAN_PEPPER_ROOT;XIRECS;11991.0;5
800200;TAKER;;ASH_COATED_OSMIUM;XIRECS;10008.0;9
800500;TAKER;;ASH_COATED_OSMIUM;XIRECS;10008.0;12
800800;;TAKER;INTARIAN_PEPPER_ROOT;XIRECS;11994.0;9
801000;TAKER;;INTARIAN_PEPPER_ROOT;XIRECS;12006.0;11
801000;;TAKER;ASH_COATED_OSMIUM;XIRECS;9991.0;6
801200;TAKER;;INTARIAN_PEPPER_ROOT;XIRECS;12006.0;10
801600;TAKER;;INTARIAN_PEPPER_ROOT;XIRECS;12005.0;8
801800;TAKER;;ASH_COATED_OSMIUM;XIRECS;10012.0;5
802000;;TAKER;INTARIAN_PEPPER_ROOT;XIRECS;11995.0;4
802400;TAKER;;ASH_COATED_OSMIUM;XIRECS;10004.0;9
802700;;TAKER;ASH_COATED_OSMIUM;XIRECS;9994.0;5
802900;;TAKER;INTARIAN_PEPPER_ROOT;XIRECS;11992.0;7
802900;;TAKER;ASH_COATED_OSMIUM;XIRECS;9988.0;12
803100;TAKER;;INTARIAN_PEPPER_ROOT;XIRECS;12007.0;5
803300;;TAKER;INTARIAN_PEPPER_ROOT;XIRECS;11991.0;2
803300;TAKER;;ASH_COATED_OSMIUM;XIRECS;10008.0;11
803500;TAKER;;INTARIAN_PEPPER_ROOT;XIRECS;12006.0;3
803600;TAKER;;INTARIAN_PEPPER_ROOT;XIRECS;12006.0;10
804300;;TAKER;INTARIAN_PEPPER_ROOT;XIRECS;11993.0;6
804400;TAKER;;ASH_COATED_OSMIUM;XIRECS;10003.0;13
804500;TAKER;;INTARIAN_PEPPER_ROOT;XIRECS;12008.0;8
804600;;TAKER;INTARIAN_PEPPER_ROOT;XIRECS;11995.0;11
804600;TAKER;;ASH_COATED_OSMIUM;XIRECS;10006.0;15
804800;;TAKER;ASH_COATED_OSMIUM;XIRECS;9986.0;9
804900;TAKER;;ASH_COATED_OSMIUM;XIRECS;10008.0;8
805000;;TAKER;INTARIAN_PEPPER_ROOT;XIRECS;11993.0;12
805100;;TAKER;INTARIAN_PEPPER_ROOT;XIRECS;11992.0;10
805100;TAKER;;ASH_COATED_OSMIUM;XIRECS;10008.0;11
805200;;TAKER;ASH_COATED_OSMIUM;XIRECS;9989.0;8
805500;;TAKER;ASH_COATED_OSMIUM;XIRECS;9992.0;7
805700;TAKER;;ASH_COATED_OSMIUM;XIRECS;10010.0;14
805800;TAKER;;INTARIAN_PEPPER_ROOT;XIRECS;12007.0;7
805900;;TAKER;INTARIAN_PEPPER_ROOT;XIRECS;11993.0;3
805900;;TAKER;ASH_COATED_OSMIUM;XIRECS;9990.0;14
806100;TAKER;;INTARIAN_PEPPER_ROOT;XIRECS;12007.0;6
806200;TAKER;;INTARIAN_PEPPER_ROOT;XIRECS;12008.0;13
806400;TAKER;;ASH_COATED_OSMIUM;XIRECS;10009.0;7
806700;TAKER;;INTARIAN_PEPPER_ROOT;XIRECS;12008.0;5
806700;TAKER;;ASH_COATED_OSMIUM;XIRECS;10009.0;7
806900;TAKER;;INTARIAN_PEPPER_ROOT;XIRECS;12007.0;12
807000;TAKER;;INTARIAN_PEPPER_ROOT;XIRECS;12006.0;12
807200;;TAKER;INTARIAN_PEPPER_ROOT;XIRECS;11992.0;6
807300;;TAKER;ASH_COATED_OSMIUM;XIRECS;9990.0;8
807400;TAKER;;INTARIAN_PEPPER_ROOT;XIRECS;12007.0;15
807400;;TAKER;ASH_COATED_OSMIUM;XIRECS;9992.0;7
807500;;TAKER;ASH_COATED_OSMIUM;XIRECS;9990.0;15
807600;TAKER;;INTARIAN_PEPPER_ROOT;XIRECS;12006.0;8
807600;TAKER;;ASH_COATED_OSMIUM;XIRECS;10005.0;15
807700;;TAKER;INTARIAN_PEPPER_ROOT;XIRECS;11995.0;3
807800;TAKER;;INTARIAN_PEPPER_ROOT;XIRECS;12006.0;10
807900;;TAKER;INTARIAN_PEPPER_ROOT;XIRECS;11991.0;4
807900;TAKER;;ASH_COATED_OSMIUM;XIRECS;10010.0;2
808100;;TAKER;INTARIAN_PEPPER_ROOT;XIRECS;11990.0;4
808200;TAKER;;ASH_COATED_OSMIUM;XIRECS;10009.0;3
808800;;TAKER;ASH_COATED_OSMIUM;XIRECS;9991.0;15
808900;;TAKER;INTARIAN_PEPPER_ROOT;XIRECS;11993.0;6
809200;TAKER;;ASH_COATED_OSMIUM;XIRECS;10007.0;5
809300;;TAKER;ASH_COATED_OSMIUM;XIRECS;9989.0;8
809400;TAKER;;ASH_COATED_OSMIUM;XIRECS;10009.0;8
809500;TAKER;;INTARIAN_PEPPER_ROOT;XIRECS;12006.0;4
809700;;TAKER;ASH_COATED_OSMIUM;XIRECS;9990.0;3
809900;;TAKER;ASH_COATED_OSMIUM;XIRECS;9991.0;14
810100;;TAKER;INTARIAN_PEPPER_ROOT;XIRECS;11994.0;13
810300;;TAKER;ASH_COATED_OSMIUM;XIRECS;9993.0;15
810500;;TAKER;INTARIAN_PEPPER_ROOT;XIRECS;11994.0;7
810500;;TAKER;ASH_COATED_OSMIUM;XIRECS;9991.0;2
810600;;TAKER;ASH_COATED_OSMIUM;XIRECS;9991.0;4
811000;;TAKER;INTARIAN_PEPPER_ROOT;XIRECS;11992.0;13
811000;TAKER;;ASH_COATED_OSMIUM;XIRECS;10007.0;3
811300;;TAKER;ASH_COATED_OSMIUM;XIRECS;9992.0;11
811400;TAKER;;INTARIAN_PEPPER_ROOT;XIRECS;12005.0;7
811600;;TAKER;ASH_COATED_OSMIUM;XIRECS;9988.0;5
811700;TAKER;;INTARIAN_PEPPER_ROOT;XIRECS;12007.0;13
811700;;TAKER;ASH_COATED_OSMIUM;XIRECS;9994.0;11
811800;TAKER;;ASH_COATED_OSMIUM;XIRECS;10010.0;2
812100;;TAKER;ASH_COATED_OSMIUM;XIRECS;9990.0;4
812200;TAKER;;INTARIAN_PEPPER_ROOT;XIRECS;12006.0;6
812300;;TAKER;INTARIAN_PEPPER_ROOT;XIRECS;11991.0;3
812400;TAKER;;ASH_COATED_OSMIUM;XIRECS;10010.0;7
812500;TAKER;;INTARIAN_PEPPER_ROOT;XIRECS;12006.0;10
812500;;TAKER;ASH_COATED_OSMIUM;XIRECS;9990.0;10
812600;TAKER;;INTARIAN_PEPPER_ROOT;XIRECS;12007.0;12
812700;;TAKER;INTARIAN_PEPPER_ROOT;XIRECS;11993.0;11
812800;TAKER;;INTARIAN_PEPPER_ROOT;XIRECS;12008.0;6
812900;TAKER;;INTARIAN_PEPPER_ROOT;XIRECS;12006.0;12
813200;TAKER;;INTARIAN_PEPPER_ROOT;XIRECS;12006.0;7
813400;TAKER;;INTARIAN_PEPPER_ROOT;XIRECS;12007.0;6
813400;;TAKER;ASH_COATED_OSMIUM;XIRECS;9991.0;4
813500;TAKER;;ASH_COATED_OSMIUM;XIRECS;10013.0;5
813600;;TAKER;ASH_COATED_OSMIUM;XIRECS;9989.0;9
813700;TAKER;;ASH_COATED_OSMIUM;XIRECS;10008.0;13
813900;TAKER;;INTARIAN_PEPPER_ROOT;XIRECS;12007.0;7
814200;;TAKER;INTARIAN_PEPPER_ROOT;XIRECS;11992.0;6
814400;;TAKER;ASH_COATED_OSMIUM;XIRECS;9989.0;11
814900;;TAKER;ASH_COATED_OSMIUM;XIRECS;9990.0;6
815000;;TAKER;INTARIAN_PEPPER_ROOT;XIRECS;11993.0;11
815000;;TAKER;ASH_COATED_OSMIUM;XIRECS;9989.0;8
815400;;TAKER;INTARIAN_PEPPER_ROOT;XIRECS;11992.0;14
815600;TAKER;;ASH_COATED_OSMIUM;XIRECS;10012.0;10
815700;TAKER;;ASH_COATED_OSMIUM;XIRECS;10009.0;14
815900;TAKER;;INTARIAN_PEPPER_ROOT;XIRECS;12007.0;2
816100;TAKER;;ASH_COATED_OSMIUM;XIRECS;10006.0;8
816300;;TAKER;ASH_COATED_OSMIUM;XIRECS;9993.0;6
816400;;TAKER;INTARIAN_PEPPER_ROOT;XIRECS;11993.0;6
816600;;TAKER;INTARIAN_PEPPER_ROOT;XIRECS;11991.0;8
816800;TAKER;;INTARIAN_PEPPER_ROOT;XIRECS;12006.0;2
816900;TAKER;;INTARIAN_PEPPER_ROOT;XIRECS;12008.0;2
817000;;TAKER;ASH_COATED_OSMIUM;XIRECS;9988.0;5
817200;TAKER;;INTARIAN_PEPPER_ROOT;XIRECS;12006.0;6
817200;TAKER;;ASH_COATED_OSMIUM;XIRECS;10010.0;13
817400;TAKER;;INTARIAN_PEPPER_ROOT;XIRECS;12008.0;14
817600;TAKER;;INTARIAN_PEPPER_ROOT;XIRECS;12007.0;8
817600;TAKER;;ASH_COATED_OSMIUM;XIRECS;10010.0;7
817700;;TAKER;INTARIAN_PEPPER_ROOT;XIRECS;11993.0;3
817700;;TAKER;ASH_COATED_OSMIUM;XIRECS;9989.0;3
817900;;TAKER;INTARIAN_PEPPER_ROOT;XIRECS;11995.0;10
817900;TAKER;;ASH_COATED_OSMIUM;XIRECS;10008.0;14
818100;;TAKER;INTARIAN_PEPPER_ROOT;XIRECS;11993.0;8
818300;TAKER;;INTARIAN_PEPPER_ROOT;XIRECS;12006.0;10
818500;;TAKER;INTARIAN_PEPPER_ROOT;XIRECS;11993.0;11
818500;;TAKER;ASH_COATED_OSMIUM;XIRECS;9986.0;7
818600;TAKER;;INTARIAN_PEPPER_ROOT;XIRECS;12005.0;3
818800;TAKER;;INTARIAN_PEPPER_ROOT;XIRECS;12007.0;4
818900;;TAKER;INTARIAN_PEPPER_ROOT;XIRECS;11991.0;9
819100;TAKER;;ASH_COATED_OSMIUM;XIRECS;10007.0;7
819300;;TAKER;INTARIAN_PEPPER_ROOT;XIRECS;11992.0;11
819700;;TAKER;INTARIAN_PEPPER_ROOT;XIRECS;11991.0;3
820300;TAKER;;ASH_COATED_OSMIUM;XIRECS;10011.0;3
820400;TAKER;;ASH_COATED_OSMIUM;XIRECS;10012.0;3
820800;TAKER;;INTARIAN_PEPPER_ROOT;XIRECS;12005.0;14
820900;TAKER;;INTARIAN_PEPPER_ROOT;XIRECS;12008.0;4
821100;TAKER;;ASH_COATED_OSMIUM;XIRECS;10007.0;8
821400;TAKER;;INTARIAN_PEPPER_ROOT;XIRECS;12006.0;12
821500;TAKER;;INTARIAN_PEPPER_ROOT;XIRECS;12006.0;3
821600;TAKER;;INTARIAN_PEPPER_ROOT;XIRECS;12005.0;5
821900;;TAKER;ASH_COATED_OSMIUM;XIRECS;9990.0;12
822000;TAKER;;ASH_COATED_OSMIUM;XIRECS;10009.0;4
822200;TAKER;;ASH_COATED_OSMIUM;XIRECS;10002.0;11
822300;;TAKER;INTARIAN_PEPPER_ROOT;XIRECS;11994.0;13
822500;;TAKER;ASH_COATED_OSMIUM;XIRECS;9990.0;7
822600;;TAKER;ASH_COATED_OSMIUM;XIRECS;9989.0;2
822700;;TAKER;INTARIAN_PEPPER_ROOT;XIRECS;11991.0;13
822900;TAKER;;ASH_COATED_OSMIUM;XIRECS;10008.0;11
823000;;TAKER;ASH_COATED_OSMIUM;XIRECS;9991.0;15
823200;;TAKER;ASH_COATED_OSMIUM;XIRECS;9993.0;6
823600;TAKER;;INTARIAN_PEPPER_ROOT;XIRECS;12006.0;7
823900;;TAKER;INTARIAN_PEPPER_ROOT;XIRECS;11992.0;12
824000;TAKER;;INTARIAN_PEPPER_ROOT;XIRECS;12008.0;13
824100;TAKER;;INTARIAN_PEPPER_ROOT;XIRECS;12006.0;12
824800;;TAKER;INTARIAN_PEPPER_ROOT;XIRECS;11996.0;3
824800;;TAKER;ASH_COATED_OSMIUM;XIRECS;9991.0;13
824900;;TAKER;ASH_COATED_OSMIUM;XIRECS;9990.0;6
825000;;TAKER;INTARIAN_PEPPER_ROOT;XIRECS;11994.0;14
825100;TAKER;;INTARIAN_PEPPER_ROOT;XIRECS;12004.0;15
825100;;TAKER;ASH_COATED_OSMIUM;XIRECS;9992.0;8
825400;TAKER;;INTARIAN_PEPPER_ROOT;XIRECS;12006.0;5
825600;;TAKER;INTARIAN_PEPPER_ROOT;XIRECS;11992.0;7
825700;TAKER;;INTARIAN_PEPPER_ROOT;XIRECS;12007.0;3
825700;TAKER;;ASH_COATED_OSMIUM;XIRECS;10009.0;9
825900;TAKER;;INTARIAN_PEPPER_ROOT;XIRECS;12006.0;3
825900;TAKER;;ASH_COATED_OSMIUM;XIRECS;10007.0;13
826700;;TAKER;INTARIAN_PEPPER_ROOT;XIRECS;11992.0;2
826800;;TAKER;INTARIAN_PEPPER_ROOT;XIRECS;11991.0;14
826900;TAKER;;INTARIAN_PEPPER_ROOT;XIRECS;12005.0;2
826900;TAKER;;ASH_COATED_OSMIUM;XIRECS;10009.0;15
827000;;TAKER;INTARIAN_PEPPER_ROOT;XIRECS;11994.0;12
827200;;TAKER;INTARIAN_PEPPER_ROOT;XIRECS;11994.0;9
827200;;TAKER;ASH_COATED_OSMIUM;XIRECS;9990.0;12
827600;TAKER;;ASH_COATED_OSMIUM;XIRECS;10006.0;9
827700;TAKER;;INTARIAN_PEPPER_ROOT;XIRECS;12005.0;9
827700;TAKER;;ASH_COATED_OSMIUM;XIRECS;10007.0;8
827900;;TAKER;INTARIAN_PEPPER_ROOT;XIRECS;11993.0;4
828000;;TAKER;INTARIAN_PEPPER_ROOT;XIRECS;11992.0;3
828200;TAKER;;ASH_COATED_OSMIUM;XIRECS;10012.0;2
828400;TAKER;;ASH_COATED_OSMIUM;XIRECS;10008.0;4
828700;;TAKER;ASH_COATED_OSMIUM;XIRECS;9991.0;5
828900;;TAKER;INTARIAN_PEPPER_ROOT;XIRECS;11993.0;14
828900;;TAKER;ASH_COATED_OSMIUM;XIRECS;9990.0;9
829000;;TAKER;INTARIAN_PEPPER_ROOT;XIRECS;11991.0;5
829000;TAKER;;ASH_COATED_OSMIUM;XIRECS;10010.0;15
829200;;TAKER;ASH_COATED_OSMIUM;XIRECS;9992.0;4
829400;TAKER;;ASH_COATED_OSMIUM;XIRECS;10005.0;7
829500;TAKER;;ASH_COATED_OSMIUM;XIRECS;10007.0;13
829600;;TAKER;INTARIAN_PEPPER_ROOT;XIRECS;11993.0;11
829600;;TAKER;ASH_COATED_OSMIUM;XIRECS;9992.0;8
829800;;TAKER;INTARIAN_PEPPER_ROOT;XIRECS;11993.0;5
829800;TAKER;;ASH_COATED_OSMIUM;XIRECS;10008.0;15
830000;;TAKER;ASH_COATED_OSMIUM;XIRECS;9991.0;7
830300;;TAKER;INTARIAN_PEPPER_ROOT;XIRECS;11992.0;6
830800;TAKER;;ASH_COATED_OSMIUM;XIRECS;10007.0;6
830900;TAKER;;INTARIAN_PEPPER_ROOT;XIRECS;12007.0;4
831000;TAKER;;INTARIAN_PEPPER_ROOT;XIRECS;12007.0;2
831500;TAKER;;ASH_COATED_OSMIUM;XIRECS;10010.0;9
831600;;TAKER;INTARIAN_PEPPER_ROOT;XIRECS;11991.0;14
831600;TAKER;;ASH_COATED_OSMIUM;XIRECS;10007.0;11
831700;TAKER;;INTARIAN_PEPPER_ROOT;XIRECS;12006.0;8
831700;TAKER;;ASH_COATED_OSMIUM;XIRECS;10010.0;4
832300;;TAKER;INTARIAN_PEPPER_ROOT;XIRECS;11993.0;5
832300;;TAKER;ASH_COATED_OSMIUM;XIRECS;9990.0;8
832600;TAKER;;INTARIAN_PEPPER_ROOT;XIRECS;12008.0;11
832900;TAKER;;INTARIAN_PEPPER_ROOT;XIRECS;12007.0;2
833200;TAKER;;ASH_COATED_OSMIUM;XIRECS;10013.0;7
833300;TAKER;;INTARIAN_PEPPER_ROOT;XIRECS;12006.0;4
833900;TAKER;;ASH_COATED_OSMIUM;XIRECS;10006.0;14
834100;;TAKER;INTARIAN_PEPPER_ROOT;XIRECS;11991.0;12
834400;TAKER;;INTARIAN_PEPPER_ROOT;XIRECS;12007.0;5
834500;;TAKER;ASH_COATED_OSMIUM;XIRECS;9989.0;14
834600;TAKER;;ASH_COATED_OSMIUM;XIRECS;10010.0;11
834900;;TAKER;ASH_COATED_OSMIUM;XIRECS;9993.0;3
835200;TAKER;;INTARIAN_PEPPER_ROOT;XIRECS;12007.0;15
835500;TAKER;;INTARIAN_PEPPER_ROOT;XIRECS;12008.0;15
835500;;TAKER;ASH_COATED_OSMIUM;XIRECS;9991.0;8
835600;;TAKER;INTARIAN_PEPPER_ROOT;XIRECS;11991.0;5
835700;TAKER;;ASH_COATED_OSMIUM;XIRECS;10010.0;2
836300;;TAKER;ASH_COATED_OSMIUM;XIRECS;9991.0;14
836400;TAKER;;INTARIAN_PEPPER_ROOT;XIRECS;12007.0;13
836500;TAKER;;ASH_COATED_OSMIUM;XIRECS;10009.0;8
836600;;TAKER;INTARIAN_PEPPER_ROOT;XIRECS;11991.0;9
836700;TAKER;;ASH_COATED_OSMIUM;XIRECS;10007.0;9
836900;;TAKER;ASH_COATED_OSMIUM;XIRECS;9995.0;7
837200;;TAKER;INTARIAN_PEPPER_ROOT;XIRECS;11993.0;6
837300;TAKER;;INTARIAN_PEPPER_ROOT;XIRECS;12008.0;11
837800;;TAKER;ASH_COATED_OSMIUM;XIRECS;9992.0;9
837900;TAKER;;INTARIAN_PEPPER_ROOT;XIRECS;12004.0;14
837900;;TAKER;ASH_COATED_OSMIUM;XIRECS;9990.0;11
838000;TAKER;;ASH_COATED_OSMIUM;XIRECS;10013.0;14
838100;;TAKER;INTARIAN_PEPPER_ROOT;XIRECS;11994.0;12
838300;;TAKER;ASH_COATED_OSMIUM;XIRECS;9991.0;8
838400;TAKER;;INTARIAN_PEPPER_ROOT;XIRECS;12009.0;2
838400;;TAKER;ASH_COATED_OSMIUM;XIRECS;9989.0;6
838500;;TAKER;ASH_COATED_OSMIUM;XIRECS;9990.0;11
838700;;TAKER;ASH_COATED_OSMIUM;XIRECS;9992.0;14
838800;TAKER;;ASH_COATED_OSMIUM;XIRECS;10009.0;6
839300;TAKER;;ASH_COATED_OSMIUM;XIRECS;10006.0;15
839400;;TAKER;ASH_COATED_OSMIUM;XIRECS;9988.0;2
839500;;TAKER;INTARIAN_PEPPER_ROOT;XIRECS;11994.0;14
839700;TAKER;;INTARIAN_PEPPER_ROOT;XIRECS;12006.0;15
839700;;TAKER;ASH_COATED_OSMIUM;XIRECS;9987.0;13
839900;TAKER;;INTARIAN_PEPPER_ROOT;XIRECS;12006.0;4
840000;;TAKER;ASH_COATED_OSMIUM;XIRECS;9993.0;6
840100;TAKER;;ASH_COATED_OSMIUM;XIRECS;10009.0;14
840200;;TAKER;ASH_COATED_OSMIUM;XIRECS;9992.0;7
840300;;TAKER;INTARIAN_PEPPER_ROOT;XIRECS;11992.0;2
840400;;TAKER;INTARIAN_PEPPER_ROOT;XIRECS;11990.0;14
840500;;TAKER;INTARIAN_PEPPER_ROOT;XIRECS;11991.0;7
840600;TAKER;;INTARIAN_PEPPER_ROOT;XIRECS;12006.0;15
840600;TAKER;;ASH_COATED_OSMIUM;XIRECS;10010.0;13
840900;;TAKER;ASH_COATED_OSMIUM;XIRECS;9991.0;13
841000;;TAKER;INTARIAN_PEPPER_ROOT;XIRECS;11992.0;8
841100;;TAKER;INTARIAN_PEPPER_ROOT;XIRECS;11994.0;13
841200;;TAKER;ASH_COATED_OSMIUM;XIRECS;9993.0;8
841600;;TAKER;ASH_COATED_OSMIUM;XIRECS;9993.0;13
841800;TAKER;;INTARIAN_PEPPER_ROOT;XIRECS;12008.0;10
841800;TAKER;;ASH_COATED_OSMIUM;XIRECS;10008.0;9
841900;;TAKER;INTARIAN_PEPPER_ROOT;XIRECS;11995.0;8
842300;TAKER;;INTARIAN_PEPPER_ROOT;XIRECS;12007.0;15
842700;;TAKER;ASH_COATED_OSMIUM;XIRECS;9987.0;10
843200;;TAKER;ASH_COATED_OSMIUM;XIRECS;9997.0;3
843400;TAKER;;INTARIAN_PEPPER_ROOT;XIRECS;12005.0;9
843700;TAKER;;ASH_COATED_OSMIUM;XIRECS;10006.0;3
843800;TAKER;;INTARIAN_PEPPER_ROOT;XIRECS;12008.0;4
843900;;TAKER;ASH_COATED_OSMIUM;XIRECS;9994.0;2
844100;;TAKER;INTARIAN_PEPPER_ROOT;XIRECS;11994.0;3
844100;;TAKER;ASH_COATED_OSMIUM;XIRECS;9986.0;14
844200;TAKER;;INTARIAN_PEPPER_ROOT;XIRECS;12005.0;12
844500;;TAKER;ASH_COATED_OSMIUM;XIRECS;9992.0;14
844600;TAKER;;ASH_COATED_OSMIUM;XIRECS;10007.0;4
844700;TAKER;;INTARIAN_PEPPER_ROOT;XIRECS;12007.0;8
844800;TAKER;;ASH_COATED_OSMIUM;XIRECS;10008.0;4
845000;TAKER;;ASH_COATED_OSMIUM;XIRECS;10006.0;3
845100;TAKER;;INTARIAN_PEPPER_ROOT;XIRECS;12006.0;6
845200;TAKER;;ASH_COATED_OSMIUM;XIRECS;10006.0;2
845400;;TAKER;INTARIAN_PEPPER_ROOT;XIRECS;11993.0;14
845800;;TAKER;INTARIAN_PEPPER_ROOT;XIRECS;11994.0;13
846100;TAKER;;ASH_COATED_OSMIUM;XIRECS;10011.0;9
846200;;TAKER;INTARIAN_PEPPER_ROOT;XIRECS;11992.0;11
846200;;TAKER;ASH_COATED_OSMIUM;XIRECS;9991.0;3
846500;;TAKER;ASH_COATED_OSMIUM;XIRECS;9992.0;7
846800;TAKER;;INTARIAN_PEPPER_ROOT;XIRECS;12007.0;11
846900;;TAKER;INTARIAN_PEPPER_ROOT;XIRECS;11993.0;12
847000;TAKER;;ASH_COATED_OSMIUM;XIRECS;10008.0;3
847100;;TAKER;ASH_COATED_OSMIUM;XIRECS;9990.0;7
847200;;TAKER;INTARIAN_PEPPER_ROOT;XIRECS;11993.0;2
847200;TAKER;;ASH_COATED_OSMIUM;XIRECS;10007.0;8
847300;TAKER;;ASH_COATED_OSMIUM;XIRECS;10007.0;8
847700;TAKER;;INTARIAN_PEPPER_ROOT;XIRECS;12009.0;10
847700;TAKER;;ASH_COATED_OSMIUM;XIRECS;10011.0;3
847800;;TAKER;INTARIAN_PEPPER_ROOT;XIRECS;11992.0;6
847900;TAKER;;INTARIAN_PEPPER_ROOT;XIRECS;12006.0;12
848200;TAKER;;INTARIAN_PEPPER_ROOT;XIRECS;12007.0;3
848300;;TAKER;ASH_COATED_OSMIUM;XIRECS;9988.0;5
848400;;TAKER;INTARIAN_PEPPER_ROOT;XIRECS;11992.0;15
848800;TAKER;;INTARIAN_PEPPER_ROOT;XIRECS;12004.0;5
849200;TAKER;;INTARIAN_PEPPER_ROOT;XIRECS;12008.0;12
849300;;TAKER;ASH_COATED_OSMIUM;XIRECS;9991.0;13
849400;TAKER;;INTARIAN_PEPPER_ROOT;XIRECS;12008.0;13
849600;TAKER;;INTARIAN_PEPPER_ROOT;XIRECS;12008.0;11
850100;;TAKER;INTARIAN_PEPPER_ROOT;XIRECS;11994.0;15
850200;TAKER;;ASH_COATED_OSMIUM;XIRECS;10005.0;12
850300;TAKER;;INTARIAN_PEPPER_ROOT;XIRECS;12006.0;9
850400;;TAKER;INTARIAN_PEPPER_ROOT;XIRECS;11993.0;14
850400;;TAKER;ASH_COATED_OSMIUM;XIRECS;9991.0;12
850500;TAKER;;ASH_COATED_OSMIUM;XIRECS;10004.0;10
850600;;TAKER;ASH_COATED_OSMIUM;XIRECS;9992.0;9
850700;;TAKER;INTARIAN_PEPPER_ROOT;XIRECS;11992.0;14
850700;TAKER;;ASH_COATED_OSMIUM;XIRECS;10009.0;8
850900;TAKER;;INTARIAN_PEPPER_ROOT;XIRECS;12007.0;8
850900;;TAKER;ASH_COATED_OSMIUM;XIRECS;9991.0;14
851400;;TAKER;INTARIAN_PEPPER_ROOT;XIRECS;11994.0;13
851700;;TAKER;INTARIAN_PEPPER_ROOT;XIRECS;11993.0;9
851900;TAKER;;ASH_COATED_OSMIUM;XIRECS;10012.0;5
852000;TAKER;;INTARIAN_PEPPER_ROOT;XIRECS;12006.0;13
852200;TAKER;;ASH_COATED_OSMIUM;XIRECS;10008.0;11
852400;TAKER;;ASH_COATED_OSMIUM;XIRECS;10007.0;9
852500;;TAKER;INTARIAN_PEPPER_ROOT;XIRECS;11994.0;14
852600;;TAKER;INTARIAN_PEPPER_ROOT;XIRECS;11993.0;14
852600;;TAKER;ASH_COATED_OSMIUM;XIRECS;9993.0;9
852700;;TAKER;ASH_COATED_OSMIUM;XIRECS;9994.0;10
852800;;TAKER;ASH_COATED_OSMIUM;XIRECS;9993.0;11
853000;TAKER;;INTARIAN_PEPPER_ROOT;XIRECS;12007.0;13
853400;;TAKER;INTARIAN_PEPPER_ROOT;XIRECS;11992.0;2
853500;;TAKER;INTARIAN_PEPPER_ROOT;XIRECS;11993.0;7
853600;TAKER;;INTARIAN_PEPPER_ROOT;XIRECS;12005.0;2
853700;;TAKER;INTARIAN_PEPPER_ROOT;XIRECS;11993.0;4
853900;;TAKER;ASH_COATED_OSMIUM;XIRECS;9989.0;14
854000;TAKER;;ASH_COATED_OSMIUM;XIRECS;10009.0;10
854100;TAKER;;ASH_COATED_OSMIUM;XIRECS;10012.0;6
854300;;TAKER;INTARIAN_PEPPER_ROOT;XIRECS;11992.0;9
854400;TAKER;;ASH_COATED_OSMIUM;XIRECS;10007.0;3
854500;;TAKER;ASH_COATED_OSMIUM;XIRECS;9994.0;12
854700;TAKER;;ASH_COATED_OSMIUM;XIRECS;10011.0;14
855300;;TAKER;INTARIAN_PEPPER_ROOT;XIRECS;11994.0;3
855400;;TAKER;ASH_COATED_OSMIUM;XIRECS;9987.0;5
855500;TAKER;;INTARIAN_PEPPER_ROOT;XIRECS;12003.0;9
855500;TAKER;;ASH_COATED_OSMIUM;XIRECS;10010.0;14
855600;TAKER;;ASH_COATED_OSMIUM;XIRECS;10007.0;9
855700;TAKER;;ASH_COATED_OSMIUM;XIRECS;10010.0;14
856200;;TAKER;ASH_COATED_OSMIUM;XIRECS;9984.0;2
856400;;TAKER;ASH_COATED_OSMIUM;XIRECS;9992.0;2
856600;;TAKER;INTARIAN_PEPPER_ROOT;XIRECS;11995.0;11
856700;;TAKER;INTARIAN_PEPPER_ROOT;XIRECS;11992.0;12
856800;TAKER;;INTARIAN_PEPPER_ROOT;XIRECS;12005.0;4
857000;TAKER;;ASH_COATED_OSMIUM;XIRECS;10011.0;5
857500;TAKER;;ASH_COATED_OSMIUM;XIRECS;10007.0;4
857800;TAKER;;ASH_COATED_OSMIUM;XIRECS;10009.0;6
858300;TAKER;;ASH_COATED_OSMIUM;XIRECS;10012.0;9
858400;;TAKER;INTARIAN_PEPPER_ROOT;XIRECS;11991.0;14
858500;TAKER;;INTARIAN_PEPPER_ROOT;XIRECS;12006.0;5
858600;TAKER;;ASH_COATED_OSMIUM;XIRECS;10007.0;2
858700;TAKER;;INTARIAN_PEPPER_ROOT;XIRECS;12007.0;7
859200;TAKER;;ASH_COATED_OSMIUM;XIRECS;10011.0;9
859300;;TAKER;INTARIAN_PEPPER_ROOT;XIRECS;11992.0;3
859400;TAKER;;ASH_COATED_OSMIUM;XIRECS;10007.0;13
859700;TAKER;;INTARIAN_PEPPER_ROOT;XIRECS;12005.0;13
859800;TAKER;;ASH_COATED_OSMIUM;XIRECS;10011.0;12
860000;;TAKER;ASH_COATED_OSMIUM;XIRECS;9987.0;8
860200;;TAKER;INTARIAN_PEPPER_ROOT;XIRECS;11993.0;10
860200;TAKER;;ASH_COATED_OSMIUM;XIRECS;10009.0;14
860500;;TAKER;INTARIAN_PEPPER_ROOT;XIRECS;11991.0;13
860500;;TAKER;ASH_COATED_OSMIUM;XIRECS;9991.0;5
860600;;TAKER;ASH_COATED_OSMIUM;XIRECS;9990.0;15
860900;;TAKER;INTARIAN_PEPPER_ROOT;XIRECS;11995.0;3
860900;TAKER;;ASH_COATED_OSMIUM;XIRECS;10007.0;11
861000;TAKER;;INTARIAN_PEPPER_ROOT;XIRECS;12008.0;10
861000;;TAKER;ASH_COATED_OSMIUM;XIRECS;9992.0;6
861400;TAKER;;INTARIAN_PEPPER_ROOT;XIRECS;12005.0;12
861500;;TAKER;INTARIAN_PEPPER_ROOT;XIRECS;11992.0;15
861700;;TAKER;INTARIAN_PEPPER_ROOT;XIRECS;11991.0;15
861700;;TAKER;ASH_COATED_OSMIUM;XIRECS;9989.0;7
861800;TAKER;;INTARIAN_PEPPER_ROOT;XIRECS;12006.0;13
861900;TAKER;;INTARIAN_PEPPER_ROOT;XIRECS;12006.0;6
861900;TAKER;;ASH_COATED_OSMIUM;XIRECS;10008.0;3
862000;;TAKER;INTARIAN_PEPPER_ROOT;XIRECS;11992.0;14
862100;TAKER;;INTARIAN_PEPPER_ROOT;XIRECS;12006.0;8
862200;TAKER;;INTARIAN_PEPPER_ROOT;XIRECS;12004.0;10
862300;TAKER;;INTARIAN_PEPPER_ROOT;XIRECS;12006.0;3
862400;TAKER;;INTARIAN_PEPPER_ROOT;XIRECS;12006.0;3
862600;;TAKER;INTARIAN_PEPPER_ROOT;XIRECS;11994.0;8
862700;TAKER;;INTARIAN_PEPPER_ROOT;XIRECS;12005.0;4
862700;TAKER;;ASH_COATED_OSMIUM;XIRECS;10006.0;13
862800;TAKER;;ASH_COATED_OSMIUM;XIRECS;10006.0;5
863000;TAKER;;ASH_COATED_OSMIUM;XIRECS;10006.0;15
863100;;TAKER;INTARIAN_PEPPER_ROOT;XIRECS;11993.0;2
863100;TAKER;;ASH_COATED_OSMIUM;XIRECS;10004.0;13
863500;;TAKER;ASH_COATED_OSMIUM;XIRECS;9991.0;11
864300;;TAKER;INTARIAN_PEPPER_ROOT;XIRECS;11992.0;15
864300;TAKER;;ASH_COATED_OSMIUM;XIRECS;10011.0;6
864400;TAKER;;ASH_COATED_OSMIUM;XIRECS;10007.0;4
864500;TAKER;;INTARIAN_PEPPER_ROOT;XIRECS;12007.0;12
864600;;TAKER;INTARIAN_PEPPER_ROOT;XIRECS;11991.0;3
865000;;TAKER;ASH_COATED_OSMIUM;XIRECS;9989.0;6
865100;;TAKER;INTARIAN_PEPPER_ROOT;XIRECS;11991.0;3
865200;;TAKER;INTARIAN_PEPPER_ROOT;XIRECS;11994.0;13
865600;TAKER;;INTARIAN_PEPPER_ROOT;XIRECS;12005.0;5
865800;TAKER;;INTARIAN_PEPPER_ROOT;XIRECS;12009.0;6
865900;TAKER;;INTARIAN_PEPPER_ROOT;XIRECS;12006.0;14
866100;TAKER;;INTARIAN_PEPPER_ROOT;XIRECS;12006.0;10
866100;TAKER;;ASH_COATED_OSMIUM;XIRECS;10011.0;2
866200;TAKER;;INTARIAN_PEPPER_ROOT;XIRECS;12007.0;11
866200;;TAKER;ASH_COATED_OSMIUM;XIRECS;9991.0;4
866300;;TAKER;ASH_COATED_OSMIUM;XIRECS;9994.0;15
866400;TAKER;;ASH_COATED_OSMIUM;XIRECS;10010.0;15
866600;TAKER;;INTARIAN_PEPPER_ROOT;XIRECS;12005.0;9
866800;TAKER;;INTARIAN_PEPPER_ROOT;XIRECS;12007.0;15
866900;;TAKER;INTARIAN_PEPPER_ROOT;XIRECS;11991.0;4
867000;TAKER;;INTARIAN_PEPPER_ROOT;XIRECS;12007.0;13
867100;TAKER;;INTARIAN_PEPPER_ROOT;XIRECS;12006.0;7
867100;TAKER;;ASH_COATED_OSMIUM;XIRECS;10006.0;2
867300;;TAKER;INTARIAN_PEPPER_ROOT;XIRECS;11995.0;3
867400;;TAKER;INTARIAN_PEPPER_ROOT;XIRECS;11992.0;13
867600;TAKER;;INTARIAN_PEPPER_ROOT;XIRECS;12007.0;10
867700;;TAKER;INTARIAN_PEPPER_ROOT;XIRECS;11994.0;14
867900;TAKER;;ASH_COATED_OSMIUM;XIRECS;10006.0;8
868100;TAKER;;INTARIAN_PEPPER_ROOT;XIRECS;12007.0;6
868600;;TAKER;INTARIAN_PEPPER_ROOT;XIRECS;11991.0;12
868700;TAKER;;INTARIAN_PEPPER_ROOT;XIRECS;12004.0;2
868700;TAKER;;ASH_COATED_OSMIUM;XIRECS;10012.0;13
868800;TAKER;;INTARIAN_PEPPER_ROOT;XIRECS;12006.0;3
868800;TAKER;;ASH_COATED_OSMIUM;XIRECS;10010.0;6
868900;;TAKER;ASH_COATED_OSMIUM;XIRECS;9992.0;7
869000;TAKER;;INTARIAN_PEPPER_ROOT;XIRECS;12008.0;14
869000;;TAKER;ASH_COATED_OSMIUM;XIRECS;9993.0;15
869100;TAKER;;INTARIAN_PEPPER_ROOT;XIRECS;12007.0;9
869400;TAKER;;ASH_COATED_OSMIUM;XIRECS;10009.0;5
869500;TAKER;;ASH_COATED_OSMIUM;XIRECS;10009.0;3
869600;;TAKER;INTARIAN_PEPPER_ROOT;XIRECS;11993.0;3
870100;TAKER;;INTARIAN_PEPPER_ROOT;XIRECS;12006.0;2
870300;;TAKER;INTARIAN_PEPPER_ROOT;XIRECS;11992.0;2
870500;TAKER;;INTARIAN_PEPPER_ROOT;XIRECS;12006.0;15
870800;TAKER;;INTARIAN_PEPPER_ROOT;XIRECS;12006.0;5
870900;TAKER;;INTARIAN_PEPPER_ROOT;XIRECS;12007.0;10
871200;;TAKER;INTARIAN_PEPPER_ROOT;XIRECS;11991.0;9
871300;TAKER;;INTARIAN_PEPPER_ROOT;XIRECS;12006.0;12
871300;TAKER;;ASH_COATED_OSMIUM;XIRECS;10007.0;6
871700;TAKER;;INTARIAN_PEPPER_ROOT;XIRECS;12008.0;10
871800;;TAKER;ASH_COATED_OSMIUM;XIRECS;9990.0;12
871900;TAKER;;INTARIAN_PEPPER_ROOT;XIRECS;12005.0;11
872100;;TAKER;ASH_COATED_OSMIUM;XIRECS;9990.0;4
872200;;TAKER;INTARIAN_PEPPER_ROOT;XIRECS;11991.0;2
872300;;TAKER;INTARIAN_PEPPER_ROOT;XIRECS;11992.0;2
872500;;TAKER;ASH_COATED_OSMIUM;XIRECS;9991.0;7
872900;;TAKER;INTARIAN_PEPPER_ROOT;XIRECS;11992.0;3
873100;TAKER;;INTARIAN_PEPPER_ROOT;XIRECS;12007.0;5
873200;;TAKER;INTARIAN_PEPPER_ROOT;XIRECS;11993.0;15
874100;TAKER;;ASH_COATED_OSMIUM;XIRECS;10007.0;12
874200;TAKER;;ASH_COATED_OSMIUM;XIRECS;10007.0;13
874300;TAKER;;INTARIAN_PEPPER_ROOT;XIRECS;12006.0;3
874400;;TAKER;ASH_COATED_OSMIUM;XIRECS;9990.0;7
874500;;TAKER;INTARIAN_PEPPER_ROOT;XIRECS;11992.0;13
874500;;TAKER;ASH_COATED_OSMIUM;XIRECS;9991.0;2
874800;TAKER;;INTARIAN_PEPPER_ROOT;XIRECS;12009.0;6
874900;TAKER;;INTARIAN_PEPPER_ROOT;XIRECS;12007.0;13
875000;;TAKER;ASH_COATED_OSMIUM;XIRECS;9991.0;9
875100;;TAKER;ASH_COATED_OSMIUM;XIRECS;9988.0;2
875200;;TAKER;ASH_COATED_OSMIUM;XIRECS;9991.0;9
875400;;TAKER;INTARIAN_PEPPER_ROOT;XIRECS;11991.0;13
875700;;TAKER;ASH_COATED_OSMIUM;XIRECS;9990.0;4
876100;;TAKER;INTARIAN_PEPPER_ROOT;XIRECS;11993.0;7
876300;;TAKER;INTARIAN_PEPPER_ROOT;XIRECS;11991.0;9
877100;TAKER;;INTARIAN_PEPPER_ROOT;XIRECS;12005.0;6
877200;TAKER;;ASH_COATED_OSMIUM;XIRECS;10011.0;2
877500;;TAKER;INTARIAN_PEPPER_ROOT;XIRECS;11990.0;10
877800;;TAKER;INTARIAN_PEPPER_ROOT;XIRECS;11994.0;8
877800;;TAKER;ASH_COATED_OSMIUM;XIRECS;9989.0;6
878000;;TAKER;INTARIAN_PEPPER_ROOT;XIRECS;11991.0;2
878200;TAKER;;ASH_COATED_OSMIUM;XIRECS;10011.0;7
878500;TAKER;;INTARIAN_PEPPER_ROOT;XIRECS;12006.0;4
878500;;TAKER;ASH_COATED_OSMIUM;XIRECS;9989.0;12
878900;;TAKER;ASH_COATED_OSMIUM;XIRECS;9993.0;13
879000;TAKER;;ASH_COATED_OSMIUM;XIRECS;10009.0;9
879300;TAKER;;INTARIAN_PEPPER_ROOT;XIRECS;12007.0;13
879400;;TAKER;ASH_COATED_OSMIUM;XIRECS;9985.0;14
879500;TAKER;;INTARIAN_PEPPER_ROOT;XIRECS;12006.0;8
879700;TAKER;;INTARIAN_PEPPER_ROOT;XIRECS;12006.0;11
879800;;TAKER;ASH_COATED_OSMIUM;XIRECS;9989.0;15
879900;TAKER;;INTARIAN_PEPPER_ROOT;XIRECS;12005.0;7
880000;TAKER;;INTARIAN_PEPPER_ROOT;XIRECS;12006.0;2
880300;TAKER;;INTARIAN_PEPPER_ROOT;XIRECS;12006.0;11
880400;TAKER;;INTARIAN_PEPPER_ROOT;XIRECS;12006.0;2
880400;;TAKER;ASH_COATED_OSMIUM;XIRECS;9991.0;7
880600;;TAKER;ASH_COATED_OSMIUM;XIRECS;9993.0;15
880900;;TAKER;ASH_COATED_OSMIUM;XIRECS;9991.0;10
881000;;TAKER;INTARIAN_PEPPER_ROOT;XIRECS;11992.0;8
881000;TAKER;;ASH_COATED_OSMIUM;XIRECS;10008.0;3
881500;;TAKER;ASH_COATED_OSMIUM;XIRECS;9994.0;13
881700;TAKER;;INTARIAN_PEPPER_ROOT;XIRECS;12007.0;2
882100;;TAKER;INTARIAN_PEPPER_ROOT;XIRECS;11993.0;5
882400;;TAKER;ASH_COATED_OSMIUM;XIRECS;9990.0;14
882700;TAKER;;ASH_COATED_OSMIUM;XIRECS;10009.0;7
883300;TAKER;;INTARIAN_PEPPER_ROOT;XIRECS;12007.0;8
883300;;TAKER;ASH_COATED_OSMIUM;XIRECS;9991.0;12
883400;TAKER;;ASH_COATED_OSMIUM;XIRECS;10007.0;3
883500;;TAKER;INTARIAN_PEPPER_ROOT;XIRECS;11993.0;7
883600;;TAKER;INTARIAN_PEPPER_ROOT;XIRECS;11991.0;12
883700;TAKER;;ASH_COATED_OSMIUM;XIRECS;10011.0;4
883900;TAKER;;ASH_COATED_OSMIUM;XIRECS;10007.0;7
884000;TAKER;;ASH_COATED_OSMIUM;XIRECS;10009.0;13
884700;TAKER;;ASH_COATED_OSMIUM;XIRECS;10006.0;14
884900;TAKER;;ASH_COATED_OSMIUM;XIRECS;10005.0;11
885200;TAKER;;INTARIAN_PEPPER_ROOT;XIRECS;12007.0;3
885400;;TAKER;INTARIAN_PEPPER_ROOT;XIRECS;11992.0;2
885600;;TAKER;ASH_COATED_OSMIUM;XIRECS;9996.0;4
885700;TAKER;;ASH_COATED_OSMIUM;XIRECS;10009.0;4
885800;TAKER;;ASH_COATED_OSMIUM;XIRECS;10008.0;6
886000;TAKER;;INTARIAN_PEPPER_ROOT;XIRECS;12005.0;3
886100;;TAKER;INTARIAN_PEPPER_ROOT;XIRECS;11993.0;6
886100;TAKER;;ASH_COATED_OSMIUM;XIRECS;10010.0;2
886200;TAKER;;INTARIAN_PEPPER_ROOT;XIRECS;12006.0;15
886300;TAKER;;INTARIAN_PEPPER_ROOT;XIRECS;12005.0;2
886300;TAKER;;ASH_COATED_OSMIUM;XIRECS;10008.0;11
886500;TAKER;;ASH_COATED_OSMIUM;XIRECS;10007.0;5
886800;;TAKER;INTARIAN_PEPPER_ROOT;XIRECS;11992.0;8
887200;TAKER;;INTARIAN_PEPPER_ROOT;XIRECS;12007.0;7
887500;TAKER;;ASH_COATED_OSMIUM;XIRECS;10007.0;8
887600;;TAKER;ASH_COATED_OSMIUM;XIRECS;9991.0;14
887900;TAKER;;ASH_COATED_OSMIUM;XIRECS;10008.0;6
888000;TAKER;;INTARIAN_PEPPER_ROOT;XIRECS;12006.0;11
888000;;TAKER;ASH_COATED_OSMIUM;XIRECS;9995.0;7
888100;TAKER;;INTARIAN_PEPPER_ROOT;XIRECS;12008.0;15
888100;TAKER;;ASH_COATED_OSMIUM;XIRECS;10008.0;13
888200;TAKER;;INTARIAN_PEPPER_ROOT;XIRECS;12006.0;6
888200;;TAKER;ASH_COATED_OSMIUM;XIRECS;9991.0;2
888300;;TAKER;INTARIAN_PEPPER_ROOT;XIRECS;11993.0;8
888700;TAKER;;ASH_COATED_OSMIUM;XIRECS;10009.0;4
889500;;TAKER;INTARIAN_PEPPER_ROOT;XIRECS;11992.0;13
889500;;TAKER;ASH_COATED_OSMIUM;XIRECS;9990.0;14
889600;;TAKER;ASH_COATED_OSMIUM;XIRECS;9994.0;12
889700;;TAKER;INTARIAN_PEPPER_ROOT;XIRECS;11992.0;3
890000;TAKER;;ASH_COATED_OSMIUM;XIRECS;10009.0;13
890100;TAKER;;ASH_COATED_OSMIUM;XIRECS;10010.0;7
890400;TAKER;;INTARIAN_PEPPER_ROOT;XIRECS;12005.0;4
890500;;TAKER;INTARIAN_PEPPER_ROOT;XIRECS;11992.0;3
890600;;TAKER;ASH_COATED_OSMIUM;XIRECS;9991.0;8
891000;;TAKER;INTARIAN_PEPPER_ROOT;XIRECS;11991.0;6
891500;;TAKER;INTARIAN_PEPPER_ROOT;XIRECS;11992.0;8
891800;TAKER;;ASH_COATED_OSMIUM;XIRECS;10005.0;8
891900;;TAKER;ASH_COATED_OSMIUM;XIRECS;9989.0;13
892300;;TAKER;ASH_COATED_OSMIUM;XIRECS;9991.0;12
892400;TAKER;;INTARIAN_PEPPER_ROOT;XIRECS;12007.0;6
892700;;TAKER;INTARIAN_PEPPER_ROOT;XIRECS;11992.0;8
892700;;TAKER;ASH_COATED_OSMIUM;XIRECS;9995.0;3
892800;;TAKER;INTARIAN_PEPPER_ROOT;XIRECS;11993.0;11
892900;;TAKER;INTARIAN_PEPPER_ROOT;XIRECS;11991.0;11
893000;;TAKER;INTARIAN_PEPPER_ROOT;XIRECS;11991.0;13
893100;TAKER;;ASH_COATED_OSMIUM;XIRECS;10006.0;13
893200;TAKER;;INTARIAN_PEPPER_ROOT;XIRECS;12009.0;5
893600;TAKER;;INTARIAN_PEPPER_ROOT;XIRECS;12007.0;15
893800;;TAKER;ASH_COATED_OSMIUM;XIRECS;9997.0;6
894000;;TAKER;INTARIAN_PEPPER_ROOT;XIRECS;11990.0;4
894000;;TAKER;ASH_COATED_OSMIUM;XIRECS;9988.0;9
894400;TAKER;;INTARIAN_PEPPER_ROOT;XIRECS;12007.0;2
894500;;TAKER;INTARIAN_PEPPER_ROOT;XIRECS;11993.0;5
894700;;TAKER;INTARIAN_PEPPER_ROOT;XIRECS;11991.0;7
894700;;TAKER;ASH_COATED_OSMIUM;XIRECS;9988.0;3
894800;TAKER;;INTARIAN_PEPPER_ROOT;XIRECS;12006.0;14
894800;;TAKER;ASH_COATED_OSMIUM;XIRECS;9991.0;11
894900;TAKER;;INTARIAN_PEPPER_ROOT;XIRECS;12005.0;3
895000;TAKER;;ASH_COATED_OSMIUM;XIRECS;10005.0;12
895400;;TAKER;INTARIAN_PEPPER_ROOT;XIRECS;11991.0;2
895600;TAKER;;INTARIAN_PEPPER_ROOT;XIRECS;12006.0;14
895700;TAKER;;INTARIAN_PEPPER_ROOT;XIRECS;12006.0;7
895700;TAKER;;ASH_COATED_OSMIUM;XIRECS;10007.0;15
896200;TAKER;;ASH_COATED_OSMIUM;XIRECS;10011.0;14
896400;;TAKER;INTARIAN_PEPPER_ROOT;XIRECS;11994.0;3
896400;;TAKER;ASH_COATED_OSMIUM;XIRECS;9993.0;6
896500;;TAKER;ASH_COATED_OSMIUM;XIRECS;9991.0;5
896600;;TAKER;INTARIAN_PEPPER_ROOT;XIRECS;11993.0;11
896700;TAKER;;ASH_COATED_OSMIUM;XIRECS;10006.0;15
896900;TAKER;;INTARIAN_PEPPER_ROOT;XIRECS;12009.0;9
897000;TAKER;;ASH_COATED_OSMIUM;XIRECS;10007.0;12
897200;TAKER;;ASH_COATED_OSMIUM;XIRECS;10007.0;10
897400;TAKER;;INTARIAN_PEPPER_ROOT;XIRECS;12005.0;2
897500;TAKER;;INTARIAN_PEPPER_ROOT;XIRECS;12006.0;12
897500;;TAKER;ASH_COATED_OSMIUM;XIRECS;9991.0;6
897600;TAKER;;INTARIAN_PEPPER_ROOT;XIRECS;12007.0;9
897600;;TAKER;ASH_COATED_OSMIUM;XIRECS;9995.0;12
897900;TAKER;;ASH_COATED_OSMIUM;XIRECS;10013.0;15
898300;TAKER;;ASH_COATED_OSMIUM;XIRECS;10006.0;14
898600;;TAKER;INTARIAN_PEPPER_ROOT;XIRECS;11994.0;13
898700;TAKER;;ASH_COATED_OSMIUM;XIRECS;10010.0;10
899000;TAKER;;ASH_COATED_OSMIUM;XIRECS;10006.0;5
899100;TAKER;;INTARIAN_PEPPER_ROOT;XIRECS;12007.0;5
899300;;TAKER;INTARIAN_PEPPER_ROOT;XIRECS;11992.0;7
899700;TAKER;;ASH_COATED_OSMIUM;XIRECS;10006.0;6
899900;TAKER;;INTARIAN_PEPPER_ROOT;XIRECS;12007.0;9
900000;TAKER;;INTARIAN_PEPPER_ROOT;XIRECS;12007.0;7
900000;TAKER;;ASH_COATED_OSMIUM;XIRECS;10008.0;13
900300;;TAKER;ASH_COATED_OSMIUM;XIRECS;9991.0;6
900400;TAKER;;INTARIAN_PEPPER_ROOT;XIRECS;12004.0;14
900600;;TAKER;INTARIAN_PEPPER_ROOT;XIRECS;11994.0;6
900600;;TAKER;ASH_COATED_OSMIUM;XIRECS;9990.0;14
900800;TAKER;;INTARIAN_PEPPER_ROOT;XIRECS;12006.0;8
901000;TAKER;;ASH_COATED_OSMIUM;XIRECS;10008.0;5
901500;TAKER;;ASH_COATED_OSMIUM;XIRECS;10008.0;3
901700;TAKER;;INTARIAN_PEPPER_ROOT;XIRECS;12004.0;13
901700;;TAKER;ASH_COATED_OSMIUM;XIRECS;9986.0;14
901800;;TAKER;INTARIAN_PEPPER_ROOT;XIRECS;11994.0;8
901900;TAKER;;INTARIAN_PEPPER_ROOT;XIRECS;12008.0;10
902000;TAKER;;ASH_COATED_OSMIUM;XIRECS;10008.0;14
902100;;TAKER;INTARIAN_PEPPER_ROOT;XIRECS;11993.0;11
902200;;TAKER;ASH_COATED_OSMIUM;XIRECS;9989.0;7
902300;;TAKER;INTARIAN_PEPPER_ROOT;XIRECS;11993.0;15
902600;;TAKER;INTARIAN_PEPPER_ROOT;XIRECS;11994.0;9
902700;;TAKER;ASH_COATED_OSMIUM;XIRECS;9988.0;6
902800;;TAKER;INTARIAN_PEPPER_ROOT;XIRECS;11992.0;7
902900;;TAKER;ASH_COATED_OSMIUM;XIRECS;9990.0;11
903100;TAKER;;ASH_COATED_OSMIUM;XIRECS;10008.0;2
903200;;TAKER;INTARIAN_PEPPER_ROOT;XIRECS;11994.0;7
903300;;TAKER;INTARIAN_PEPPER_ROOT;XIRECS;11990.0;7
903600;TAKER;;ASH_COATED_OSMIUM;XIRECS;10008.0;15
904000;;TAKER;ASH_COATED_OSMIUM;XIRECS;9990.0;6
904300;TAKER;;INTARIAN_PEPPER_ROOT;XIRECS;12006.0;15
904300;;TAKER;ASH_COATED_OSMIUM;XIRECS;9990.0;7
904400;;TAKER;ASH_COATED_OSMIUM;XIRECS;9986.0;10
904500;;TAKER;INTARIAN_PEPPER_ROOT;XIRECS;11991.0;7
904600;TAKER;;INTARIAN_PEPPER_ROOT;XIRECS;12006.0;5
904700;TAKER;;ASH_COATED_OSMIUM;XIRECS;10008.0;11
904900;;TAKER;ASH_COATED_OSMIUM;XIRECS;9994.0;5
905100;TAKER;;INTARIAN_PEPPER_ROOT;XIRECS;12006.0;4
905500;TAKER;;INTARIAN_PEPPER_ROOT;XIRECS;12005.0;7
905700;TAKER;;INTARIAN_PEPPER_ROOT;XIRECS;12005.0;10
906500;TAKER;;INTARIAN_PEPPER_ROOT;XIRECS;12007.0;11
906600;TAKER;;ASH_COATED_OSMIUM;XIRECS;10008.0;9
906700;TAKER;;ASH_COATED_OSMIUM;XIRECS;10009.0;7
906800;TAKER;;INTARIAN_PEPPER_ROOT;XIRECS;12007.0;7
907100;;TAKER;ASH_COATED_OSMIUM;XIRECS;9990.0;10
907200;TAKER;;INTARIAN_PEPPER_ROOT;XIRECS;12006.0;15
907300;;TAKER;INTARIAN_PEPPER_ROOT;XIRECS;11991.0;7
907300;TAKER;;ASH_COATED_OSMIUM;XIRECS;10008.0;11
907400;;TAKER;INTARIAN_PEPPER_ROOT;XIRECS;11993.0;10
907500;;TAKER;ASH_COATED_OSMIUM;XIRECS;9991.0;15
907900;TAKER;;ASH_COATED_OSMIUM;XIRECS;10006.0;10
908100;;TAKER;ASH_COATED_OSMIUM;XIRECS;9991.0;7
908300;;TAKER;INTARIAN_PEPPER_ROOT;XIRECS;11994.0;9
908500;TAKER;;ASH_COATED_OSMIUM;XIRECS;10011.0;11
908900;;TAKER;ASH_COATED_OSMIUM;XIRECS;9991.0;15
909000;;TAKER;ASH_COATED_OSMIUM;XIRECS;9992.0;9
909100;TAKER;;ASH_COATED_OSMIUM;XIRECS;10009.0;6
909400;;TAKER;INTARIAN_PEPPER_ROOT;XIRECS;11995.0;5
910000;;TAKER;INTARIAN_PEPPER_ROOT;XIRECS;11992.0;4
910000;TAKER;;ASH_COATED_OSMIUM;XIRECS;10008.0;8
910200;TAKER;;INTARIAN_PEPPER_ROOT;XIRECS;12006.0;8
910200;;TAKER;ASH_COATED_OSMIUM;XIRECS;9987.0;9
910300;TAKER;;INTARIAN_PEPPER_ROOT;XIRECS;12006.0;14
910400;TAKER;;INTARIAN_PEPPER_ROOT;XIRECS;12006.0;8
910700;TAKER;;INTARIAN_PEPPER_ROOT;XIRECS;12007.0;6
910900;;TAKER;INTARIAN_PEPPER_ROOT;XIRECS;11994.0;9
911000;TAKER;;INTARIAN_PEPPER_ROOT;XIRECS;12007.0;15
911100;;TAKER;ASH_COATED_OSMIUM;XIRECS;9991.0;4
911200;;TAKER;ASH_COATED_OSMIUM;XIRECS;9986.0;14
911500;TAKER;;ASH_COATED_OSMIUM;XIRECS;10008.0;4
911900;;TAKER;INTARIAN_PEPPER_ROOT;XIRECS;11994.0;7
911900;;TAKER;ASH_COATED_OSMIUM;XIRECS;9996.0;7
912000;TAKER;;INTARIAN_PEPPER_ROOT;XIRECS;12005.0;2
912200;;TAKER;INTARIAN_PEPPER_ROOT;XIRECS;11993.0;9
912400;;TAKER;ASH_COATED_OSMIUM;XIRECS;9991.0;14
912500;;TAKER;ASH_COATED_OSMIUM;XIRECS;9992.0;7
912800;TAKER;;ASH_COATED_OSMIUM;XIRECS;10006.0;15
912900;TAKER;;INTARIAN_PEPPER_ROOT;XIRECS;12005.0;4
913000;;TAKER;INTARIAN_PEPPER_ROOT;XIRECS;11993.0;12
913000;;TAKER;ASH_COATED_OSMIUM;XIRECS;9990.0;10
913300;TAKER;;ASH_COATED_OSMIUM;XIRECS;10006.0;5
913400;;TAKER;ASH_COATED_OSMIUM;XIRECS;9992.0;13
913600;;TAKER;INTARIAN_PEPPER_ROOT;XIRECS;11991.0;3
913700;TAKER;;INTARIAN_PEPPER_ROOT;XIRECS;12007.0;2
913800;TAKER;;ASH_COATED_OSMIUM;XIRECS;10007.0;10
914100;;TAKER;INTARIAN_PEPPER_ROOT;XIRECS;11993.0;12
914500;;TAKER;INTARIAN_PEPPER_ROOT;XIRECS;11992.0;9
914500;TAKER;;ASH_COATED_OSMIUM;XIRECS;10006.0;4
914600;;TAKER;ASH_COATED_OSMIUM;XIRECS;9993.0;3
914800;TAKER;;ASH_COATED_OSMIUM;XIRECS;10006.0;10
914900;TAKER;;ASH_COATED_OSMIUM;XIRECS;10006.0;10
915500;TAKER;;INTARIAN_PEPPER_ROOT;XIRECS;12007.0;2
915500;;TAKER;ASH_COATED_OSMIUM;XIRECS;9989.0;4
915600;TAKER;;ASH_COATED_OSMIUM;XIRECS;10010.0;3
915700;TAKER;;ASH_COATED_OSMIUM;XIRECS;10007.0;2
915800;TAKER;;INTARIAN_PEPPER_ROOT;XIRECS;12010.0;6
915800;;TAKER;ASH_COATED_OSMIUM;XIRECS;9989.0;7
915900;TAKER;;INTARIAN_PEPPER_ROOT;XIRECS;12006.0;10
916000;TAKER;;ASH_COATED_OSMIUM;XIRECS;10012.0;14
916300;;TAKER;ASH_COATED_OSMIUM;XIRECS;9988.0;14
916400;TAKER;;ASH_COATED_OSMIUM;XIRECS;10010.0;5
916500;;TAKER;INTARIAN_PEPPER_ROOT;XIRECS;11992.0;5
916600;;TAKER;INTARIAN_PEPPER_ROOT;XIRECS;11994.0;11
916800;TAKER;;INTARIAN_PEPPER_ROOT;XIRECS;12006.0;5
916900;;TAKER;INTARIAN_PEPPER_ROOT;XIRECS;11992.0;9
917100;TAKER;;ASH_COATED_OSMIUM;XIRECS;10012.0;13
917200;TAKER;;ASH_COATED_OSMIUM;XIRECS;10007.0;4
917300;TAKER;;INTARIAN_PEPPER_ROOT;XIRECS;12007.0;7
917400;;TAKER;INTARIAN_PEPPER_ROOT;XIRECS;11994.0;12
917600;TAKER;;INTARIAN_PEPPER_ROOT;XIRECS;12005.0;11
917600;;TAKER;ASH_COATED_OSMIUM;XIRECS;9989.0;2
917900;TAKER;;ASH_COATED_OSMIUM;XIRECS;10007.0;6
918100;TAKER;;INTARIAN_PEPPER_ROOT;XIRECS;12008.0;8
918200;TAKER;;INTARIAN_PEPPER_ROOT;XIRECS;12007.0;8
918200;TAKER;;ASH_COATED_OSMIUM;XIRECS;10010.0;6
918400;;TAKER;INTARIAN_PEPPER_ROOT;XIRECS;11994.0;11
918400;TAKER;;ASH_COATED_OSMIUM;XIRECS;10006.0;8
918500;TAKER;;INTARIAN_PEPPER_ROOT;XIRECS;12007.0;4
918600;TAKER;;INTARIAN_PEPPER_ROOT;XIRECS;12005.0;6
918600;TAKER;;ASH_COATED_OSMIUM;XIRECS;10010.0;10
918700;;TAKER;ASH_COATED_OSMIUM;XIRECS;9989.0;2
919000;TAKER;;ASH_COATED_OSMIUM;XIRECS;10006.0;9
919100;TAKER;;INTARIAN_PEPPER_ROOT;XIRECS;12007.0;4
919300;;TAKER;INTARIAN_PEPPER_ROOT;XIRECS;11991.0;10
919300;TAKER;;ASH_COATED_OSMIUM;XIRECS;10006.0;4
919500;;TAKER;INTARIAN_PEPPER_ROOT;XIRECS;11993.0;2
919500;TAKER;;ASH_COATED_OSMIUM;XIRECS;10009.0;3
919800;;TAKER;INTARIAN_PEPPER_ROOT;XIRECS;11991.0;2
920200;;TAKER;ASH_COATED_OSMIUM;XIRECS;9989.0;8
920400;TAKER;;ASH_COATED_OSMIUM;XIRECS;10012.0;4
920500;;TAKER;ASH_COATED_OSMIUM;XIRECS;9988.0;3
920600;TAKER;;INTARIAN_PEPPER_ROOT;XIRECS;12006.0;14
920700;TAKER;;ASH_COATED_OSMIUM;XIRECS;10006.0;9
920800;TAKER;;ASH_COATED_OSMIUM;XIRECS;10006.0;12
920900;;TAKER;ASH_COATED_OSMIUM;XIRECS;9987.0;13
921000;;TAKER;INTARIAN_PEPPER_ROOT;XIRECS;11991.0;15
921100;TAKER;;ASH_COATED_OSMIUM;XIRECS;10010.0;3
921400;;TAKER;INTARIAN_PEPPER_ROOT;XIRECS;11991.0;14
921800;;TAKER;ASH_COATED_OSMIUM;XIRECS;9992.0;3
922000;TAKER;;ASH_COATED_OSMIUM;XIRECS;10009.0;5
922100;TAKER;;INTARIAN_PEPPER_ROOT;XIRECS;12008.0;5
922200;TAKER;;INTARIAN_PEPPER_ROOT;XIRECS;12006.0;8
922300;TAKER;;INTARIAN_PEPPER_ROOT;XIRECS;12008.0;11
922300;TAKER;;ASH_COATED_OSMIUM;XIRECS;10007.0;10
922500;TAKER;;INTARIAN_PEPPER_ROOT;XIRECS;12005.0;8
922500;;TAKER;ASH_COATED_OSMIUM;XIRECS;9993.0;7
922800;TAKER;;ASH_COATED_OSMIUM;XIRECS;10009.0;13
923100;TAKER;;ASH_COATED_OSMIUM;XIRECS;10009.0;15
923300;;TAKER;INTARIAN_PEPPER_ROOT;XIRECS;11992.0;8
923400;;TAKER;ASH_COATED_OSMIUM;XIRECS;9990.0;13
923500;;TAKER;ASH_COATED_OSMIUM;XIRECS;9990.0;12
923700;TAKER;;INTARIAN_PEPPER_ROOT;XIRECS;12007.0;3
924000;;TAKER;INTARIAN_PEPPER_ROOT;XIRECS;11993.0;12
924100;;TAKER;INTARIAN_PEPPER_ROOT;XIRECS;11992.0;9
924300;;TAKER;ASH_COATED_OSMIUM;XIRECS;9990.0;13
924400;;TAKER;ASH_COATED_OSMIUM;XIRECS;9991.0;3
924500;;TAKER;INTARIAN_PEPPER_ROOT;XIRECS;11992.0;2
924600;;TAKER;INTARIAN_PEPPER_ROOT;XIRECS;11993.0;4
925000;TAKER;;INTARIAN_PEPPER_ROOT;XIRECS;12007.0;7
925000;TAKER;;ASH_COATED_OSMIUM;XIRECS;10013.0;14
925300;TAKER;;ASH_COATED_OSMIUM;XIRECS;10008.0;2
925700;TAKER;;ASH_COATED_OSMIUM;XIRECS;10006.0;2
925900;TAKER;;ASH_COATED_OSMIUM;XIRECS;10007.0;13
926100;;TAKER;ASH_COATED_OSMIUM;XIRECS;9994.0;3
926400;TAKER;;ASH_COATED_OSMIUM;XIRECS;10010.0;11
926500;TAKER;;INTARIAN_PEPPER_ROOT;XIRECS;12006.0;2
926600;;TAKER;ASH_COATED_OSMIUM;XIRECS;9990.0;15
926800;TAKER;;ASH_COATED_OSMIUM;XIRECS;10009.0;2
926900;;TAKER;INTARIAN_PEPPER_ROOT;XIRECS;11991.0;13
926900;TAKER;;ASH_COATED_OSMIUM;XIRECS;10006.0;4
927000;;TAKER;ASH_COATED_OSMIUM;XIRECS;9993.0;7
927500;TAKER;;ASH_COATED_OSMIUM;XIRECS;10008.0;12
927600;;TAKER;INTARIAN_PEPPER_ROOT;XIRECS;11992.0;13
927900;TAKER;;ASH_COATED_OSMIUM;XIRECS;10012.0;12
928100;;TAKER;INTARIAN_PEPPER_ROOT;XIRECS;11994.0;11
928100;TAKER;;ASH_COATED_OSMIUM;XIRECS;10008.0;15
928600;;TAKER;ASH_COATED_OSMIUM;XIRECS;9990.0;2
928700;;TAKER;ASH_COATED_OSMIUM;XIRECS;9992.0;15
928800;;TAKER;INTARIAN_PEPPER_ROOT;XIRECS;11992.0;9
928900;TAKER;;ASH_COATED_OSMIUM;XIRECS;10006.0;9
929000;;TAKER;INTARIAN_PEPPER_ROOT;XIRECS;11991.0;6
929100;TAKER;;INTARIAN_PEPPER_ROOT;XIRECS;12007.0;4
929200;;TAKER;ASH_COATED_OSMIUM;XIRECS;9990.0;12
929300;;TAKER;INTARIAN_PEPPER_ROOT;XIRECS;11993.0;3
929300;;TAKER;ASH_COATED_OSMIUM;XIRECS;9990.0;3
929500;TAKER;;ASH_COATED_OSMIUM;XIRECS;10008.0;5
929800;;TAKER;INTARIAN_PEPPER_ROOT;XIRECS;11991.0;9
929900;TAKER;;INTARIAN_PEPPER_ROOT;XIRECS;12005.0;4
930000;TAKER;;ASH_COATED_OSMIUM;XIRECS;10014.0;5
930200;TAKER;;INTARIAN_PEPPER_ROOT;XIRECS;12006.0;6
930200;;TAKER;ASH_COATED_OSMIUM;XIRECS;9989.0;15
930300;TAKER;;INTARIAN_PEPPER_ROOT;XIRECS;12007.0;12
930500;;TAKER;INTARIAN_PEPPER_ROOT;XIRECS;11992.0;11
930500;TAKER;;ASH_COATED_OSMIUM;XIRECS;10011.0;8
930800;TAKER;;ASH_COATED_OSMIUM;XIRECS;10010.0;11
930900;;TAKER;INTARIAN_PEPPER_ROOT;XIRECS;11991.0;10
930900;;TAKER;ASH_COATED_OSMIUM;XIRECS;9990.0;7
931100;;TAKER;INTARIAN_PEPPER_ROOT;XIRECS;11993.0;13
931100;;TAKER;ASH_COATED_OSMIUM;XIRECS;9993.0;10
931300;;TAKER;INTARIAN_PEPPER_ROOT;XIRECS;11993.0;8
931600;TAKER;;ASH_COATED_OSMIUM;XIRECS;10007.0;2
931700;TAKER;;INTARIAN_PEPPER_ROOT;XIRECS;12007.0;5
931900;TAKER;;ASH_COATED_OSMIUM;XIRECS;10008.0;14
932000;;TAKER;INTARIAN_PEPPER_ROOT;XIRECS;11992.0;7
932100;TAKER;;INTARIAN_PEPPER_ROOT;XIRECS;12005.0;9
932100;;TAKER;ASH_COATED_OSMIUM;XIRECS;9988.0;15
932200;;TAKER;ASH_COATED_OSMIUM;XIRECS;9990.0;14
932300;TAKER;;INTARIAN_PEPPER_ROOT;XIRECS;12005.0;6
932400;TAKER;;ASH_COATED_OSMIUM;XIRECS;10011.0;11
932600;TAKER;;ASH_COATED_OSMIUM;XIRECS;10007.0;8
932700;TAKER;;INTARIAN_PEPPER_ROOT;XIRECS;12006.0;9
933000;TAKER;;INTARIAN_PEPPER_ROOT;XIRECS;12005.0;9
933300;TAKER;;INTARIAN_PEPPER_ROOT;XIRECS;12008.0;7
933600;;TAKER;ASH_COATED_OSMIUM;XIRECS;9994.0;7
933700;;TAKER;INTARIAN_PEPPER_ROOT;XIRECS;11993.0;3
933800;TAKER;;INTARIAN_PEPPER_ROOT;XIRECS;12006.0;11
934000;;TAKER;ASH_COATED_OSMIUM;XIRECS;9991.0;11
934300;TAKER;;INTARIAN_PEPPER_ROOT;XIRECS;12007.0;13
934400;;TAKER;INTARIAN_PEPPER_ROOT;XIRECS;11993.0;11
934800;TAKER;;ASH_COATED_OSMIUM;XIRECS;10007.0;7
934900;TAKER;;ASH_COATED_OSMIUM;XIRECS;10009.0;3
935100;;TAKER;ASH_COATED_OSMIUM;XIRECS;9989.0;3
935200;TAKER;;INTARIAN_PEPPER_ROOT;XIRECS;12007.0;5
935300;;TAKER;ASH_COATED_OSMIUM;XIRECS;9988.0;13
935400;TAKER;;INTARIAN_PEPPER_ROOT;XIRECS;12006.0;7
935500;TAKER;;INTARIAN_PEPPER_ROOT;XIRECS;12005.0;9
936200;;TAKER;INTARIAN_PEPPER_ROOT;XIRECS;11994.0;4
936300;TAKER;;INTARIAN_PEPPER_ROOT;XIRECS;12006.0;5
936400;;TAKER;INTARIAN_PEPPER_ROOT;XIRECS;11993.0;12
936500;;TAKER;INTARIAN_PEPPER_ROOT;XIRECS;11992.0;8
936600;TAKER;;INTARIAN_PEPPER_ROOT;XIRECS;12005.0;7
936800;;TAKER;ASH_COATED_OSMIUM;XIRECS;9987.0;15
937000;TAKER;;INTARIAN_PEPPER_ROOT;XIRECS;12007.0;6
937100;TAKER;;ASH_COATED_OSMIUM;XIRECS;10008.0;11
937200;;TAKER;INTARIAN_PEPPER_ROOT;XIRECS;11994.0;2
937300;TAKER;;INTARIAN_PEPPER_ROOT;XIRECS;12007.0;5
937400;TAKER;;INTARIAN_PEPPER_ROOT;XIRECS;12007.0;10
937400;TAKER;;ASH_COATED_OSMIUM;XIRECS;10009.0;15
937700;TAKER;;ASH_COATED_OSMIUM;XIRECS;10009.0;6
937900;TAKER;;INTARIAN_PEPPER_ROOT;XIRECS;12007.0;4
938300;TAKER;;ASH_COATED_OSMIUM;XIRECS;10010.0;9
938400;TAKER;;ASH_COATED_OSMIUM;XIRECS;10012.0;11
938700;;TAKER;ASH_COATED_OSMIUM;XIRECS;9992.0;2
938800;;TAKER;INTARIAN_PEPPER_ROOT;XIRECS;11993.0;5
938900;TAKER;;INTARIAN_PEPPER_ROOT;XIRECS;12005.0;15
938900;;TAKER;ASH_COATED_OSMIUM;XIRECS;9990.0;12
939100;;TAKER;INTARIAN_PEPPER_ROOT;XIRECS;11991.0;12
939100;TAKER;;ASH_COATED_OSMIUM;XIRECS;10008.0;5
939200;;TAKER;ASH_COATED_OSMIUM;XIRECS;9989.0;13
939400;TAKER;;INTARIAN_PEPPER_ROOT;XIRECS;12007.0;10
939400;TAKER;;ASH_COATED_OSMIUM;XIRECS;10009.0;9
939500;TAKER;;INTARIAN_PEPPER_ROOT;XIRECS;12005.0;13
939500;TAKER;;ASH_COATED_OSMIUM;XIRECS;10009.0;5
940100;;TAKER;ASH_COATED_OSMIUM;XIRECS;9990.0;4
940300;;TAKER;ASH_COATED_OSMIUM;XIRECS;9990.0;13
940700;;TAKER;ASH_COATED_OSMIUM;XIRECS;9990.0;3
940900;TAKER;;INTARIAN_PEPPER_ROOT;XIRECS;12005.0;12
940900;TAKER;;ASH_COATED_OSMIUM;XIRECS;10007.0;6
941300;;TAKER;ASH_COATED_OSMIUM;XIRECS;9989.0;15
941700;;TAKER;INTARIAN_PEPPER_ROOT;XIRECS;11992.0;14
942400;TAKER;;INTARIAN_PEPPER_ROOT;XIRECS;12005.0;15
942500;TAKER;;INTARIAN_PEPPER_ROOT;XIRECS;12007.0;5
942800;TAKER;;INTARIAN_PEPPER_ROOT;XIRECS;12005.0;6
942900;TAKER;;ASH_COATED_OSMIUM;XIRECS;10008.0;6
943000;TAKER;;ASH_COATED_OSMIUM;XIRECS;10009.0;4
943400;TAKER;;ASH_COATED_OSMIUM;XIRECS;10010.0;13
943500;TAKER;;ASH_COATED_OSMIUM;XIRECS;10009.0;5
943600;;TAKER;INTARIAN_PEPPER_ROOT;XIRECS;11994.0;2
943700;TAKER;;INTARIAN_PEPPER_ROOT;XIRECS;12005.0;14
943700;;TAKER;ASH_COATED_OSMIUM;XIRECS;9990.0;8
943800;;TAKER;INTARIAN_PEPPER_ROOT;XIRECS;11991.0;7
944000;TAKER;;ASH_COATED_OSMIUM;XIRECS;10010.0;2
944100;TAKER;;ASH_COATED_OSMIUM;XIRECS;10011.0;15
944200;TAKER;;INTARIAN_PEPPER_ROOT;XIRECS;12007.0;10
944300;;TAKER;INTARIAN_PEPPER_ROOT;XIRECS;11991.0;13
944500;;TAKER;ASH_COATED_OSMIUM;XIRECS;9996.0;8
944600;;TAKER;INTARIAN_PEPPER_ROOT;XIRECS;11993.0;5
944600;TAKER;;ASH_COATED_OSMIUM;XIRECS;10006.0;11
944700;TAKER;;INTARIAN_PEPPER_ROOT;XIRECS;12006.0;4
944800;TAKER;;ASH_COATED_OSMIUM;XIRECS;10007.0;14
944900;TAKER;;ASH_COATED_OSMIUM;XIRECS;10007.0;4
945000;;TAKER;INTARIAN_PEPPER_ROOT;XIRECS;11992.0;14
945200;;TAKER;INTARIAN_PEPPER_ROOT;XIRECS;11994.0;10
945200;TAKER;;ASH_COATED_OSMIUM;XIRECS;10011.0;6
945400;;TAKER;INTARIAN_PEPPER_ROOT;XIRECS;11994.0;4
945500;;TAKER;ASH_COATED_OSMIUM;XIRECS;9991.0;5
945800;;TAKER;ASH_COATED_OSMIUM;XIRECS;9993.0;15
946000;TAKER;;INTARIAN_PEPPER_ROOT;XIRECS;12008.0;4
946100;;TAKER;INTARIAN_PEPPER_ROOT;XIRECS;11992.0;4
946100;TAKER;;ASH_COATED_OSMIUM;XIRECS;10008.0;13
946200;TAKER;;INTARIAN_PEPPER_ROOT;XIRECS;12006.0;6
946200;TAKER;;ASH_COATED_OSMIUM;XIRECS;10013.0;13
946400;TAKER;;ASH_COATED_OSMIUM;XIRECS;10007.0;9
946700;TAKER;;ASH_COATED_OSMIUM;XIRECS;10007.0;11
946800;;TAKER;INTARIAN_PEPPER_ROOT;XIRECS;11994.0;13
946800;;TAKER;ASH_COATED_OSMIUM;XIRECS;9992.0;7
947000;TAKER;;ASH_COATED_OSMIUM;XIRECS;10010.0;13
947100;;TAKER;ASH_COATED_OSMIUM;XIRECS;9993.0;12
947300;;TAKER;INTARIAN_PEPPER_ROOT;XIRECS;11993.0;2
947300;TAKER;;ASH_COATED_OSMIUM;XIRECS;10009.0;14
947700;TAKER;;INTARIAN_PEPPER_ROOT;XIRECS;12005.0;9
947900;TAKER;;INTARIAN_PEPPER_ROOT;XIRECS;12008.0;3
947900;TAKER;;ASH_COATED_OSMIUM;XIRECS;10009.0;4
948000;TAKER;;ASH_COATED_OSMIUM;XIRECS;10006.0;11
948100;TAKER;;INTARIAN_PEPPER_ROOT;XIRECS;12006.0;7
948100;TAKER;;ASH_COATED_OSMIUM;XIRECS;10009.0;10
948200;;TAKER;INTARIAN_PEPPER_ROOT;XIRECS;11993.0;10
948200;;TAKER;ASH_COATED_OSMIUM;XIRECS;9992.0;15
948900;TAKER;;INTARIAN_PEPPER_ROOT;XIRECS;12006.0;12
949000;TAKER;;INTARIAN_PEPPER_ROOT;XIRECS;12008.0;9
949200;TAKER;;INTARIAN_PEPPER_ROOT;XIRECS;12006.0;8
949300;TAKER;;INTARIAN_PEPPER_ROOT;XIRECS;12008.0;7
949400;;TAKER;ASH_COATED_OSMIUM;XIRECS;9992.0;11
949500;;TAKER;INTARIAN_PEPPER_ROOT;XIRECS;11992.0;11
949600;;TAKER;INTARIAN_PEPPER_ROOT;XIRECS;11993.0;3
949800;;TAKER;ASH_COATED_OSMIUM;XIRECS;9991.0;3
949900;TAKER;;INTARIAN_PEPPER_ROOT;XIRECS;12007.0;8
950000;TAKER;;INTARIAN_PEPPER_ROOT;XIRECS;12007.0;8
950300;TAKER;;INTARIAN_PEPPER_ROOT;XIRECS;12009.0;11
950500;;TAKER;ASH_COATED_OSMIUM;XIRECS;9992.0;15
950700;TAKER;;INTARIAN_PEPPER_ROOT;XIRECS;12005.0;14
950900;;TAKER;INTARIAN_PEPPER_ROOT;XIRECS;11993.0;3
951100;;TAKER;ASH_COATED_OSMIUM;XIRECS;9988.0;4
951200;TAKER;;INTARIAN_PEPPER_ROOT;XIRECS;12007.0;5
951400;TAKER;;ASH_COATED_OSMIUM;XIRECS;10008.0;8
951600;;TAKER;ASH_COATED_OSMIUM;XIRECS;9990.0;15
951700;TAKER;;ASH_COATED_OSMIUM;XIRECS;10009.0;8
951800;;TAKER;INTARIAN_PEPPER_ROOT;XIRECS;11990.0;6
951800;TAKER;;ASH_COATED_OSMIUM;XIRECS;10008.0;3
951900;TAKER;;INTARIAN_PEPPER_ROOT;XIRECS;12007.0;14
952400;;TAKER;ASH_COATED_OSMIUM;XIRECS;9989.0;11
952500;;TAKER;INTARIAN_PEPPER_ROOT;XIRECS;11994.0;12
952500;TAKER;;ASH_COATED_OSMIUM;XIRECS;10010.0;6
952700;;TAKER;INTARIAN_PEPPER_ROOT;XIRECS;11994.0;14
953100;;TAKER;INTARIAN_PEPPER_ROOT;XIRECS;11993.0;12
953100;TAKER;;ASH_COATED_OSMIUM;XIRECS;10008.0;13
953200;;TAKER;ASH_COATED_OSMIUM;XIRECS;9991.0;10
953400;TAKER;;ASH_COATED_OSMIUM;XIRECS;10009.0;13
953600;TAKER;;INTARIAN_PEPPER_ROOT;XIRECS;12006.0;11
953700;TAKER;;ASH_COATED_OSMIUM;XIRECS;10008.0;11
953800;;TAKER;ASH_COATED_OSMIUM;XIRECS;9989.0;14
953900;TAKER;;ASH_COATED_OSMIUM;XIRECS;10009.0;14
954100;TAKER;;ASH_COATED_OSMIUM;XIRECS;10008.0;4
954300;;TAKER;INTARIAN_PEPPER_ROOT;XIRECS;11994.0;11
954400;;TAKER;ASH_COATED_OSMIUM;XIRECS;9991.0;14
954500;TAKER;;ASH_COATED_OSMIUM;XIRECS;10009.0;6
954700;;TAKER;INTARIAN_PEPPER_ROOT;XIRECS;11994.0;11
954700;;TAKER;ASH_COATED_OSMIUM;XIRECS;9993.0;13
954800;;TAKER;INTARIAN_PEPPER_ROOT;XIRECS;11990.0;3
954900;;TAKER;ASH_COATED_OSMIUM;XIRECS;9991.0;9
955200;;TAKER;INTARIAN_PEPPER_ROOT;XIRECS;11993.0;8
955400;TAKER;;INTARIAN_PEPPER_ROOT;XIRECS;12004.0;6
955800;TAKER;;INTARIAN_PEPPER_ROOT;XIRECS;12009.0;14
955900;TAKER;;ASH_COATED_OSMIUM;XIRECS;10011.0;2
956300;;TAKER;ASH_COATED_OSMIUM;XIRECS;9988.0;8
956400;;TAKER;ASH_COATED_OSMIUM;XIRECS;9990.0;14
956600;TAKER;;INTARIAN_PEPPER_ROOT;XIRECS;12006.0;8
956700;;TAKER;INTARIAN_PEPPER_ROOT;XIRECS;11992.0;14
956900;;TAKER;INTARIAN_PEPPER_ROOT;XIRECS;11994.0;14
957100;;TAKER;INTARIAN_PEPPER_ROOT;XIRECS;11992.0;14
957100;TAKER;;ASH_COATED_OSMIUM;XIRECS;10008.0;12
957200;;TAKER;ASH_COATED_OSMIUM;XIRECS;9989.0;2
957400;TAKER;;INTARIAN_PEPPER_ROOT;XIRECS;12007.0;9
957500;TAKER;;ASH_COATED_OSMIUM;XIRECS;10009.0;2
957900;TAKER;;ASH_COATED_OSMIUM;XIRECS;10011.0;13
958200;TAKER;;ASH_COATED_OSMIUM;XIRECS;10007.0;14
958400;;TAKER;INTARIAN_PEPPER_ROOT;XIRECS;11995.0;15
958600;;TAKER;INTARIAN_PEPPER_ROOT;XIRECS;11993.0;2
958700;;TAKER;ASH_COATED_OSMIUM;XIRECS;9992.0;8
958800;;TAKER;INTARIAN_PEPPER_ROOT;XIRECS;11993.0;4
958900;TAKER;;INTARIAN_PEPPER_ROOT;XIRECS;12007.0;9
959100;TAKER;;INTARIAN_PEPPER_ROOT;XIRECS;12006.0;9
959400;TAKER;;INTARIAN_PEPPER_ROOT;XIRECS;12008.0;11
959400;;TAKER;ASH_COATED_OSMIUM;XIRECS;9994.0;10
959500;;TAKER;ASH_COATED_OSMIUM;XIRECS;9986.0;7
959700;;TAKER;INTARIAN_PEPPER_ROOT;XIRECS;11992.0;2
959800;;TAKER;INTARIAN_PEPPER_ROOT;XIRECS;11994.0;15
959900;;TAKER;ASH_COATED_OSMIUM;XIRECS;9991.0;7
960100;TAKER;;ASH_COATED_OSMIUM;XIRECS;10006.0;3
960400;TAKER;;ASH_COATED_OSMIUM;XIRECS;10011.0;12
960500;;TAKER;ASH_COATED_OSMIUM;XIRECS;9988.0;4
960900;TAKER;;INTARIAN_PEPPER_ROOT;XIRECS;12006.0;15
960900;;TAKER;ASH_COATED_OSMIUM;XIRECS;9990.0;10
961000;;TAKER;INTARIAN_PEPPER_ROOT;XIRECS;11992.0;5
961100;;TAKER;ASH_COATED_OSMIUM;XIRECS;9990.0;5
961200;;TAKER;INTARIAN_PEPPER_ROOT;XIRECS;11994.0;4
961300;;TAKER;ASH_COATED_OSMIUM;XIRECS;9992.0;11
961400;TAKER;;ASH_COATED_OSMIUM;XIRECS;10006.0;3
961600;;TAKER;INTARIAN_PEPPER_ROOT;XIRECS;11994.0;10
961700;;TAKER;INTARIAN_PEPPER_ROOT;XIRECS;11994.0;4
962000;;TAKER;INTARIAN_PEPPER_ROOT;XIRECS;11995.0;6
962000;TAKER;;ASH_COATED_OSMIUM;XIRECS;10007.0;2
962200;TAKER;;INTARIAN_PEPPER_ROOT;XIRECS;12005.0;15
962200;;TAKER;ASH_COATED_OSMIUM;XIRECS;9991.0;9
962300;;TAKER;INTARIAN_PEPPER_ROOT;XIRECS;11994.0;5
962300;TAKER;;ASH_COATED_OSMIUM;XIRECS;10007.0;6
962400;TAKER;;INTARIAN_PEPPER_ROOT;XIRECS;12006.0;12
962400;;TAKER;ASH_COATED_OSMIUM;XIRECS;9995.0;15
962700;;TAKER;INTARIAN_PEPPER_ROOT;XIRECS;11995.0;6
962900;TAKER;;ASH_COATED_OSMIUM;XIRECS;10010.0;5
963000;;TAKER;ASH_COATED_OSMIUM;XIRECS;9989.0;10
963100;;TAKER;INTARIAN_PEPPER_ROOT;XIRECS;11992.0;12
963400;;TAKER;INTARIAN_PEPPER_ROOT;XIRECS;11993.0;8
963400;;TAKER;ASH_COATED_OSMIUM;XIRECS;9994.0;9
963500;;TAKER;ASH_COATED_OSMIUM;XIRECS;9993.0;3
963600;TAKER;;INTARIAN_PEPPER_ROOT;XIRECS;12007.0;8
963700;TAKER;;INTARIAN_PEPPER_ROOT;XIRECS;12004.0;10
963800;;TAKER;INTARIAN_PEPPER_ROOT;XIRECS;11992.0;6
964000;TAKER;;ASH_COATED_OSMIUM;XIRECS;10005.0;10
964200;TAKER;;ASH_COATED_OSMIUM;XIRECS;10011.0;10
964400;;TAKER;INTARIAN_PEPPER_ROOT;XIRECS;11992.0;7
964900;;TAKER;INTARIAN_PEPPER_ROOT;XIRECS;11992.0;7
965000;;TAKER;ASH_COATED_OSMIUM;XIRECS;9991.0;10
965200;;TAKER;ASH_COATED_OSMIUM;XIRECS;9991.0;11
965300;TAKER;;INTARIAN_PEPPER_ROOT;XIRECS;12006.0;9
965300;;TAKER;ASH_COATED_OSMIUM;XIRECS;9989.0;7
965500;TAKER;;ASH_COATED_OSMIUM;XIRECS;10008.0;3
965700;;TAKER;ASH_COATED_OSMIUM;XIRECS;9993.0;6
965800;;TAKER;INTARIAN_PEPPER_ROOT;XIRECS;11991.0;12
966000;;TAKER;INTARIAN_PEPPER_ROOT;XIRECS;11992.0;15
966200;TAKER;;ASH_COATED_OSMIUM;XIRECS;10012.0;8
966300;;TAKER;INTARIAN_PEPPER_ROOT;XIRECS;11993.0;4
966500;TAKER;;INTARIAN_PEPPER_ROOT;XIRECS;12007.0;14
966600;TAKER;;INTARIAN_PEPPER_ROOT;XIRECS;12005.0;13
966800;;TAKER;INTARIAN_PEPPER_ROOT;XIRECS;11991.0;13
967000;;TAKER;ASH_COATED_OSMIUM;XIRECS;9991.0;5
967100;;TAKER;INTARIAN_PEPPER_ROOT;XIRECS;11995.0;10
967700;;TAKER;ASH_COATED_OSMIUM;XIRECS;9990.0;9
967800;TAKER;;ASH_COATED_OSMIUM;XIRECS;10009.0;11
967900;TAKER;;INTARIAN_PEPPER_ROOT;XIRECS;12007.0;12
967900;;TAKER;ASH_COATED_OSMIUM;XIRECS;9988.0;9
968000;;TAKER;INTARIAN_PEPPER_ROOT;XIRECS;11992.0;5
968000;;TAKER;ASH_COATED_OSMIUM;XIRECS;9992.0;14
968100;TAKER;;ASH_COATED_OSMIUM;XIRECS;10006.0;10
968300;;TAKER;ASH_COATED_OSMIUM;XIRECS;9991.0;12
968400;;TAKER;INTARIAN_PEPPER_ROOT;XIRECS;11993.0;14
968500;TAKER;;INTARIAN_PEPPER_ROOT;XIRECS;12006.0;11
968500;;TAKER;ASH_COATED_OSMIUM;XIRECS;9991.0;7
968600;;TAKER;INTARIAN_PEPPER_ROOT;XIRECS;11992.0;14
968600;;TAKER;ASH_COATED_OSMIUM;XIRECS;9988.0;3
968800;;TAKER;INTARIAN_PEPPER_ROOT;XIRECS;11994.0;3
969000;;TAKER;INTARIAN_PEPPER_ROOT;XIRECS;11992.0;12
969000;TAKER;;ASH_COATED_OSMIUM;XIRECS;10009.0;7
969200;;TAKER;ASH_COATED_OSMIUM;XIRECS;9987.0;12
969400;TAKER;;INTARIAN_PEPPER_ROOT;XIRECS;12005.0;14
969600;TAKER;;INTARIAN_PEPPER_ROOT;XIRECS;12005.0;2
969800;;TAKER;ASH_COATED_OSMIUM;XIRECS;9991.0;14
969900;TAKER;;ASH_COATED_OSMIUM;XIRECS;10007.0;15
970100;;TAKER;ASH_COATED_OSMIUM;XIRECS;9993.0;8
970300;TAKER;;ASH_COATED_OSMIUM;XIRECS;10010.0;5
970400;;TAKER;ASH_COATED_OSMIUM;XIRECS;9993.0;13
970500;TAKER;;INTARIAN_PEPPER_ROOT;XIRECS;12006.0;6
970800;;TAKER;INTARIAN_PEPPER_ROOT;XIRECS;11993.0;7
971000;;TAKER;INTARIAN_PEPPER_ROOT;XIRECS;11991.0;7
971100;;TAKER;INTARIAN_PEPPER_ROOT;XIRECS;11994.0;7
971300;;TAKER;INTARIAN_PEPPER_ROOT;XIRECS;11992.0;11
971300;;TAKER;ASH_COATED_OSMIUM;XIRECS;9990.0;11
971400;;TAKER;ASH_COATED_OSMIUM;XIRECS;9988.0;6
971600;;TAKER;INTARIAN_PEPPER_ROOT;XIRECS;11993.0;11
971700;;TAKER;INTARIAN_PEPPER_ROOT;XIRECS;11993.0;3
971700;;TAKER;ASH_COATED_OSMIUM;XIRECS;9994.0;2
971900;TAKER;;INTARIAN_PEPPER_ROOT;XIRECS;12008.0;8
972100;TAKER;;INTARIAN_PEPPER_ROOT;XIRECS;12006.0;4
972100;TAKER;;ASH_COATED_OSMIUM;XIRECS;10006.0;6
973100;TAKER;;ASH_COATED_OSMIUM;XIRECS;10009.0;12
973200;;TAKER;INTARIAN_PEPPER_ROOT;XIRECS;11991.0;5
973300;TAKER;;INTARIAN_PEPPER_ROOT;XIRECS;12009.0;2
974100;TAKER;;ASH_COATED_OSMIUM;XIRECS;10009.0;14
974200;TAKER;;INTARIAN_PEPPER_ROOT;XIRECS;12006.0;10
974300;TAKER;;ASH_COATED_OSMIUM;XIRECS;10009.0;8
974400;TAKER;;INTARIAN_PEPPER_ROOT;XIRECS;12006.0;5
974500;TAKER;;INTARIAN_PEPPER_ROOT;XIRECS;12006.0;15
974900;TAKER;;ASH_COATED_OSMIUM;XIRECS;10009.0;10
975100;;TAKER;ASH_COATED_OSMIUM;XIRECS;9990.0;6
975300;;TAKER;INTARIAN_PEPPER_ROOT;XIRECS;11992.0;4
975300;;TAKER;ASH_COATED_OSMIUM;XIRECS;9986.0;14
975600;;TAKER;INTARIAN_PEPPER_ROOT;XIRECS;11993.0;14
975800;;TAKER;INTARIAN_PEPPER_ROOT;XIRECS;11994.0;3
975800;;TAKER;ASH_COATED_OSMIUM;XIRECS;9990.0;15
975900;;TAKER;ASH_COATED_OSMIUM;XIRECS;9989.0;3
976000;;TAKER;INTARIAN_PEPPER_ROOT;XIRECS;11992.0;14
976100;;TAKER;INTARIAN_PEPPER_ROOT;XIRECS;11991.0;2
976300;;TAKER;INTARIAN_PEPPER_ROOT;XIRECS;11991.0;8
976600;TAKER;;ASH_COATED_OSMIUM;XIRECS;10010.0;14
976800;;TAKER;INTARIAN_PEPPER_ROOT;XIRECS;11992.0;15
977500;TAKER;;ASH_COATED_OSMIUM;XIRECS;10007.0;9
977800;TAKER;;ASH_COATED_OSMIUM;XIRECS;10013.0;4
977900;TAKER;;INTARIAN_PEPPER_ROOT;XIRECS;12008.0;7
978100;;TAKER;ASH_COATED_OSMIUM;XIRECS;9991.0;6
978200;;TAKER;INTARIAN_PEPPER_ROOT;XIRECS;11993.0;12
978300;;TAKER;ASH_COATED_OSMIUM;XIRECS;9991.0;10
978500;;TAKER;ASH_COATED_OSMIUM;XIRECS;9986.0;4
978600;;TAKER;ASH_COATED_OSMIUM;XIRECS;9988.0;15
978700;TAKER;;INTARIAN_PEPPER_ROOT;XIRECS;12006.0;9
978800;TAKER;;ASH_COATED_OSMIUM;XIRECS;10004.0;11
979100;;TAKER;INTARIAN_PEPPER_ROOT;XIRECS;11993.0;12
979100;TAKER;;ASH_COATED_OSMIUM;XIRECS;10008.0;2
979200;TAKER;;ASH_COATED_OSMIUM;XIRECS;10010.0;15
979300;;TAKER;ASH_COATED_OSMIUM;XIRECS;9990.0;8
979400;;TAKER;INTARIAN_PEPPER_ROOT;XIRECS;11993.0;5
979500;TAKER;;ASH_COATED_OSMIUM;XIRECS;10010.0;14
979700;TAKER;;INTARIAN_PEPPER_ROOT;XIRECS;12005.0;5
979900;;TAKER;ASH_COATED_OSMIUM;XIRECS;9991.0;6
980000;TAKER;;INTARIAN_PEPPER_ROOT;XIRECS;12007.0;4
980100;;TAKER;ASH_COATED_OSMIUM;XIRECS;9992.0;2
980400;TAKER;;INTARIAN_PEPPER_ROOT;XIRECS;12005.0;10
980400;TAKER;;ASH_COATED_OSMIUM;XIRECS;10005.0;7
980700;TAKER;;INTARIAN_PEPPER_ROOT;XIRECS;12007.0;14
981000;TAKER;;INTARIAN_PEPPER_ROOT;XIRECS;12005.0;10
981100;TAKER;;INTARIAN_PEPPER_ROOT;XIRECS;12005.0;11
981300;;TAKER;INTARIAN_PEPPER_ROOT;XIRECS;11992.0;9
981600;;TAKER;INTARIAN_PEPPER_ROOT;XIRECS;11993.0;3
981600;;TAKER;ASH_COATED_OSMIUM;XIRECS;9989.0;11
981800;TAKER;;INTARIAN_PEPPER_ROOT;XIRECS;12005.0;8
981800;;TAKER;ASH_COATED_OSMIUM;XIRECS;9991.0;5
982000;TAKER;;ASH_COATED_OSMIUM;XIRECS;10005.0;2
982100;TAKER;;INTARIAN_PEPPER_ROOT;XIRECS;12005.0;5
982300;TAKER;;ASH_COATED_OSMIUM;XIRECS;10011.0;10
982400;;TAKER;INTARIAN_PEPPER_ROOT;XIRECS;11992.0;4
982500;;TAKER;ASH_COATED_OSMIUM;XIRECS;9990.0;12
982600;;TAKER;ASH_COATED_OSMIUM;XIRECS;9988.0;6
982800;TAKER;;INTARIAN_PEPPER_ROOT;XIRECS;12007.0;9
982800;TAKER;;ASH_COATED_OSMIUM;XIRECS;10011.0;7
983000;;TAKER;ASH_COATED_OSMIUM;XIRECS;9989.0;5
983100;TAKER;;ASH_COATED_OSMIUM;XIRECS;10006.0;13
983300;TAKER;;INTARIAN_PEPPER_ROOT;XIRECS;12004.0;7
983400;TAKER;;ASH_COATED_OSMIUM;XIRECS;10003.0;5
983500;TAKER;;ASH_COATED_OSMIUM;XIRECS;10010.0;9
984100;;TAKER;INTARIAN_PEPPER_ROOT;XIRECS;11991.0;8
984200;;TAKER;ASH_COATED_OSMIUM;XIRECS;9989.0;12
984300;;TAKER;INTARIAN_PEPPER_ROOT;XIRECS;11993.0;14
984500;;TAKER;INTARIAN_PEPPER_ROOT;XIRECS;11994.0;6
984600;TAKER;;ASH_COATED_OSMIUM;XIRECS;10011.0;5
984800;;TAKER;INTARIAN_PEPPER_ROOT;XIRECS;11992.0;12
985100;;TAKER;INTARIAN_PEPPER_ROOT;XIRECS;11994.0;5
985300;;TAKER;ASH_COATED_OSMIUM;XIRECS;9991.0;5
985400;TAKER;;ASH_COATED_OSMIUM;XIRECS;10009.0;9
985500;;TAKER;INTARIAN_PEPPER_ROOT;XIRECS;11991.0;4
985500;;TAKER;ASH_COATED_OSMIUM;XIRECS;9986.0;14
985900;TAKER;;ASH_COATED_OSMIUM;XIRECS;10010.0;4
986300;TAKER;;INTARIAN_PEPPER_ROOT;XIRECS;12006.0;5
986300;;TAKER;ASH_COATED_OSMIUM;XIRECS;9992.0;6
986400;;TAKER;INTARIAN_PEPPER_ROOT;XIRECS;11993.0;15
986700;TAKER;;INTARIAN_PEPPER_ROOT;XIRECS;12009.0;5
986800;;TAKER;ASH_COATED_OSMIUM;XIRECS;9991.0;2
986900;TAKER;;INTARIAN_PEPPER_ROOT;XIRECS;12008.0;4
986900;;TAKER;ASH_COATED_OSMIUM;XIRECS;9993.0;14
987000;;TAKER;ASH_COATED_OSMIUM;XIRECS;9988.0;4
987100;TAKER;;INTARIAN_PEPPER_ROOT;XIRECS;12006.0;7
987100;TAKER;;ASH_COATED_OSMIUM;XIRECS;10009.0;2
987200;TAKER;;INTARIAN_PEPPER_ROOT;XIRECS;12008.0;14
987300;TAKER;;ASH_COATED_OSMIUM;XIRECS;10008.0;15
987500;;TAKER;ASH_COATED_OSMIUM;XIRECS;9990.0;12
987700;TAKER;;INTARIAN_PEPPER_ROOT;XIRECS;12007.0;5
988300;TAKER;;ASH_COATED_OSMIUM;XIRECS;10010.0;7
988400;TAKER;;INTARIAN_PEPPER_ROOT;XIRECS;12006.0;8
988500;TAKER;;ASH_COATED_OSMIUM;XIRECS;10011.0;12
988600;;TAKER;ASH_COATED_OSMIUM;XIRECS;9991.0;9
988800;;TAKER;INTARIAN_PEPPER_ROOT;XIRECS;11993.0;4
989300;TAKER;;ASH_COATED_OSMIUM;XIRECS;10011.0;7
989400;TAKER;;ASH_COATED_OSMIUM;XIRECS;10007.0;8
989500;TAKER;;INTARIAN_PEPPER_ROOT;XIRECS;12006.0;4
989700;TAKER;;ASH_COATED_OSMIUM;XIRECS;10011.0;11
990000;;TAKER;INTARIAN_PEPPER_ROOT;XIRECS;11992.0;5
990100;TAKER;;INTARIAN_PEPPER_ROOT;XIRECS;12006.0;11
990300;TAKER;;ASH_COATED_OSMIUM;XIRECS;10007.0;15
990800;;TAKER;INTARIAN_PEPPER_ROOT;XIRECS;11993.0;3
991100;TAKER;;ASH_COATED_OSMIUM;XIRECS;10010.0;11
991200;TAKER;;INTARIAN_PEPPER_ROOT;XIRECS;12006.0;2
991200;TAKER;;ASH_COATED_OSMIUM;XIRECS;10010.0;5
991400;;TAKER;ASH_COATED_OSMIUM;XIRECS;9991.0;13
991700;TAKER;;INTARIAN_PEPPER_ROOT;XIRECS;12006.0;15
991700;TAKER;;ASH_COATED_OSMIUM;XIRECS;10011.0;6
992100;TAKER;;ASH_COATED_OSMIUM;XIRECS;10010.0;15
992200;TAKER;;INTARIAN_PEPPER_ROOT;XIRECS;12006.0;9
992500;TAKER;;INTARIAN_PEPPER_ROOT;XIRECS;12006.0;10
993100;TAKER;;INTARIAN_PEPPER_ROOT;XIRECS;12007.0;10
993200;TAKER;;ASH_COATED_OSMIUM;XIRECS;10008.0;6
993300;;TAKER;ASH_COATED_OSMIUM;XIRECS;9990.0;12
993400;TAKER;;INTARIAN_PEPPER_ROOT;XIRECS;12007.0;9
993400;;TAKER;ASH_COATED_OSMIUM;XIRECS;9990.0;11
993500;TAKER;;INTARIAN_PEPPER_ROOT;XIRECS;12006.0;6
993500;TAKER;;ASH_COATED_OSMIUM;XIRECS;10006.0;12
993700;TAKER;;INTARIAN_PEPPER_ROOT;XIRECS;12005.0;4
993800;TAKER;;ASH_COATED_OSMIUM;XIRECS;10006.0;9
993900;TAKER;;ASH_COATED_OSMIUM;XIRECS;10005.0;4
994100;TAKER;;ASH_COATED_OSMIUM;XIRECS;10010.0;2
994300;;TAKER;ASH_COATED_OSMIUM;XIRECS;9988.0;7
994600;;TAKER;INTARIAN_PEPPER_ROOT;XIRECS;11991.0;15
994700;;TAKER;INTARIAN_PEPPER_ROOT;XIRECS;11992.0;13
994800;;TAKER;ASH_COATED_OSMIUM;XIRECS;9990.0;12
995000;TAKER;;ASH_COATED_OSMIUM;XIRECS;10010.0;15
995100;;TAKER;INTARIAN_PEPPER_ROOT;XIRECS;11992.0;11
995100;;TAKER;ASH_COATED_OSMIUM;XIRECS;9990.0;13
995200;TAKER;;ASH_COATED_OSMIUM;XIRECS;10007.0;15
995400;TAKER;;INTARIAN_PEPPER_ROOT;XIRECS;12006.0;8
995500;;TAKER;INTARIAN_PEPPER_ROOT;XIRECS;11994.0;8
995700;;TAKER;INTARIAN_PEPPER_ROOT;XIRECS;11992.0;6
996200;;TAKER;INTARIAN_PEPPER_ROOT;XIRECS;11992.0;3
996300;;TAKER;ASH_COATED_OSMIUM;XIRECS;9989.0;9
996600;;TAKER;INTARIAN_PEPPER_ROOT;XIRECS;11993.0;12
996600;TAKER;;ASH_COATED_OSMIUM;XIRECS;10010.0;8
996900;TAKER;;INTARIAN_PEPPER_ROOT;XIRECS;12006.0;8
997000;TAKER;;ASH_COATED_OSMIUM;XIRECS;10005.0;12
997100;TAKER;;ASH_COATED_OSMIUM;XIRECS;10007.0;9
997400;TAKER;;ASH_COATED_OSMIUM;XIRECS;10008.0;7
997700;;TAKER;ASH_COATED_OSMIUM;XIRECS;9986.0;2
997900;;TAKER;INTARIAN_PEPPER_ROOT;XIRECS;11993.0;14
998000;;TAKER;INTARIAN_PEPPER_ROOT;XIRECS;11991.0;2
998100;;TAKER;INTARIAN_PEPPER_ROOT;XIRECS;11993.0;3
998200;TAKER;;ASH_COATED_OSMIUM;XIRECS;10010.0;2
998800;;TAKER;INTARIAN_PEPPER_ROOT;XIRECS;11989.0;7
998900;;TAKER;ASH_COATED_OSMIUM;XIRECS;9987.0;9
999300;TAKER;;ASH_COATED_OSMIUM;XIRECS;10009.0;14
999400;TAKER;;ASH_COATED_OSMIUM;XIRECS;10010.0;15
999500;;TAKER;INTARIAN_PEPPER_ROOT;XIRECS;11993.0;2
999700;;TAKER;INTARIAN_PEPPER_ROOT;XIRECS;11991.0;9
999700;TAKER;;ASH_COATED_OSMIUM;XIRECS;10013.0;13
999900;;TAKER;ASH_COATED_OSMIUM;XIRECS;9993.0;11
