timestamp;buyer;seller;symbol;currency;price;quantity
200;;TAKER;ASH_COATED_OSMIUM;XIRECS;9993.0;8
400;TAKER;;INTARIAN_PEPPER_ROOT;XIRECS;12007.0;11
500;;TAKER;INTARIAN_PEPPER_ROOT;XIRECS;11993.0;12
700;TAKER;;INTARIAN_PEPPER_ROOT;XIRECS;12009.0;7
800;TAKER;;INTARIAN_PEPPER_ROOT;XIRECS;12007.0;5
1000;TAKER;;ASH_COATED_OSMIUM;XIRECS;10011.0;6
1100;;TAKER;ASH_COATED_OSMIUM;XIRECS;9990.0;7
1200;TAKER;;ASH_COATED_OSMIUM;XIRECS;10010.0;10
1800;;TAKER;ASH_COATED_OSMIUM;XIRECS;9992.0;14
2000;TAKER;;ASH_COATED_OSMIUM;XIRECS;10008.0;11
2400;;TAKER;ASH_COATED_OSMIUM;XIRECS;9992.0;11
2500;TAKER;;INTARIAN_PEPPER_ROOT;XIRECS;12004.0;12
2700;;TAKER;INTARIAN_PEPPER_ROOT;XIRECS;11993.0;4
2800;TAKER;;ASH_COATED_OSMIUM;XIRECS;10010.0;5
2900;TAKER;;INTARIAN_PEPPER_ROOT;XIRECS;12008.0;9
3300;;TAKER;INTARIAN_PEPPER_ROOT;XIRECS;11994.0;2
3400;TAKER;;ASH_COATED_OSMIUM;XIRECS;10009.0;9
4000;TAKER;;INTARIAN_PEPPER_ROOT;XIRECS;12006.0;14
4100;;TAKER;ASH_COATED_OSMIUM;XIRECS;9991.0;12
4400;TAKER;;ASH_COATED_OSMIUM;XIRECS;10005.0;5
4500;;TAKER;ASH_COATED_OSMIUM;XIRECS;9994.0;2
4700;;TAKER;ASH_COATED_OSMIUM;XIRECS;9990.0;6
5000;TAKER;;INTARIAN_PEPPER_ROOT;XIRECS;12007.0;5
5200;TAKER;;INTARIAN_PEPPER_ROOT;XIRECS;12007.0;10
5800;;TAKER;INTARIAN_PEPPER_ROOT;XIRECS;11995.0;10
5800;TAKER;;ASH_COATED_OSMIUM;XIRECS;10009.0;8
5900;TAKER;;ASH_COATED_OSMIUM;XIRECS;10006.0;14
6100;TAKER;;ASH_COATED_OSMIUM;XIRECS;10010.0;9
6200;TAKER;;INTARIAN_PEPPER_ROOT;XIRECS;12009.0;8
6200;TAKER;;ASH_COATED_OSMIUM;XIRECS;10009.0;7
6400;TAKER;;INTARIAN_PEPPER_ROOT;XIRECS;12008.0;11
6600;TAKER;;ASH_COATED_OSMIUM;XIRECS;10008.0;2
7100;;TAKER;INTARIAN_PEPPER_ROOT;XIRECS;11993.0;2
7100;TAKER;;ASH_COATED_OSMIUM;XIRECS;10008.0;8
7200;TAKER;;INTARIAN_PEPPER_ROOT;XIRECS;12007.0;8
7400;;TAKER;INTARIAN_PEPPER_ROOT;XIRECS;11993.0;12
7500;;TAKER;INTARIAN_PEPPER_ROOT;XIRECS;11993.0;10
7700;TAKER;;INTARIAN_PEPPER_ROOT;XIRECS;12008.0;13
7700;;TAKER;ASH_COATED_OSMIUM;XIRECS;9992.0;15
8000;;TAKER;ASH_COATED_OSMIUM;XIRECS;9990.0;6
8100;;TAKER;ASH_COATED_OSMIUM;XIRECS;9991.0;2
8200;;TAKER;ASH_COATED_OSMIUM;XIRECS;9995.0;3
8300;;TAKER;ASH_COATED_OSMIUM;XIRECS;9989.0;2
8400;TAKER;;INTARIAN_PEPPER_ROOT;XIRECS;12008.0;12
8500;;TAKER;INTARIAN_PEPPER_ROOT;XIRECS;11995.0;14
8500;TAKER;;ASH_COATED_OSMIUM;XIRECS;10008.0;3
9000;TAKER;;INTARIAN_PEPPER_ROOT;XIRECS;12007.0;11
9000;TAKER;;ASH_COATED_OSMIUM;XIRECS;10010.0;14
9300;TAKER;;ASH_COATED_OSMIUM;XIRECS;10006.0;3
9400;;TAKER;INTARIAN_PEPPER_ROOT;XIRECS;11995.0;3
9600;;TAKER;INTARIAN_PEPPER_ROOT;XIRECS;11994.0;11
9800;;TAKER;INTARIAN_PEPPER_ROOT;XIRECS;11995.0;12
10100;;TAKER;ASH_COATED_OSMIUM;XIRECS;9990.0;9
10200;TAKER;;ASH_COATED_OSMIUM;XIRECS;10011.0;13
10300;TAKER;;ASH_COATED_OSMIUM;XIRECS;10009.0;4
10700;;TAKER;ASH_COATED_OSMIUM;XIRECS;9993.0;2
10800;TAKER;;ASH_COATED_OSMIUM;XIRECS;10009.0;15
10900;;TAKER;INTARIAN_PEPPER_ROOT;XIRECS;11995.0;12
10900;;TAKER;ASH_COATED_OSMIUM;XIRECS;9991.0;14
11100;TAKER;;INTARIAN_PEPPER_ROOT;XIRECS;12008.0;12
11300;;TAKER;ASH_COATED_OSMIUM;XIRECS;9995.0;5
11500;TAKER;;INTARIAN_PEPPER_ROOT;XIRECS;12008.0;14
12100;;TAKER;ASH_COATED_OSMIUM;XIRECS;9994.0;10
12300;TAKER;;ASH_COATED_OSMIUM;XIRECS;10010.0;8
12400;;TAKER;INTARIAN_PEPPER_ROOT;XIRECS;11996.0;9
12400;TAKER;;ASH_COATED_OSMIUM;XIRECS;10008.0;7
12500;TAKER;;INTARIAN_PEPPER_ROOT;XIRECS;12009.0;2
12500;;TAKER;ASH_COATED_OSMIUM;XIRECS;9990.0;7
12700;;TAKER;ASH_COATED_OSMIUM;XIRECS;9988.0;3
12800;;TAKER;INTARIAN_PEPPER_ROOT;XIRECS;11995.0;15
12800;TAKER;;ASH_COATED_OSMIUM;XIRECS;10008.0;5
13000;TAKER;;ASH_COATED_OSMIUM;XIRECS;10010.0;13
13100;TAKER;;INTARIAN_PEPPER_ROOT;XIRECS;12010.0;13
13700;TAKER;;ASH_COATED_OSMIUM;XIRECS;10014.0;12
14000;TAKER;;ASH_COATED_OSMIUM;XIRECS;10010.0;13
14100;;TAKER;ASH_COATED_OSMIUM;XIRECS;9992.0;15
14300;;TAKER;INTARIAN_PEPPER_ROOT;XIRECS;11994.0;6
14500;TAKER;;ASH_COATED_OSMIUM;XIRECS;10012.0;10
14600;;TAKER;ASH_COATED_OSMIUM;XIRECS;9990.0;7
14700;TAKER;;ASH_COATED_OSMIUM;XIRECS;10005.0;14
14900;TAKER;;ASH_COATED_OSMIUM;XIRECS;10013.0;14
15000;;TAKER;INTARIAN_PEPPER_ROOT;XIRECS;11996.0;5
15300;TAKER;;ASH_COATED_OSMIUM;XIRECS;10009.0;4
15400;TAKER;;INTARIAN_PEPPER_ROOT;XIRECS;12011.0;2
15400;TAKER;;ASH_COATED_OSMIUM;XIRECS;10005.0;11
15700;TAKER;;INTARIAN_PEPPER_ROOT;XIRECS;12009.0;3
15700;TAKER;;ASH_COATED_OSMIUM;XIRECS;10010.0;10
16000;TAKER;;INTARIAN_PEPPER_ROOT;XIRECS;12010.0;9
16000;TAKER;;ASH_COATED_OSMIUM;XIRECS;10004.0;2
16200;TAKER;;ASH_COATED_OSMIUM;XIRECS;10008.0;2
16300;TAKER;;INTARIAN_PEPPER_ROOT;XIRECS;12008.0;11
16300;TAKER;;ASH_COATED_OSMIUM;XIRECS;10011.0;4
16400;TAKER;;ASH_COATED_OSMIUM;XIRECS;10008.0;12
16500;;TAKER;INTARIAN_PEPPER_ROOT;XIRECS;11995.0;6
16500;TAKER;;ASH_COATED_OSMIUM;XIRECS;10008.0;2
16800;TAKER;;INTARIAN_PEPPER_ROOT;XIRECS;12009.0;8
17100;;TAKER;INTARIAN_PEPPER_ROOT;XIRECS;11997.0;5
17100;;TAKER;ASH_COATED_OSMIUM;XIRECS;9991.0;2
17200;TAKER;;INTARIAN_PEPPER_ROOT;XIRECS;12011.0;12
17300;;TAKER;INTARIAN_PEPPER_ROOT;XIRECS;11997.0;11
17500;;TAKER;INTARIAN_PEPPER_ROOT;XIRECS;11996.0;4
17500;;TAKER;ASH_COATED_OSMIUM;XIRECS;9991.0;4
17600;TAKER;;INTARIAN_PEPPER_ROOT;XIRECS;12009.0;5
17700;TAKER;;ASH_COATED_OSMIUM;XIRECS;10010.0;6
18100;;TAKER;ASH_COATED_OSMIUM;XIRECS;9991.0;2
18200;TAKER;;ASH_COATED_OSMIUM;XIRECS;10009.0;11
18300;TAKER;;INTARIAN_PEPPER_ROOT;XIRECS;12009.0;15
18400;;TAKER;ASH_COATED_OSMIUM;XIRECS;9987.0;5
18600;TAKER;;INTARIAN_PEPPER_ROOT;XIRECS;12010.0;12
18700;;TAKER;INTARIAN_PEPPER_ROOT;XIRECS;11996.0;15
18700;TAKER;;ASH_COATED_OSMIUM;XIRECS;10009.0;4
19100;;TAKER;ASH_COATED_OSMIUM;XIRECS;9992.0;7
19200;;TAKER;INTARIAN_PEPPER_ROOT;XIRECS;11996.0;6
19300;;TAKER;ASH_COATED_OSMIUM;XIRECS;9991.0;12
19700;TAKER;;ASH_COATED_OSMIUM;XIRECS;10009.0;14
19800;TAKER;;INTARIAN_PEPPER_ROOT;XIRECS;12009.0;15
19800;TAKER;;ASH_COATED_OSMIUM;XIRECS;10010.0;14
20100;;TAKER;INTARIAN_PEPPER_ROOT;XIRECS;11999.0;5
20100;;TAKER;ASH_COATED_OSMIUM;XIRECS;9988.0;6
20200;;TAKER;INTARIAN_PEPPER_ROOT;XIRECS;11996.0;2
20200;;TAKER;ASH_COATED_OSMIUM;XIRECS;9989.0;11
20400;;TAKER;ASH_COATED_OSMIUM;XIRECS;9987.0;8
20500;;TAKER;ASH_COATED_OSMIUM;XIRECS;9987.0;14
20600;;TAKER;INTARIAN_PEPPER_ROOT;XIRECS;11996.0;2
20800;;TAKER;INTARIAN_PEPPER_ROOT;XIRECS;11997.0;12
20900;TAKER;;ASH_COATED_OSMIUM;XIRECS;10012.0;14
21200;;TAKER;INTARIAN_PEPPER_ROOT;XIRECS;11996.0;11
21500;TAKER;;ASH_COATED_OSMIUM;XIRECS;10003.0;13
21700;;TAKER;INTARIAN_PEPPER_ROOT;XIRECS;11996.0;12
21700;;TAKER;ASH_COATED_OSMIUM;XIRECS;9993.0;10
21800;TAKER;;ASH_COATED_OSMIUM;XIRECS;10010.0;4
22000;TAKER;;ASH_COATED_OSMIUM;XIRECS;10008.0;5
22100;;TAKER;INTARIAN_PEPPER_ROOT;XIRECS;11996.0;11
22100;;TAKER;ASH_COATED_OSMIUM;XIRECS;9993.0;7
22200;TAKER;;ASH_COATED_OSMIUM;XIRECS;10009.0;2
22300;TAKER;;INTARIAN_PEPPER_ROOT;XIRECS;12010.0;11
22600;TAKER;;INTARIAN_PEPPER_ROOT;XIRECS;12011.0;6
22900;TAKER;;ASH_COATED_OSMIUM;XIRECS;10005.0;15
23000;TAKER;;ASH_COATED_OSMIUM;XIRECS;10010.0;12
23100;;TAKER;ASH_COATED_OSMIUM;XIRECS;9988.0;15
23200;TAKER;;INTARIAN_PEPPER_ROOT;XIRECS;12011.0;6
23300;TAKER;;INTARIAN_PEPPER_ROOT;XIRECS;12009.0;9
23700;;TAKER;INTARIAN_PEPPER_ROOT;XIRECS;11997.0;5
23900;;TAKER;ASH_COATED_OSMIUM;XIRECS;9991.0;9
24200;;TAKER;ASH_COATED_OSMIUM;XIRECS;9988.0;15
24300;TAKER;;INTARIAN_PEPPER_ROOT;XIRECS;12012.0;9
24700;TAKER;;INTARIAN_PEPPER_ROOT;XIRECS;12012.0;14
24700;TAKER;;ASH_COATED_OSMIUM;XIRECS;10011.0;6
25100;;TAKER;INTARIAN_PEPPER_ROOT;XIRECS;11997.0;11
25100;TAKER;;ASH_COATED_OSMIUM;XIRECS;10009.0;8
25500;;TAKER;ASH_COATED_OSMIUM;XIRECS;9989.0;11
25600;;TAKER;INTARIAN_PEPPER_ROOT;XIRECS;11998.0;11
25900;TAKER;;INTARIAN_PEPPER_ROOT;XIRECS;12012.0;9
25900;TAKER;;ASH_COATED_OSMIUM;XIRECS;10013.0;11
26000;;TAKER;ASH_COATED_OSMIUM;XIRECS;9994.0;10
26100;;TAKER;ASH_COATED_OSMIUM;XIRECS;9991.0;3
26200;;TAKER;INTARIAN_PEPPER_ROOT;XIRECS;11999.0;10
26400;TAKER;;INTARIAN_PEPPER_ROOT;XIRECS;12012.0;15
26400;;TAKER;ASH_COATED_OSMIUM;XIRECS;9989.0;5
26600;;TAKER;INTARIAN_PEPPER_ROOT;XIRECS;11999.0;4
26700;;TAKER;INTARIAN_PEPPER_ROOT;XIRECS;11998.0;7
26700;TAKER;;ASH_COATED_OSMIUM;XIRECS;10009.0;10
27300;;TAKER;ASH_COATED_OSMIUM;XIRECS;9993.0;9
27400;TAKER;;INTARIAN_PEPPER_ROOT;XIRECS;12011.0;5
27400;TAKER;;ASH_COATED_OSMIUM;XIRECS;10005.0;8
27700;;TAKER;INTARIAN_PEPPER_ROOT;XIRECS;11998.0;10
27800;;TAKER;INTARIAN_PEPPER_ROOT;XIRECS;12000.0;7
28000;;TAKER;INTARIAN_PEPPER_ROOT;XIRECS;12000.0;13
28000;;TAKER;ASH_COATED_OSMIUM;XIRECS;9993.0;9
28300;;TAKER;INTARIAN_PEPPER_ROOT;XIRECS;11999.0;14
28500;TAKER;;ASH_COATED_OSMIUM;XIRECS;10008.0;14
28600;TAKER;;INTARIAN_PEPPER_ROOT;XIRECS;12011.0;4
28600;;TAKER;ASH_COATED_OSMIUM;XIRECS;9990.0;11
28800;TAKER;;ASH_COATED_OSMIUM;XIRECS;10012.0;2
29000;TAKER;;INTARIAN_PEPPER_ROOT;XIRECS;12012.0;3
29000;TAKER;;ASH_COATED_OSMIUM;XIRECS;10007.0;15
29300;;TAKER;INTARIAN_PEPPER_ROOT;XIRECS;11999.0;7
29600;TAKER;;INTARIAN_PEPPER_ROOT;XIRECS;12012.0;7
29800;TAKER;;INTARIAN_PEPPER_ROOT;XIRECS;12011.0;5
30400;;TAKER;INTARIAN_PEPPER_ROOT;XIRECS;12000.0;5
30800;;TAKER;INTARIAN_PEPPER_ROOT;XIRECS;11998.0;14
31000;;TAKER;ASH_COATED_OSMIUM;XIRECS;9994.0;12
31100;TAKER;;ASH_COATED_OSMIUM;XIRECS;10009.0;9
31200;;TAKER;INTARIAN_PEPPER_ROOT;XIRECS;11999.0;6
31300;TAKER;;ASH_COATED_OSMIUM;XIRECS;10010.0;14
31400;TAKER;;ASH_COATED_OSMIUM;XIRECS;10009.0;5
31500;;TAKER;INTARIAN_PEPPER_ROOT;XIRECS;11997.0;14
31500;TAKER;;ASH_COATED_OSMIUM;XIRECS;10008.0;3
31600;TAKER;;INTARIAN_PEPPER_ROOT;XIRECS;12011.0;10
31700;;TAKER;ASH_COATED_OSMIUM;XIRECS;9989.0;11
31800;;TAKER;INTARIAN_PEPPER_ROOT;XIRECS;12000.0;15
31800;TAKER;;ASH_COATED_OSMIUM;XIRECS;10008.0;4
31900;TAKER;;ASH_COATED_OSMIUM;XIRECS;10008.0;2
32300;TAKER;;INTARIAN_PEPPER_ROOT;XIRECS;12013.0;7
32400;;TAKER;INTARIAN_PEPPER_ROOT;XIRECS;11999.0;13
32700;TAKER;;INTARIAN_PEPPER_ROOT;XIRECS;12013.0;9
32900;;TAKER;INTARIAN_PEPPER_ROOT;XIRECS;11998.0;4
33200;;TAKER;ASH_COATED_OSMIUM;XIRECS;9988.0;2
33500;TAKER;;ASH_COATED_OSMIUM;XIRECS;10002.0;7
33700;;TAKER;ASH_COATED_OSMIUM;XIRECS;9989.0;9
33900;;TAKER;ASH_COATED_OSMIUM;XIRECS;9989.0;10
34000;TAKER;;INTARIAN_PEPPER_ROOT;XIRECS;12013.0;11
34400;;TAKER;INTARIAN_PEPPER_ROOT;XIRECS;11998.0;11
34400;;TAKER;ASH_COATED_OSMIUM;XIRECS;9990.0;5
34600;TAKER;;INTARIAN_PEPPER_ROOT;XIRECS;12014.0;6
34700;;TAKER;INTARIAN_PEPPER_ROOT;XIRECS;12000.0;8
34800;;TAKER;INTARIAN_PEPPER_ROOT;XIRECS;12000.0;10
35000;TAKER;;ASH_COATED_OSMIUM;XIRECS;10007.0;11
35800;TAKER;;INTARIAN_PEPPER_ROOT;XIRECS;12011.0;14
35800;TAKER;;ASH_COATED_OSMIUM;XIRECS;10005.0;2
36200;;TAKER;INTARIAN_PEPPER_ROOT;XIRECS;12001.0;13
36300;TAKER;;ASH_COATED_OSMIUM;XIRECS;10011.0;11
36500;;TAKER;ASH_COATED_OSMIUM;XIRECS;9993.0;15
36600;TAKER;;INTARIAN_PEPPER_ROOT;XIRECS;12012.0;7
37400;;TAKER;INTARIAN_PEPPER_ROOT;XIRECS;12001.0;12
37400;TAKER;;ASH_COATED_OSMIUM;XIRECS;10011.0;6
37700;;TAKER;INTARIAN_PEPPER_ROOT;XIRECS;12001.0;2
37800;;TAKER;ASH_COATED_OSMIUM;XIRECS;9988.0;12
38000;TAKER;;ASH_COATED_OSMIUM;XIRECS;10006.0;7
38200;TAKER;;ASH_COATED_OSMIUM;XIRECS;10009.0;12
38500;;TAKER;INTARIAN_PEPPER_ROOT;XIRECS;12000.0;5
38500;;TAKER;ASH_COATED_OSMIUM;XIRECS;9993.0;15
38700;;TAKER;ASH_COATED_OSMIUM;XIRECS;9991.0;12
38900;TAKER;;INTARIAN_PEPPER_ROOT;XIRECS;12014.0;15
38900;TAKER;;ASH_COATED_OSMIUM;XIRECS;10012.0;6
39200;TAKER;;ASH_COATED_OSMIUM;XIRECS;10008.0;4
39300;TAKER;;INTARIAN_PEPPER_ROOT;XIRECS;12012.0;6
39600;TAKER;;INTARIAN_PEPPER_ROOT;XIRECS;12015.0;7
39800;;TAKER;ASH_COATED_OSMIUM;XIRECS;9993.0;2
40100;TAKER;;INTARIAN_PEPPER_ROOT;XIRECS;12016.0;15
40100;TAKER;;ASH_COATED_OSMIUM;XIRECS;10010.0;11
40300;;TAKER;INTARIAN_PEPPER_ROOT;XIRECS;12001.0;10
40400;;TAKER;INTARIAN_PEPPER_ROOT;XIRECS;12002.0;11
40700;;TAKER;ASH_COATED_OSMIUM;XIRECS;9991.0;10
40800;;TAKER;INTARIAN_PEPPER_ROOT;XIRECS;12000.0;13
40800;TAKER;;ASH_COATED_OSMIUM;XIRECS;10010.0;12
41300;TAKER;;ASH_COATED_OSMIUM;XIRECS;10006.0;4
41400;;TAKER;INTARIAN_PEPPER_ROOT;XIRECS;12002.0;7
41400;TAKER;;ASH_COATED_OSMIUM;XIRECS;10008.0;4
41500;TAKER;;INTARIAN_PEPPER_ROOT;XIRECS;12015.0;10
41600;TAKER;;ASH_COATED_OSMIUM;XIRECS;10006.0;6
41700;;TAKER;INTARIAN_PEPPER_ROOT;XIRECS;12001.0;14
41800;;TAKER;ASH_COATED_OSMIUM;XIRECS;9990.0;3
41900;TAKER;;ASH_COATED_OSMIUM;XIRECS;10005.0;4
42100;;TAKER;INTARIAN_PEPPER_ROOT;XIRECS;12000.0;2
42300;TAKER;;ASH_COATED_OSMIUM;XIRECS;10006.0;10
42500;;TAKER;INTARIAN_PEPPER_ROOT;XIRECS;12002.0;15
42700;TAKER;;ASH_COATED_OSMIUM;XIRECS;10013.0;4
42800;;TAKER;INTARIAN_PEPPER_ROOT;XIRECS;12001.0;4
42900;;TAKER;INTARIAN_PEPPER_ROOT;XIRECS;12003.0;12
43000;;TAKER;ASH_COATED_OSMIUM;XIRECS;9985.0;15
43100;;TAKER;INTARIAN_PEPPER_ROOT;XIRECS;12001.0;7
43100;TAKER;;ASH_COATED_OSMIUM;XIRECS;10008.0;3
43200;TAKER;;ASH_COATED_OSMIUM;XIRECS;10010.0;11
43500;TAKER;;ASH_COATED_OSMIUM;XIRECS;10010.0;4
43600;;TAKER;INTARIAN_PEPPER_ROOT;XIRECS;12001.0;6
43800;;TAKER;INTARIAN_PEPPER_ROOT;XIRECS;11999.0;6
43900;TAKER;;INTARIAN_PEPPER_ROOT;XIRECS;12014.0;11
43900;;TAKER;ASH_COATED_OSMIUM;XIRECS;9991.0;15
44000;;TAKER;ASH_COATED_OSMIUM;XIRECS;9989.0;15
44200;;TAKER;INTARIAN_PEPPER_ROOT;XIRECS;12001.0;14
44500;;TAKER;ASH_COATED_OSMIUM;XIRECS;9988.0;13
44600;;TAKER;INTARIAN_PEPPER_ROOT;XIRECS;12000.0;14
44600;TAKER;;ASH_COATED_OSMIUM;XIRECS;10011.0;13
44900;;TAKER;INTARIAN_PEPPER_ROOT;XIRECS;12002.0;6
45200;;TAKER;ASH_COATED_OSMIUM;XIRECS;9992.0;10
45300;;TAKER;INTARIAN_PEPPER_ROOT;XIRECS;12002.0;6
45300;TAKER;;ASH_COATED_OSMIUM;XIRECS;10007.0;5
45400;;TAKER;INTARIAN_PEPPER_ROOT;XIRECS;12001.0;9
45400;TAKER;;ASH_COATED_OSMIUM;XIRECS;10010.0;5
45600;TAKER;;ASH_COATED_OSMIUM;XIRECS;10008.0;12
45700;TAKER;;INTARIAN_PEPPER_ROOT;XIRECS;12016.0;8
45800;TAKER;;INTARIAN_PEPPER_ROOT;XIRECS;12015.0;2
46000;TAKER;;ASH_COATED_OSMIUM;XIRECS;10011.0;10
46100;;TAKER;ASH_COATED_OSMIUM;XIRECS;9991.0;12
46400;;TAKER;INTARIAN_PEPPER_ROOT;XIRECS;12002.0;14
46700;;TAKER;ASH_COATED_OSMIUM;XIRECS;9990.0;5
46900;;TAKER;INTARIAN_PEPPER_ROOT;XIRECS;12003.0;9
47100;;TAKER;INTARIAN_PEPPER_ROOT;XIRECS;12001.0;3
47600;TAKER;;INTARIAN_PEPPER_ROOT;XIRECS;12017.0;12
47900;;TAKER;ASH_COATED_OSMIUM;XIRECS;9991.0;7
48100;TAKER;;INTARIAN_PEPPER_ROOT;XIRECS;12016.0;15
48300;TAKER;;INTARIAN_PEPPER_ROOT;XIRECS;12015.0;2
48300;TAKER;;ASH_COATED_OSMIUM;XIRECS;10007.0;14
49000;;TAKER;INTARIAN_PEPPER_ROOT;XIRECS;12002.0;10
49300;TAKER;;INTARIAN_PEPPER_ROOT;XIRECS;12017.0;12
49300;;TAKER;ASH_COATED_OSMIUM;XIRECS;9990.0;2
49700;TAKER;;INTARIAN_PEPPER_ROOT;XIRECS;12017.0;12
49900;TAKER;;INTARIAN_PEPPER_ROOT;XIRECS;12018.0;4
50000;TAKER;;INTARIAN_PEPPER_ROOT;XIRECS;12017.0;3
50000;;TAKER;ASH_COATED_OSMIUM;XIRECS;9988.0;5
50100;TAKER;;ASH_COATED_OSMIUM;XIRECS;10006.0;9
50200;;TAKER;INTARIAN_PEPPER_ROOT;XIRECS;12002.0;5
50200;;TAKER;ASH_COATED_OSMIUM;XIRECS;9992.0;6
50400;TAKER;;INTARIAN_PEPPER_ROOT;XIRECS;12017.0;9
50500;TAKER;;INTARIAN_PEPPER_ROOT;XIRECS;12017.0;9
50600;;TAKER;ASH_COATED_OSMIUM;XIRECS;9989.0;15
50900;TAKER;;INTARIAN_PEPPER_ROOT;XIRECS;12016.0;7
51000;TAKER;;INTARIAN_PEPPER_ROOT;XIRECS;12015.0;2
51400;TAKER;;INTARIAN_PEPPER_ROOT;XIRECS;12016.0;11
51400;TAKER;;ASH_COATED_OSMIUM;XIRECS;10009.0;8
51500;;TAKER;INTARIAN_PEPPER_ROOT;XIRECS;12004.0;10
51500;TAKER;;ASH_COATED_OSMIUM;XIRECS;10010.0;3
51700;TAKER;;ASH_COATED_OSMIUM;XIRECS;10012.0;6
52000;TAKER;;ASH_COATED_OSMIUM;XIRECS;10008.0;3
52400;TAKER;;INTARIAN_PEPPER_ROOT;XIRECS;12017.0;6
52400;;TAKER;ASH_COATED_OSMIUM;XIRECS;9986.0;13
52500;TAKER;;INTARIAN_PEPPER_ROOT;XIRECS;12018.0;11
52600;TAKER;;INTARIAN_PEPPER_ROOT;XIRECS;12015.0;9
52700;;TAKER;ASH_COATED_OSMIUM;XIRECS;9989.0;9
52800;;TAKER;INTARIAN_PEPPER_ROOT;XIRECS;12004.0;9
53000;;TAKER;ASH_COATED_OSMIUM;XIRECS;9992.0;2
53100;TAKER;;ASH_COATED_OSMIUM;XIRECS;10007.0;6
53200;TAKER;;ASH_COATED_OSMIUM;XIRECS;10008.0;13
53300;;TAKER;INTARIAN_PEPPER_ROOT;XIRECS;12003.0;2
53400;TAKER;;INTARIAN_PEPPER_ROOT;XIRECS;12018.0;4
53400;;TAKER;ASH_COATED_OSMIUM;XIRECS;9992.0;13
53500;;TAKER;INTARIAN_PEPPER_ROOT;XIRECS;12003.0;10
53700;TAKER;;ASH_COATED_OSMIUM;XIRECS;10010.0;3
54100;TAKER;;ASH_COATED_OSMIUM;XIRECS;10011.0;2
54700;TAKER;;INTARIAN_PEPPER_ROOT;XIRECS;12015.0;9
54700;;TAKER;ASH_COATED_OSMIUM;XIRECS;9993.0;7
54900;TAKER;;INTARIAN_PEPPER_ROOT;XIRECS;12017.0;3
55100;;TAKER;ASH_COATED_OSMIUM;XIRECS;9989.0;12
55300;TAKER;;ASH_COATED_OSMIUM;XIRECS;10007.0;2
55500;;TAKER;INTARIAN_PEPPER_ROOT;XIRECS;12004.0;9
55600;;TAKER;ASH_COATED_OSMIUM;XIRECS;9994.0;15
55700;;TAKER;ASH_COATED_OSMIUM;XIRECS;9995.0;14
55900;TAKER;;ASH_COATED_OSMIUM;XIRECS;10010.0;11
56100;TAKER;;INTARIAN_PEPPER_ROOT;XIRECS;12016.0;15
56200;TAKER;;ASH_COATED_OSMIUM;XIRECS;10015.0;9
56700;;TAKER;INTARIAN_PEPPER_ROOT;XIRECS;12003.0;12
56800;;TAKER;INTARIAN_PEPPER_ROOT;XIRECS;12004.0;5
56900;;TAKER;ASH_COATED_OSMIUM;XIRECS;9991.0;3
57000;;TAKER;ASH_COATED_OSMIUM;XIRECS;9988.0;8
57100;;TAKER;ASH_COATED_OSMIUM;XIRECS;9994.0;13
57200;;TAKER;ASH_COATED_OSMIUM;XIRECS;9993.0;5
57800;;TAKER;INTARIAN_PEPPER_ROOT;XIRECS;12005.0;15
58000;TAKER;;INTARIAN_PEPPER_ROOT;XIRECS;12018.0;4
58100;;TAKER;ASH_COATED_OSMIUM;XIRECS;9989.0;7
58200;TAKER;;INTARIAN_PEPPER_ROOT;XIRECS;12016.0;8
58300;;TAKER;INTARIAN_PEPPER_ROOT;XIRECS;12005.0;2
58400;;TAKER;INTARIAN_PEPPER_ROOT;XIRECS;12006.0;6
58400;TAKER;;ASH_COATED_OSMIUM;XIRECS;10011.0;10
58900;;TAKER;INTARIAN_PEPPER_ROOT;XIRECS;12004.0;3
58900;TAKER;;ASH_COATED_OSMIUM;XIRECS;10007.0;6
59000;;TAKER;ASH_COATED_OSMIUM;XIRECS;9993.0;8
59100;;TAKER;INTARIAN_PEPPER_ROOT;XIRECS;12005.0;14
59700;TAKER;;INTARIAN_PEPPER_ROOT;XIRECS;12019.0;15
59900;;TAKER;INTARIAN_PEPPER_ROOT;XIRECS;12005.0;2
60300;TAKER;;INTARIAN_PEPPER_ROOT;XIRECS;12019.0;8
60400;;TAKER;ASH_COATED_OSMIUM;XIRECS;9993.0;14
60600;TAKER;;INTARIAN_PEPPER_ROOT;XIRECS;12018.0;5
60800;TAKER;;INTARIAN_PEPPER_ROOT;XIRECS;12019.0;10
60800;;TAKER;ASH_COATED_OSMIUM;XIRECS;9990.0;6
60900;;TAKER;INTARIAN_PEPPER_ROOT;XIRECS;12005.0;3
61000;;TAKER;ASH_COATED_OSMIUM;XIRECS;9988.0;10
61100;TAKER;;INTARIAN_PEPPER_ROOT;XIRECS;12019.0;2
61300;;TAKER;ASH_COATED_OSMIUM;XIRECS;9990.0;7
61400;;TAKER;ASH_COATED_OSMIUM;XIRECS;9987.0;15
61500;;TAKER;INTARIAN_PEPPER_ROOT;XIRECS;12005.0;11
61800;TAKER;;ASH_COATED_OSMIUM;XIRECS;10008.0;5
61900;;TAKER;ASH_COATED_OSMIUM;XIRECS;9990.0;13
62100;TAKER;;INTARIAN_PEPPER_ROOT;XIRECS;12017.0;5
62100;TAKER;;ASH_COATED_OSMIUM;XIRECS;10008.0;12
62600;;TAKER;INTARIAN_PEPPER_ROOT;XIRECS;12006.0;12
62800;TAKER;;INTARIAN_PEPPER_ROOT;XIRECS;12018.0;13
62900;TAKER;;ASH_COATED_OSMIUM;XIRECS;10004.0;2
63000;;TAKER;ASH_COATED_OSMIUM;XIRECS;9990.0;7
63400;TAKER;;INTARIAN_PEPPER_ROOT;XIRECS;12018.0;15
63500;TAKER;;ASH_COATED_OSMIUM;XIRECS;10005.0;6
63600;TAKER;;INTARIAN_PEPPER_ROOT;XIRECS;12020.0;10
63700;;TAKER;INTARIAN_PEPPER_ROOT;XIRECS;12004.0;5
63800;;TAKER;INTARIAN_PEPPER_ROOT;XIRECS;12006.0;3
63800;;TAKER;ASH_COATED_OSMIUM;XIRECS;9992.0;2
63900;TAKER;;INTARIAN_PEPPER_ROOT;XIRECS;12019.0;10
64200;TAKER;;ASH_COATED_OSMIUM;XIRECS;10008.0;8
64300;;TAKER;INTARIAN_PEPPER_ROOT;XIRECS;12005.0;11
64300;;TAKER;ASH_COATED_OSMIUM;XIRECS;9992.0;6
64400;;TAKER;ASH_COATED_OSMIUM;XIRECS;9992.0;5
64500;;TAKER;INTARIAN_PEPPER_ROOT;XIRECS;12005.0;3
64500;;TAKER;ASH_COATED_OSMIUM;XIRECS;9990.0;6
64900;;TAKER;INTARIAN_PEPPER_ROOT;XIRECS;12008.0;4
65000;;TAKER;INTARIAN_PEPPER_ROOT;XIRECS;12006.0;14
65500;;TAKER;INTARIAN_PEPPER_ROOT;XIRECS;12005.0;9
65900;TAKER;;ASH_COATED_OSMIUM;XIRECS;10008.0;14
66200;TAKER;;INTARIAN_PEPPER_ROOT;XIRECS;12020.0;3
66400;;TAKER;ASH_COATED_OSMIUM;XIRECS;9988.0;8
66500;TAKER;;INTARIAN_PEPPER_ROOT;XIRECS;12021.0;5
66700;;TAKER;INTARIAN_PEPPER_ROOT;XIRECS;12005.0;14
66700;;TAKER;ASH_COATED_OSMIUM;XIRECS;9992.0;10
66800;;TAKER;INTARIAN_PEPPER_ROOT;XIRECS;12007.0;15
66900;;TAKER;INTARIAN_PEPPER_ROOT;XIRECS;12006.0;12
67300;;TAKER;INTARIAN_PEPPER_ROOT;XIRECS;12007.0;8
67300;;TAKER;ASH_COATED_OSMIUM;XIRECS;9986.0;6
67400;;TAKER;ASH_COATED_OSMIUM;XIRECS;9988.0;2
67500;;TAKER;INTARIAN_PEPPER_ROOT;XIRECS;12006.0;14
67500;TAKER;;ASH_COATED_OSMIUM;XIRECS;10009.0;15
67900;TAKER;;INTARIAN_PEPPER_ROOT;XIRECS;12022.0;3
68000;;TAKER;ASH_COATED_OSMIUM;XIRECS;9990.0;2
68400;;TAKER;INTARIAN_PEPPER_ROOT;XIRECS;12008.0;12
68600;;TAKER;INTARIAN_PEPPER_ROOT;XIRECS;12004.0;9
68700;;TAKER;INTARIAN_PEPPER_ROOT;XIRECS;12006.0;13
68800;TAKER;;INTARIAN_PEPPER_ROOT;XIRECS;12020.0;15
68800;TAKER;;ASH_COATED_OSMIUM;XIRECS;10006.0;5
69200;;TAKER;INTARIAN_PEPPER_ROOT;XIRECS;12008.0;12
69300;;TAKER;ASH_COATED_OSMIUM;XIRECS;9990.0;8
69500;;TAKER;ASH_COATED_OSMIUM;XIRECS;9986.0;4
69600;;TAKER;ASH_COATED_OSMIUM;XIRECS;9987.0;2
69700;;TAKER;INTARIAN_PEPPER_ROOT;XIRECS;12007.0;7
69700;;TAKER;ASH_COATED_OSMIUM;XIRECS;9994.0;12
70300;;TAKER;ASH_COATED_OSMIUM;XIRECS;9989.0;5
70800;TAKER;;INTARIAN_PEPPER_ROOT;XIRECS;12020.0;2
71000;;TAKER;ASH_COATED_OSMIUM;XIRECS;9991.0;6
71100;TAKER;;INTARIAN_PEPPER_ROOT;XIRECS;12020.0;8
71100;TAKER;;ASH_COATED_OSMIUM;XIRECS;10011.0;4
71200;;TAKER;ASH_COATED_OSMIUM;XIRECS;9993.0;5
71300;TAKER;;ASH_COATED_OSMIUM;XIRECS;10007.0;9
71400;;TAKER;INTARIAN_PEPPER_ROOT;XIRECS;12008.0;9
71500;;TAKER;ASH_COATED_OSMIUM;XIRECS;9994.0;6
72100;TAKER;;INTARIAN_PEPPER_ROOT;XIRECS;12021.0;6
72300;TAKER;;INTARIAN_PEPPER_ROOT;XIRECS;12021.0;2
72300;TAKER;;ASH_COATED_OSMIUM;XIRECS;10008.0;10
72500;TAKER;;INTARIAN_PEPPER_ROOT;XIRECS;12019.0;2
73000;TAKER;;INTARIAN_PEPPER_ROOT;XIRECS;12021.0;7
73300;;TAKER;INTARIAN_PEPPER_ROOT;XIRECS;12007.0;13
73300;TAKER;;ASH_COATED_OSMIUM;XIRECS;10011.0;14
73400;TAKER;;INTARIAN_PEPPER_ROOT;XIRECS;12020.0;10
74100;TAKER;;ASH_COATED_OSMIUM;XIRECS;10005.0;6
74600;TAKER;;INTARIAN_PEPPER_ROOT;XIRECS;12022.0;11
74700;;TAKER;ASH_COATED_OSMIUM;XIRECS;9992.0;7
75000;TAKER;;INTARIAN_PEPPER_ROOT;XIRECS;12022.0;7
75100;;TAKER;INTARIAN_PEPPER_ROOT;XIRECS;12008.0;14
75200;;TAKER;INTARIAN_PEPPER_ROOT;XIRECS;12008.0;4
75300;TAKER;;INTARIAN_PEPPER_ROOT;XIRECS;12022.0;6
75600;TAKER;;INTARIAN_PEPPER_ROOT;XIRECS;12023.0;3
75800;TAKER;;ASH_COATED_OSMIUM;XIRECS;10008.0;4
75900;;TAKER;ASH_COATED_OSMIUM;XIRECS;9987.0;7
76300;;TAKER;ASH_COATED_OSMIUM;XIRECS;9990.0;5
76500;TAKER;;INTARIAN_PEPPER_ROOT;XIRECS;12021.0;8
76500;TAKER;;ASH_COATED_OSMIUM;XIRECS;10008.0;15
76700;TAKER;;ASH_COATED_OSMIUM;XIRECS;10008.0;9
76800;;TAKER;INTARIAN_PEPPER_ROOT;XIRECS;12007.0;14
76900;;TAKER;INTARIAN_PEPPER_ROOT;XIRECS;12008.0;14
77200;;TAKER;INTARIAN_PEPPER_ROOT;XIRECS;12007.0;6
77400;TAKER;;ASH_COATED_OSMIUM;XIRECS;10007.0;8
77600;TAKER;;INTARIAN_PEPPER_ROOT;XIRECS;12022.0;5
77600;;TAKER;ASH_COATED_OSMIUM;XIRECS;9997.0;4
77700;TAKER;;ASH_COATED_OSMIUM;XIRECS;10009.0;4
77800;TAKER;;INTARIAN_PEPPER_ROOT;XIRECS;12023.0;2
77800;;TAKER;ASH_COATED_OSMIUM;XIRECS;9988.0;4
78000;;TAKER;ASH_COATED_OSMIUM;XIRECS;9991.0;15
78100;TAKER;;INTARIAN_PEPPER_ROOT;XIRECS;12023.0;4
78400;TAKER;;ASH_COATED_OSMIUM;XIRECS;10006.0;9
78600;;TAKER;INTARIAN_PEPPER_ROOT;XIRECS;12008.0;9
78700;;TAKER;ASH_COATED_OSMIUM;XIRECS;9989.0;4
78900;TAKER;;INTARIAN_PEPPER_ROOT;XIRECS;12024.0;15
79100;TAKER;;INTARIAN_PEPPER_ROOT;XIRECS;12022.0;13
79100;TAKER;;ASH_COATED_OSMIUM;XIRECS;10007.0;13
79200;;TAKER;INTARIAN_PEPPER_ROOT;XIRECS;12009.0;10
79300;TAKER;;INTARIAN_PEPPER_ROOT;XIRECS;12023.0;14
79300;;TAKER;ASH_COATED_OSMIUM;XIRECS;9991.0;10
79500;TAKER;;INTARIAN_PEPPER_ROOT;XIRECS;12022.0;6
79500;;TAKER;ASH_COATED_OSMIUM;XIRECS;9993.0;8
79600;;TAKER;ASH_COATED_OSMIUM;XIRECS;9991.0;7
79700;TAKER;;ASH_COATED_OSMIUM;XIRECS;10008.0;2
79900;TAKER;;INTARIAN_PEPPER_ROOT;XIRECS;12022.0;14
80000;TAKER;;INTARIAN_PEPPER_ROOT;XIRECS;12021.0;11
80100;TAKER;;ASH_COATED_OSMIUM;XIRECS;10011.0;3
80400;;TAKER;INTARIAN_PEPPER_ROOT;XIRECS;12007.0;3
80500;;TAKER;ASH_COATED_OSMIUM;XIRECS;9990.0;15
80600;TAKER;;ASH_COATED_OSMIUM;XIRECS;10010.0;12
80700;TAKER;;ASH_COATED_OSMIUM;XIRECS;10007.0;14
80800;;TAKER;INTARIAN_PEPPER_ROOT;XIRECS;12007.0;10
81000;;TAKER;ASH_COATED_OSMIUM;XIRECS;9989.0;2
81200;;TAKER;ASH_COATED_OSMIUM;XIRECS;9989.0;12
81300;;TAKER;ASH_COATED_OSMIUM;XIRECS;9987.0;7
81400;TAKER;;INTARIAN_PEPPER_ROOT;XIRECS;12022.0;3
81500;;TAKER;INTARIAN_PEPPER_ROOT;XIRECS;12007.0;6
81700;;TAKER;ASH_COATED_OSMIUM;XIRECS;9989.0;6
81900;;TAKER;INTARIAN_PEPPER_ROOT;XIRECS;12008.0;8
82100;;TAKER;ASH_COATED_OSMIUM;XIRECS;9993.0;6
82300;;TAKER;INTARIAN_PEPPER_ROOT;XIRECS;12009.0;12
82300;TAKER;;ASH_COATED_OSMIUM;XIRECS;10011.0;15
82400;;TAKER;ASH_COATED_OSMIUM;XIRECS;9992.0;12
82600;;TAKER;ASH_COATED_OSMIUM;XIRECS;9991.0;5
82800;TAKER;;INTARIAN_PEPPER_ROOT;XIRECS;12022.0;11
83100;;TAKER;INTARIAN_PEPPER_ROOT;XIRECS;12009.0;2
83900;;TAKER;INTARIAN_PEPPER_ROOT;XIRECS;12009.0;2
84000;;TAKER;ASH_COATED_OSMIUM;XIRECS;9988.0;9
84100;TAKER;;INTARIAN_PEPPER_ROOT;XIRECS;12026.0;9
84500;TAKER;;ASH_COATED_OSMIUM;XIRECS;10012.0;4
84700;;TAKER;INTARIAN_PEPPER_ROOT;XIRECS;12008.0;3
84700;TAKER;;ASH_COATED_OSMIUM;XIRECS;10009.0;9
84800;TAKER;;ASH_COATED_OSMIUM;XIRECS;10008.0;6
85200;;TAKER;INTARIAN_PEPPER_ROOT;XIRECS;12008.0;4
85400;;TAKER;INTARIAN_PEPPER_ROOT;XIRECS;12010.0;3
85500;;TAKER;ASH_COATED_OSMIUM;XIRECS;9993.0;11
85600;TAKER;;INTARIAN_PEPPER_ROOT;XIRECS;12024.0;13
85700;;TAKER;INTARIAN_PEPPER_ROOT;XIRECS;12010.0;8
85700;TAKER;;ASH_COATED_OSMIUM;XIRECS;10012.0;3
86100;TAKER;;INTARIAN_PEPPER_ROOT;XIRECS;12023.0;7
86100;TAKER;;ASH_COATED_OSMIUM;XIRECS;10006.0;14
86400;;TAKER;ASH_COATED_OSMIUM;XIRECS;9989.0;13
86500;TAKER;;ASH_COATED_OSMIUM;XIRECS;10009.0;12
86600;;TAKER;INTARIAN_PEPPER_ROOT;XIRECS;12010.0;13
86700;TAKER;;INTARIAN_PEPPER_ROOT;XIRECS;12022.0;9
87000;;TAKER;INTARIAN_PEPPER_ROOT;XIRECS;12012.0;10
87200;;TAKER;ASH_COATED_OSMIUM;XIRECS;9991.0;12
87400;;TAKER;INTARIAN_PEPPER_ROOT;XIRECS;12009.0;6
87500;;TAKER;INTARIAN_PEPPER_ROOT;XIRECS;12011.0;11
87700;TAKER;;ASH_COATED_OSMIUM;XIRECS;10007.0;4
87900;TAKER;;INTARIAN_PEPPER_ROOT;XIRECS;12021.0;6
88000;;TAKER;ASH_COATED_OSMIUM;XIRECS;9990.0;6
88300;TAKER;;INTARIAN_PEPPER_ROOT;XIRECS;12026.0;15
88500;TAKER;;INTARIAN_PEPPER_ROOT;XIRECS;12025.0;2
88800;TAKER;;INTARIAN_PEPPER_ROOT;XIRECS;12023.0;6
88800;TAKER;;ASH_COATED_OSMIUM;XIRECS;10010.0;4
88900;;TAKER;ASH_COATED_OSMIUM;XIRECS;9985.0;2
89000;;TAKER;INTARIAN_PEPPER_ROOT;XIRECS;12010.0;4
89000;TAKER;;ASH_COATED_OSMIUM;XIRECS;10010.0;10
89200;TAKER;;ASH_COATED_OSMIUM;XIRECS;10007.0;14
89500;TAKER;;ASH_COATED_OSMIUM;XIRECS;10009.0;5
89800;;TAKER;INTARIAN_PEPPER_ROOT;XIRECS;12012.0;10
89900;TAKER;;ASH_COATED_OSMIUM;XIRECS;10012.0;2
90000;TAKER;;ASH_COATED_OSMIUM;XIRECS;10006.0;15
90200;;TAKER;INTARIAN_PEPPER_ROOT;XIRECS;12010.0;10
90300;TAKER;;INTARIAN_PEPPER_ROOT;XIRECS;12024.0;8
90300;;TAKER;ASH_COATED_OSMIUM;XIRECS;9992.0;5
90600;;TAKER;INTARIAN_PEPPER_ROOT;XIRECS;12012.0;6
90700;;TAKER;ASH_COATED_OSMIUM;XIRECS;9993.0;8
90900;TAKER;;INTARIAN_PEPPER_ROOT;XIRECS;12026.0;15
91200;;TAKER;INTARIAN_PEPPER_ROOT;XIRECS;12009.0;8
91300;TAKER;;ASH_COATED_OSMIUM;XIRECS;10008.0;7
91600;TAKER;;INTARIAN_PEPPER_ROOT;XIRECS;12026.0;3
91800;TAKER;;INTARIAN_PEPPER_ROOT;XIRECS;12024.0;12
91800;;TAKER;ASH_COATED_OSMIUM;XIRECS;9989.0;3
92000;;TAKER;ASH_COATED_OSMIUM;XIRECS;9991.0;3
92100;TAKER;;INTARIAN_PEPPER_ROOT;XIRECS;12026.0;14
92100;;TAKER;ASH_COATED_OSMIUM;XIRECS;9987.0;7
92400;TAKER;;ASH_COATED_OSMIUM;XIRECS;10007.0;7
92600;TAKER;;INTARIAN_PEPPER_ROOT;XIRECS;12025.0;10
92700;;TAKER;INTARIAN_PEPPER_ROOT;XIRECS;12011.0;13
92700;;TAKER;ASH_COATED_OSMIUM;XIRECS;9989.0;6
93100;;TAKER;ASH_COATED_OSMIUM;XIRECS;9991.0;2
93200;TAKER;;INTARIAN_PEPPER_ROOT;XIRECS;12026.0;15
93200;TAKER;;ASH_COATED_OSMIUM;XIRECS;10006.0;15
93300;;TAKER;INTARIAN_PEPPER_ROOT;XIRECS;12011.0;15
93400;;TAKER;INTARIAN_PEPPER_ROOT;XIRECS;12012.0;8
93500;;TAKER;ASH_COATED_OSMIUM;XIRECS;9988.0;9
93700;;TAKER;INTARIAN_PEPPER_ROOT;XIRECS;12010.0;7
93800;TAKER;;INTARIAN_PEPPER_ROOT;XIRECS;12024.0;4
93800;;TAKER;ASH_COATED_OSMIUM;XIRECS;9989.0;13
94100;TAKER;;INTARIAN_PEPPER_ROOT;XIRECS;12027.0;7
94100;TAKER;;ASH_COATED_OSMIUM;XIRECS;10010.0;4
94200;;TAKER;INTARIAN_PEPPER_ROOT;XIRECS;12012.0;10
94200;;TAKER;ASH_COATED_OSMIUM;XIRECS;9989.0;7
94300;;TAKER;ASH_COATED_OSMIUM;XIRECS;9991.0;8
94400;TAKER;;INTARIAN_PEPPER_ROOT;XIRECS;12025.0;2
94400;TAKER;;ASH_COATED_OSMIUM;XIRECS;10008.0;4
94600;TAKER;;INTARIAN_PEPPER_ROOT;XIRECS;12025.0;4
94600;;TAKER;ASH_COATED_OSMIUM;XIRECS;9990.0;15
94700;TAKER;;INTARIAN_PEPPER_ROOT;XIRECS;12026.0;7
94800;;TAKER;INTARIAN_PEPPER_ROOT;XIRECS;12015.0;12
94900;;TAKER;INTARIAN_PEPPER_ROOT;XIRECS;12012.0;13
95000;TAKER;;ASH_COATED_OSMIUM;XIRECS;10011.0;10
95200;TAKER;;ASH_COATED_OSMIUM;XIRECS;10008.0;4
95300;TAKER;;INTARIAN_PEPPER_ROOT;XIRECS;12026.0;15
95400;TAKER;;ASH_COATED_OSMIUM;XIRECS;10010.0;5
95500;;TAKER;ASH_COATED_OSMIUM;XIRECS;9990.0;15
96400;;TAKER;INTARIAN_PEPPER_ROOT;XIRECS;12012.0;3
96500;;TAKER;INTARIAN_PEPPER_ROOT;XIRECS;12014.0;12
96500;;TAKER;ASH_COATED_OSMIUM;XIRECS;9991.0;9
96700;;TAKER;INTARIAN_PEPPER_ROOT;XIRECS;12012.0;10
96900;;TAKER;INTARIAN_PEPPER_ROOT;XIRECS;12012.0;2
97200;TAKER;;ASH_COATED_OSMIUM;XIRECS;10009.0;13
97400;;TAKER;INTARIAN_PEPPER_ROOT;XIRECS;12012.0;11
97700;TAKER;;INTARIAN_PEPPER_ROOT;XIRECS;12027.0;6
97900;;TAKER;INTARIAN_PEPPER_ROOT;XIRECS;12013.0;3
98000;TAKER;;ASH_COATED_OSMIUM;XIRECS;10010.0;9
98200;TAKER;;ASH_COATED_OSMIUM;XIRECS;10008.0;4
98300;TAKER;;INTARIAN_PEPPER_ROOT;XIRECS;12027.0;11
98300;TAKER;;ASH_COATED_OSMIUM;XIRECS;10010.0;2
98400;TAKER;;INTARIAN_PEPPER_ROOT;XIRECS;12027.0;8
98400;TAKER;;ASH_COATED_OSMIUM;XIRECS;10005.0;9
98700;;TAKER;ASH_COATED_OSMIUM;XIRECS;9991.0;7
99000;;TAKER;INTARIAN_PEPPER_ROOT;XIRECS;12013.0;5
99300;TAKER;;INTARIAN_PEPPER_ROOT;XIRECS;12027.0;15
99400;;TAKER;INTARIAN_PEPPER_ROOT;XIRECS;12014.0;12
99400;TAKER;;ASH_COATED_OSMIUM;XIRECS;10007.0;6
99500;TAKER;;INTARIAN_PEPPER_ROOT;XIRECS;12025.0;12
99600;TAKER;;INTARIAN_PEPPER_ROOT;XIRECS;12027.0;7
99800;;TAKER;ASH_COATED_OSMIUM;XIRECS;9991.0;5
99900;TAKER;;INTARIAN_PEPPER_ROOT;XIRECS;12024.0;6
100300;TAKER;;ASH_COATED_OSMIUM;XIRECS;10007.0;10
100400;TAKER;;INTARIAN_PEPPER_ROOT;XIRECS;12028.0;12
100400;;TAKER;ASH_COATED_OSMIUM;XIRECS;9990.0;10
100500;;TAKER;INTARIAN_PEPPER_ROOT;XIRECS;12012.0;3
100500;TAKER;;ASH_COATED_OSMIUM;XIRECS;10007.0;7
100600;;TAKER;ASH_COATED_OSMIUM;XIRECS;9988.0;4
100800;TAKER;;INTARIAN_PEPPER_ROOT;XIRECS;12028.0;9
100800;TAKER;;ASH_COATED_OSMIUM;XIRECS;10009.0;10
100900;TAKER;;ASH_COATED_OSMIUM;XIRECS;10007.0;14
101100;;TAKER;INTARIAN_PEPPER_ROOT;XIRECS;12014.0;4
101200;;TAKER;ASH_COATED_OSMIUM;XIRECS;9992.0;2
101500;TAKER;;INTARIAN_PEPPER_ROOT;XIRECS;12028.0;4
101600;;TAKER;ASH_COATED_OSMIUM;XIRECS;9992.0;14
101900;;TAKER;INTARIAN_PEPPER_ROOT;XIRECS;12012.0;2
101900;;TAKER;ASH_COATED_OSMIUM;XIRECS;9990.0;6
102100;TAKER;;ASH_COATED_OSMIUM;XIRECS;10008.0;6
102300;;TAKER;ASH_COATED_OSMIUM;XIRECS;9992.0;15
102400;;TAKER;INTARIAN_PEPPER_ROOT;XIRECS;12013.0;9
102400;TAKER;;ASH_COATED_OSMIUM;XIRECS;10010.0;13
102500;;TAKER;INTARIAN_PEPPER_ROOT;XIRECS;12012.0;3
102500;;TAKER;ASH_COATED_OSMIUM;XIRECS;9992.0;12
103000;TAKER;;INTARIAN_PEPPER_ROOT;XIRECS;12026.0;9
103100;TAKER;;ASH_COATED_OSMIUM;XIRECS;10009.0;8
103600;;TAKER;ASH_COATED_OSMIUM;XIRECS;9985.0;9
103800;TAKER;;INTARIAN_PEPPER_ROOT;XIRECS;12026.0;9
103800;TAKER;;ASH_COATED_OSMIUM;XIRECS;10009.0;3
103900;;TAKER;ASH_COATED_OSMIUM;XIRECS;9992.0;6
104100;;TAKER;INTARIAN_PEPPER_ROOT;XIRECS;12014.0;6
104200;;TAKER;INTARIAN_PEPPER_ROOT;XIRECS;12015.0;11
104300;;TAKER;INTARIAN_PEPPER_ROOT;XIRECS;12014.0;6
104500;TAKER;;INTARIAN_PEPPER_ROOT;XIRECS;12028.0;10
104600;TAKER;;INTARIAN_PEPPER_ROOT;XIRECS;12027.0;15
104600;;TAKER;ASH_COATED_OSMIUM;XIRECS;9993.0;11
104800;;TAKER;ASH_COATED_OSMIUM;XIRECS;9990.0;7
104900;TAKER;;INTARIAN_PEPPER_ROOT;XIRECS;12025.0;14
105100;;TAKER;ASH_COATED_OSMIUM;XIRECS;9992.0;10
105200;TAKER;;ASH_COATED_OSMIUM;XIRECS;10010.0;12
105400;TAKER;;ASH_COATED_OSMIUM;XIRECS;10009.0;13
105500;TAKER;;INTARIAN_PEPPER_ROOT;XIRECS;12028.0;6
106000;;TAKER;INTARIAN_PEPPER_ROOT;XIRECS;12013.0;9
106100;;TAKER;INTARIAN_PEPPER_ROOT;XIRECS;12014.0;10
106100;;TAKER;ASH_COATED_OSMIUM;XIRECS;9992.0;8
106200;TAKER;;INTARIAN_PEPPER_ROOT;XIRECS;12027.0;10
106300;;TAKER;INTARIAN_PEPPER_ROOT;XIRECS;12013.0;3
106500;;TAKER;INTARIAN_PEPPER_ROOT;XIRECS;12014.0;6
106600;TAKER;;ASH_COATED_OSMIUM;XIRECS;10007.0;9
106700;TAKER;;ASH_COATED_OSMIUM;XIRECS;10007.0;13
106800;;TAKER;ASH_COATED_OSMIUM;XIRECS;9993.0;6
106900;;TAKER;INTARIAN_PEPPER_ROOT;XIRECS;12014.0;5
107300;;TAKER;ASH_COATED_OSMIUM;XIRECS;9990.0;4
107400;;TAKER;ASH_COATED_OSMIUM;XIRECS;9993.0;10
107600;;TAKER;INTARIAN_PEPPER_ROOT;XIRECS;12016.0;15
107800;;TAKER;INTARIAN_PEPPER_ROOT;XIRECS;12014.0;2
107800;TAKER;;ASH_COATED_OSMIUM;XIRECS;10007.0;6
108000;TAKER;;INTARIAN_PEPPER_ROOT;XIRECS;12027.0;5
108000;;TAKER;ASH_COATED_OSMIUM;XIRECS;9990.0;11
108200;TAKER;;ASH_COATED_OSMIUM;XIRECS;10009.0;15
108700;TAKER;;INTARIAN_PEPPER_ROOT;XIRECS;12029.0;5
108800;TAKER;;ASH_COATED_OSMIUM;XIRECS;10008.0;11
108900;;TAKER;INTARIAN_PEPPER_ROOT;XIRECS;12014.0;5
108900;TAKER;;ASH_COATED_OSMIUM;XIRECS;10011.0;7
109100;TAKER;;ASH_COATED_OSMIUM;XIRECS;10009.0;8
109300;TAKER;;ASH_COATED_OSMIUM;XIRECS;10008.0;11
109600;TAKER;;INTARIAN_PEPPER_ROOT;XIRECS;12029.0;6
109900;TAKER;;INTARIAN_PEPPER_ROOT;XIRECS;12029.0;13
110200;;TAKER;ASH_COATED_OSMIUM;XIRECS;9987.0;11
110400;TAKER;;INTARIAN_PEPPER_ROOT;XIRECS;12029.0;13
110600;;TAKER;INTARIAN_PEPPER_ROOT;XIRECS;12015.0;5
110700;TAKER;;ASH_COATED_OSMIUM;XIRECS;10008.0;4
110800;TAKER;;ASH_COATED_OSMIUM;XIRECS;10008.0;8
111000;TAKER;;INTARIAN_PEPPER_ROOT;XIRECS;12028.0;15
111100;;TAKER;ASH_COATED_OSMIUM;XIRECS;9992.0;3
111200;;TAKER;ASH_COATED_OSMIUM;XIRECS;9989.0;4
111500;;TAKER;INTARIAN_PEPPER_ROOT;XIRECS;12016.0;15
111800;;TAKER;INTARIAN_PEPPER_ROOT;XIRECS;12015.0;14
112300;;TAKER;INTARIAN_PEPPER_ROOT;XIRECS;12015.0;13
112300;;TAKER;ASH_COATED_OSMIUM;XIRECS;9992.0;14
112400;;TAKER;INTARIAN_PEPPER_ROOT;XIRECS;12014.0;4
112500;TAKER;;ASH_COATED_OSMIUM;XIRECS;10010.0;11
112700;;TAKER;ASH_COATED_OSMIUM;XIRECS;9992.0;12
112800;TAKER;;INTARIAN_PEPPER_ROOT;XIRECS;12030.0;5
113000;TAKER;;INTARIAN_PEPPER_ROOT;XIRECS;12028.0;4
113200;TAKER;;ASH_COATED_OSMIUM;XIRECS;10013.0;3
113300;;TAKER;ASH_COATED_OSMIUM;XIRECS;9992.0;7
113500;;TAKER;INTARIAN_PEPPER_ROOT;XIRECS;12014.0;12
113500;;TAKER;ASH_COATED_OSMIUM;XIRECS;9991.0;10
113600;;TAKER;INTARIAN_PEPPER_ROOT;XIRECS;12016.0;3
113600;;TAKER;ASH_COATED_OSMIUM;XIRECS;9989.0;4
113900;;TAKER;ASH_COATED_OSMIUM;XIRECS;9992.0;8
114200;;TAKER;ASH_COATED_OSMIUM;XIRECS;9993.0;11
114300;TAKER;;INTARIAN_PEPPER_ROOT;XIRECS;12030.0;14
114300;TAKER;;ASH_COATED_OSMIUM;XIRECS;10007.0;10
114500;;TAKER;ASH_COATED_OSMIUM;XIRECS;9995.0;4
114600;;TAKER;INTARIAN_PEPPER_ROOT;XIRECS;12017.0;10
114700;TAKER;;INTARIAN_PEPPER_ROOT;XIRECS;12030.0;9
114700;TAKER;;ASH_COATED_OSMIUM;XIRECS;10008.0;7
115200;TAKER;;INTARIAN_PEPPER_ROOT;XIRECS;12029.0;10
115200;;TAKER;ASH_COATED_OSMIUM;XIRECS;9990.0;14
115600;;TAKER;ASH_COATED_OSMIUM;XIRECS;9987.0;4
115800;;TAKER;INTARIAN_PEPPER_ROOT;XIRECS;12016.0;11
116100;;TAKER;ASH_COATED_OSMIUM;XIRECS;9988.0;15
116600;TAKER;;ASH_COATED_OSMIUM;XIRECS;10005.0;3
116700;;TAKER;INTARIAN_PEPPER_ROOT;XIRECS;12017.0;10
116900;TAKER;;ASH_COATED_OSMIUM;XIRECS;10011.0;9
117100;;TAKER;INTARIAN_PEPPER_ROOT;XIRECS;12018.0;2
117400;;TAKER;INTARIAN_PEPPER_ROOT;XIRECS;12015.0;8
117500;TAKER;;INTARIAN_PEPPER_ROOT;XIRECS;12029.0;10
117600;TAKER;;INTARIAN_PEPPER_ROOT;XIRECS;12030.0;14
117700;;TAKER;INTARIAN_PEPPER_ROOT;XIRECS;12017.0;5
117900;;TAKER;INTARIAN_PEPPER_ROOT;XIRECS;12016.0;11
118100;TAKER;;INTARIAN_PEPPER_ROOT;XIRECS;12028.0;11
118200;;TAKER;INTARIAN_PEPPER_ROOT;XIRECS;12014.0;3
118400;TAKER;;ASH_COATED_OSMIUM;XIRECS;10006.0;14
118600;;TAKER;INTARIAN_PEPPER_ROOT;XIRECS;12016.0;10
118600;TAKER;;ASH_COATED_OSMIUM;XIRECS;10008.0;7
118700;;TAKER;ASH_COATED_OSMIUM;XIRECS;9991.0;13
119100;;TAKER;ASH_COATED_OSMIUM;XIRECS;9990.0;15
119200;TAKER;;INTARIAN_PEPPER_ROOT;XIRECS;12030.0;9
119600;TAKER;;ASH_COATED_OSMIUM;XIRECS;10006.0;13
119700;TAKER;;INTARIAN_PEPPER_ROOT;XIRECS;12030.0;7
119800;TAKER;;INTARIAN_PEPPER_ROOT;XIRECS;12030.0;7
120300;TAKER;;INTARIAN_PEPPER_ROOT;XIRECS;12032.0;11
120400;TAKER;;INTARIAN_PEPPER_ROOT;XIRECS;12032.0;15
120400;;TAKER;ASH_COATED_OSMIUM;XIRECS;9991.0;9
120700;TAKER;;INTARIAN_PEPPER_ROOT;XIRECS;12032.0;9
121100;;TAKER;INTARIAN_PEPPER_ROOT;XIRECS;12017.0;6
121600;;TAKER;INTARIAN_PEPPER_ROOT;XIRECS;12016.0;2
121800;TAKER;;INTARIAN_PEPPER_ROOT;XIRECS;12031.0;11
121900;;TAKER;INTARIAN_PEPPER_ROOT;XIRECS;12018.0;12
122100;;TAKER;INTARIAN_PEPPER_ROOT;XIRECS;12017.0;12
122200;TAKER;;ASH_COATED_OSMIUM;XIRECS;10010.0;15
122400;;TAKER;ASH_COATED_OSMIUM;XIRECS;9990.0;13
122600;;TAKER;ASH_COATED_OSMIUM;XIRECS;9990.0;4
122900;;TAKER;ASH_COATED_OSMIUM;XIRECS;9994.0;13
123000;TAKER;;INTARIAN_PEPPER_ROOT;XIRECS;12032.0;4
123100;TAKER;;INTARIAN_PEPPER_ROOT;XIRECS;12032.0;5
123200;;TAKER;INTARIAN_PEPPER_ROOT;XIRECS;12016.0;5
123400;TAKER;;ASH_COATED_OSMIUM;XIRECS;10011.0;15
123600;TAKER;;INTARIAN_PEPPER_ROOT;XIRECS;12032.0;9
123600;TAKER;;ASH_COATED_OSMIUM;XIRECS;10007.0;8
123700;;TAKER;ASH_COATED_OSMIUM;XIRECS;9992.0;12
124000;TAKER;;ASH_COATED_OSMIUM;XIRECS;10007.0;10
124100;TAKER;;ASH_COATED_OSMIUM;XIRECS;10008.0;12
124200;;TAKER;INTARIAN_PEPPER_ROOT;XIRECS;12016.0;13
124300;TAKER;;INTARIAN_PEPPER_ROOT;XIRECS;12031.0;3
124300;TAKER;;ASH_COATED_OSMIUM;XIRECS;10011.0;9
124500;;TAKER;INTARIAN_PEPPER_ROOT;XIRECS;12018.0;7
124500;;TAKER;ASH_COATED_OSMIUM;XIRECS;9990.0;8
124600;;TAKER;INTARIAN_PEPPER_ROOT;XIRECS;12017.0;4
124600;TAKER;;ASH_COATED_OSMIUM;XIRECS;10011.0;4
124900;;TAKER;ASH_COATED_OSMIUM;XIRECS;9988.0;14
125000;TAKER;;ASH_COATED_OSMIUM;XIRECS;10010.0;5
125100;;TAKER;INTARIAN_PEPPER_ROOT;XIRECS;12019.0;4
125100;;TAKER;ASH_COATED_OSMIUM;XIRECS;9991.0;6
125200;;TAKER;INTARIAN_PEPPER_ROOT;XIRECS;12019.0;12
125200;;TAKER;ASH_COATED_OSMIUM;XIRECS;9988.0;6
125500;TAKER;;ASH_COATED_OSMIUM;XIRECS;10007.0;6
125600;TAKER;;ASH_COATED_OSMIUM;XIRECS;10004.0;2
125700;TAKER;;INTARIAN_PEPPER_ROOT;XIRECS;12031.0;6
126000;TAKER;;ASH_COATED_OSMIUM;XIRECS;10011.0;11
126100;;TAKER;INTARIAN_PEPPER_ROOT;XIRECS;12018.0;9
126300;TAKER;;ASH_COATED_OSMIUM;XIRECS;10007.0;6
126800;TAKER;;INTARIAN_PEPPER_ROOT;XIRECS;12030.0;13
126900;TAKER;;INTARIAN_PEPPER_ROOT;XIRECS;12033.0;5
127000;;TAKER;ASH_COATED_OSMIUM;XIRECS;9987.0;5
127200;TAKER;;INTARIAN_PEPPER_ROOT;XIRECS;12032.0;6
127400;TAKER;;INTARIAN_PEPPER_ROOT;XIRECS;12031.0;6
127700;;TAKER;INTARIAN_PEPPER_ROOT;XIRECS;12018.0;13
127700;;TAKER;ASH_COATED_OSMIUM;XIRECS;9989.0;9
128000;TAKER;;INTARIAN_PEPPER_ROOT;XIRECS;12031.0;5
128100;TAKER;;INTARIAN_PEPPER_ROOT;XIRECS;12032.0;3
128100;;TAKER;ASH_COATED_OSMIUM;XIRECS;9993.0;13
128600;TAKER;;INTARIAN_PEPPER_ROOT;XIRECS;12033.0;5
128700;TAKER;;ASH_COATED_OSMIUM;XIRECS;10006.0;6
128900;TAKER;;ASH_COATED_OSMIUM;XIRECS;10005.0;13
129600;;TAKER;ASH_COATED_OSMIUM;XIRECS;9993.0;11
130700;;TAKER;ASH_COATED_OSMIUM;XIRECS;9993.0;14
130900;;TAKER;ASH_COATED_OSMIUM;XIRECS;9991.0;2
131300;;TAKER;INTARIAN_PEPPER_ROOT;XIRECS;12019.0;8
131400;TAKER;;INTARIAN_PEPPER_ROOT;XIRECS;12032.0;7
131600;;TAKER;INTARIAN_PEPPER_ROOT;XIRECS;12020.0;6
131600;;TAKER;ASH_COATED_OSMIUM;XIRECS;9989.0;2
131800;;TAKER;INTARIAN_PEPPER_ROOT;XIRECS;12018.0;15
131800;;TAKER;ASH_COATED_OSMIUM;XIRECS;9992.0;3
131900;;TAKER;INTARIAN_PEPPER_ROOT;XIRECS;12021.0;12
132200;TAKER;;ASH_COATED_OSMIUM;XIRECS;10004.0;12
132400;TAKER;;ASH_COATED_OSMIUM;XIRECS;10011.0;6
132700;TAKER;;INTARIAN_PEPPER_ROOT;XIRECS;12032.0;4
132700;;TAKER;ASH_COATED_OSMIUM;XIRECS;9989.0;14
133000;TAKER;;INTARIAN_PEPPER_ROOT;XIRECS;12031.0;3
133100;;TAKER;INTARIAN_PEPPER_ROOT;XIRECS;12021.0;3
133100;TAKER;;ASH_COATED_OSMIUM;XIRECS;10006.0;11
133200;TAKER;;ASH_COATED_OSMIUM;XIRECS;10011.0;9
133400;TAKER;;ASH_COATED_OSMIUM;XIRECS;10011.0;5
133500;;TAKER;ASH_COATED_OSMIUM;XIRECS;9987.0;11
133600;;TAKER;ASH_COATED_OSMIUM;XIRECS;9990.0;14
133800;;TAKER;INTARIAN_PEPPER_ROOT;XIRECS;12020.0;14
134000;;TAKER;INTARIAN_PEPPER_ROOT;XIRECS;12019.0;12
134100;TAKER;;INTARIAN_PEPPER_ROOT;XIRECS;12034.0;3
134500;TAKER;;INTARIAN_PEPPER_ROOT;XIRECS;12033.0;9
134600;;TAKER;INTARIAN_PEPPER_ROOT;XIRECS;12020.0;8
134700;;TAKER;INTARIAN_PEPPER_ROOT;XIRECS;12020.0;14
134800;TAKER;;ASH_COATED_OSMIUM;XIRECS;10011.0;3
134900;;TAKER;INTARIAN_PEPPER_ROOT;XIRECS;12019.0;8
135000;TAKER;;INTARIAN_PEPPER_ROOT;XIRECS;12034.0;3
135100;TAKER;;INTARIAN_PEPPER_ROOT;XIRECS;12033.0;2
135200;TAKER;;INTARIAN_PEPPER_ROOT;XIRECS;12031.0;6
135400;;TAKER;INTARIAN_PEPPER_ROOT;XIRECS;12019.0;5
135700;;TAKER;ASH_COATED_OSMIUM;XIRECS;9995.0;11
135800;;TAKER;INTARIAN_PEPPER_ROOT;XIRECS;12019.0;5
136000;TAKER;;INTARIAN_PEPPER_ROOT;XIRECS;12034.0;9
136300;;TAKER;ASH_COATED_OSMIUM;XIRECS;9992.0;8
136700;TAKER;;INTARIAN_PEPPER_ROOT;XIRECS;12034.0;11
136800;;TAKER;ASH_COATED_OSMIUM;XIRECS;9989.0;13
136900;;TAKER;INTARIAN_PEPPER_ROOT;XIRECS;12018.0;13
136900;;TAKER;ASH_COATED_OSMIUM;XIRECS;9992.0;6
137000;;TAKER;ASH_COATED_OSMIUM;XIRECS;9994.0;10
137200;TAKER;;ASH_COATED_OSMIUM;XIRECS;10009.0;10
137300;;TAKER;ASH_COATED_OSMIUM;XIRECS;9990.0;3
137400;TAKER;;ASH_COATED_OSMIUM;XIRECS;10011.0;3
137600;;TAKER;ASH_COATED_OSMIUM;XIRECS;9990.0;8
137800;;TAKER;ASH_COATED_OSMIUM;XIRECS;9989.0;10
138000;;TAKER;ASH_COATED_OSMIUM;XIRECS;9991.0;5
138100;;TAKER;INTARIAN_PEPPER_ROOT;XIRECS;12020.0;9
138200;TAKER;;ASH_COATED_OSMIUM;XIRECS;10008.0;5
138400;;TAKER;INTARIAN_PEPPER_ROOT;XIRECS;12019.0;12
138500;;TAKER;INTARIAN_PEPPER_ROOT;XIRECS;12021.0;14
138500;;TAKER;ASH_COATED_OSMIUM;XIRECS;9988.0;13
138600;TAKER;;ASH_COATED_OSMIUM;XIRECS;10009.0;3
138700;;TAKER;INTARIAN_PEPPER_ROOT;XIRECS;12020.0;8
139000;TAKER;;INTARIAN_PEPPER_ROOT;XIRECS;12036.0;7
139200;TAKER;;ASH_COATED_OSMIUM;XIRECS;10012.0;5
139300;;TAKER;INTARIAN_PEPPER_ROOT;XIRECS;12021.0;4
139600;TAKER;;INTARIAN_PEPPER_ROOT;XIRECS;12034.0;15
139800;TAKER;;ASH_COATED_OSMIUM;XIRECS;10011.0;6
139900;;TAKER;INTARIAN_PEPPER_ROOT;XIRECS;12020.0;10
140100;TAKER;;ASH_COATED_OSMIUM;XIRECS;10010.0;5
140800;;TAKER;INTARIAN_PEPPER_ROOT;XIRECS;12021.0;3
141000;TAKER;;INTARIAN_PEPPER_ROOT;XIRECS;12035.0;8
141000;;TAKER;ASH_COATED_OSMIUM;XIRECS;9990.0;10
141100;TAKER;;ASH_COATED_OSMIUM;XIRECS;10008.0;2
141200;;TAKER;INTARIAN_PEPPER_ROOT;XIRECS;12024.0;13
141500;TAKER;;ASH_COATED_OSMIUM;XIRECS;10006.0;9
141600;TAKER;;ASH_COATED_OSMIUM;XIRECS;10011.0;5
141700;TAKER;;ASH_COATED_OSMIUM;XIRECS;10006.0;8
141800;;TAKER;INTARIAN_PEPPER_ROOT;XIRECS;12019.0;2
142200;;TAKER;INTARIAN_PEPPER_ROOT;XIRECS;12021.0;7
142300;;TAKER;ASH_COATED_OSMIUM;XIRECS;9991.0;3
142600;;TAKER;INTARIAN_PEPPER_ROOT;XIRECS;12022.0;2
142800;TAKER;;INTARIAN_PEPPER_ROOT;XIRECS;12032.0;13
142900;;TAKER;INTARIAN_PEPPER_ROOT;XIRECS;12020.0;9
143000;TAKER;;ASH_COATED_OSMIUM;XIRECS;10011.0;8
143100;;TAKER;ASH_COATED_OSMIUM;XIRECS;9994.0;13
143200;TAKER;;ASH_COATED_OSMIUM;XIRECS;10008.0;13
143600;TAKER;;INTARIAN_PEPPER_ROOT;XIRECS;12036.0;3
143800;;TAKER;INTARIAN_PEPPER_ROOT;XIRECS;12023.0;15
143800;TAKER;;ASH_COATED_OSMIUM;XIRECS;10010.0;2
144100;;TAKER;ASH_COATED_OSMIUM;XIRECS;9991.0;10
144200;TAKER;;INTARIAN_PEPPER_ROOT;XIRECS;12035.0;5
144600;;TAKER;INTARIAN_PEPPER_ROOT;XIRECS;12021.0;7
144600;;TAKER;ASH_COATED_OSMIUM;XIRECS;9988.0;7
144700;TAKER;;INTARIAN_PEPPER_ROOT;XIRECS;12036.0;4
144800;;TAKER;ASH_COATED_OSMIUM;XIRECS;9987.0;13
145200;TAKER;;INTARIAN_PEPPER_ROOT;XIRECS;12036.0;7
145600;TAKER;;INTARIAN_PEPPER_ROOT;XIRECS;12035.0;9
145800;TAKER;;ASH_COATED_OSMIUM;XIRECS;10007.0;14
145900;;TAKER;INTARIAN_PEPPER_ROOT;XIRECS;12021.0;14
146000;;TAKER;ASH_COATED_OSMIUM;XIRECS;9991.0;5
146300;;TAKER;INTARIAN_PEPPER_ROOT;XIRECS;12022.0;13
146300;;TAKER;ASH_COATED_OSMIUM;XIRECS;9992.0;5
146500;TAKER;;ASH_COATED_OSMIUM;XIRECS;10010.0;11
146600;;TAKER;ASH_COATED_OSMIUM;XIRECS;9988.0;12
146900;TAKER;;INTARIAN_PEPPER_ROOT;XIRECS;12036.0;4
147000;;TAKER;INTARIAN_PEPPER_ROOT;XIRECS;12020.0;5
147400;;TAKER;INTARIAN_PEPPER_ROOT;XIRECS;12021.0;4
147500;TAKER;;ASH_COATED_OSMIUM;XIRECS;10008.0;11
147700;;TAKER;INTARIAN_PEPPER_ROOT;XIRECS;12022.0;15
147700;TAKER;;ASH_COATED_OSMIUM;XIRECS;10009.0;7
148200;TAKER;;INTARIAN_PEPPER_ROOT;XIRECS;12037.0;14
148300;TAKER;;INTARIAN_PEPPER_ROOT;XIRECS;12039.0;2
148300;TAKER;;ASH_COATED_OSMIUM;XIRECS;10009.0;13
148500;TAKER;;INTARIAN_PEPPER_ROOT;XIRECS;12036.0;13
148600;;TAKER;ASH_COATED_OSMIUM;XIRECS;9993.0;7
148700;;TAKER;INTARIAN_PEPPER_ROOT;XIRECS;12021.0;6
148900;TAKER;;ASH_COATED_OSMIUM;XIRECS;10012.0;13
149000;TAKER;;INTARIAN_PEPPER_ROOT;XIRECS;12036.0;10
149000;TAKER;;ASH_COATED_OSMIUM;XIRECS;10005.0;7
149300;;TAKER;ASH_COATED_OSMIUM;XIRECS;9990.0;2
149400;TAKER;;INTARIAN_PEPPER_ROOT;XIRECS;12036.0;15
149600;;TAKER;INTARIAN_PEPPER_ROOT;XIRECS;12023.0;12
149800;TAKER;;INTARIAN_PEPPER_ROOT;XIRECS;12033.0;11
150000;TAKER;;INTARIAN_PEPPER_ROOT;XIRECS;12036.0;4
150300;;TAKER;ASH_COATED_OSMIUM;XIRECS;9989.0;11
150400;TAKER;;INTARIAN_PEPPER_ROOT;XIRECS;12036.0;8
150500;;TAKER;INTARIAN_PEPPER_ROOT;XIRECS;12024.0;8
150500;;TAKER;ASH_COATED_OSMIUM;XIRECS;9992.0;12
150600;;TAKER;ASH_COATED_OSMIUM;XIRECS;9988.0;3
150800;TAKER;;ASH_COATED_OSMIUM;XIRECS;10005.0;12
150900;;TAKER;INTARIAN_PEPPER_ROOT;XIRECS;12023.0;10
150900;;TAKER;ASH_COATED_OSMIUM;XIRECS;9989.0;3
151000;TAKER;;INTARIAN_PEPPER_ROOT;XIRECS;12037.0;3
151300;TAKER;;INTARIAN_PEPPER_ROOT;XIRECS;12037.0;3
151400;;TAKER;INTARIAN_PEPPER_ROOT;XIRECS;12025.0;11
151500;;TAKER;INTARIAN_PEPPER_ROOT;XIRECS;12022.0;8
151600;TAKER;;ASH_COATED_OSMIUM;XIRECS;10005.0;3
151800;;TAKER;ASH_COATED_OSMIUM;XIRECS;9992.0;10
151900;;TAKER;ASH_COATED_OSMIUM;XIRECS;9988.0;10
152400;;TAKER;INTARIAN_PEPPER_ROOT;XIRECS;12023.0;3
152500;;TAKER;ASH_COATED_OSMIUM;XIRECS;9991.0;3
152600;;TAKER;INTARIAN_PEPPER_ROOT;XIRECS;12023.0;5
152600;;TAKER;ASH_COATED_OSMIUM;XIRECS;9991.0;9
152700;TAKER;;INTARIAN_PEPPER_ROOT;XIRECS;12036.0;2
152800;;TAKER;INTARIAN_PEPPER_ROOT;XIRECS;12022.0;8
152900;;TAKER;INTARIAN_PEPPER_ROOT;XIRECS;12022.0;6
152900;;TAKER;ASH_COATED_OSMIUM;XIRECS;9995.0;10
153000;TAKER;;INTARIAN_PEPPER_ROOT;XIRECS;12036.0;3
153200;TAKER;;INTARIAN_PEPPER_ROOT;XIRECS;12036.0;12
153500;TAKER;;INTARIAN_PEPPER_ROOT;XIRECS;12037.0;3
153600;TAKER;;INTARIAN_PEPPER_ROOT;XIRECS;12039.0;11
153800;;TAKER;INTARIAN_PEPPER_ROOT;XIRECS;12023.0;5
153800;;TAKER;ASH_COATED_OSMIUM;XIRECS;9990.0;3
154000;TAKER;;INTARIAN_PEPPER_ROOT;XIRECS;12036.0;10
154200;;TAKER;INTARIAN_PEPPER_ROOT;XIRECS;12023.0;7
154200;TAKER;;ASH_COATED_OSMIUM;XIRECS;10008.0;8
154500;TAKER;;INTARIAN_PEPPER_ROOT;XIRECS;12039.0;5
154500;TAKER;;ASH_COATED_OSMIUM;XIRECS;10008.0;15
154700;;TAKER;INTARIAN_PEPPER_ROOT;XIRECS;12022.0;11
154900;TAKER;;ASH_COATED_OSMIUM;XIRECS;10008.0;13
155000;;TAKER;ASH_COATED_OSMIUM;XIRECS;9992.0;15
155200;TAKER;;ASH_COATED_OSMIUM;XIRECS;10010.0;11
155300;;TAKER;INTARIAN_PEPPER_ROOT;XIRECS;12025.0;2
155300;TAKER;;ASH_COATED_OSMIUM;XIRECS;10011.0;6
155400;TAKER;;INTARIAN_PEPPER_ROOT;XIRECS;12036.0;4
155500;;TAKER;ASH_COATED_OSMIUM;XIRECS;9989.0;3
155800;TAKER;;INTARIAN_PEPPER_ROOT;XIRECS;12038.0;5
156100;;TAKER;INTARIAN_PEPPER_ROOT;XIRECS;12024.0;6
156100;TAKER;;ASH_COATED_OSMIUM;XIRECS;10007.0;12
156200;TAKER;;ASH_COATED_OSMIUM;XIRECS;10004.0;14
156800;TAKER;;INTARIAN_PEPPER_ROOT;XIRECS;12037.0;10
157100;TAKER;;INTARIAN_PEPPER_ROOT;XIRECS;12038.0;11
157200;;TAKER;ASH_COATED_OSMIUM;XIRECS;9991.0;10
157800;;TAKER;ASH_COATED_OSMIUM;XIRECS;9989.0;12
158000;;TAKER;INTARIAN_PEPPER_ROOT;XIRECS;12024.0;7
158300;;TAKER;INTARIAN_PEPPER_ROOT;XIRECS;12024.0;10
158600;TAKER;;INTARIAN_PEPPER_ROOT;XIRECS;12036.0;10
158900;;TAKER;INTARIAN_PEPPER_ROOT;XIRECS;12025.0;4
159000;TAKER;;INTARIAN_PEPPER_ROOT;XIRECS;12037.0;12
159000;;TAKER;ASH_COATED_OSMIUM;XIRECS;9989.0;3
159100;;TAKER;INTARIAN_PEPPER_ROOT;XIRECS;12023.0;15
159100;TAKER;;ASH_COATED_OSMIUM;XIRECS;10007.0;3
159200;;TAKER;INTARIAN_PEPPER_ROOT;XIRECS;12024.0;15
159300;TAKER;;INTARIAN_PEPPER_ROOT;XIRECS;12040.0;10
159500;TAKER;;ASH_COATED_OSMIUM;XIRECS;10009.0;4
159600;;TAKER;ASH_COATED_OSMIUM;XIRECS;9994.0;13
159700;TAKER;;INTARIAN_PEPPER_ROOT;XIRECS;12039.0;5
159700;TAKER;;ASH_COATED_OSMIUM;XIRECS;10008.0;14
160100;;TAKER;ASH_COATED_OSMIUM;XIRECS;9991.0;10
160400;TAKER;;INTARIAN_PEPPER_ROOT;XIRECS;12038.0;8
160800;TAKER;;ASH_COATED_OSMIUM;XIRECS;10010.0;4
161200;TAKER;;ASH_COATED_OSMIUM;XIRECS;10009.0;13
161300;TAKER;;INTARIAN_PEPPER_ROOT;XIRECS;12038.0;12
161400;TAKER;;INTARIAN_PEPPER_ROOT;XIRECS;12038.0;11
161400;;TAKER;ASH_COATED_OSMIUM;XIRECS;9992.0;7
161500;TAKER;;INTARIAN_PEPPER_ROOT;XIRECS;12037.0;8
161800;TAKER;;ASH_COATED_OSMIUM;XIRECS;10009.0;10
162200;;TAKER;INTARIAN_PEPPER_ROOT;XIRECS;12024.0;6
162200;;TAKER;ASH_COATED_OSMIUM;XIRECS;9992.0;15
162300;TAKER;;ASH_COATED_OSMIUM;XIRECS;10010.0;15
162600;;TAKER;ASH_COATED_OSMIUM;XIRECS;9992.0;12
162900;;TAKER;INTARIAN_PEPPER_ROOT;XIRECS;12026.0;14
163000;;TAKER;ASH_COATED_OSMIUM;XIRECS;9991.0;14
163100;;TAKER;INTARIAN_PEPPER_ROOT;XIRECS;12026.0;14
163100;TAKER;;ASH_COATED_OSMIUM;XIRECS;10007.0;15
163200;TAKER;;INTARIAN_PEPPER_ROOT;XIRECS;12039.0;13
163200;;TAKER;ASH_COATED_OSMIUM;XIRECS;9989.0;5
163300;TAKER;;ASH_COATED_OSMIUM;XIRECS;10009.0;10
163400;;TAKER;INTARIAN_PEPPER_ROOT;XIRECS;12025.0;12
163400;;TAKER;ASH_COATED_OSMIUM;XIRECS;9991.0;2
163500;;TAKER;ASH_COATED_OSMIUM;XIRECS;9989.0;2
163700;TAKER;;INTARIAN_PEPPER_ROOT;XIRECS;12038.0;6
164000;TAKER;;INTARIAN_PEPPER_ROOT;XIRECS;12041.0;12
164000;TAKER;;ASH_COATED_OSMIUM;XIRECS;10011.0;6
164100;TAKER;;ASH_COATED_OSMIUM;XIRECS;10012.0;8
164300;;TAKER;INTARIAN_PEPPER_ROOT;XIRECS;12024.0;12
164500;TAKER;;INTARIAN_PEPPER_ROOT;XIRECS;12038.0;9
164600;;TAKER;INTARIAN_PEPPER_ROOT;XIRECS;12026.0;15
164800;TAKER;;INTARIAN_PEPPER_ROOT;XIRECS;12041.0;10
165000;;TAKER;ASH_COATED_OSMIUM;XIRECS;9989.0;4
165200;;TAKER;INTARIAN_PEPPER_ROOT;XIRECS;12026.0;14
165400;;TAKER;ASH_COATED_OSMIUM;XIRECS;9988.0;3
165500;TAKER;;ASH_COATED_OSMIUM;XIRECS;10009.0;14
165800;TAKER;;ASH_COATED_OSMIUM;XIRECS;10009.0;2
165900;;TAKER;INTARIAN_PEPPER_ROOT;XIRECS;12026.0;5
167100;TAKER;;ASH_COATED_OSMIUM;XIRECS;10008.0;6
167500;;TAKER;ASH_COATED_OSMIUM;XIRECS;9988.0;12
167700;TAKER;;INTARIAN_PEPPER_ROOT;XIRECS;12040.0;4
167700;TAKER;;ASH_COATED_OSMIUM;XIRECS;10008.0;4
167800;TAKER;;ASH_COATED_OSMIUM;XIRECS;10012.0;3
167900;TAKER;;INTARIAN_PEPPER_ROOT;XIRECS;12038.0;13
168100;;TAKER;INTARIAN_PEPPER_ROOT;XIRECS;12024.0;9
168400;;TAKER;ASH_COATED_OSMIUM;XIRECS;9991.0;7
168800;;TAKER;ASH_COATED_OSMIUM;XIRECS;9992.0;3
169300;;TAKER;INTARIAN_PEPPER_ROOT;XIRECS;12026.0;3
169300;;TAKER;ASH_COATED_OSMIUM;XIRECS;9987.0;3
169700;TAKER;;ASH_COATED_OSMIUM;XIRECS;10008.0;11
170000;TAKER;;INTARIAN_PEPPER_ROOT;XIRECS;12042.0;12
170500;;TAKER;INTARIAN_PEPPER_ROOT;XIRECS;12026.0;12
170500;;TAKER;ASH_COATED_OSMIUM;XIRECS;9988.0;11
170800;;TAKER;ASH_COATED_OSMIUM;XIRECS;9990.0;14
170900;;TAKER;INTARIAN_PEPPER_ROOT;XIRECS;12029.0;14
171000;TAKER;;ASH_COATED_OSMIUM;XIRECS;10010.0;14
171200;;TAKER;INTARIAN_PEPPER_ROOT;XIRECS;12027.0;9
171200;TAKER;;ASH_COATED_OSMIUM;XIRECS;10008.0;5
171500;;TAKER;INTARIAN_PEPPER_ROOT;XIRECS;12027.0;6
171500;TAKER;;ASH_COATED_OSMIUM;XIRECS;10004.0;13
171700;TAKER;;INTARIAN_PEPPER_ROOT;XIRECS;12040.0;3
171900;TAKER;;ASH_COATED_OSMIUM;XIRECS;10007.0;15
172000;TAKER;;INTARIAN_PEPPER_ROOT;XIRECS;12040.0;10
172200;TAKER;;ASH_COATED_OSMIUM;XIRECS;10007.0;7
172500;TAKER;;ASH_COATED_OSMIUM;XIRECS;10012.0;10
172600;TAKER;;ASH_COATED_OSMIUM;XIRECS;10011.0;6
172900;TAKER;;INTARIAN_PEPPER_ROOT;XIRECS;12041.0;2
173000;;TAKER;INTARIAN_PEPPER_ROOT;XIRECS;12026.0;9
173000;TAKER;;ASH_COATED_OSMIUM;XIRECS;10010.0;5
173100;TAKER;;ASH_COATED_OSMIUM;XIRECS;10009.0;4
173200;TAKER;;INTARIAN_PEPPER_ROOT;XIRECS;12040.0;10
173600;TAKER;;INTARIAN_PEPPER_ROOT;XIRECS;12039.0;8
173800;TAKER;;ASH_COATED_OSMIUM;XIRECS;10012.0;8
173900;;TAKER;INTARIAN_PEPPER_ROOT;XIRECS;12027.0;6
174000;;TAKER;INTARIAN_PEPPER_ROOT;XIRECS;12027.0;4
174000;TAKER;;ASH_COATED_OSMIUM;XIRECS;10008.0;10
174300;;TAKER;INTARIAN_PEPPER_ROOT;XIRECS;12027.0;8
174300;;TAKER;ASH_COATED_OSMIUM;XIRECS;9993.0;14
174400;;TAKER;ASH_COATED_OSMIUM;XIRECS;9990.0;11
174500;;TAKER;INTARIAN_PEPPER_ROOT;XIRECS;12026.0;4
174600;TAKER;;ASH_COATED_OSMIUM;XIRECS;10009.0;13
174700;TAKER;;INTARIAN_PEPPER_ROOT;XIRECS;12042.0;2
174800;;TAKER;INTARIAN_PEPPER_ROOT;XIRECS;12027.0;11
175100;TAKER;;INTARIAN_PEPPER_ROOT;XIRECS;12040.0;11
175200;TAKER;;ASH_COATED_OSMIUM;XIRECS;10007.0;14
175400;;TAKER;INTARIAN_PEPPER_ROOT;XIRECS;12026.0;7
175500;;TAKER;ASH_COATED_OSMIUM;XIRECS;9992.0;11
175700;;TAKER;ASH_COATED_OSMIUM;XIRECS;9992.0;15
175800;;TAKER;INTARIAN_PEPPER_ROOT;XIRECS;12028.0;12
175900;TAKER;;ASH_COATED_OSMIUM;XIRECS;10008.0;9
176100;;TAKER;INTARIAN_PEPPER_ROOT;XIRECS;12030.0;12
176200;TAKER;;INTARIAN_PEPPER_ROOT;XIRECS;12043.0;11
176200;TAKER;;ASH_COATED_OSMIUM;XIRECS;10008.0;3
176400;;TAKER;ASH_COATED_OSMIUM;XIRECS;9991.0;8
176600;;TAKER;INTARIAN_PEPPER_ROOT;XIRECS;12028.0;11
176700;;TAKER;ASH_COATED_OSMIUM;XIRECS;9990.0;13
176800;TAKER;;INTARIAN_PEPPER_ROOT;XIRECS;12042.0;14
177100;;TAKER;INTARIAN_PEPPER_ROOT;XIRECS;12030.0;7
177200;;TAKER;ASH_COATED_OSMIUM;XIRECS;9992.0;6
177500;;TAKER;ASH_COATED_OSMIUM;XIRECS;9990.0;4
177700;TAKER;;ASH_COATED_OSMIUM;XIRECS;10006.0;8
177800;TAKER;;ASH_COATED_OSMIUM;XIRECS;10009.0;3
177900;TAKER;;INTARIAN_PEPPER_ROOT;XIRECS;12042.0;9
177900;TAKER;;ASH_COATED_OSMIUM;XIRECS;10007.0;4
178100;TAKER;;INTARIAN_PEPPER_ROOT;XIRECS;12042.0;11
178300;TAKER;;ASH_COATED_OSMIUM;XIRECS;10010.0;11
178500;;TAKER;INTARIAN_PEPPER_ROOT;XIRECS;12029.0;11
178600;;TAKER;INTARIAN_PEPPER_ROOT;XIRECS;12027.0;5
178600;TAKER;;ASH_COATED_OSMIUM;XIRECS;10011.0;3
179000;TAKER;;INTARIAN_PEPPER_ROOT;XIRECS;12042.0;14
179200;;TAKER;ASH_COATED_OSMIUM;XIRECS;9991.0;13
179400;TAKER;;ASH_COATED_OSMIUM;XIRECS;10009.0;14
179600;TAKER;;INTARIAN_PEPPER_ROOT;XIRECS;12042.0;2
180100;TAKER;;ASH_COATED_OSMIUM;XIRECS;10009.0;8
180200;TAKER;;INTARIAN_PEPPER_ROOT;XIRECS;12042.0;5
180700;TAKER;;INTARIAN_PEPPER_ROOT;XIRECS;12042.0;12
180700;TAKER;;ASH_COATED_OSMIUM;XIRECS;10006.0;10
180800;TAKER;;ASH_COATED_OSMIUM;XIRECS;10006.0;9
181100;TAKER;;ASH_COATED_OSMIUM;XIRECS;10005.0;8
181200;TAKER;;INTARIAN_PEPPER_ROOT;XIRECS;12041.0;11
181500;TAKER;;INTARIAN_PEPPER_ROOT;XIRECS;12044.0;13
181600;TAKER;;INTARIAN_PEPPER_ROOT;XIRECS;12043.0;12
181600;TAKER;;ASH_COATED_OSMIUM;XIRECS;10009.0;3
181700;TAKER;;INTARIAN_PEPPER_ROOT;XIRECS;12044.0;13
181900;TAKER;;INTARIAN_PEPPER_ROOT;XIRECS;12044.0;6
182000;;TAKER;ASH_COATED_OSMIUM;XIRECS;9991.0;3
182200;TAKER;;INTARIAN_PEPPER_ROOT;XIRECS;12044.0;11
182200;TAKER;;ASH_COATED_OSMIUM;XIRECS;10012.0;8
182300;;TAKER;INTARIAN_PEPPER_ROOT;XIRECS;12029.0;14
182300;TAKER;;ASH_COATED_OSMIUM;XIRECS;10005.0;4
182400;TAKER;;INTARIAN_PEPPER_ROOT;XIRECS;12043.0;13
182400;TAKER;;ASH_COATED_OSMIUM;XIRECS;10002.0;8
182600;;TAKER;INTARIAN_PEPPER_ROOT;XIRECS;12029.0;13
182700;;TAKER;INTARIAN_PEPPER_ROOT;XIRECS;12032.0;14
182800;;TAKER;INTARIAN_PEPPER_ROOT;XIRECS;12026.0;6
182900;TAKER;;INTARIAN_PEPPER_ROOT;XIRECS;12043.0;3
183000;;TAKER;INTARIAN_PEPPER_ROOT;XIRECS;12030.0;11
183000;;TAKER;ASH_COATED_OSMIUM;XIRECS;9990.0;12
183100;;TAKER;INTARIAN_PEPPER_ROOT;XIRECS;12030.0;7
183400;;TAKER;ASH_COATED_OSMIUM;XIRECS;9989.0;10
183500;;TAKER;INTARIAN_PEPPER_ROOT;XIRECS;12029.0;15
183600;;TAKER;INTARIAN_PEPPER_ROOT;XIRECS;12028.0;8
183700;;TAKER;ASH_COATED_OSMIUM;XIRECS;9991.0;7
184000;TAKER;;ASH_COATED_OSMIUM;XIRECS;10005.0;5
184200;TAKER;;INTARIAN_PEPPER_ROOT;XIRECS;12043.0;7
184200;;TAKER;ASH_COATED_OSMIUM;XIRECS;9991.0;5
184500;TAKER;;INTARIAN_PEPPER_ROOT;XIRECS;12042.0;2
184500;;TAKER;ASH_COATED_OSMIUM;XIRECS;9991.0;10
184600;TAKER;;INTARIAN_PEPPER_ROOT;XIRECS;12040.0;14
184700;;TAKER;INTARIAN_PEPPER_ROOT;XIRECS;12029.0;14
184700;;TAKER;ASH_COATED_OSMIUM;XIRECS;9988.0;8
185000;;TAKER;INTARIAN_PEPPER_ROOT;XIRECS;12030.0;11
185100;;TAKER;INTARIAN_PEPPER_ROOT;XIRECS;12029.0;7
185200;;TAKER;ASH_COATED_OSMIUM;XIRECS;9988.0;10
185400;TAKER;;ASH_COATED_OSMIUM;XIRECS;10009.0;8
185500;TAKER;;INTARIAN_PEPPER_ROOT;XIRECS;12043.0;3
185500;;TAKER;ASH_COATED_OSMIUM;XIRECS;9990.0;5
185600;;TAKER;INTARIAN_PEPPER_ROOT;XIRECS;12031.0;4
185700;TAKER;;INTARIAN_PEPPER_ROOT;XIRECS;12044.0;6
185700;TAKER;;ASH_COATED_OSMIUM;XIRECS;10008.0;6
186100;;TAKER;INTARIAN_PEPPER_ROOT;XIRECS;12030.0;6
186200;;TAKER;INTARIAN_PEPPER_ROOT;XIRECS;12030.0;13
186400;TAKER;;ASH_COATED_OSMIUM;XIRECS;10007.0;15
186600;;TAKER;INTARIAN_PEPPER_ROOT;XIRECS;12032.0;2
186600;;TAKER;ASH_COATED_OSMIUM;XIRECS;9987.0;15
186700;TAKER;;ASH_COATED_OSMIUM;XIRECS;10012.0;11
186800;;TAKER;INTARIAN_PEPPER_ROOT;XIRECS;12029.0;7
186900;TAKER;;ASH_COATED_OSMIUM;XIRECS;10003.0;7
187300;;TAKER;ASH_COATED_OSMIUM;XIRECS;9990.0;8
187600;TAKER;;INTARIAN_PEPPER_ROOT;XIRECS;12042.0;4
187600;;TAKER;ASH_COATED_OSMIUM;XIRECS;9990.0;14
187700;;TAKER;ASH_COATED_OSMIUM;XIRECS;9988.0;11
187900;TAKER;;ASH_COATED_OSMIUM;XIRECS;10008.0;9
188000;TAKER;;INTARIAN_PEPPER_ROOT;XIRECS;12044.0;12
188200;;TAKER;ASH_COATED_OSMIUM;XIRECS;9993.0;11
188300;TAKER;;ASH_COATED_OSMIUM;XIRECS;10007.0;10
188400;TAKER;;ASH_COATED_OSMIUM;XIRECS;10009.0;3
188600;;TAKER;INTARIAN_PEPPER_ROOT;XIRECS;12029.0;14
188600;;TAKER;ASH_COATED_OSMIUM;XIRECS;9992.0;4
188900;TAKER;;ASH_COATED_OSMIUM;XIRECS;10009.0;11
189000;;TAKER;ASH_COATED_OSMIUM;XIRECS;9989.0;11
189300;TAKER;;INTARIAN_PEPPER_ROOT;XIRECS;12043.0;3
189300;;TAKER;ASH_COATED_OSMIUM;XIRECS;9992.0;10
189400;TAKER;;ASH_COATED_OSMIUM;XIRECS;10009.0;4
189500;;TAKER;INTARIAN_PEPPER_ROOT;XIRECS;12031.0;15
189600;;TAKER;ASH_COATED_OSMIUM;XIRECS;9990.0;12
189700;;TAKER;INTARIAN_PEPPER_ROOT;XIRECS;12031.0;6
189700;TAKER;;ASH_COATED_OSMIUM;XIRECS;10008.0;3
189800;TAKER;;ASH_COATED_OSMIUM;XIRECS;10010.0;15
189900;;TAKER;INTARIAN_PEPPER_ROOT;XIRECS;12030.0;14
189900;;TAKER;ASH_COATED_OSMIUM;XIRECS;9993.0;14
190000;;TAKER;INTARIAN_PEPPER_ROOT;XIRECS;12029.0;7
190400;;TAKER;INTARIAN_PEPPER_ROOT;XIRECS;12031.0;10
190500;TAKER;;ASH_COATED_OSMIUM;XIRECS;10009.0;8
190700;TAKER;;INTARIAN_PEPPER_ROOT;XIRECS;12045.0;9
190700;;TAKER;ASH_COATED_OSMIUM;XIRECS;9992.0;12
190800;TAKER;;INTARIAN_PEPPER_ROOT;XIRECS;12044.0;5
190900;TAKER;;INTARIAN_PEPPER_ROOT;XIRECS;12044.0;8
190900;TAKER;;ASH_COATED_OSMIUM;XIRECS;10007.0;14
191000;;TAKER;ASH_COATED_OSMIUM;XIRECS;9990.0;15
191100;;TAKER;INTARIAN_PEPPER_ROOT;XIRECS;12031.0;10
191500;TAKER;;INTARIAN_PEPPER_ROOT;XIRECS;12045.0;11
191600;TAKER;;INTARIAN_PEPPER_ROOT;XIRECS;12044.0;4
191600;TAKER;;ASH_COATED_OSMIUM;XIRECS;10009.0;6
191800;TAKER;;ASH_COATED_OSMIUM;XIRECS;10011.0;8
192100;;TAKER;ASH_COATED_OSMIUM;XIRECS;9989.0;5
192500;TAKER;;INTARIAN_PEPPER_ROOT;XIRECS;12044.0;9
192800;;TAKER;INTARIAN_PEPPER_ROOT;XIRECS;12032.0;10
192900;;TAKER;INTARIAN_PEPPER_ROOT;XIRECS;12030.0;8
193200;;TAKER;INTARIAN_PEPPER_ROOT;XIRECS;12033.0;9
193300;;TAKER;INTARIAN_PEPPER_ROOT;XIRECS;12032.0;9
193600;TAKER;;INTARIAN_PEPPER_ROOT;XIRECS;12044.0;5
193700;TAKER;;ASH_COATED_OSMIUM;XIRECS;10008.0;8
193800;;TAKER;INTARIAN_PEPPER_ROOT;XIRECS;12031.0;14
193900;;TAKER;ASH_COATED_OSMIUM;XIRECS;9991.0;5
194100;;TAKER;ASH_COATED_OSMIUM;XIRECS;9989.0;8
194200;;TAKER;INTARIAN_PEPPER_ROOT;XIRECS;12031.0;9
194300;TAKER;;ASH_COATED_OSMIUM;XIRECS;10011.0;4
194500;;TAKER;INTARIAN_PEPPER_ROOT;XIRECS;12032.0;12
194500;TAKER;;ASH_COATED_OSMIUM;XIRECS;10009.0;12
194600;;TAKER;INTARIAN_PEPPER_ROOT;XIRECS;12030.0;15
194600;;TAKER;ASH_COATED_OSMIUM;XIRECS;9994.0;8
194900;TAKER;;ASH_COATED_OSMIUM;XIRECS;10011.0;7
195000;TAKER;;INTARIAN_PEPPER_ROOT;XIRECS;12045.0;9
195200;TAKER;;INTARIAN_PEPPER_ROOT;XIRECS;12046.0;12
195400;TAKER;;INTARIAN_PEPPER_ROOT;XIRECS;12044.0;13
195600;;TAKER;INTARIAN_PEPPER_ROOT;XIRECS;12032.0;10
195900;;TAKER;INTARIAN_PEPPER_ROOT;XIRECS;12031.0;13
196000;;TAKER;INTARIAN_PEPPER_ROOT;XIRECS;12033.0;11
196300;;TAKER;INTARIAN_PEPPER_ROOT;XIRECS;12031.0;2
196400;;TAKER;INTARIAN_PEPPER_ROOT;XIRECS;12034.0;13
196900;TAKER;;ASH_COATED_OSMIUM;XIRECS;10007.0;7
197300;;TAKER;INTARIAN_PEPPER_ROOT;XIRECS;12030.0;4
197400;TAKER;;INTARIAN_PEPPER_ROOT;XIRECS;12044.0;8
197700;TAKER;;ASH_COATED_OSMIUM;XIRECS;10011.0;14
198100;;TAKER;INTARIAN_PEPPER_ROOT;XIRECS;12033.0;3
198400;;TAKER;INTARIAN_PEPPER_ROOT;XIRECS;12033.0;13
198600;TAKER;;ASH_COATED_OSMIUM;XIRECS;10007.0;9
198900;;TAKER;ASH_COATED_OSMIUM;XIRECS;9991.0;11
199200;TAKER;;INTARIAN_PEPPER_ROOT;XIRECS;12045.0;13
199400;;TAKER;ASH_COATED_OSMIUM;XIRECS;9990.0;4
199600;;TAKER;INTARIAN_PEPPER_ROOT;XIRECS;12034.0;6
199600;TAKER;;ASH_COATED_OSMIUM;XIRECS;10010.0;2
199700;TAKER;;ASH_COATED_OSMIUM;XIRECS;10003.0;10
199800;TAKER;;ASH_COATED_OSMIUM;XIRECS;10007.0;2
200200;;TAKER;INTARIAN_PEPPER_ROOT;XIRECS;12033.0;2
200300;;TAKER;INTARIAN_PEPPER_ROOT;XIRECS;12034.0;12
200400;;TAKER;ASH_COATED_OSMIUM;XIRECS;9990.0;13
200500;TAKER;;INTARIAN_PEPPER_ROOT;XIRECS;12047.0;14
200700;;TAKER;INTARIAN_PEPPER_ROOT;XIRECS;12033.0;7
200700;TAKER;;ASH_COATED_OSMIUM;XIRECS;10013.0;12
200800;TAKER;;INTARIAN_PEPPER_ROOT;XIRECS;12044.0;4
200900;;TAKER;ASH_COATED_OSMIUM;XIRECS;9991.0;11
201000;;TAKER;INTARIAN_PEPPER_ROOT;XIRECS;12032.0;4
201100;TAKER;;ASH_COATED_OSMIUM;XIRECS;10009.0;2
201200;;TAKER;INTARIAN_PEPPER_ROOT;XIRECS;12032.0;7
201300;TAKER;;INTARIAN_PEPPER_ROOT;XIRECS;12046.0;6
201400;TAKER;;INTARIAN_PEPPER_ROOT;XIRECS;12050.0;5
201400;;TAKER;ASH_COATED_OSMIUM;XIRECS;9995.0;5
201500;;TAKER;INTARIAN_PEPPER_ROOT;XIRECS;12033.0;6
201500;;TAKER;ASH_COATED_OSMIUM;XIRECS;9990.0;11
201600;;TAKER;INTARIAN_PEPPER_ROOT;XIRECS;12032.0;11
201800;;TAKER;INTARIAN_PEPPER_ROOT;XIRECS;12034.0;4
201800;TAKER;;ASH_COATED_OSMIUM;XIRECS;10008.0;10
201900;TAKER;;INTARIAN_PEPPER_ROOT;XIRECS;12045.0;13
202300;TAKER;;INTARIAN_PEPPER_ROOT;XIRECS;12047.0;8
202400;;TAKER;ASH_COATED_OSMIUM;XIRECS;9986.0;8
202500;TAKER;;INTARIAN_PEPPER_ROOT;XIRECS;12046.0;5
202600;;TAKER;ASH_COATED_OSMIUM;XIRECS;9990.0;3
202900;;TAKER;INTARIAN_PEPPER_ROOT;XIRECS;12033.0;4
203200;;TAKER;ASH_COATED_OSMIUM;XIRECS;9989.0;15
203300;;TAKER;ASH_COATED_OSMIUM;XIRECS;9993.0;12
203400;TAKER;;ASH_COATED_OSMIUM;XIRECS;10007.0;15
203700;;TAKER;ASH_COATED_OSMIUM;XIRECS;9990.0;5
203800;;TAKER;INTARIAN_PEPPER_ROOT;XIRECS;12033.0;15
204100;TAKER;;INTARIAN_PEPPER_ROOT;XIRECS;12047.0;2
204300;;TAKER;INTARIAN_PEPPER_ROOT;XIRECS;12035.0;11
204400;TAKER;;ASH_COATED_OSMIUM;XIRECS;10007.0;3
204600;;TAKER;ASH_COATED_OSMIUM;XIRECS;9990.0;15
204700;TAKER;;ASH_COATED_OSMIUM;XIRECS;10007.0;9
204800;;TAKER;INTARIAN_PEPPER_ROOT;XIRECS;12033.0;5
204800;;TAKER;ASH_COATED_OSMIUM;XIRECS;9988.0;11
204900;TAKER;;ASH_COATED_OSMIUM;XIRECS;10010.0;2
205000;;TAKER;INTARIAN_PEPPER_ROOT;XIRECS;12033.0;9
205100;;TAKER;INTARIAN_PEPPER_ROOT;XIRECS;12033.0;9
205200;TAKER;;INTARIAN_PEPPER_ROOT;XIRECS;12046.0;3
205200;;TAKER;ASH_COATED_OSMIUM;XIRECS;9993.0;11
205400;TAKER;;INTARIAN_PEPPER_ROOT;XIRECS;12047.0;3
205900;;TAKER;INTARIAN_PEPPER_ROOT;XIRECS;12035.0;15
206300;TAKER;;ASH_COATED_OSMIUM;XIRECS;10008.0;3
206400;;TAKER;ASH_COATED_OSMIUM;XIRECS;9989.0;2
206700;TAKER;;ASH_COATED_OSMIUM;XIRECS;10008.0;2
206900;;TAKER;ASH_COATED_OSMIUM;XIRECS;9989.0;5
207100;;TAKER;INTARIAN_PEPPER_ROOT;XIRECS;12034.0;12
207200;;TAKER;ASH_COATED_OSMIUM;XIRECS;9987.0;6
207300;;TAKER;ASH_COATED_OSMIUM;XIRECS;9988.0;15
207600;;TAKER;ASH_COATED_OSMIUM;XIRECS;9991.0;14
207700;;TAKER;INTARIAN_PEPPER_ROOT;XIRECS;12031.0;2
207700;;TAKER;ASH_COATED_OSMIUM;XIRECS;9993.0;3
207800;;TAKER;INTARIAN_PEPPER_ROOT;XIRECS;12035.0;15
207800;;TAKER;ASH_COATED_OSMIUM;XIRECS;9988.0;8
207900;;TAKER;INTARIAN_PEPPER_ROOT;XIRECS;12035.0;5
207900;;TAKER;ASH_COATED_OSMIUM;XIRECS;9988.0;7
208400;TAKER;;INTARIAN_PEPPER_ROOT;XIRECS;12050.0;6
208800;TAKER;;ASH_COATED_OSMIUM;XIRECS;10007.0;11
209300;TAKER;;INTARIAN_PEPPER_ROOT;XIRECS;12047.0;3
209600;;TAKER;ASH_COATED_OSMIUM;XIRECS;9988.0;8
209700;TAKER;;INTARIAN_PEPPER_ROOT;XIRECS;12047.0;5
209800;;TAKER;INTARIAN_PEPPER_ROOT;XIRECS;12033.0;4
209900;TAKER;;ASH_COATED_OSMIUM;XIRECS;10007.0;10
210000;TAKER;;INTARIAN_PEPPER_ROOT;XIRECS;12048.0;8
210100;TAKER;;ASH_COATED_OSMIUM;XIRECS;10009.0;14
210300;;TAKER;INTARIAN_PEPPER_ROOT;XIRECS;12037.0;10
210500;;TAKER;INTARIAN_PEPPER_ROOT;XIRECS;12033.0;9
210700;;TAKER;ASH_COATED_OSMIUM;XIRECS;9987.0;9
210900;TAKER;;ASH_COATED_OSMIUM;XIRECS;10008.0;9
211100;TAKER;;INTARIAN_PEPPER_ROOT;XIRECS;12050.0;8
211300;TAKER;;INTARIAN_PEPPER_ROOT;XIRECS;12047.0;7
211400;TAKER;;INTARIAN_PEPPER_ROOT;XIRECS;12048.0;10
211600;TAKER;;ASH_COATED_OSMIUM;XIRECS;10008.0;15
211900;;TAKER;INTARIAN_PEPPER_ROOT;XIRECS;12034.0;9
211900;TAKER;;ASH_COATED_OSMIUM;XIRECS;10006.0;5
212000;;TAKER;ASH_COATED_OSMIUM;XIRECS;9995.0;7
212100;;TAKER;ASH_COATED_OSMIUM;XIRECS;9991.0;10
212200;TAKER;;INTARIAN_PEPPER_ROOT;XIRECS;12047.0;12
212200;;TAKER;ASH_COATED_OSMIUM;XIRECS;9986.0;13
212400;TAKER;;ASH_COATED_OSMIUM;XIRECS;10007.0;10
212700;TAKER;;INTARIAN_PEPPER_ROOT;XIRECS;12048.0;2
212700;TAKER;;ASH_COATED_OSMIUM;XIRECS;10008.0;10
212800;;TAKER;INTARIAN_PEPPER_ROOT;XIRECS;12035.0;12
212900;TAKER;;INTARIAN_PEPPER_ROOT;XIRECS;12047.0;12
213100;;TAKER;ASH_COATED_OSMIUM;XIRECS;9989.0;14
213400;TAKER;;INTARIAN_PEPPER_ROOT;XIRECS;12048.0;13
213500;TAKER;;ASH_COATED_OSMIUM;XIRECS;10009.0;6
213700;TAKER;;INTARIAN_PEPPER_ROOT;XIRECS;12048.0;3
213900;;TAKER;ASH_COATED_OSMIUM;XIRECS;9990.0;9
214000;TAKER;;ASH_COATED_OSMIUM;XIRECS;10008.0;12
214200;;TAKER;INTARIAN_PEPPER_ROOT;XIRECS;12035.0;4
214300;TAKER;;ASH_COATED_OSMIUM;XIRECS;10008.0;15
214400;;TAKER;ASH_COATED_OSMIUM;XIRECS;9990.0;2
214700;TAKER;;ASH_COATED_OSMIUM;XIRECS;10006.0;10
214800;TAKER;;ASH_COATED_OSMIUM;XIRECS;10008.0;15
214900;;TAKER;ASH_COATED_OSMIUM;XIRECS;9991.0;10
215300;;TAKER;ASH_COATED_OSMIUM;XIRECS;9994.0;10
215800;;TAKER;INTARIAN_PEPPER_ROOT;XIRECS;12035.0;2
215800;TAKER;;ASH_COATED_OSMIUM;XIRECS;10009.0;11
216200;;TAKER;ASH_COATED_OSMIUM;XIRECS;9993.0;2
216300;;TAKER;INTARIAN_PEPPER_ROOT;XIRECS;12034.0;12
216400;TAKER;;INTARIAN_PEPPER_ROOT;XIRECS;12051.0;2
216500;;TAKER;INTARIAN_PEPPER_ROOT;XIRECS;12037.0;5
216700;TAKER;;ASH_COATED_OSMIUM;XIRECS;10009.0;7
217000;TAKER;;INTARIAN_PEPPER_ROOT;XIRECS;12049.0;4
217200;TAKER;;ASH_COATED_OSMIUM;XIRECS;10010.0;12
217300;TAKER;;INTARIAN_PEPPER_ROOT;XIRECS;12051.0;4
217700;;TAKER;INTARIAN_PEPPER_ROOT;XIRECS;12036.0;3
217800;TAKER;;ASH_COATED_OSMIUM;XIRECS;10012.0;10
218000;TAKER;;INTARIAN_PEPPER_ROOT;XIRECS;12051.0;13
218000;TAKER;;ASH_COATED_OSMIUM;XIRECS;10007.0;14
218100;TAKER;;ASH_COATED_OSMIUM;XIRECS;10006.0;15
218200;;TAKER;INTARIAN_PEPPER_ROOT;XIRECS;12035.0;3
218400;TAKER;;INTARIAN_PEPPER_ROOT;XIRECS;12050.0;8
218500;;TAKER;INTARIAN_PEPPER_ROOT;XIRECS;12037.0;7
218600;TAKER;;ASH_COATED_OSMIUM;XIRECS;10009.0;8
218800;TAKER;;INTARIAN_PEPPER_ROOT;XIRECS;12050.0;14
219500;TAKER;;ASH_COATED_OSMIUM;XIRECS;10011.0;9
219600;TAKER;;INTARIAN_PEPPER_ROOT;XIRECS;12051.0;12
219900;;TAKER;ASH_COATED_OSMIUM;XIRECS;9993.0;15
220000;;TAKER;INTARIAN_PEPPER_ROOT;XIRECS;12039.0;6
220400;TAKER;;ASH_COATED_OSMIUM;XIRECS;10010.0;11
220500;TAKER;;INTARIAN_PEPPER_ROOT;XIRECS;12051.0;8
220900;TAKER;;INTARIAN_PEPPER_ROOT;XIRECS;12049.0;2
221100;TAKER;;INTARIAN_PEPPER_ROOT;XIRECS;12050.0;14
221100;TAKER;;ASH_COATED_OSMIUM;XIRECS;10012.0;3
221300;TAKER;;INTARIAN_PEPPER_ROOT;XIRECS;12051.0;3
221500;TAKER;;INTARIAN_PEPPER_ROOT;XIRECS;12050.0;10
221500;TAKER;;ASH_COATED_OSMIUM;XIRECS;10009.0;6
221900;;TAKER;INTARIAN_PEPPER_ROOT;XIRECS;12037.0;7
222000;;TAKER;INTARIAN_PEPPER_ROOT;XIRECS;12037.0;6
222000;TAKER;;ASH_COATED_OSMIUM;XIRECS;10011.0;10
222100;;TAKER;INTARIAN_PEPPER_ROOT;XIRECS;12035.0;12
222100;TAKER;;ASH_COATED_OSMIUM;XIRECS;10009.0;10
222200;TAKER;;ASH_COATED_OSMIUM;XIRECS;10006.0;10
222300;TAKER;;INTARIAN_PEPPER_ROOT;XIRECS;12052.0;13
222400;;TAKER;ASH_COATED_OSMIUM;XIRECS;9992.0;15
222600;TAKER;;INTARIAN_PEPPER_ROOT;XIRECS;12053.0;7
222700;;TAKER;ASH_COATED_OSMIUM;XIRECS;9990.0;3
222900;;TAKER;INTARIAN_PEPPER_ROOT;XIRECS;12038.0;14
222900;TAKER;;ASH_COATED_OSMIUM;XIRECS;10007.0;9
223000;;TAKER;ASH_COATED_OSMIUM;XIRECS;9988.0;2
223400;;TAKER;ASH_COATED_OSMIUM;XIRECS;9990.0;5
223500;TAKER;;ASH_COATED_OSMIUM;XIRECS;10007.0;15
223900;;TAKER;ASH_COATED_OSMIUM;XIRECS;9993.0;3
224400;TAKER;;INTARIAN_PEPPER_ROOT;XIRECS;12051.0;12
224800;;TAKER;ASH_COATED_OSMIUM;XIRECS;9990.0;4
224900;TAKER;;INTARIAN_PEPPER_ROOT;XIRECS;12051.0;6
225100;;TAKER;ASH_COATED_OSMIUM;XIRECS;9992.0;11
225300;TAKER;;ASH_COATED_OSMIUM;XIRECS;10011.0;10
225400;;TAKER;INTARIAN_PEPPER_ROOT;XIRECS;12038.0;4
225500;;TAKER;INTARIAN_PEPPER_ROOT;XIRECS;12038.0;6
225600;;TAKER;INTARIAN_PEPPER_ROOT;XIRECS;12038.0;5
225700;;TAKER;ASH_COATED_OSMIUM;XIRECS;9986.0;5
225800;TAKER;;INTARIAN_PEPPER_ROOT;XIRECS;12051.0;7
225900;TAKER;;ASH_COATED_OSMIUM;XIRECS;10009.0;13
226000;;TAKER;ASH_COATED_OSMIUM;XIRECS;9990.0;13
226100;TAKER;;ASH_COATED_OSMIUM;XIRECS;10009.0;15
226200;TAKER;;INTARIAN_PEPPER_ROOT;XIRECS;12052.0;15
226300;;TAKER;ASH_COATED_OSMIUM;XIRECS;9994.0;7
226700;TAKER;;INTARIAN_PEPPER_ROOT;XIRECS;12052.0;15
226800;;TAKER;ASH_COATED_OSMIUM;XIRECS;9990.0;7
227200;TAKER;;INTARIAN_PEPPER_ROOT;XIRECS;12051.0;9
227300;;TAKER;ASH_COATED_OSMIUM;XIRECS;9991.0;13
227400;TAKER;;INTARIAN_PEPPER_ROOT;XIRECS;12052.0;9
227600;;TAKER;ASH_COATED_OSMIUM;XIRECS;9992.0;15
228000;TAKER;;INTARIAN_PEPPER_ROOT;XIRECS;12052.0;7
228000;TAKER;;ASH_COATED_OSMIUM;XIRECS;10006.0;2
228300;;TAKER;ASH_COATED_OSMIUM;XIRECS;9988.0;8
228400;;TAKER;ASH_COATED_OSMIUM;XIRECS;9987.0;11
228800;;TAKER;ASH_COATED_OSMIUM;XIRECS;9991.0;11
228900;TAKER;;INTARIAN_PEPPER_ROOT;XIRECS;12048.0;3
229100;;TAKER;ASH_COATED_OSMIUM;XIRECS;9991.0;5
229200;;TAKER;INTARIAN_PEPPER_ROOT;XIRECS;12039.0;2
229300;;TAKER;ASH_COATED_OSMIUM;XIRECS;9989.0;8
229500;;TAKER;INTARIAN_PEPPER_ROOT;XIRECS;12038.0;7
229600;TAKER;;ASH_COATED_OSMIUM;XIRECS;10002.0;6
230100;;TAKER;ASH_COATED_OSMIUM;XIRECS;9991.0;11
230200;TAKER;;ASH_COATED_OSMIUM;XIRECS;10008.0;15
230300;;TAKER;INTARIAN_PEPPER_ROOT;XIRECS;12038.0;9
230300;;TAKER;ASH_COATED_OSMIUM;XIRECS;9991.0;9
230400;TAKER;;INTARIAN_PEPPER_ROOT;XIRECS;12053.0;15
230500;TAKER;;INTARIAN_PEPPER_ROOT;XIRECS;12054.0;15
230600;;TAKER;INTARIAN_PEPPER_ROOT;XIRECS;12038.0;2
230900;;TAKER;INTARIAN_PEPPER_ROOT;XIRECS;12038.0;11
230900;TAKER;;ASH_COATED_OSMIUM;XIRECS;10006.0;15
231000;TAKER;;INTARIAN_PEPPER_ROOT;XIRECS;12051.0;3
231000;TAKER;;ASH_COATED_OSMIUM;XIRECS;10005.0;13
231200;TAKER;;INTARIAN_PEPPER_ROOT;XIRECS;12053.0;12
231500;;TAKER;INTARIAN_PEPPER_ROOT;XIRECS;12039.0;12
232000;;TAKER;INTARIAN_PEPPER_ROOT;XIRECS;12040.0;15
232000;TAKER;;ASH_COATED_OSMIUM;XIRECS;10004.0;5
232200;;TAKER;ASH_COATED_OSMIUM;XIRECS;9991.0;11
232300;;TAKER;ASH_COATED_OSMIUM;XIRECS;9987.0;3
232400;TAKER;;ASH_COATED_OSMIUM;XIRECS;10007.0;8
232500;TAKER;;ASH_COATED_OSMIUM;XIRECS;10007.0;5
232600;;TAKER;ASH_COATED_OSMIUM;XIRECS;9992.0;15
232800;;TAKER;INTARIAN_PEPPER_ROOT;XIRECS;12041.0;4
232800;;TAKER;ASH_COATED_OSMIUM;XIRECS;9990.0;7
232900;TAKER;;INTARIAN_PEPPER_ROOT;XIRECS;12053.0;4
233000;;TAKER;ASH_COATED_OSMIUM;XIRECS;9991.0;7
233600;TAKER;;INTARIAN_PEPPER_ROOT;XIRECS;12051.0;3
233600;TAKER;;ASH_COATED_OSMIUM;XIRECS;10011.0;8
234100;TAKER;;ASH_COATED_OSMIUM;XIRECS;10009.0;10
234300;;TAKER;INTARIAN_PEPPER_ROOT;XIRECS;12038.0;15
234500;;TAKER;INTARIAN_PEPPER_ROOT;XIRECS;12040.0;9
234600;;TAKER;INTARIAN_PEPPER_ROOT;XIRECS;12038.0;7
234600;;TAKER;ASH_COATED_OSMIUM;XIRECS;9994.0;14
234800;TAKER;;ASH_COATED_OSMIUM;XIRECS;10005.0;10
234900;TAKER;;ASH_COATED_OSMIUM;XIRECS;10009.0;2
235100;;TAKER;INTARIAN_PEPPER_ROOT;XIRECS;12038.0;4
235200;TAKER;;ASH_COATED_OSMIUM;XIRECS;10009.0;7
235400;;TAKER;ASH_COATED_OSMIUM;XIRECS;9992.0;15
235700;;TAKER;INTARIAN_PEPPER_ROOT;XIRECS;12040.0;5
235900;;TAKER;INTARIAN_PEPPER_ROOT;XIRECS;12040.0;12
235900;;TAKER;ASH_COATED_OSMIUM;XIRECS;9992.0;9
236000;;TAKER;ASH_COATED_OSMIUM;XIRECS;9987.0;2
236100;;TAKER;ASH_COATED_OSMIUM;XIRECS;9988.0;10
236200;TAKER;;INTARIAN_PEPPER_ROOT;XIRECS;12053.0;6
236200;;TAKER;ASH_COATED_OSMIUM;XIRECS;9991.0;14
236300;TAKER;;INTARIAN_PEPPER_ROOT;XIRECS;12055.0;9
236500;TAKER;;ASH_COATED_OSMIUM;XIRECS;10008.0;3
236900;TAKER;;INTARIAN_PEPPER_ROOT;XIRECS;12055.0;12
237200;;TAKER;ASH_COATED_OSMIUM;XIRECS;9990.0;9
237300;TAKER;;ASH_COATED_OSMIUM;XIRECS;10011.0;13
237600;TAKER;;ASH_COATED_OSMIUM;XIRECS;10011.0;2
237800;;TAKER;INTARIAN_PEPPER_ROOT;XIRECS;12039.0;11
237900;TAKER;;INTARIAN_PEPPER_ROOT;XIRECS;12056.0;9
238000;;TAKER;ASH_COATED_OSMIUM;XIRECS;9989.0;5
238100;;TAKER;ASH_COATED_OSMIUM;XIRECS;9991.0;13
238300;TAKER;;ASH_COATED_OSMIUM;XIRECS;10013.0;6
238400;;TAKER;INTARIAN_PEPPER_ROOT;XIRECS;12041.0;13
238400;;TAKER;ASH_COATED_OSMIUM;XIRECS;9988.0;7
238700;TAKER;;ASH_COATED_OSMIUM;XIRECS;10007.0;7
238800;TAKER;;INTARIAN_PEPPER_ROOT;XIRECS;12056.0;11
239000;TAKER;;INTARIAN_PEPPER_ROOT;XIRECS;12054.0;6
239400;TAKER;;ASH_COATED_OSMIUM;XIRECS;10011.0;3
239600;TAKER;;INTARIAN_PEPPER_ROOT;XIRECS;12055.0;8
239600;TAKER;;ASH_COATED_OSMIUM;XIRECS;10010.0;8
239700;TAKER;;INTARIAN_PEPPER_ROOT;XIRECS;12055.0;13
239700;TAKER;;ASH_COATED_OSMIUM;XIRECS;10009.0;8
239800;;TAKER;INTARIAN_PEPPER_ROOT;XIRECS;12040.0;12
239800;;TAKER;ASH_COATED_OSMIUM;XIRECS;9990.0;3
240100;;TAKER;ASH_COATED_OSMIUM;XIRECS;9988.0;14
240200;TAKER;;ASH_COATED_OSMIUM;XIRECS;10010.0;15
240300;TAKER;;INTARIAN_PEPPER_ROOT;XIRECS;12055.0;14
240600;TAKER;;INTARIAN_PEPPER_ROOT;XIRECS;12053.0;12
240700;;TAKER;INTARIAN_PEPPER_ROOT;XIRECS;12041.0;10
240800;;TAKER;INTARIAN_PEPPER_ROOT;XIRECS;12040.0;5
240800;TAKER;;ASH_COATED_OSMIUM;XIRECS;10005.0;2
241600;TAKER;;ASH_COATED_OSMIUM;XIRECS;10004.0;12
241800;;TAKER;ASH_COATED_OSMIUM;XIRECS;9988.0;14
241900;;TAKER;INTARIAN_PEPPER_ROOT;XIRECS;12039.0;4
242000;;TAKER;INTARIAN_PEPPER_ROOT;XIRECS;12040.0;6
242100;;TAKER;ASH_COATED_OSMIUM;XIRECS;9990.0;14
242200;;TAKER;INTARIAN_PEPPER_ROOT;XIRECS;12040.0;7
242200;TAKER;;ASH_COATED_OSMIUM;XIRECS;10007.0;4
242400;TAKER;;ASH_COATED_OSMIUM;XIRECS;10011.0;11
242600;;TAKER;INTARIAN_PEPPER_ROOT;XIRECS;12040.0;7
242600;;TAKER;ASH_COATED_OSMIUM;XIRECS;9993.0;5
242700;;TAKER;INTARIAN_PEPPER_ROOT;XIRECS;12041.0;14
242800;;TAKER;ASH_COATED_OSMIUM;XIRECS;9991.0;9
242900;;TAKER;ASH_COATED_OSMIUM;XIRECS;9997.0;6
243000;TAKER;;INTARIAN_PEPPER_ROOT;XIRECS;12056.0;8
243000;;TAKER;ASH_COATED_OSMIUM;XIRECS;9991.0;9
243100;;TAKER;ASH_COATED_OSMIUM;XIRECS;9990.0;6
243200;TAKER;;INTARIAN_PEPPER_ROOT;XIRECS;12054.0;5
243200;;TAKER;ASH_COATED_OSMIUM;XIRECS;9990.0;9
243300;;TAKER;ASH_COATED_OSMIUM;XIRECS;9992.0;3
243400;;TAKER;INTARIAN_PEPPER_ROOT;XIRECS;12042.0;9
243500;TAKER;;INTARIAN_PEPPER_ROOT;XIRECS;12057.0;14
243500;TAKER;;ASH_COATED_OSMIUM;XIRECS;10009.0;5
243600;TAKER;;ASH_COATED_OSMIUM;XIRECS;10007.0;14
243700;TAKER;;INTARIAN_PEPPER_ROOT;XIRECS;12055.0;6
243900;TAKER;;INTARIAN_PEPPER_ROOT;XIRECS;12056.0;2
244100;TAKER;;ASH_COATED_OSMIUM;XIRECS;10011.0;14
244300;;TAKER;ASH_COATED_OSMIUM;XIRECS;9993.0;9
244500;;TAKER;INTARIAN_PEPPER_ROOT;XIRECS;12042.0;4
244500;;TAKER;ASH_COATED_OSMIUM;XIRECS;9992.0;7
244700;;TAKER;ASH_COATED_OSMIUM;XIRECS;9990.0;6
244900;TAKER;;ASH_COATED_OSMIUM;XIRECS;10008.0;13
245100;TAKER;;INTARIAN_PEPPER_ROOT;XIRECS;12056.0;2
245400;TAKER;;INTARIAN_PEPPER_ROOT;XIRECS;12055.0;3
245500;TAKER;;ASH_COATED_OSMIUM;XIRECS;10003.0;13
245600;TAKER;;INTARIAN_PEPPER_ROOT;XIRECS;12056.0;9
245800;TAKER;;ASH_COATED_OSMIUM;XIRECS;10009.0;14
245900;TAKER;;ASH_COATED_OSMIUM;XIRECS;10004.0;11
246100;;TAKER;INTARIAN_PEPPER_ROOT;XIRECS;12042.0;2
246200;;TAKER;INTARIAN_PEPPER_ROOT;XIRECS;12043.0;4
246300;;TAKER;INTARIAN_PEPPER_ROOT;XIRECS;12041.0;8
246500;TAKER;;ASH_COATED_OSMIUM;XIRECS;10004.0;6
246700;TAKER;;ASH_COATED_OSMIUM;XIRECS;10010.0;6
246900;TAKER;;INTARIAN_PEPPER_ROOT;XIRECS;12057.0;6
246900;;TAKER;ASH_COATED_OSMIUM;XIRECS;9992.0;8
247200;;TAKER;INTARIAN_PEPPER_ROOT;XIRECS;12042.0;15
247200;TAKER;;ASH_COATED_OSMIUM;XIRECS;10008.0;8
247300;;TAKER;INTARIAN_PEPPER_ROOT;XIRECS;12042.0;4
247500;TAKER;;INTARIAN_PEPPER_ROOT;XIRECS;12058.0;6
247800;;TAKER;INTARIAN_PEPPER_ROOT;XIRECS;12043.0;15
247800;TAKER;;ASH_COATED_OSMIUM;XIRECS;10006.0;5
247900;;TAKER;ASH_COATED_OSMIUM;XIRECS;9992.0;12
248000;TAKER;;ASH_COATED_OSMIUM;XIRECS;10008.0;5
248400;TAKER;;ASH_COATED_OSMIUM;XIRECS;10011.0;11
249100;TAKER;;INTARIAN_PEPPER_ROOT;XIRECS;12057.0;9
249200;TAKER;;ASH_COATED_OSMIUM;XIRECS;10011.0;6
249500;TAKER;;INTARIAN_PEPPER_ROOT;XIRECS;12056.0;10
249500;TAKER;;ASH_COATED_OSMIUM;XIRECS;10006.0;12
249700;TAKER;;ASH_COATED_OSMIUM;XIRECS;10010.0;4
250100;;TAKER;INTARIAN_PEPPER_ROOT;XIRECS;12042.0;4
250200;;TAKER;INTARIAN_PEPPER_ROOT;XIRECS;12041.0;7
250300;;TAKER;ASH_COATED_OSMIUM;XIRECS;9992.0;5
250500;TAKER;;INTARIAN_PEPPER_ROOT;XIRECS;12057.0;13
250600;;TAKER;INTARIAN_PEPPER_ROOT;XIRECS;12043.0;12
250700;TAKER;;INTARIAN_PEPPER_ROOT;XIRECS;12057.0;2
250700;;TAKER;ASH_COATED_OSMIUM;XIRECS;9989.0;8
250800;;TAKER;ASH_COATED_OSMIUM;XIRECS;9988.0;7
250900;;TAKER;INTARIAN_PEPPER_ROOT;XIRECS;12042.0;10
251100;TAKER;;INTARIAN_PEPPER_ROOT;XIRECS;12056.0;6
251300;TAKER;;INTARIAN_PEPPER_ROOT;XIRECS;12054.0;15
251400;TAKER;;ASH_COATED_OSMIUM;XIRECS;10010.0;11
252000;;TAKER;ASH_COATED_OSMIUM;XIRECS;9989.0;11
252200;;TAKER;ASH_COATED_OSMIUM;XIRECS;9992.0;11
252300;;TAKER;INTARIAN_PEPPER_ROOT;XIRECS;12045.0;11
252400;;TAKER;INTARIAN_PEPPER_ROOT;XIRECS;12045.0;12
252400;;TAKER;ASH_COATED_OSMIUM;XIRECS;9988.0;8
252500;;TAKER;ASH_COATED_OSMIUM;XIRECS;9987.0;15
253200;TAKER;;ASH_COATED_OSMIUM;XIRECS;10005.0;14
253500;TAKER;;ASH_COATED_OSMIUM;XIRECS;10008.0;9
253700;TAKER;;INTARIAN_PEPPER_ROOT;XIRECS;12058.0;8
254000;;TAKER;ASH_COATED_OSMIUM;XIRECS;9992.0;13
254200;TAKER;;INTARIAN_PEPPER_ROOT;XIRECS;12059.0;13
254200;TAKER;;ASH_COATED_OSMIUM;XIRECS;10010.0;7
254300;;TAKER;INTARIAN_PEPPER_ROOT;XIRECS;12044.0;2
254500;TAKER;;ASH_COATED_OSMIUM;XIRECS;10007.0;9
254600;;TAKER;ASH_COATED_OSMIUM;XIRECS;9994.0;11
254900;;TAKER;ASH_COATED_OSMIUM;XIRECS;9993.0;9
255000;TAKER;;ASH_COATED_OSMIUM;XIRECS;10009.0;11
255100;TAKER;;INTARIAN_PEPPER_ROOT;XIRECS;12055.0;9
255100;;TAKER;ASH_COATED_OSMIUM;XIRECS;9988.0;2
255200;TAKER;;INTARIAN_PEPPER_ROOT;XIRECS;12057.0;4
255600;;TAKER;INTARIAN_PEPPER_ROOT;XIRECS;12044.0;14
256100;TAKER;;INTARIAN_PEPPER_ROOT;XIRECS;12060.0;2
256400;;TAKER;ASH_COATED_OSMIUM;XIRECS;9991.0;13
256500;;TAKER;INTARIAN_PEPPER_ROOT;XIRECS;12043.0;8
256900;TAKER;;INTARIAN_PEPPER_ROOT;XIRECS;12058.0;15
257100;;TAKER;ASH_COATED_OSMIUM;XIRECS;9993.0;8
257400;TAKER;;INTARIAN_PEPPER_ROOT;XIRECS;12059.0;4
257500;;TAKER;INTARIAN_PEPPER_ROOT;XIRECS;12044.0;15
257900;TAKER;;INTARIAN_PEPPER_ROOT;XIRECS;12060.0;9
258100;;TAKER;ASH_COATED_OSMIUM;XIRECS;9991.0;7
258300;;TAKER;INTARIAN_PEPPER_ROOT;XIRECS;12041.0;9
258400;;TAKER;ASH_COATED_OSMIUM;XIRECS;9991.0;11
258500;TAKER;;INTARIAN_PEPPER_ROOT;XIRECS;12060.0;10
258900;TAKER;;INTARIAN_PEPPER_ROOT;XIRECS;12061.0;15
259000;TAKER;;INTARIAN_PEPPER_ROOT;XIRECS;12058.0;6
259200;;TAKER;INTARIAN_PEPPER_ROOT;XIRECS;12044.0;9
259600;TAKER;;INTARIAN_PEPPER_ROOT;XIRECS;12060.0;15
259700;;TAKER;INTARIAN_PEPPER_ROOT;XIRECS;12045.0;11
259700;TAKER;;ASH_COATED_OSMIUM;XIRECS;10008.0;15
260000;TAKER;;INTARIAN_PEPPER_ROOT;XIRECS;12057.0;8
260100;TAKER;;ASH_COATED_OSMIUM;XIRECS;10009.0;15
260300;TAKER;;INTARIAN_PEPPER_ROOT;XIRECS;12059.0;11
260400;TAKER;;INTARIAN_PEPPER_ROOT;XIRECS;12060.0;11
260600;;TAKER;INTARIAN_PEPPER_ROOT;XIRECS;12046.0;7
260700;;TAKER;INTARIAN_PEPPER_ROOT;XIRECS;12046.0;14
260700;;TAKER;ASH_COATED_OSMIUM;XIRECS;9990.0;15
261100;;TAKER;INTARIAN_PEPPER_ROOT;XIRECS;12046.0;6
261100;;TAKER;ASH_COATED_OSMIUM;XIRECS;9991.0;2
261400;TAKER;;ASH_COATED_OSMIUM;XIRECS;10006.0;14
261700;;TAKER;INTARIAN_PEPPER_ROOT;XIRECS;12046.0;13
261800;TAKER;;INTARIAN_PEPPER_ROOT;XIRECS;12058.0;4
262000;;TAKER;INTARIAN_PEPPER_ROOT;XIRECS;12046.0;7
262000;TAKER;;ASH_COATED_OSMIUM;XIRECS;10008.0;11
262100;TAKER;;ASH_COATED_OSMIUM;XIRECS;10008.0;8
262200;;TAKER;INTARIAN_PEPPER_ROOT;XIRECS;12045.0;9
262500;;TAKER;INTARIAN_PEPPER_ROOT;XIRECS;12046.0;11
262600;;TAKER;INTARIAN_PEPPER_ROOT;XIRECS;12043.0;10
263000;TAKER;;ASH_COATED_OSMIUM;XIRECS;10008.0;7
263100;TAKER;;INTARIAN_PEPPER_ROOT;XIRECS;12059.0;4
263400;;TAKER;INTARIAN_PEPPER_ROOT;XIRECS;12047.0;10
263500;;TAKER;INTARIAN_PEPPER_ROOT;XIRECS;12046.0;14
263500;TAKER;;ASH_COATED_OSMIUM;XIRECS;10008.0;11
263700;;TAKER;ASH_COATED_OSMIUM;XIRECS;9992.0;15
263800;TAKER;;INTARIAN_PEPPER_ROOT;XIRECS;12061.0;13
263900;;TAKER;ASH_COATED_OSMIUM;XIRECS;9989.0;6
264000;;TAKER;INTARIAN_PEPPER_ROOT;XIRECS;12044.0;15
264000;TAKER;;ASH_COATED_OSMIUM;XIRECS;10010.0;8
264300;TAKER;;INTARIAN_PEPPER_ROOT;XIRECS;12058.0;9
264400;TAKER;;INTARIAN_PEPPER_ROOT;XIRECS;12059.0;11
264500;;TAKER;ASH_COATED_OSMIUM;XIRECS;9989.0;2
264700;TAKER;;INTARIAN_PEPPER_ROOT;XIRECS;12060.0;11
264700;TAKER;;ASH_COATED_OSMIUM;XIRECS;10008.0;15
264800;TAKER;;ASH_COATED_OSMIUM;XIRECS;10007.0;14
265000;;TAKER;INTARIAN_PEPPER_ROOT;XIRECS;12045.0;12
265200;TAKER;;INTARIAN_PEPPER_ROOT;XIRECS;12060.0;9
265400;;TAKER;INTARIAN_PEPPER_ROOT;XIRECS;12047.0;4
265600;TAKER;;INTARIAN_PEPPER_ROOT;XIRECS;12060.0;3
265800;TAKER;;INTARIAN_PEPPER_ROOT;XIRECS;12061.0;2
265800;;TAKER;ASH_COATED_OSMIUM;XIRECS;9992.0;15
266000;;TAKER;ASH_COATED_OSMIUM;XIRECS;9987.0;7
266300;;TAKER;ASH_COATED_OSMIUM;XIRECS;9990.0;10
266400;TAKER;;INTARIAN_PEPPER_ROOT;XIRECS;12060.0;12
266600;TAKER;;INTARIAN_PEPPER_ROOT;XIRECS;12062.0;9
266600;;TAKER;ASH_COATED_OSMIUM;XIRECS;9989.0;9
266700;TAKER;;ASH_COATED_OSMIUM;XIRECS;10012.0;15
266800;;TAKER;INTARIAN_PEPPER_ROOT;XIRECS;12047.0;6
266900;TAKER;;INTARIAN_PEPPER_ROOT;XIRECS;12059.0;14
267100;;TAKER;INTARIAN_PEPPER_ROOT;XIRECS;12045.0;12
267200;TAKER;;ASH_COATED_OSMIUM;XIRECS;10008.0;11
267400;;TAKER;INTARIAN_PEPPER_ROOT;XIRECS;12047.0;7
267400;TAKER;;ASH_COATED_OSMIUM;XIRECS;10011.0;10
267700;TAKER;;ASH_COATED_OSMIUM;XIRECS;10009.0;12
268300;;TAKER;INTARIAN_PEPPER_ROOT;XIRECS;12045.0;14
268500;;TAKER;INTARIAN_PEPPER_ROOT;XIRECS;12045.0;10
268500;TAKER;;ASH_COATED_OSMIUM;XIRECS;10007.0;3
268800;TAKER;;INTARIAN_PEPPER_ROOT;XIRECS;12061.0;15
268900;;TAKER;ASH_COATED_OSMIUM;XIRECS;9992.0;15
269100;;TAKER;ASH_COATED_OSMIUM;XIRECS;9986.0;7
269200;;TAKER;INTARIAN_PEPPER_ROOT;XIRECS;12046.0;9
269600;TAKER;;INTARIAN_PEPPER_ROOT;XIRECS;12061.0;14
269600;;TAKER;ASH_COATED_OSMIUM;XIRECS;9992.0;14
269800;TAKER;;ASH_COATED_OSMIUM;XIRECS;10008.0;10
270200;TAKER;;INTARIAN_PEPPER_ROOT;XIRECS;12060.0;5
270200;;TAKER;ASH_COATED_OSMIUM;XIRECS;9989.0;3
270600;TAKER;;INTARIAN_PEPPER_ROOT;XIRECS;12062.0;5
270700;TAKER;;INTARIAN_PEPPER_ROOT;XIRECS;12061.0;2
270800;TAKER;;ASH_COATED_OSMIUM;XIRECS;10007.0;15
271000;TAKER;;INTARIAN_PEPPER_ROOT;XIRECS;12061.0;5
271000;TAKER;;ASH_COATED_OSMIUM;XIRECS;10007.0;10
271200;;TAKER;INTARIAN_PEPPER_ROOT;XIRECS;12049.0;10
271300;;TAKER;ASH_COATED_OSMIUM;XIRECS;9989.0;9
271500;;TAKER;INTARIAN_PEPPER_ROOT;XIRECS;12048.0;15
271700;;TAKER;INTARIAN_PEPPER_ROOT;XIRECS;12047.0;12
271900;;TAKER;INTARIAN_PEPPER_ROOT;XIRECS;12047.0;8
272300;TAKER;;ASH_COATED_OSMIUM;XIRECS;10006.0;15
272500;;TAKER;INTARIAN_PEPPER_ROOT;XIRECS;12048.0;2
272800;;TAKER;ASH_COATED_OSMIUM;XIRECS;9993.0;3
273000;TAKER;;ASH_COATED_OSMIUM;XIRECS;10007.0;13
273100;;TAKER;INTARIAN_PEPPER_ROOT;XIRECS;12047.0;13
273100;;TAKER;ASH_COATED_OSMIUM;XIRECS;9992.0;14
273200;;TAKER;ASH_COATED_OSMIUM;XIRECS;9990.0;15
273400;TAKER;;INTARIAN_PEPPER_ROOT;XIRECS;12061.0;11
273400;TAKER;;ASH_COATED_OSMIUM;XIRECS;10009.0;7
273500;TAKER;;ASH_COATED_OSMIUM;XIRECS;10012.0;4
273700;TAKER;;INTARIAN_PEPPER_ROOT;XIRECS;12061.0;5
273800;TAKER;;INTARIAN_PEPPER_ROOT;XIRECS;12060.0;14
273800;TAKER;;ASH_COATED_OSMIUM;XIRECS;10006.0;4
273900;;TAKER;ASH_COATED_OSMIUM;XIRECS;9991.0;11
274200;;TAKER;INTARIAN_PEPPER_ROOT;XIRECS;12049.0;9
274400;TAKER;;INTARIAN_PEPPER_ROOT;XIRECS;12060.0;4
274500;TAKER;;INTARIAN_PEPPER_ROOT;XIRECS;12063.0;10
274600;;TAKER;INTARIAN_PEPPER_ROOT;XIRECS;12048.0;11
274700;;TAKER;INTARIAN_PEPPER_ROOT;XIRECS;12049.0;3
275000;;TAKER;ASH_COATED_OSMIUM;XIRECS;9988.0;2
275300;;TAKER;INTARIAN_PEPPER_ROOT;XIRECS;12047.0;6
275300;;TAKER;ASH_COATED_OSMIUM;XIRECS;9988.0;11
275400;;TAKER;ASH_COATED_OSMIUM;XIRECS;9990.0;12
275700;;TAKER;ASH_COATED_OSMIUM;XIRECS;9989.0;12
275800;TAKER;;ASH_COATED_OSMIUM;XIRECS;10006.0;15
275900;TAKER;;INTARIAN_PEPPER_ROOT;XIRECS;12062.0;12
276100;TAKER;;INTARIAN_PEPPER_ROOT;XIRECS;12062.0;8
276300;;TAKER;INTARIAN_PEPPER_ROOT;XIRECS;12049.0;6
276400;TAKER;;INTARIAN_PEPPER_ROOT;XIRECS;12060.0;2
276600;TAKER;;ASH_COATED_OSMIUM;XIRECS;10006.0;8
276700;;TAKER;ASH_COATED_OSMIUM;XIRECS;9990.0;12
277200;TAKER;;INTARIAN_PEPPER_ROOT;XIRECS;12062.0;7
277200;;TAKER;ASH_COATED_OSMIUM;XIRECS;9993.0;6
277300;TAKER;;INTARIAN_PEPPER_ROOT;XIRECS;12064.0;7
277500;TAKER;;ASH_COATED_OSMIUM;XIRECS;10006.0;6
277700;TAKER;;INTARIAN_PEPPER_ROOT;XIRECS;12063.0;10
277800;;TAKER;INTARIAN_PEPPER_ROOT;XIRECS;12048.0;10
277800;;TAKER;ASH_COATED_OSMIUM;XIRECS;9990.0;12
278000;TAKER;;ASH_COATED_OSMIUM;XIRECS;10007.0;10
278200;;TAKER;ASH_COATED_OSMIUM;XIRECS;9992.0;11
278300;;TAKER;ASH_COATED_OSMIUM;XIRECS;9991.0;3
278400;;TAKER;ASH_COATED_OSMIUM;XIRECS;9991.0;9
278500;TAKER;;INTARIAN_PEPPER_ROOT;XIRECS;12063.0;7
278500;TAKER;;ASH_COATED_OSMIUM;XIRECS;10009.0;3
278600;TAKER;;INTARIAN_PEPPER_ROOT;XIRECS;12062.0;11
278700;;TAKER;ASH_COATED_OSMIUM;XIRECS;9989.0;7
278800;TAKER;;INTARIAN_PEPPER_ROOT;XIRECS;12061.0;8
278900;TAKER;;INTARIAN_PEPPER_ROOT;XIRECS;12061.0;15
279000;;TAKER;INTARIAN_PEPPER_ROOT;XIRECS;12049.0;12
279200;TAKER;;INTARIAN_PEPPER_ROOT;XIRECS;12062.0;11
279400;;TAKER;INTARIAN_PEPPER_ROOT;XIRECS;12047.0;9
279400;TAKER;;ASH_COATED_OSMIUM;XIRECS;10009.0;10
279500;TAKER;;ASH_COATED_OSMIUM;XIRECS;10012.0;3
280100;;TAKER;INTARIAN_PEPPER_ROOT;XIRECS;12049.0;12
280200;;TAKER;ASH_COATED_OSMIUM;XIRECS;9990.0;13
280800;;TAKER;INTARIAN_PEPPER_ROOT;XIRECS;12049.0;10
280800;;TAKER;ASH_COATED_OSMIUM;XIRECS;9991.0;7
281100;;TAKER;ASH_COATED_OSMIUM;XIRECS;9992.0;6
281200;;TAKER;INTARIAN_PEPPER_ROOT;XIRECS;12048.0;4
281400;TAKER;;INTARIAN_PEPPER_ROOT;XIRECS;12061.0;10
281500;;TAKER;INTARIAN_PEPPER_ROOT;XIRECS;12048.0;10
281500;TAKER;;ASH_COATED_OSMIUM;XIRECS;10005.0;8
281700;TAKER;;INTARIAN_PEPPER_ROOT;XIRECS;12065.0;10
282000;;TAKER;ASH_COATED_OSMIUM;XIRECS;9991.0;7
282300;TAKER;;ASH_COATED_OSMIUM;XIRECS;10010.0;8
282500;;TAKER;ASH_COATED_OSMIUM;XIRECS;9988.0;5
282700;;TAKER;INTARIAN_PEPPER_ROOT;XIRECS;12050.0;7
282800;TAKER;;INTARIAN_PEPPER_ROOT;XIRECS;12064.0;6
282800;;TAKER;ASH_COATED_OSMIUM;XIRECS;9991.0;3
282900;;TAKER;INTARIAN_PEPPER_ROOT;XIRECS;12049.0;5
282900;TAKER;;ASH_COATED_OSMIUM;XIRECS;10013.0;6
283000;;TAKER;INTARIAN_PEPPER_ROOT;XIRECS;12049.0;3
283000;TAKER;;ASH_COATED_OSMIUM;XIRECS;10011.0;4
283400;TAKER;;INTARIAN_PEPPER_ROOT;XIRECS;12064.0;3
283600;TAKER;;INTARIAN_PEPPER_ROOT;XIRECS;12062.0;2
283800;TAKER;;ASH_COATED_OSMIUM;XIRECS;10005.0;10
284100;;TAKER;INTARIAN_PEPPER_ROOT;XIRECS;12049.0;13
284700;;TAKER;ASH_COATED_OSMIUM;XIRECS;9990.0;15
284800;TAKER;;ASH_COATED_OSMIUM;XIRECS;10009.0;12
284900;TAKER;;INTARIAN_PEPPER_ROOT;XIRECS;12063.0;13
285000;;TAKER;INTARIAN_PEPPER_ROOT;XIRECS;12051.0;6
285100;;TAKER;ASH_COATED_OSMIUM;XIRECS;9990.0;12
285500;;TAKER;INTARIAN_PEPPER_ROOT;XIRECS;12049.0;12
285600;TAKER;;INTARIAN_PEPPER_ROOT;XIRECS;12064.0;8
285600;;TAKER;ASH_COATED_OSMIUM;XIRECS;9989.0;11
286000;;TAKER;INTARIAN_PEPPER_ROOT;XIRECS;12050.0;12
286000;TAKER;;ASH_COATED_OSMIUM;XIRECS;10009.0;13
286500;;TAKER;ASH_COATED_OSMIUM;XIRECS;9993.0;9
286600;;TAKER;INTARIAN_PEPPER_ROOT;XIRECS;12050.0;10
286600;TAKER;;ASH_COATED_OSMIUM;XIRECS;10012.0;15
286900;TAKER;;ASH_COATED_OSMIUM;XIRECS;10006.0;9
287000;TAKER;;ASH_COATED_OSMIUM;XIRECS;10009.0;5
287200;TAKER;;INTARIAN_PEPPER_ROOT;XIRECS;12066.0;8
287600;TAKER;;INTARIAN_PEPPER_ROOT;XIRECS;12064.0;11
287900;;TAKER;INTARIAN_PEPPER_ROOT;XIRECS;12050.0;14
288100;TAKER;;INTARIAN_PEPPER_ROOT;XIRECS;12063.0;8
288400;;TAKER;INTARIAN_PEPPER_ROOT;XIRECS;12050.0;3
288400;TAKER;;ASH_COATED_OSMIUM;XIRECS;10008.0;9
288500;TAKER;;INTARIAN_PEPPER_ROOT;XIRECS;12065.0;10
288500;TAKER;;ASH_COATED_OSMIUM;XIRECS;10012.0;13
288800;TAKER;;ASH_COATED_OSMIUM;XIRECS;10004.0;9
288900;TAKER;;ASH_COATED_OSMIUM;XIRECS;10011.0;5
289000;TAKER;;INTARIAN_PEPPER_ROOT;XIRECS;12062.0;8
289100;;TAKER;INTARIAN_PEPPER_ROOT;XIRECS;12051.0;12
289200;;TAKER;INTARIAN_PEPPER_ROOT;XIRECS;12052.0;8
289300;;TAKER;ASH_COATED_OSMIUM;XIRECS;9988.0;11
289400;TAKER;;INTARIAN_PEPPER_ROOT;XIRECS;12064.0;13
289600;TAKER;;INTARIAN_PEPPER_ROOT;XIRECS;12066.0;6
289900;;TAKER;INTARIAN_PEPPER_ROOT;XIRECS;12052.0;3
289900;;TAKER;ASH_COATED_OSMIUM;XIRECS;9991.0;13
290000;TAKER;;INTARIAN_PEPPER_ROOT;XIRECS;12064.0;11
290000;TAKER;;ASH_COATED_OSMIUM;XIRECS;10005.0;14
290200;TAKER;;INTARIAN_PEPPER_ROOT;XIRECS;12064.0;5
290200;;TAKER;ASH_COATED_OSMIUM;XIRECS;9990.0;4
290300;TAKER;;INTARIAN_PEPPER_ROOT;XIRECS;12065.0;7
290400;;TAKER;ASH_COATED_OSMIUM;XIRECS;9990.0;2
290500;;TAKER;ASH_COATED_OSMIUM;XIRECS;9991.0;14
291000;TAKER;;INTARIAN_PEPPER_ROOT;XIRECS;12064.0;14
291200;;TAKER;INTARIAN_PEPPER_ROOT;XIRECS;12052.0;2
291300;;TAKER;ASH_COATED_OSMIUM;XIRECS;9990.0;14
291900;TAKER;;ASH_COATED_OSMIUM;XIRECS;10011.0;13
292300;TAKER;;INTARIAN_PEPPER_ROOT;XIRECS;12063.0;11
292400;TAKER;;ASH_COATED_OSMIUM;XIRECS;10009.0;15
292600;;TAKER;INTARIAN_PEPPER_ROOT;XIRECS;12053.0;2
292900;TAKER;;INTARIAN_PEPPER_ROOT;XIRECS;12066.0;5
293100;TAKER;;INTARIAN_PEPPER_ROOT;XIRECS;12063.0;3
293200;TAKER;;ASH_COATED_OSMIUM;XIRECS;10009.0;6
293600;TAKER;;INTARIAN_PEPPER_ROOT;XIRECS;12065.0;6
293600;TAKER;;ASH_COATED_OSMIUM;XIRECS;10005.0;10
293800;;TAKER;ASH_COATED_OSMIUM;XIRECS;9987.0;11
294100;;TAKER;INTARIAN_PEPPER_ROOT;XIRECS;12052.0;3
294100;;TAKER;ASH_COATED_OSMIUM;XIRECS;9989.0;14
294200;TAKER;;ASH_COATED_OSMIUM;XIRECS;10009.0;5
294500;;TAKER;ASH_COATED_OSMIUM;XIRECS;9991.0;5
294600;;TAKER;ASH_COATED_OSMIUM;XIRECS;9989.0;2
294700;TAKER;;INTARIAN_PEPPER_ROOT;XIRECS;12064.0;5
295400;;TAKER;INTARIAN_PEPPER_ROOT;XIRECS;12051.0;10
295500;TAKER;;INTARIAN_PEPPER_ROOT;XIRECS;12066.0;2
295500;TAKER;;ASH_COATED_OSMIUM;XIRECS;10011.0;11
295900;TAKER;;INTARIAN_PEPPER_ROOT;XIRECS;12065.0;14
296000;TAKER;;ASH_COATED_OSMIUM;XIRECS;10007.0;12
296100;TAKER;;INTARIAN_PEPPER_ROOT;XIRECS;12065.0;11
296400;;TAKER;INTARIAN_PEPPER_ROOT;XIRECS;12052.0;7
296700;;TAKER;INTARIAN_PEPPER_ROOT;XIRECS;12053.0;9
296800;;TAKER;ASH_COATED_OSMIUM;XIRECS;9990.0;6
297000;TAKER;;ASH_COATED_OSMIUM;XIRECS;10004.0;6
297100;TAKER;;INTARIAN_PEPPER_ROOT;XIRECS;12066.0;11
297100;;TAKER;ASH_COATED_OSMIUM;XIRECS;9990.0;11
297300;TAKER;;ASH_COATED_OSMIUM;XIRECS;10009.0;6
297400;TAKER;;INTARIAN_PEPPER_ROOT;XIRECS;12066.0;15
297600;TAKER;;INTARIAN_PEPPER_ROOT;XIRECS;12067.0;3
297700;;TAKER;INTARIAN_PEPPER_ROOT;XIRECS;12053.0;6
297900;TAKER;;INTARIAN_PEPPER_ROOT;XIRECS;12067.0;14
298100;TAKER;;INTARIAN_PEPPER_ROOT;XIRECS;12066.0;4
298200;;TAKER;ASH_COATED_OSMIUM;XIRECS;9991.0;11
298300;TAKER;;INTARIAN_PEPPER_ROOT;XIRECS;12065.0;14
298300;TAKER;;ASH_COATED_OSMIUM;XIRECS;10008.0;13
298600;TAKER;;INTARIAN_PEPPER_ROOT;XIRECS;12066.0;8
298800;;TAKER;ASH_COATED_OSMIUM;XIRECS;9989.0;7
298900;TAKER;;INTARIAN_PEPPER_ROOT;XIRECS;12068.0;11
299000;TAKER;;ASH_COATED_OSMIUM;XIRECS;10008.0;2
299300;TAKER;;ASH_COATED_OSMIUM;XIRECS;10004.0;15
299400;TAKER;;INTARIAN_PEPPER_ROOT;XIRECS;12066.0;14
299400;TAKER;;ASH_COATED_OSMIUM;XIRECS;10005.0;11
299500;;TAKER;INTARIAN_PEPPER_ROOT;XIRECS;12053.0;15
299500;TAKER;;ASH_COATED_OSMIUM;XIRECS;10006.0;7
299700;;TAKER;INTARIAN_PEPPER_ROOT;XIRECS;12054.0;2
299700;TAKER;;ASH_COATED_OSMIUM;XIRECS;10010.0;8
299800;;TAKER;INTARIAN_PEPPER_ROOT;XIRECS;12052.0;10
299900;TAKER;;INTARIAN_PEPPER_ROOT;XIRECS;12067.0;6
300100;;TAKER;ASH_COATED_OSMIUM;XIRECS;9994.0;12
300400;;TAKER;ASH_COATED_OSMIUM;XIRECS;9993.0;6
300600;;TAKER;ASH_COATED_OSMIUM;XIRECS;9991.0;5
300700;;TAKER;INTARIAN_PEPPER_ROOT;XIRECS;12053.0;11
300700;TAKER;;ASH_COATED_OSMIUM;XIRECS;10010.0;11
300900;TAKER;;INTARIAN_PEPPER_ROOT;XIRECS;12067.0;15
300900;;TAKER;ASH_COATED_OSMIUM;XIRECS;9994.0;12
301000;;TAKER;INTARIAN_PEPPER_ROOT;XIRECS;12053.0;6
301100;TAKER;;INTARIAN_PEPPER_ROOT;XIRECS;12067.0;13
301100;TAKER;;ASH_COATED_OSMIUM;XIRECS;10009.0;6
301300;;TAKER;ASH_COATED_OSMIUM;XIRECS;9990.0;13
301400;TAKER;;ASH_COATED_OSMIUM;XIRECS;10013.0;8
301600;TAKER;;INTARIAN_PEPPER_ROOT;XIRECS;12068.0;4
301600;TAKER;;ASH_COATED_OSMIUM;XIRECS;10008.0;7
301800;;TAKER;INTARIAN_PEPPER_ROOT;XIRECS;12054.0;14
301900;;TAKER;INTARIAN_PEPPER_ROOT;XIRECS;12053.0;8
302000;;TAKER;INTARIAN_PEPPER_ROOT;XIRECS;12054.0;11
302000;;TAKER;ASH_COATED_OSMIUM;XIRECS;9992.0;3
302200;TAKER;;INTARIAN_PEPPER_ROOT;XIRECS;12068.0;7
302400;;TAKER;ASH_COATED_OSMIUM;XIRECS;9989.0;9
302500;TAKER;;INTARIAN_PEPPER_ROOT;XIRECS;12067.0;7
302600;TAKER;;INTARIAN_PEPPER_ROOT;XIRECS;12067.0;14
302600;;TAKER;ASH_COATED_OSMIUM;XIRECS;9986.0;2
302700;;TAKER;INTARIAN_PEPPER_ROOT;XIRECS;12054.0;9
302900;TAKER;;INTARIAN_PEPPER_ROOT;XIRECS;12065.0;6
302900;TAKER;;ASH_COATED_OSMIUM;XIRECS;10004.0;5
304000;TAKER;;ASH_COATED_OSMIUM;XIRECS;10014.0;12
304600;;TAKER;INTARIAN_PEPPER_ROOT;XIRECS;12053.0;4
304800;TAKER;;INTARIAN_PEPPER_ROOT;XIRECS;12066.0;13
304900;TAKER;;INTARIAN_PEPPER_ROOT;XIRECS;12070.0;3
305000;;TAKER;INTARIAN_PEPPER_ROOT;XIRECS;12054.0;11
305200;;TAKER;INTARIAN_PEPPER_ROOT;XIRECS;12054.0;12
305400;TAKER;;ASH_COATED_OSMIUM;XIRECS;10009.0;11
305600;;TAKER;ASH_COATED_OSMIUM;XIRECS;9986.0;3
305700;TAKER;;INTARIAN_PEPPER_ROOT;XIRECS;12067.0;12
305700;;TAKER;ASH_COATED_OSMIUM;XIRECS;9995.0;3
305800;;TAKER;INTARIAN_PEPPER_ROOT;XIRECS;12054.0;7
306500;TAKER;;INTARIAN_PEPPER_ROOT;XIRECS;12067.0;10
306600;TAKER;;ASH_COATED_OSMIUM;XIRECS;10010.0;6
306700;TAKER;;INTARIAN_PEPPER_ROOT;XIRECS;12067.0;6
306800;;TAKER;INTARIAN_PEPPER_ROOT;XIRECS;12054.0;6
306900;TAKER;;INTARIAN_PEPPER_ROOT;XIRECS;12068.0;4
306900;;TAKER;ASH_COATED_OSMIUM;XIRECS;9992.0;7
307100;;TAKER;INTARIAN_PEPPER_ROOT;XIRECS;12054.0;10
307200;TAKER;;INTARIAN_PEPPER_ROOT;XIRECS;12069.0;6
307300;TAKER;;ASH_COATED_OSMIUM;XIRECS;10008.0;7
307400;TAKER;;INTARIAN_PEPPER_ROOT;XIRECS;12068.0;5
307500;;TAKER;INTARIAN_PEPPER_ROOT;XIRECS;12053.0;12
307500;TAKER;;ASH_COATED_OSMIUM;XIRECS;10010.0;12
307600;;TAKER;INTARIAN_PEPPER_ROOT;XIRECS;12053.0;2
308000;;TAKER;ASH_COATED_OSMIUM;XIRECS;9989.0;13
308400;TAKER;;INTARIAN_PEPPER_ROOT;XIRECS;12067.0;14
308600;;TAKER;INTARIAN_PEPPER_ROOT;XIRECS;12054.0;7
308600;;TAKER;ASH_COATED_OSMIUM;XIRECS;9994.0;12
308700;;TAKER;INTARIAN_PEPPER_ROOT;XIRECS;12054.0;8
309100;TAKER;;ASH_COATED_OSMIUM;XIRECS;10011.0;3
309500;TAKER;;INTARIAN_PEPPER_ROOT;XIRECS;12068.0;7
309500;TAKER;;ASH_COATED_OSMIUM;XIRECS;10008.0;13
309900;;TAKER;INTARIAN_PEPPER_ROOT;XIRECS;12056.0;12
309900;;TAKER;ASH_COATED_OSMIUM;XIRECS;9992.0;7
310200;TAKER;;INTARIAN_PEPPER_ROOT;XIRECS;12071.0;4
310300;TAKER;;ASH_COATED_OSMIUM;XIRECS;10013.0;13
310400;;TAKER;ASH_COATED_OSMIUM;XIRECS;9992.0;6
310700;TAKER;;INTARIAN_PEPPER_ROOT;XIRECS;12068.0;10
310800;;TAKER;ASH_COATED_OSMIUM;XIRECS;9992.0;15
310900;;TAKER;INTARIAN_PEPPER_ROOT;XIRECS;12055.0;2
310900;TAKER;;ASH_COATED_OSMIUM;XIRECS;10010.0;8
311000;;TAKER;INTARIAN_PEPPER_ROOT;XIRECS;12056.0;5
311100;;TAKER;INTARIAN_PEPPER_ROOT;XIRECS;12057.0;15
311400;TAKER;;INTARIAN_PEPPER_ROOT;XIRECS;12071.0;9
311400;TAKER;;ASH_COATED_OSMIUM;XIRECS;10010.0;12
311600;;TAKER;ASH_COATED_OSMIUM;XIRECS;9993.0;12
311700;TAKER;;INTARIAN_PEPPER_ROOT;XIRECS;12071.0;8
311800;;TAKER;INTARIAN_PEPPER_ROOT;XIRECS;12055.0;2
311800;TAKER;;ASH_COATED_OSMIUM;XIRECS;10006.0;10
311900;;TAKER;ASH_COATED_OSMIUM;XIRECS;9994.0;13
312000;TAKER;;INTARIAN_PEPPER_ROOT;XIRECS;12067.0;10
312100;;TAKER;ASH_COATED_OSMIUM;XIRECS;9990.0;13
312400;TAKER;;ASH_COATED_OSMIUM;XIRECS;10009.0;3
312500;TAKER;;INTARIAN_PEPPER_ROOT;XIRECS;12069.0;9
312500;;TAKER;ASH_COATED_OSMIUM;XIRECS;9993.0;13
312900;TAKER;;INTARIAN_PEPPER_ROOT;XIRECS;12068.0;13
312900;TAKER;;ASH_COATED_OSMIUM;XIRECS;10012.0;5
313100;TAKER;;INTARIAN_PEPPER_ROOT;XIRECS;12069.0;12
313600;TAKER;;INTARIAN_PEPPER_ROOT;XIRECS;12071.0;6
313800;;TAKER;INTARIAN_PEPPER_ROOT;XIRECS;12055.0;5
313900;TAKER;;ASH_COATED_OSMIUM;XIRECS;10008.0;8
314200;;TAKER;INTARIAN_PEPPER_ROOT;XIRECS;12057.0;4
314300;TAKER;;INTARIAN_PEPPER_ROOT;XIRECS;12070.0;12
314300;;TAKER;ASH_COATED_OSMIUM;XIRECS;9991.0;6
314600;TAKER;;INTARIAN_PEPPER_ROOT;XIRECS;12070.0;4
314600;;TAKER;ASH_COATED_OSMIUM;XIRECS;9991.0;4
314800;;TAKER;INTARIAN_PEPPER_ROOT;XIRECS;12056.0;2
315200;;TAKER;ASH_COATED_OSMIUM;XIRECS;9992.0;5
315300;;TAKER;ASH_COATED_OSMIUM;XIRECS;9991.0;12
315500;;TAKER;INTARIAN_PEPPER_ROOT;XIRECS;12057.0;2
315600;;TAKER;INTARIAN_PEPPER_ROOT;XIRECS;12053.0;7
315700;TAKER;;INTARIAN_PEPPER_ROOT;XIRECS;12070.0;5
315900;TAKER;;INTARIAN_PEPPER_ROOT;XIRECS;12070.0;9
316000;;TAKER;ASH_COATED_OSMIUM;XIRECS;9990.0;15
316100;;TAKER;INTARIAN_PEPPER_ROOT;XIRECS;12056.0;12
316500;TAKER;;ASH_COATED_OSMIUM;XIRECS;10007.0;4
316700;;TAKER;INTARIAN_PEPPER_ROOT;XIRECS;12056.0;12
317000;;TAKER;ASH_COATED_OSMIUM;XIRECS;9989.0;5
317500;;TAKER;INTARIAN_PEPPER_ROOT;XIRECS;12056.0;12
317600;TAKER;;INTARIAN_PEPPER_ROOT;XIRECS;12070.0;8
317600;;TAKER;ASH_COATED_OSMIUM;XIRECS;9989.0;2
318000;;TAKER;INTARIAN_PEPPER_ROOT;XIRECS;12055.0;15
318200;;TAKER;INTARIAN_PEPPER_ROOT;XIRECS;12058.0;2
318200;;TAKER;ASH_COATED_OSMIUM;XIRECS;9990.0;2
318300;TAKER;;INTARIAN_PEPPER_ROOT;XIRECS;12068.0;14
318300;;TAKER;ASH_COATED_OSMIUM;XIRECS;9993.0;6
318600;TAKER;;INTARIAN_PEPPER_ROOT;XIRECS;12071.0;12
318800;;TAKER;INTARIAN_PEPPER_ROOT;XIRECS;12057.0;3
319100;;TAKER;ASH_COATED_OSMIUM;XIRECS;9989.0;5
319300;TAKER;;INTARIAN_PEPPER_ROOT;XIRECS;12068.0;5
319400;TAKER;;ASH_COATED_OSMIUM;XIRECS;10006.0;11
319500;TAKER;;ASH_COATED_OSMIUM;XIRECS;10008.0;5
319600;TAKER;;INTARIAN_PEPPER_ROOT;XIRECS;12070.0;6
319900;;TAKER;ASH_COATED_OSMIUM;XIRECS;9991.0;14
320100;TAKER;;ASH_COATED_OSMIUM;XIRECS;10006.0;10
320500;;TAKER;INTARIAN_PEPPER_ROOT;XIRECS;12060.0;4
320600;TAKER;;INTARIAN_PEPPER_ROOT;XIRECS;12071.0;2
320800;TAKER;;INTARIAN_PEPPER_ROOT;XIRECS;12071.0;3
320800;;TAKER;ASH_COATED_OSMIUM;XIRECS;9988.0;10
321000;;TAKER;INTARIAN_PEPPER_ROOT;XIRECS;12056.0;12
321000;;TAKER;ASH_COATED_OSMIUM;XIRECS;9992.0;3
321200;TAKER;;INTARIAN_PEPPER_ROOT;XIRECS;12069.0;2
321500;TAKER;;INTARIAN_PEPPER_ROOT;XIRECS;12072.0;14
321500;TAKER;;ASH_COATED_OSMIUM;XIRECS;10007.0;6
321700;;TAKER;ASH_COATED_OSMIUM;XIRECS;9989.0;9
322000;;TAKER;INTARIAN_PEPPER_ROOT;XIRECS;12059.0;14
322100;TAKER;;ASH_COATED_OSMIUM;XIRECS;10010.0;15
322200;;TAKER;INTARIAN_PEPPER_ROOT;XIRECS;12058.0;5
322300;TAKER;;INTARIAN_PEPPER_ROOT;XIRECS;12072.0;4
322300;TAKER;;ASH_COATED_OSMIUM;XIRECS;10010.0;12
323000;;TAKER;INTARIAN_PEPPER_ROOT;XIRECS;12057.0;2
323100;;TAKER;INTARIAN_PEPPER_ROOT;XIRECS;12057.0;12
323200;TAKER;;ASH_COATED_OSMIUM;XIRECS;10007.0;13
323300;TAKER;;ASH_COATED_OSMIUM;XIRECS;10008.0;2
323500;TAKER;;ASH_COATED_OSMIUM;XIRECS;10008.0;5
323600;;TAKER;INTARIAN_PEPPER_ROOT;XIRECS;12057.0;9
323700;;TAKER;INTARIAN_PEPPER_ROOT;XIRECS;12058.0;3
323700;;TAKER;ASH_COATED_OSMIUM;XIRECS;9989.0;5
323800;TAKER;;INTARIAN_PEPPER_ROOT;XIRECS;12071.0;5
323900;;TAKER;INTARIAN_PEPPER_ROOT;XIRECS;12057.0;14
324000;TAKER;;INTARIAN_PEPPER_ROOT;XIRECS;12071.0;9
324100;;TAKER;ASH_COATED_OSMIUM;XIRECS;9991.0;2
324200;TAKER;;INTARIAN_PEPPER_ROOT;XIRECS;12071.0;12
324300;TAKER;;ASH_COATED_OSMIUM;XIRECS;10008.0;4
324500;TAKER;;ASH_COATED_OSMIUM;XIRECS;10010.0;13
324600;;TAKER;INTARIAN_PEPPER_ROOT;XIRECS;12057.0;15
324600;TAKER;;ASH_COATED_OSMIUM;XIRECS;10009.0;5
324800;TAKER;;ASH_COATED_OSMIUM;XIRECS;10011.0;15
324900;TAKER;;ASH_COATED_OSMIUM;XIRECS;10009.0;14
325500;TAKER;;INTARIAN_PEPPER_ROOT;XIRECS;12072.0;15
325500;;TAKER;ASH_COATED_OSMIUM;XIRECS;9989.0;15
325600;;TAKER;ASH_COATED_OSMIUM;XIRECS;9987.0;15
325700;;TAKER;ASH_COATED_OSMIUM;XIRECS;9992.0;14
325800;;TAKER;ASH_COATED_OSMIUM;XIRECS;9991.0;5
326000;;TAKER;INTARIAN_PEPPER_ROOT;XIRECS;12058.0;10
326100;TAKER;;INTARIAN_PEPPER_ROOT;XIRECS;12072.0;11
326100;TAKER;;ASH_COATED_OSMIUM;XIRECS;10012.0;3
326500;TAKER;;ASH_COATED_OSMIUM;XIRECS;10004.0;12
326600;TAKER;;INTARIAN_PEPPER_ROOT;XIRECS;12070.0;3
326700;;TAKER;ASH_COATED_OSMIUM;XIRECS;9988.0;9
326900;;TAKER;INTARIAN_PEPPER_ROOT;XIRECS;12060.0;4
326900;;TAKER;ASH_COATED_OSMIUM;XIRECS;9990.0;7
327500;TAKER;;ASH_COATED_OSMIUM;XIRECS;10009.0;6
327700;TAKER;;ASH_COATED_OSMIUM;XIRECS;10010.0;10
328300;TAKER;;ASH_COATED_OSMIUM;XIRECS;10008.0;2
328600;;TAKER;ASH_COATED_OSMIUM;XIRECS;9990.0;4
328700;;TAKER;ASH_COATED_OSMIUM;XIRECS;9990.0;13
328800;TAKER;;INTARIAN_PEPPER_ROOT;XIRECS;12072.0;12
328900;;TAKER;INTARIAN_PEPPER_ROOT;XIRECS;12060.0;10
328900;TAKER;;ASH_COATED_OSMIUM;XIRECS;10006.0;3
329300;;TAKER;INTARIAN_PEPPER_ROOT;XIRECS;12060.0;11
329300;TAKER;;ASH_COATED_OSMIUM;XIRECS;10008.0;2
329400;TAKER;;ASH_COATED_OSMIUM;XIRECS;10009.0;14
329500;TAKER;;ASH_COATED_OSMIUM;XIRECS;10010.0;15
329600;TAKER;;ASH_COATED_OSMIUM;XIRECS;10008.0;6
329700;;TAKER;INTARIAN_PEPPER_ROOT;XIRECS;12059.0;15
330000;TAKER;;INTARIAN_PEPPER_ROOT;XIRECS;12070.0;2
330100;TAKER;;INTARIAN_PEPPER_ROOT;XIRECS;12073.0;7
330300;TAKER;;ASH_COATED_OSMIUM;XIRECS;10008.0;15
330400;TAKER;;ASH_COATED_OSMIUM;XIRECS;10008.0;8
330500;;TAKER;ASH_COATED_OSMIUM;XIRECS;9990.0;4
330600;;TAKER;INTARIAN_PEPPER_ROOT;XIRECS;12058.0;11
330700;;TAKER;ASH_COATED_OSMIUM;XIRECS;9989.0;7
330800;TAKER;;ASH_COATED_OSMIUM;XIRECS;10008.0;13
330900;;TAKER;INTARIAN_PEPPER_ROOT;XIRECS;12059.0;11
330900;TAKER;;ASH_COATED_OSMIUM;XIRECS;10006.0;11
331200;TAKER;;INTARIAN_PEPPER_ROOT;XIRECS;12072.0;6
331200;;TAKER;ASH_COATED_OSMIUM;XIRECS;9991.0;14
331300;;TAKER;ASH_COATED_OSMIUM;XIRECS;9992.0;2
331400;;TAKER;INTARIAN_PEPPER_ROOT;XIRECS;12058.0;9
331500;;TAKER;INTARIAN_PEPPER_ROOT;XIRECS;12057.0;9
331500;TAKER;;ASH_COATED_OSMIUM;XIRECS;10010.0;7
331600;TAKER;;ASH_COATED_OSMIUM;XIRECS;10010.0;5
331800;;TAKER;INTARIAN_PEPPER_ROOT;XIRECS;12059.0;5
331800;;TAKER;ASH_COATED_OSMIUM;XIRECS;9988.0;15
331900;;TAKER;INTARIAN_PEPPER_ROOT;XIRECS;12060.0;3
332100;;TAKER;INTARIAN_PEPPER_ROOT;XIRECS;12058.0;9
332200;TAKER;;INTARIAN_PEPPER_ROOT;XIRECS;12074.0;11
332200;TAKER;;ASH_COATED_OSMIUM;XIRECS;10006.0;11
332500;;TAKER;INTARIAN_PEPPER_ROOT;XIRECS;12058.0;5
332500;;TAKER;ASH_COATED_OSMIUM;XIRECS;9991.0;2
332600;;TAKER;INTARIAN_PEPPER_ROOT;XIRECS;12058.0;5
333000;;TAKER;ASH_COATED_OSMIUM;XIRECS;9991.0;13
333100;;TAKER;INTARIAN_PEPPER_ROOT;XIRECS;12059.0;11
333400;;TAKER;INTARIAN_PEPPER_ROOT;XIRECS;12057.0;3
333400;;TAKER;ASH_COATED_OSMIUM;XIRECS;9990.0;12
333500;;TAKER;INTARIAN_PEPPER_ROOT;XIRECS;12060.0;13
333600;TAKER;;ASH_COATED_OSMIUM;XIRECS;10008.0;14
333700;TAKER;;INTARIAN_PEPPER_ROOT;XIRECS;12075.0;8
333800;;TAKER;INTARIAN_PEPPER_ROOT;XIRECS;12059.0;9
334100;;TAKER;ASH_COATED_OSMIUM;XIRECS;9993.0;4
334200;TAKER;;INTARIAN_PEPPER_ROOT;XIRECS;12073.0;14
334400;;TAKER;ASH_COATED_OSMIUM;XIRECS;9991.0;7
334500;;TAKER;ASH_COATED_OSMIUM;XIRECS;9991.0;7
334700;TAKER;;INTARIAN_PEPPER_ROOT;XIRECS;12071.0;9
334800;;TAKER;INTARIAN_PEPPER_ROOT;XIRECS;12058.0;14
335100;TAKER;;ASH_COATED_OSMIUM;XIRECS;10008.0;12
335300;;TAKER;INTARIAN_PEPPER_ROOT;XIRECS;12060.0;12
335300;TAKER;;ASH_COATED_OSMIUM;XIRECS;10010.0;15
335400;TAKER;;INTARIAN_PEPPER_ROOT;XIRECS;12073.0;14
335600;TAKER;;ASH_COATED_OSMIUM;XIRECS;10008.0;8
335700;;TAKER;INTARIAN_PEPPER_ROOT;XIRECS;12060.0;13
335900;;TAKER;INTARIAN_PEPPER_ROOT;XIRECS;12059.0;8
335900;TAKER;;ASH_COATED_OSMIUM;XIRECS;10011.0;9
336000;TAKER;;ASH_COATED_OSMIUM;XIRECS;10008.0;7
336200;;TAKER;INTARIAN_PEPPER_ROOT;XIRECS;12061.0;4
336200;;TAKER;ASH_COATED_OSMIUM;XIRECS;9988.0;8
336400;;TAKER;INTARIAN_PEPPER_ROOT;XIRECS;12058.0;12
336500;;TAKER;INTARIAN_PEPPER_ROOT;XIRECS;12059.0;15
336600;TAKER;;INTARIAN_PEPPER_ROOT;XIRECS;12074.0;11
336600;TAKER;;ASH_COATED_OSMIUM;XIRECS;10008.0;4
336700;TAKER;;ASH_COATED_OSMIUM;XIRECS;10011.0;10
336800;;TAKER;INTARIAN_PEPPER_ROOT;XIRECS;12060.0;2
336800;TAKER;;ASH_COATED_OSMIUM;XIRECS;10005.0;7
336900;TAKER;;INTARIAN_PEPPER_ROOT;XIRECS;12072.0;13
336900;TAKER;;ASH_COATED_OSMIUM;XIRECS;10011.0;3
337300;TAKER;;INTARIAN_PEPPER_ROOT;XIRECS;12075.0;6
337300;;TAKER;ASH_COATED_OSMIUM;XIRECS;9993.0;5
337400;TAKER;;INTARIAN_PEPPER_ROOT;XIRECS;12074.0;2
337500;TAKER;;INTARIAN_PEPPER_ROOT;XIRECS;12072.0;6
337500;;TAKER;ASH_COATED_OSMIUM;XIRECS;9991.0;15
337900;;TAKER;INTARIAN_PEPPER_ROOT;XIRECS;12059.0;8
338000;TAKER;;INTARIAN_PEPPER_ROOT;XIRECS;12074.0;4
338000;;TAKER;ASH_COATED_OSMIUM;XIRECS;9993.0;6
338100;;TAKER;ASH_COATED_OSMIUM;XIRECS;9992.0;12
338200;;TAKER;INTARIAN_PEPPER_ROOT;XIRECS;12061.0;14
338200;;TAKER;ASH_COATED_OSMIUM;XIRECS;9991.0;10
338600;;TAKER;ASH_COATED_OSMIUM;XIRECS;9990.0;8
338800;TAKER;;INTARIAN_PEPPER_ROOT;XIRECS;12074.0;6
339000;TAKER;;INTARIAN_PEPPER_ROOT;XIRECS;12075.0;8
339200;;TAKER;INTARIAN_PEPPER_ROOT;XIRECS;12060.0;2
339300;;TAKER;ASH_COATED_OSMIUM;XIRECS;9990.0;8
339700;TAKER;;INTARIAN_PEPPER_ROOT;XIRECS;12076.0;5
339800;;TAKER;ASH_COATED_OSMIUM;XIRECS;9991.0;13
340000;;TAKER;ASH_COATED_OSMIUM;XIRECS;9989.0;5
340200;TAKER;;INTARIAN_PEPPER_ROOT;XIRECS;12074.0;3
340300;;TAKER;INTARIAN_PEPPER_ROOT;XIRECS;12059.0;12
340400;;TAKER;INTARIAN_PEPPER_ROOT;XIRECS;12061.0;15
340400;TAKER;;ASH_COATED_OSMIUM;XIRECS;10011.0;13
340500;;TAKER;ASH_COATED_OSMIUM;XIRECS;9991.0;5
340800;TAKER;;INTARIAN_PEPPER_ROOT;XIRECS;12074.0;2
340800;TAKER;;ASH_COATED_OSMIUM;XIRECS;10008.0;13
340900;TAKER;;ASH_COATED_OSMIUM;XIRECS;10011.0;9
341000;;TAKER;INTARIAN_PEPPER_ROOT;XIRECS;12063.0;11
341000;TAKER;;ASH_COATED_OSMIUM;XIRECS;10007.0;10
341300;TAKER;;INTARIAN_PEPPER_ROOT;XIRECS;12075.0;11
341300;TAKER;;ASH_COATED_OSMIUM;XIRECS;10006.0;12
341500;TAKER;;INTARIAN_PEPPER_ROOT;XIRECS;12075.0;7
341500;TAKER;;ASH_COATED_OSMIUM;XIRECS;10009.0;5
341600;TAKER;;INTARIAN_PEPPER_ROOT;XIRECS;12075.0;3
341800;TAKER;;INTARIAN_PEPPER_ROOT;XIRECS;12074.0;13
342300;;TAKER;INTARIAN_PEPPER_ROOT;XIRECS;12060.0;8
342300;TAKER;;ASH_COATED_OSMIUM;XIRECS;10010.0;13
342400;TAKER;;INTARIAN_PEPPER_ROOT;XIRECS;12075.0;14
342600;TAKER;;ASH_COATED_OSMIUM;XIRECS;10010.0;7
342800;;TAKER;ASH_COATED_OSMIUM;XIRECS;9990.0;14
342900;;TAKER;ASH_COATED_OSMIUM;XIRECS;9997.0;15
343000;;TAKER;INTARIAN_PEPPER_ROOT;XIRECS;12061.0;4
343200;TAKER;;ASH_COATED_OSMIUM;XIRECS;10006.0;13
343500;TAKER;;INTARIAN_PEPPER_ROOT;XIRECS;12074.0;15
343500;;TAKER;ASH_COATED_OSMIUM;XIRECS;9994.0;6
344100;TAKER;;INTARIAN_PEPPER_ROOT;XIRECS;12074.0;3
344200;TAKER;;INTARIAN_PEPPER_ROOT;XIRECS;12074.0;9
344300;;TAKER;INTARIAN_PEPPER_ROOT;XIRECS;12062.0;10
344400;TAKER;;ASH_COATED_OSMIUM;XIRECS;10010.0;7
344500;TAKER;;INTARIAN_PEPPER_ROOT;XIRECS;12076.0;10
344500;;TAKER;ASH_COATED_OSMIUM;XIRECS;9992.0;15
344600;;TAKER;INTARIAN_PEPPER_ROOT;XIRECS;12062.0;5
344600;;TAKER;ASH_COATED_OSMIUM;XIRECS;9993.0;11
345000;TAKER;;ASH_COATED_OSMIUM;XIRECS;10007.0;4
345300;TAKER;;INTARIAN_PEPPER_ROOT;XIRECS;12073.0;7
345300;;TAKER;ASH_COATED_OSMIUM;XIRECS;9989.0;10
345500;TAKER;;INTARIAN_PEPPER_ROOT;XIRECS;12078.0;15
345500;;TAKER;ASH_COATED_OSMIUM;XIRECS;9993.0;12
345600;;TAKER;ASH_COATED_OSMIUM;XIRECS;9992.0;9
345700;TAKER;;ASH_COATED_OSMIUM;XIRECS;10008.0;10
345900;TAKER;;INTARIAN_PEPPER_ROOT;XIRECS;12075.0;14
346000;;TAKER;INTARIAN_PEPPER_ROOT;XIRECS;12060.0;4
346000;;TAKER;ASH_COATED_OSMIUM;XIRECS;9989.0;3
346100;TAKER;;ASH_COATED_OSMIUM;XIRECS;10006.0;13
346400;TAKER;;INTARIAN_PEPPER_ROOT;XIRECS;12075.0;8
346500;;TAKER;INTARIAN_PEPPER_ROOT;XIRECS;12062.0;10
346700;TAKER;;ASH_COATED_OSMIUM;XIRECS;10007.0;15
346800;;TAKER;INTARIAN_PEPPER_ROOT;XIRECS;12062.0;6
346900;TAKER;;INTARIAN_PEPPER_ROOT;XIRECS;12075.0;6
347000;TAKER;;ASH_COATED_OSMIUM;XIRECS;10010.0;13
347100;;TAKER;ASH_COATED_OSMIUM;XIRECS;9992.0;7
347400;TAKER;;INTARIAN_PEPPER_ROOT;XIRECS;12075.0;4
347900;;TAKER;INTARIAN_PEPPER_ROOT;XIRECS;12063.0;13
348000;TAKER;;ASH_COATED_OSMIUM;XIRECS;10007.0;12
348100;TAKER;;INTARIAN_PEPPER_ROOT;XIRECS;12076.0;3
348200;TAKER;;INTARIAN_PEPPER_ROOT;XIRECS;12076.0;15
348300;TAKER;;INTARIAN_PEPPER_ROOT;XIRECS;12078.0;7
348400;TAKER;;ASH_COATED_OSMIUM;XIRECS;10009.0;11
348500;TAKER;;INTARIAN_PEPPER_ROOT;XIRECS;12077.0;10
348900;;TAKER;ASH_COATED_OSMIUM;XIRECS;9992.0;4
349100;TAKER;;INTARIAN_PEPPER_ROOT;XIRECS;12075.0;15
349300;TAKER;;ASH_COATED_OSMIUM;XIRECS;10012.0;12
349400;;TAKER;ASH_COATED_OSMIUM;XIRECS;9991.0;7
349900;;TAKER;INTARIAN_PEPPER_ROOT;XIRECS;12062.0;12
349900;;TAKER;ASH_COATED_OSMIUM;XIRECS;9988.0;10
350000;;TAKER;INTARIAN_PEPPER_ROOT;XIRECS;12064.0;13
350300;TAKER;;ASH_COATED_OSMIUM;XIRECS;10006.0;12
350400;;TAKER;ASH_COATED_OSMIUM;XIRECS;9991.0;7
350500;;TAKER;ASH_COATED_OSMIUM;XIRECS;9989.0;6
350600;TAKER;;INTARIAN_PEPPER_ROOT;XIRECS;12078.0;12
350600;TAKER;;ASH_COATED_OSMIUM;XIRECS;10009.0;6
350800;;TAKER;INTARIAN_PEPPER_ROOT;XIRECS;12064.0;5
350900;TAKER;;ASH_COATED_OSMIUM;XIRECS;10006.0;4
351000;TAKER;;INTARIAN_PEPPER_ROOT;XIRECS;12077.0;10
351200;TAKER;;INTARIAN_PEPPER_ROOT;XIRECS;12078.0;11
351400;TAKER;;ASH_COATED_OSMIUM;XIRECS;10006.0;6
351600;;TAKER;INTARIAN_PEPPER_ROOT;XIRECS;12064.0;5
351700;;TAKER;INTARIAN_PEPPER_ROOT;XIRECS;12062.0;9
351700;;TAKER;ASH_COATED_OSMIUM;XIRECS;9994.0;7
351900;TAKER;;ASH_COATED_OSMIUM;XIRECS;10010.0;5
352100;TAKER;;INTARIAN_PEPPER_ROOT;XIRECS;12077.0;15
352200;TAKER;;INTARIAN_PEPPER_ROOT;XIRECS;12079.0;3
352500;TAKER;;INTARIAN_PEPPER_ROOT;XIRECS;12078.0;2
352600;TAKER;;INTARIAN_PEPPER_ROOT;XIRECS;12075.0;8
352700;;TAKER;INTARIAN_PEPPER_ROOT;XIRECS;12064.0;12
352800;TAKER;;INTARIAN_PEPPER_ROOT;XIRECS;12077.0;11
352800;TAKER;;ASH_COATED_OSMIUM;XIRECS;10008.0;3
352900;TAKER;;ASH_COATED_OSMIUM;XIRECS;10009.0;2
353000;TAKER;;ASH_COATED_OSMIUM;XIRECS;10009.0;7
353100;TAKER;;ASH_COATED_OSMIUM;XIRECS;10008.0;13
353300;;TAKER;ASH_COATED_OSMIUM;XIRECS;9986.0;10
353500;;TAKER;INTARIAN_PEPPER_ROOT;XIRECS;12065.0;10
353900;;TAKER;ASH_COATED_OSMIUM;XIRECS;9991.0;6
354100;TAKER;;INTARIAN_PEPPER_ROOT;XIRECS;12078.0;11
354200;TAKER;;ASH_COATED_OSMIUM;XIRECS;10009.0;6
354300;;TAKER;ASH_COATED_OSMIUM;XIRECS;9992.0;3
354500;TAKER;;INTARIAN_PEPPER_ROOT;XIRECS;12077.0;4
354700;;TAKER;ASH_COATED_OSMIUM;XIRECS;9992.0;15
354900;;TAKER;ASH_COATED_OSMIUM;XIRECS;9990.0;12
355400;;TAKER;INTARIAN_PEPPER_ROOT;XIRECS;12065.0;8
355400;TAKER;;ASH_COATED_OSMIUM;XIRECS;10010.0;7
355800;TAKER;;ASH_COATED_OSMIUM;XIRECS;10010.0;3
355900;TAKER;;ASH_COATED_OSMIUM;XIRECS;10005.0;13
356200;TAKER;;INTARIAN_PEPPER_ROOT;XIRECS;12081.0;4
356400;;TAKER;ASH_COATED_OSMIUM;XIRECS;9989.0;11
356500;TAKER;;INTARIAN_PEPPER_ROOT;XIRECS;12079.0;12
356700;;TAKER;INTARIAN_PEPPER_ROOT;XIRECS;12063.0;12
356700;;TAKER;ASH_COATED_OSMIUM;XIRECS;9992.0;10
356900;;TAKER;INTARIAN_PEPPER_ROOT;XIRECS;12065.0;6
357000;TAKER;;INTARIAN_PEPPER_ROOT;XIRECS;12079.0;3
357200;TAKER;;INTARIAN_PEPPER_ROOT;XIRECS;12079.0;14
357400;TAKER;;ASH_COATED_OSMIUM;XIRECS;10008.0;7
357900;;TAKER;INTARIAN_PEPPER_ROOT;XIRECS;12060.0;6
358300;TAKER;;ASH_COATED_OSMIUM;XIRECS;10007.0;12
358500;;TAKER;INTARIAN_PEPPER_ROOT;XIRECS;12063.0;7
358700;;TAKER;INTARIAN_PEPPER_ROOT;XIRECS;12063.0;2
359100;;TAKER;ASH_COATED_OSMIUM;XIRECS;9990.0;6
359400;TAKER;;ASH_COATED_OSMIUM;XIRECS;10006.0;7
359600;;TAKER;INTARIAN_PEPPER_ROOT;XIRECS;12066.0;2
359700;;TAKER;ASH_COATED_OSMIUM;XIRECS;9988.0;11
359800;;TAKER;INTARIAN_PEPPER_ROOT;XIRECS;12067.0;3
359800;TAKER;;ASH_COATED_OSMIUM;XIRECS;10010.0;14
359900;TAKER;;INTARIAN_PEPPER_ROOT;XIRECS;12078.0;13
360000;TAKER;;INTARIAN_PEPPER_ROOT;XIRECS;12075.0;5
360200;;TAKER;ASH_COATED_OSMIUM;XIRECS;9991.0;8
360300;;TAKER;ASH_COATED_OSMIUM;XIRECS;9988.0;5
360400;;TAKER;ASH_COATED_OSMIUM;XIRECS;9988.0;13
360600;TAKER;;INTARIAN_PEPPER_ROOT;XIRECS;12078.0;8
360700;TAKER;;INTARIAN_PEPPER_ROOT;XIRECS;12080.0;10
360900;;TAKER;INTARIAN_PEPPER_ROOT;XIRECS;12065.0;9
360900;;TAKER;ASH_COATED_OSMIUM;XIRECS;9986.0;10
361100;;TAKER;ASH_COATED_OSMIUM;XIRECS;9985.0;12
361300;TAKER;;ASH_COATED_OSMIUM;XIRECS;10007.0;8
361900;;TAKER;ASH_COATED_OSMIUM;XIRECS;9992.0;13
362000;;TAKER;INTARIAN_PEPPER_ROOT;XIRECS;12067.0;14
362000;TAKER;;ASH_COATED_OSMIUM;XIRECS;10006.0;2
362100;TAKER;;ASH_COATED_OSMIUM;XIRECS;10012.0;9
362200;TAKER;;INTARIAN_PEPPER_ROOT;XIRECS;12080.0;11
362600;;TAKER;ASH_COATED_OSMIUM;XIRECS;9991.0;9
362700;;TAKER;INTARIAN_PEPPER_ROOT;XIRECS;12065.0;11
362900;TAKER;;ASH_COATED_OSMIUM;XIRECS;10007.0;11
363100;TAKER;;INTARIAN_PEPPER_ROOT;XIRECS;12078.0;9
363100;;TAKER;ASH_COATED_OSMIUM;XIRECS;9989.0;15
363300;TAKER;;INTARIAN_PEPPER_ROOT;XIRECS;12080.0;7
363400;TAKER;;ASH_COATED_OSMIUM;XIRECS;10012.0;13
363500;;TAKER;ASH_COATED_OSMIUM;XIRECS;9991.0;8
363700;TAKER;;INTARIAN_PEPPER_ROOT;XIRECS;12080.0;5
363900;TAKER;;INTARIAN_PEPPER_ROOT;XIRECS;12081.0;7
364000;;TAKER;INTARIAN_PEPPER_ROOT;XIRECS;12064.0;13
364100;;TAKER;INTARIAN_PEPPER_ROOT;XIRECS;12065.0;8
364200;TAKER;;INTARIAN_PEPPER_ROOT;XIRECS;12081.0;10
364500;TAKER;;ASH_COATED_OSMIUM;XIRECS;10005.0;8
364900;;TAKER;INTARIAN_PEPPER_ROOT;XIRECS;12064.0;12
365000;TAKER;;INTARIAN_PEPPER_ROOT;XIRECS;12080.0;14
365000;TAKER;;ASH_COATED_OSMIUM;XIRECS;10004.0;12
365200;;TAKER;ASH_COATED_OSMIUM;XIRECS;9991.0;5
365500;TAKER;;INTARIAN_PEPPER_ROOT;XIRECS;12080.0;6
365700;;TAKER;INTARIAN_PEPPER_ROOT;XIRECS;12065.0;2
365900;;TAKER;INTARIAN_PEPPER_ROOT;XIRECS;12065.0;15
366000;TAKER;;ASH_COATED_OSMIUM;XIRECS;10006.0;4
366100;;TAKER;INTARIAN_PEPPER_ROOT;XIRECS;12065.0;3
366200;;TAKER;ASH_COATED_OSMIUM;XIRECS;9992.0;3
366600;;TAKER;ASH_COATED_OSMIUM;XIRECS;9992.0;3
366900;;TAKER;INTARIAN_PEPPER_ROOT;XIRECS;12065.0;2
367200;TAKER;;INTARIAN_PEPPER_ROOT;XIRECS;12082.0;7
367500;;TAKER;INTARIAN_PEPPER_ROOT;XIRECS;12063.0;6
367500;TAKER;;ASH_COATED_OSMIUM;XIRECS;10005.0;4
367600;TAKER;;ASH_COATED_OSMIUM;XIRECS;10012.0;15
367700;TAKER;;INTARIAN_PEPPER_ROOT;XIRECS;12081.0;7
367700;;TAKER;ASH_COATED_OSMIUM;XIRECS;9992.0;12
367800;TAKER;;INTARIAN_PEPPER_ROOT;XIRECS;12080.0;14
367800;;TAKER;ASH_COATED_OSMIUM;XIRECS;9991.0;7
367900;;TAKER;INTARIAN_PEPPER_ROOT;XIRECS;12068.0;5
367900;;TAKER;ASH_COATED_OSMIUM;XIRECS;9990.0;5
368100;TAKER;;ASH_COATED_OSMIUM;XIRECS;10009.0;3
368500;TAKER;;INTARIAN_PEPPER_ROOT;XIRECS;12081.0;14
368500;TAKER;;ASH_COATED_OSMIUM;XIRECS;10012.0;7
368600;TAKER;;INTARIAN_PEPPER_ROOT;XIRECS;12080.0;3
368600;;TAKER;ASH_COATED_OSMIUM;XIRECS;9990.0;3
368700;;TAKER;INTARIAN_PEPPER_ROOT;XIRECS;12066.0;3
368800;TAKER;;ASH_COATED_OSMIUM;XIRECS;10013.0;15
369200;TAKER;;INTARIAN_PEPPER_ROOT;XIRECS;12081.0;6
369200;;TAKER;ASH_COATED_OSMIUM;XIRECS;9988.0;13
369500;;TAKER;ASH_COATED_OSMIUM;XIRECS;9991.0;15
369600;TAKER;;ASH_COATED_OSMIUM;XIRECS;10007.0;12
370100;TAKER;;ASH_COATED_OSMIUM;XIRECS;10012.0;9
370300;TAKER;;INTARIAN_PEPPER_ROOT;XIRECS;12080.0;5
370500;TAKER;;ASH_COATED_OSMIUM;XIRECS;10009.0;15
370600;;TAKER;ASH_COATED_OSMIUM;XIRECS;9989.0;9
371000;TAKER;;ASH_COATED_OSMIUM;XIRECS;10012.0;7
371900;TAKER;;INTARIAN_PEPPER_ROOT;XIRECS;12079.0;4
371900;;TAKER;ASH_COATED_OSMIUM;XIRECS;9993.0;7
372000;TAKER;;INTARIAN_PEPPER_ROOT;XIRECS;12081.0;10
372100;TAKER;;INTARIAN_PEPPER_ROOT;XIRECS;12081.0;7
372100;TAKER;;ASH_COATED_OSMIUM;XIRECS;10008.0;12
372500;;TAKER;INTARIAN_PEPPER_ROOT;XIRECS;12069.0;7
372800;TAKER;;ASH_COATED_OSMIUM;XIRECS;10007.0;13
372900;TAKER;;INTARIAN_PEPPER_ROOT;XIRECS;12080.0;8
372900;TAKER;;ASH_COATED_OSMIUM;XIRECS;10009.0;10
373200;;TAKER;ASH_COATED_OSMIUM;XIRECS;9991.0;8
373300;TAKER;;INTARIAN_PEPPER_ROOT;XIRECS;12080.0;6
373300;;TAKER;ASH_COATED_OSMIUM;XIRECS;9988.0;9
373400;;TAKER;INTARIAN_PEPPER_ROOT;XIRECS;12067.0;2
373400;TAKER;;ASH_COATED_OSMIUM;XIRECS;10009.0;10
373600;;TAKER;INTARIAN_PEPPER_ROOT;XIRECS;12068.0;12
373800;TAKER;;INTARIAN_PEPPER_ROOT;XIRECS;12080.0;2
373900;TAKER;;ASH_COATED_OSMIUM;XIRECS;10007.0;6
374000;TAKER;;ASH_COATED_OSMIUM;XIRECS;10011.0;3
374100;;TAKER;INTARIAN_PEPPER_ROOT;XIRECS;12068.0;10
374200;TAKER;;ASH_COATED_OSMIUM;XIRECS;10007.0;13
374300;TAKER;;INTARIAN_PEPPER_ROOT;XIRECS;12082.0;14
374400;TAKER;;INTARIAN_PEPPER_ROOT;XIRECS;12083.0;3
374400;TAKER;;ASH_COATED_OSMIUM;XIRECS;10012.0;10
374700;;TAKER;INTARIAN_PEPPER_ROOT;XIRECS;12068.0;11
374700;;TAKER;ASH_COATED_OSMIUM;XIRECS;9989.0;6
374800;TAKER;;INTARIAN_PEPPER_ROOT;XIRECS;12081.0;13
375000;;TAKER;INTARIAN_PEPPER_ROOT;XIRECS;12068.0;11
375300;TAKER;;INTARIAN_PEPPER_ROOT;XIRECS;12080.0;13
375700;;TAKER;INTARIAN_PEPPER_ROOT;XIRECS;12066.0;6
376000;;TAKER;INTARIAN_PEPPER_ROOT;XIRECS;12068.0;9
376200;;TAKER;ASH_COATED_OSMIUM;XIRECS;9993.0;6
376500;TAKER;;INTARIAN_PEPPER_ROOT;XIRECS;12085.0;8
376800;TAKER;;ASH_COATED_OSMIUM;XIRECS;10012.0;13
376900;TAKER;;INTARIAN_PEPPER_ROOT;XIRECS;12082.0;6
376900;TAKER;;ASH_COATED_OSMIUM;XIRECS;10009.0;12
377100;TAKER;;ASH_COATED_OSMIUM;XIRECS;10007.0;4
377200;;TAKER;INTARIAN_PEPPER_ROOT;XIRECS;12067.0;11
377300;TAKER;;ASH_COATED_OSMIUM;XIRECS;10009.0;8
377400;;TAKER;INTARIAN_PEPPER_ROOT;XIRECS;12070.0;14
377400;;TAKER;ASH_COATED_OSMIUM;XIRECS;9993.0;15
377500;;TAKER;INTARIAN_PEPPER_ROOT;XIRECS;12069.0;6
377700;;TAKER;ASH_COATED_OSMIUM;XIRECS;9993.0;15
377900;TAKER;;ASH_COATED_OSMIUM;XIRECS;10009.0;9
378100;;TAKER;ASH_COATED_OSMIUM;XIRECS;9991.0;13
378200;TAKER;;ASH_COATED_OSMIUM;XIRECS;10012.0;8
378300;;TAKER;ASH_COATED_OSMIUM;XIRECS;9993.0;13
378400;TAKER;;ASH_COATED_OSMIUM;XIRECS;10010.0;15
378500;TAKER;;ASH_COATED_OSMIUM;XIRECS;10007.0;11
379300;;TAKER;INTARIAN_PEPPER_ROOT;XIRECS;12069.0;11
379400;;TAKER;INTARIAN_PEPPER_ROOT;XIRECS;12068.0;5
379700;TAKER;;INTARIAN_PEPPER_ROOT;XIRECS;12084.0;4
380200;TAKER;;ASH_COATED_OSMIUM;XIRECS;10009.0;4
380300;;TAKER;INTARIAN_PEPPER_ROOT;XIRECS;12068.0;13
380400;TAKER;;ASH_COATED_OSMIUM;XIRECS;10009.0;10
380500;TAKER;;INTARIAN_PEPPER_ROOT;XIRECS;12082.0;7
380600;TAKER;;ASH_COATED_OSMIUM;XIRECS;10004.0;2
380700;;TAKER;INTARIAN_PEPPER_ROOT;XIRECS;12069.0;6
380800;TAKER;;INTARIAN_PEPPER_ROOT;XIRECS;12082.0;8
380800;TAKER;;ASH_COATED_OSMIUM;XIRECS;10011.0;9
380900;TAKER;;INTARIAN_PEPPER_ROOT;XIRECS;12083.0;15
381300;TAKER;;ASH_COATED_OSMIUM;XIRECS;10008.0;8
381500;;TAKER;INTARIAN_PEPPER_ROOT;XIRECS;12069.0;11
381900;TAKER;;INTARIAN_PEPPER_ROOT;XIRECS;12082.0;3
381900;;TAKER;ASH_COATED_OSMIUM;XIRECS;9993.0;13
382000;;TAKER;INTARIAN_PEPPER_ROOT;XIRECS;12069.0;14
382100;;TAKER;ASH_COATED_OSMIUM;XIRECS;9993.0;10
382200;TAKER;;ASH_COATED_OSMIUM;XIRECS;10004.0;7
382300;;TAKER;ASH_COATED_OSMIUM;XIRECS;9990.0;13
383100;;TAKER;INTARIAN_PEPPER_ROOT;XIRECS;12071.0;4
383200;TAKER;;INTARIAN_PEPPER_ROOT;XIRECS;12083.0;2
383400;;TAKER;INTARIAN_PEPPER_ROOT;XIRECS;12069.0;12
383700;;TAKER;INTARIAN_PEPPER_ROOT;XIRECS;12070.0;12
383700;;TAKER;ASH_COATED_OSMIUM;XIRECS;9996.0;7
383900;TAKER;;ASH_COATED_OSMIUM;XIRECS;10011.0;6
384600;TAKER;;INTARIAN_PEPPER_ROOT;XIRECS;12084.0;11
384700;;TAKER;INTARIAN_PEPPER_ROOT;XIRECS;12068.0;12
384800;;TAKER;INTARIAN_PEPPER_ROOT;XIRECS;12071.0;14
385000;TAKER;;INTARIAN_PEPPER_ROOT;XIRECS;12083.0;3
385000;TAKER;;ASH_COATED_OSMIUM;XIRECS;10008.0;7
385200;;TAKER;INTARIAN_PEPPER_ROOT;XIRECS;12069.0;5
385500;;TAKER;ASH_COATED_OSMIUM;XIRECS;9991.0;4
385600;TAKER;;ASH_COATED_OSMIUM;XIRECS;10006.0;11
385700;;TAKER;ASH_COATED_OSMIUM;XIRECS;9993.0;6
385800;TAKER;;ASH_COATED_OSMIUM;XIRECS;10010.0;6
386000;;TAKER;ASH_COATED_OSMIUM;XIRECS;9992.0;3
386100;TAKER;;INTARIAN_PEPPER_ROOT;XIRECS;12085.0;3
386200;TAKER;;ASH_COATED_OSMIUM;XIRECS;10007.0;10
386300;TAKER;;ASH_COATED_OSMIUM;XIRECS;10009.0;9
386400;;TAKER;INTARIAN_PEPPER_ROOT;XIRECS;12069.0;12
386700;;TAKER;ASH_COATED_OSMIUM;XIRECS;9993.0;11
386800;TAKER;;INTARIAN_PEPPER_ROOT;XIRECS;12081.0;7
386800;TAKER;;ASH_COATED_OSMIUM;XIRECS;10010.0;6
387000;;TAKER;ASH_COATED_OSMIUM;XIRECS;9990.0;2
387100;;TAKER;INTARIAN_PEPPER_ROOT;XIRECS;12072.0;6
387400;;TAKER;INTARIAN_PEPPER_ROOT;XIRECS;12069.0;2
387900;TAKER;;INTARIAN_PEPPER_ROOT;XIRECS;12085.0;15
388400;TAKER;;INTARIAN_PEPPER_ROOT;XIRECS;12084.0;14
388400;;TAKER;ASH_COATED_OSMIUM;XIRECS;9993.0;15
388600;TAKER;;INTARIAN_PEPPER_ROOT;XIRECS;12082.0;10
389000;TAKER;;INTARIAN_PEPPER_ROOT;XIRECS;12084.0;14
389200;;TAKER;INTARIAN_PEPPER_ROOT;XIRECS;12071.0;11
389500;TAKER;;INTARIAN_PEPPER_ROOT;XIRECS;12084.0;10
389900;TAKER;;INTARIAN_PEPPER_ROOT;XIRECS;12084.0;13
390100;TAKER;;INTARIAN_PEPPER_ROOT;XIRECS;12085.0;3
390100;;TAKER;ASH_COATED_OSMIUM;XIRECS;9991.0;13
390300;TAKER;;ASH_COATED_OSMIUM;XIRECS;10008.0;12
390500;TAKER;;INTARIAN_PEPPER_ROOT;XIRECS;12086.0;5
390800;TAKER;;INTARIAN_PEPPER_ROOT;XIRECS;12086.0;7
391000;;TAKER;INTARIAN_PEPPER_ROOT;XIRECS;12072.0;6
391200;;TAKER;ASH_COATED_OSMIUM;XIRECS;9988.0;5
391400;;TAKER;ASH_COATED_OSMIUM;XIRECS;9990.0;12
391500;;TAKER;ASH_COATED_OSMIUM;XIRECS;9988.0;15
391700;TAKER;;INTARIAN_PEPPER_ROOT;XIRECS;12084.0;9
391700;TAKER;;ASH_COATED_OSMIUM;XIRECS;10008.0;11
391800;TAKER;;INTARIAN_PEPPER_ROOT;XIRECS;12084.0;8
391800;TAKER;;ASH_COATED_OSMIUM;XIRECS;10009.0;7
391900;;TAKER;ASH_COATED_OSMIUM;XIRECS;9991.0;2
392000;TAKER;;INTARIAN_PEPPER_ROOT;XIRECS;12086.0;8
392400;;TAKER;INTARIAN_PEPPER_ROOT;XIRECS;12071.0;3
392900;;TAKER;ASH_COATED_OSMIUM;XIRECS;9992.0;8
393000;TAKER;;INTARIAN_PEPPER_ROOT;XIRECS;12084.0;11
393200;;TAKER;INTARIAN_PEPPER_ROOT;XIRECS;12070.0;15
393200;TAKER;;ASH_COATED_OSMIUM;XIRECS;10009.0;15
393300;;TAKER;ASH_COATED_OSMIUM;XIRECS;9992.0;15
393700;;TAKER;INTARIAN_PEPPER_ROOT;XIRECS;12070.0;3
393700;;TAKER;ASH_COATED_OSMIUM;XIRECS;9993.0;3
394000;TAKER;;ASH_COATED_OSMIUM;XIRECS;10014.0;3
394200;TAKER;;ASH_COATED_OSMIUM;XIRECS;10008.0;11
394300;;TAKER;INTARIAN_PEPPER_ROOT;XIRECS;12072.0;4
394300;;TAKER;ASH_COATED_OSMIUM;XIRECS;9990.0;5
394500;TAKER;;INTARIAN_PEPPER_ROOT;XIRECS;12087.0;7
394600;TAKER;;ASH_COATED_OSMIUM;XIRECS;10009.0;2
394700;;TAKER;INTARIAN_PEPPER_ROOT;XIRECS;12072.0;12
394800;TAKER;;INTARIAN_PEPPER_ROOT;XIRECS;12085.0;8
394800;;TAKER;ASH_COATED_OSMIUM;XIRECS;9988.0;15
394900;TAKER;;ASH_COATED_OSMIUM;XIRECS;10010.0;10
395000;TAKER;;INTARIAN_PEPPER_ROOT;XIRECS;12086.0;3
395100;TAKER;;INTARIAN_PEPPER_ROOT;XIRECS;12085.0;10
395200;TAKER;;INTARIAN_PEPPER_ROOT;XIRECS;12083.0;6
395300;;TAKER;INTARIAN_PEPPER_ROOT;XIRECS;12073.0;7
395400;TAKER;;ASH_COATED_OSMIUM;XIRECS;10010.0;9
395500;;TAKER;INTARIAN_PEPPER_ROOT;XIRECS;12072.0;10
395700;;TAKER;ASH_COATED_OSMIUM;XIRECS;9992.0;3
395900;;TAKER;ASH_COATED_OSMIUM;XIRECS;9992.0;10
396200;;TAKER;ASH_COATED_OSMIUM;XIRECS;9991.0;12
396400;TAKER;;INTARIAN_PEPPER_ROOT;XIRECS;12087.0;2
396500;TAKER;;INTARIAN_PEPPER_ROOT;XIRECS;12087.0;13
396500;TAKER;;ASH_COATED_OSMIUM;XIRECS;10004.0;12
396600;TAKER;;ASH_COATED_OSMIUM;XIRECS;10008.0;13
396700;;TAKER;INTARIAN_PEPPER_ROOT;XIRECS;12073.0;14
397100;TAKER;;INTARIAN_PEPPER_ROOT;XIRECS;12086.0;3
397100;TAKER;;ASH_COATED_OSMIUM;XIRECS;10011.0;2
397300;;TAKER;ASH_COATED_OSMIUM;XIRECS;9991.0;13
397500;TAKER;;INTARIAN_PEPPER_ROOT;XIRECS;12086.0;14
397700;TAKER;;ASH_COATED_OSMIUM;XIRECS;10010.0;6
397800;TAKER;;INTARIAN_PEPPER_ROOT;XIRECS;12086.0;6
398000;TAKER;;ASH_COATED_OSMIUM;XIRECS;10008.0;7
398100;;TAKER;INTARIAN_PEPPER_ROOT;XIRECS;12070.0;3
398200;;TAKER;INTARIAN_PEPPER_ROOT;XIRECS;12075.0;3
398200;TAKER;;ASH_COATED_OSMIUM;XIRECS;10009.0;14
398600;;TAKER;INTARIAN_PEPPER_ROOT;XIRECS;12072.0;6
398600;;TAKER;ASH_COATED_OSMIUM;XIRECS;9990.0;5
398700;TAKER;;ASH_COATED_OSMIUM;XIRECS;10007.0;10
398800;;TAKER;INTARIAN_PEPPER_ROOT;XIRECS;12073.0;9
398800;;TAKER;ASH_COATED_OSMIUM;XIRECS;9992.0;14
398900;;TAKER;ASH_COATED_OSMIUM;XIRECS;9990.0;11
399000;TAKER;;INTARIAN_PEPPER_ROOT;XIRECS;12085.0;11
399400;;TAKER;ASH_COATED_OSMIUM;XIRECS;9988.0;6
399500;;TAKER;ASH_COATED_OSMIUM;XIRECS;9989.0;4
399600;;TAKER;ASH_COATED_OSMIUM;XIRECS;9988.0;14
399800;;TAKER;ASH_COATED_OSMIUM;XIRECS;9990.0;10
400300;;TAKER;INTARIAN_PEPPER_ROOT;XIRECS;12073.0;9
400300;;TAKER;ASH_COATED_OSMIUM;XIRECS;9992.0;10
400400;;TAKER;ASH_COATED_OSMIUM;XIRECS;9991.0;6
400500;;TAKER;INTARIAN_PEPPER_ROOT;XIRECS;12072.0;6
400600;;TAKER;ASH_COATED_OSMIUM;XIRECS;9992.0;14
401000;;TAKER;INTARIAN_PEPPER_ROOT;XIRECS;12074.0;3
401200;TAKER;;ASH_COATED_OSMIUM;XIRECS;10007.0;14
401300;;TAKER;ASH_COATED_OSMIUM;XIRECS;9990.0;2
401500;;TAKER;INTARIAN_PEPPER_ROOT;XIRECS;12072.0;10
402100;;TAKER;ASH_COATED_OSMIUM;XIRECS;9988.0;5
402200;TAKER;;ASH_COATED_OSMIUM;XIRECS;10007.0;6
402300;;TAKER;ASH_COATED_OSMIUM;XIRECS;9986.0;13
402500;;TAKER;INTARIAN_PEPPER_ROOT;XIRECS;12075.0;9
402600;;TAKER;ASH_COATED_OSMIUM;XIRECS;9991.0;11
402800;TAKER;;INTARIAN_PEPPER_ROOT;XIRECS;12086.0;10
402900;TAKER;;INTARIAN_PEPPER_ROOT;XIRECS;12085.0;12
403000;;TAKER;INTARIAN_PEPPER_ROOT;XIRECS;12074.0;9
403200;;TAKER;ASH_COATED_OSMIUM;XIRECS;9990.0;15
403300;;TAKER;ASH_COATED_OSMIUM;XIRECS;9991.0;12
403600;;TAKER;INTARIAN_PEPPER_ROOT;XIRECS;12072.0;5
403800;TAKER;;ASH_COATED_OSMIUM;XIRECS;10006.0;13
403900;TAKER;;INTARIAN_PEPPER_ROOT;XIRECS;12087.0;5
404000;TAKER;;ASH_COATED_OSMIUM;XIRECS;10011.0;9
404200;;TAKER;INTARIAN_PEPPER_ROOT;XIRECS;12072.0;3
404300;TAKER;;ASH_COATED_OSMIUM;XIRECS;10012.0;4
404400;TAKER;;INTARIAN_PEPPER_ROOT;XIRECS;12088.0;9
404400;TAKER;;ASH_COATED_OSMIUM;XIRECS;10007.0;13
404500;TAKER;;ASH_COATED_OSMIUM;XIRECS;10008.0;5
405000;;TAKER;ASH_COATED_OSMIUM;XIRECS;9988.0;6
405100;TAKER;;INTARIAN_PEPPER_ROOT;XIRECS;12086.0;13
405200;;TAKER;INTARIAN_PEPPER_ROOT;XIRECS;12073.0;6
405400;TAKER;;ASH_COATED_OSMIUM;XIRECS;10011.0;14
405500;;TAKER;INTARIAN_PEPPER_ROOT;XIRECS;12076.0;6
405600;;TAKER;ASH_COATED_OSMIUM;XIRECS;9991.0;8
405700;;TAKER;ASH_COATED_OSMIUM;XIRECS;9991.0;12
405800;TAKER;;INTARIAN_PEPPER_ROOT;XIRECS;12089.0;5
405800;TAKER;;ASH_COATED_OSMIUM;XIRECS;10010.0;6
405900;TAKER;;INTARIAN_PEPPER_ROOT;XIRECS;12088.0;9
405900;TAKER;;ASH_COATED_OSMIUM;XIRECS;10007.0;14
406000;TAKER;;INTARIAN_PEPPER_ROOT;XIRECS;12087.0;2
406000;;TAKER;ASH_COATED_OSMIUM;XIRECS;9987.0;14
406200;;TAKER;ASH_COATED_OSMIUM;XIRECS;9990.0;12
406900;TAKER;;INTARIAN_PEPPER_ROOT;XIRECS;12086.0;12
407000;;TAKER;INTARIAN_PEPPER_ROOT;XIRECS;12075.0;9
407200;TAKER;;INTARIAN_PEPPER_ROOT;XIRECS;12089.0;4
407200;;TAKER;ASH_COATED_OSMIUM;XIRECS;9988.0;10
407500;TAKER;;INTARIAN_PEPPER_ROOT;XIRECS;12088.0;4
407700;;TAKER;INTARIAN_PEPPER_ROOT;XIRECS;12074.0;9
407700;;TAKER;ASH_COATED_OSMIUM;XIRECS;9992.0;5
408100;TAKER;;INTARIAN_PEPPER_ROOT;XIRECS;12088.0;10
408300;TAKER;;ASH_COATED_OSMIUM;XIRECS;10010.0;7
408500;TAKER;;INTARIAN_PEPPER_ROOT;XIRECS;12090.0;10
409100;TAKER;;INTARIAN_PEPPER_ROOT;XIRECS;12087.0;10
409300;TAKER;;INTARIAN_PEPPER_ROOT;XIRECS;12086.0;13
409400;TAKER;;INTARIAN_PEPPER_ROOT;XIRECS;12089.0;9
409500;TAKER;;ASH_COATED_OSMIUM;XIRECS;10013.0;12
409800;;TAKER;INTARIAN_PEPPER_ROOT;XIRECS;12074.0;9
410000;;TAKER;ASH_COATED_OSMIUM;XIRECS;9991.0;6
410100;TAKER;;INTARIAN_PEPPER_ROOT;XIRECS;12088.0;9
410200;TAKER;;INTARIAN_PEPPER_ROOT;XIRECS;12089.0;10
410200;TAKER;;ASH_COATED_OSMIUM;XIRECS;10009.0;2
410500;TAKER;;INTARIAN_PEPPER_ROOT;XIRECS;12089.0;14
410500;TAKER;;ASH_COATED_OSMIUM;XIRECS;10007.0;3
410700;TAKER;;INTARIAN_PEPPER_ROOT;XIRECS;12088.0;4
410700;TAKER;;ASH_COATED_OSMIUM;XIRECS;10008.0;3
410900;;TAKER;ASH_COATED_OSMIUM;XIRECS;9986.0;9
411000;;TAKER;ASH_COATED_OSMIUM;XIRECS;9990.0;6
411200;TAKER;;ASH_COATED_OSMIUM;XIRECS;10006.0;6
411300;;TAKER;INTARIAN_PEPPER_ROOT;XIRECS;12076.0;13
411800;TAKER;;INTARIAN_PEPPER_ROOT;XIRECS;12090.0;14
411900;;TAKER;ASH_COATED_OSMIUM;XIRECS;9986.0;5
412100;TAKER;;INTARIAN_PEPPER_ROOT;XIRECS;12090.0;6
412100;TAKER;;ASH_COATED_OSMIUM;XIRECS;10014.0;6
412300;TAKER;;INTARIAN_PEPPER_ROOT;XIRECS;12092.0;3
412300;;TAKER;ASH_COATED_OSMIUM;XIRECS;9988.0;15
412500;;TAKER;ASH_COATED_OSMIUM;XIRECS;9990.0;10
412600;TAKER;;ASH_COATED_OSMIUM;XIRECS;10007.0;7
412700;;TAKER;ASH_COATED_OSMIUM;XIRECS;9990.0;2
412800;;TAKER;ASH_COATED_OSMIUM;XIRECS;9991.0;9
413000;;TAKER;INTARIAN_PEPPER_ROOT;XIRECS;12077.0;15
413100;;TAKER;INTARIAN_PEPPER_ROOT;XIRECS;12075.0;4
413100;TAKER;;ASH_COATED_OSMIUM;XIRECS;10012.0;6
413200;;TAKER;ASH_COATED_OSMIUM;XIRECS;9995.0;3
413300;;TAKER;INTARIAN_PEPPER_ROOT;XIRECS;12075.0;10
413400;;TAKER;ASH_COATED_OSMIUM;XIRECS;9991.0;11
413800;;TAKER;ASH_COATED_OSMIUM;XIRECS;9991.0;14
414000;;TAKER;INTARIAN_PEPPER_ROOT;XIRECS;12076.0;4
414000;TAKER;;ASH_COATED_OSMIUM;XIRECS;10004.0;10
414100;TAKER;;ASH_COATED_OSMIUM;XIRECS;10011.0;6
414200;TAKER;;INTARIAN_PEPPER_ROOT;XIRECS;12089.0;4
414400;TAKER;;INTARIAN_PEPPER_ROOT;XIRECS;12089.0;8
414600;;TAKER;ASH_COATED_OSMIUM;XIRECS;9989.0;12
414900;;TAKER;INTARIAN_PEPPER_ROOT;XIRECS;12077.0;4
415000;;TAKER;ASH_COATED_OSMIUM;XIRECS;9993.0;4
415100;;TAKER;INTARIAN_PEPPER_ROOT;XIRECS;12076.0;5
415300;TAKER;;INTARIAN_PEPPER_ROOT;XIRECS;12089.0;5
415400;;TAKER;INTARIAN_PEPPER_ROOT;XIRECS;12074.0;11
415600;;TAKER;INTARIAN_PEPPER_ROOT;XIRECS;12073.0;5
415600;;TAKER;ASH_COATED_OSMIUM;XIRECS;9989.0;7
415700;;TAKER;ASH_COATED_OSMIUM;XIRECS;9990.0;10
415800;;TAKER;INTARIAN_PEPPER_ROOT;XIRECS;12076.0;6
415800;;TAKER;ASH_COATED_OSMIUM;XIRECS;9993.0;11
415900;TAKER;;ASH_COATED_OSMIUM;XIRECS;10013.0;2
416200;TAKER;;INTARIAN_PEPPER_ROOT;XIRECS;12090.0;13
416200;TAKER;;ASH_COATED_OSMIUM;XIRECS;10008.0;14
416300;;TAKER;INTARIAN_PEPPER_ROOT;XIRECS;12075.0;5
416400;TAKER;;INTARIAN_PEPPER_ROOT;XIRECS;12090.0;4
416400;TAKER;;ASH_COATED_OSMIUM;XIRECS;10009.0;14
416500;TAKER;;INTARIAN_PEPPER_ROOT;XIRECS;12089.0;5
416800;TAKER;;INTARIAN_PEPPER_ROOT;XIRECS;12091.0;13
417100;TAKER;;INTARIAN_PEPPER_ROOT;XIRECS;12091.0;15
417200;;TAKER;ASH_COATED_OSMIUM;XIRECS;9990.0;8
417300;;TAKER;INTARIAN_PEPPER_ROOT;XIRECS;12077.0;13
417400;TAKER;;INTARIAN_PEPPER_ROOT;XIRECS;12092.0;14
417500;;TAKER;INTARIAN_PEPPER_ROOT;XIRECS;12077.0;5
417700;;TAKER;ASH_COATED_OSMIUM;XIRECS;9989.0;2
418100;TAKER;;ASH_COATED_OSMIUM;XIRECS;10009.0;13
418200;TAKER;;ASH_COATED_OSMIUM;XIRECS;10009.0;15
418700;TAKER;;INTARIAN_PEPPER_ROOT;XIRECS;12090.0;6
418700;;TAKER;ASH_COATED_OSMIUM;XIRECS;9994.0;4
419200;;TAKER;INTARIAN_PEPPER_ROOT;XIRECS;12078.0;3
419300;;TAKER;INTARIAN_PEPPER_ROOT;XIRECS;12079.0;2
419700;TAKER;;ASH_COATED_OSMIUM;XIRECS;10004.0;11
419800;;TAKER;INTARIAN_PEPPER_ROOT;XIRECS;12077.0;9
419800;TAKER;;ASH_COATED_OSMIUM;XIRECS;10009.0;10
420100;TAKER;;INTARIAN_PEPPER_ROOT;XIRECS;12091.0;5
420100;;TAKER;ASH_COATED_OSMIUM;XIRECS;9991.0;11
420200;TAKER;;ASH_COATED_OSMIUM;XIRECS;10009.0;2
420800;;TAKER;ASH_COATED_OSMIUM;XIRECS;9989.0;6
421100;;TAKER;INTARIAN_PEPPER_ROOT;XIRECS;12078.0;7
421200;TAKER;;INTARIAN_PEPPER_ROOT;XIRECS;12092.0;15
421300;TAKER;;INTARIAN_PEPPER_ROOT;XIRECS;12091.0;8
421500;TAKER;;INTARIAN_PEPPER_ROOT;XIRECS;12093.0;6
421500;;TAKER;ASH_COATED_OSMIUM;XIRECS;9991.0;15
421600;;TAKER;ASH_COATED_OSMIUM;XIRECS;9989.0;14
422000;;TAKER;INTARIAN_PEPPER_ROOT;XIRECS;12079.0;9
422000;;TAKER;ASH_COATED_OSMIUM;XIRECS;9994.0;15
422100;TAKER;;INTARIAN_PEPPER_ROOT;XIRECS;12091.0;15
422300;TAKER;;INTARIAN_PEPPER_ROOT;XIRECS;12091.0;5
422300;;TAKER;ASH_COATED_OSMIUM;XIRECS;9988.0;10
422500;;TAKER;INTARIAN_PEPPER_ROOT;XIRECS;12078.0;12
422900;TAKER;;ASH_COATED_OSMIUM;XIRECS;10006.0;8
423000;TAKER;;INTARIAN_PEPPER_ROOT;XIRECS;12094.0;4
423000;;TAKER;ASH_COATED_OSMIUM;XIRECS;9992.0;8
423400;;TAKER;INTARIAN_PEPPER_ROOT;XIRECS;12079.0;3
423600;;TAKER;ASH_COATED_OSMIUM;XIRECS;9991.0;4
423700;;TAKER;INTARIAN_PEPPER_ROOT;XIRECS;12077.0;12
423800;TAKER;;INTARIAN_PEPPER_ROOT;XIRECS;12089.0;11
423800;TAKER;;ASH_COATED_OSMIUM;XIRECS;10010.0;12
423900;;TAKER;ASH_COATED_OSMIUM;XIRECS;9994.0;3
424000;TAKER;;ASH_COATED_OSMIUM;XIRECS;10008.0;10
424100;;TAKER;INTARIAN_PEPPER_ROOT;XIRECS;12078.0;6
424300;TAKER;;INTARIAN_PEPPER_ROOT;XIRECS;12091.0;9
424600;;TAKER;ASH_COATED_OSMIUM;XIRECS;9991.0;14
424700;;TAKER;ASH_COATED_OSMIUM;XIRECS;9996.0;11
424900;;TAKER;INTARIAN_PEPPER_ROOT;XIRECS;12077.0;7
424900;TAKER;;ASH_COATED_OSMIUM;XIRECS;10010.0;4
425000;TAKER;;INTARIAN_PEPPER_ROOT;XIRECS;12092.0;6
425000;TAKER;;ASH_COATED_OSMIUM;XIRECS;10008.0;12
425100;;TAKER;ASH_COATED_OSMIUM;XIRECS;9988.0;6
425400;TAKER;;ASH_COATED_OSMIUM;XIRECS;10010.0;11
425500;;TAKER;ASH_COATED_OSMIUM;XIRECS;9989.0;2
425700;;TAKER;ASH_COATED_OSMIUM;XIRECS;9993.0;14
425900;;TAKER;ASH_COATED_OSMIUM;XIRECS;9989.0;14
426400;;TAKER;INTARIAN_PEPPER_ROOT;XIRECS;12077.0;3
426700;;TAKER;ASH_COATED_OSMIUM;XIRECS;9989.0;10
426800;;TAKER;INTARIAN_PEPPER_ROOT;XIRECS;12078.0;11
427000;TAKER;;ASH_COATED_OSMIUM;XIRECS;10008.0;12
427100;TAKER;;INTARIAN_PEPPER_ROOT;XIRECS;12093.0;5
427300;TAKER;;ASH_COATED_OSMIUM;XIRECS;10008.0;14
427800;;TAKER;INTARIAN_PEPPER_ROOT;XIRECS;12080.0;6
427800;;TAKER;ASH_COATED_OSMIUM;XIRECS;9991.0;2
427900;TAKER;;INTARIAN_PEPPER_ROOT;XIRECS;12092.0;2
428000;TAKER;;INTARIAN_PEPPER_ROOT;XIRECS;12093.0;15
428000;TAKER;;ASH_COATED_OSMIUM;XIRECS;10007.0;15
428200;;TAKER;ASH_COATED_OSMIUM;XIRECS;9996.0;4
428500;TAKER;;INTARIAN_PEPPER_ROOT;XIRECS;12093.0;15
429100;;TAKER;ASH_COATED_OSMIUM;XIRECS;9987.0;6
429300;TAKER;;ASH_COATED_OSMIUM;XIRECS;10010.0;10
429400;TAKER;;INTARIAN_PEPPER_ROOT;XIRECS;12091.0;9
429500;;TAKER;ASH_COATED_OSMIUM;XIRECS;9993.0;10
429700;TAKER;;INTARIAN_PEPPER_ROOT;XIRECS;12093.0;15
429800;TAKER;;INTARIAN_PEPPER_ROOT;XIRECS;12092.0;4
429900;;TAKER;ASH_COATED_OSMIUM;XIRECS;9991.0;12
430100;;TAKER;INTARIAN_PEPPER_ROOT;XIRECS;12077.0;7
430200;TAKER;;INTARIAN_PEPPER_ROOT;XIRECS;12093.0;2
430200;TAKER;;ASH_COATED_OSMIUM;XIRECS;10006.0;8
430300;;TAKER;ASH_COATED_OSMIUM;XIRECS;9988.0;3
430600;;TAKER;INTARIAN_PEPPER_ROOT;XIRECS;12078.0;11
430800;;TAKER;INTARIAN_PEPPER_ROOT;XIRECS;12080.0;9
430800;TAKER;;ASH_COATED_OSMIUM;XIRECS;10010.0;14
431000;TAKER;;ASH_COATED_OSMIUM;XIRECS;10008.0;9
431100;;TAKER;INTARIAN_PEPPER_ROOT;XIRECS;12079.0;13
431600;;TAKER;INTARIAN_PEPPER_ROOT;XIRECS;12079.0;10
431900;TAKER;;INTARIAN_PEPPER_ROOT;XIRECS;12091.0;9
432000;TAKER;;INTARIAN_PEPPER_ROOT;XIRECS;12093.0;11
432000;TAKER;;ASH_COATED_OSMIUM;XIRECS;10008.0;11
432100;TAKER;;ASH_COATED_OSMIUM;XIRECS;10007.0;2
432200;TAKER;;INTARIAN_PEPPER_ROOT;XIRECS;12094.0;9
432200;;TAKER;ASH_COATED_OSMIUM;XIRECS;9988.0;2
432600;;TAKER;INTARIAN_PEPPER_ROOT;XIRECS;12081.0;7
433100;;TAKER;INTARIAN_PEPPER_ROOT;XIRECS;12079.0;4
433100;;TAKER;ASH_COATED_OSMIUM;XIRECS;9989.0;14
433200;;TAKER;INTARIAN_PEPPER_ROOT;XIRECS;12079.0;12
433200;TAKER;;ASH_COATED_OSMIUM;XIRECS;10013.0;4
433400;;TAKER;ASH_COATED_OSMIUM;XIRECS;9988.0;7
433600;;TAKER;ASH_COATED_OSMIUM;XIRECS;9985.0;14
433700;;TAKER;ASH_COATED_OSMIUM;XIRECS;9991.0;15
433800;;TAKER;INTARIAN_PEPPER_ROOT;XIRECS;12080.0;9
433900;TAKER;;ASH_COATED_OSMIUM;XIRECS;10007.0;3
434300;;TAKER;INTARIAN_PEPPER_ROOT;XIRECS;12079.0;14
434500;;TAKER;ASH_COATED_OSMIUM;XIRECS;9989.0;5
434700;;TAKER;ASH_COATED_OSMIUM;XIRECS;9990.0;4
434900;TAKER;;INTARIAN_PEPPER_ROOT;XIRECS;12095.0;3
435400;TAKER;;ASH_COATED_OSMIUM;XIRECS;10007.0;3
435600;TAKER;;INTARIAN_PEPPER_ROOT;XIRECS;12094.0;11
435800;;TAKER;INTARIAN_PEPPER_ROOT;XIRECS;12078.0;4
435800;;TAKER;ASH_COATED_OSMIUM;XIRECS;9990.0;15
436100;TAKER;;INTARIAN_PEPPER_ROOT;XIRECS;12093.0;3
436600;TAKER;;INTARIAN_PEPPER_ROOT;XIRECS;12095.0;13
436600;TAKER;;ASH_COATED_OSMIUM;XIRECS;10012.0;7
436800;TAKER;;ASH_COATED_OSMIUM;XIRECS;10005.0;14
436900;TAKER;;INTARIAN_PEPPER_ROOT;XIRECS;12093.0;11
437200;TAKER;;INTARIAN_PEPPER_ROOT;XIRECS;12094.0;9
437300;;TAKER;INTARIAN_PEPPER_ROOT;XIRECS;12080.0;10
437300;TAKER;;ASH_COATED_OSMIUM;XIRECS;10011.0;9
437500;TAKER;;ASH_COATED_OSMIUM;XIRECS;10010.0;14
437600;;TAKER;ASH_COATED_OSMIUM;XIRECS;9990.0;13
437700;;TAKER;ASH_COATED_OSMIUM;XIRECS;9990.0;11
437800;;TAKER;ASH_COATED_OSMIUM;XIRECS;9993.0;14
438000;TAKER;;ASH_COATED_OSMIUM;XIRECS;10009.0;15
438200;TAKER;;INTARIAN_PEPPER_ROOT;XIRECS;12093.0;10
438200;TAKER;;ASH_COATED_OSMIUM;XIRECS;10007.0;4
438600;;TAKER;INTARIAN_PEPPER_ROOT;XIRECS;12081.0;2
438700;;TAKER;INTARIAN_PEPPER_ROOT;XIRECS;12081.0;9
438700;TAKER;;ASH_COATED_OSMIUM;XIRECS;10006.0;14
438800;TAKER;;ASH_COATED_OSMIUM;XIRECS;10009.0;6
438900;;TAKER;ASH_COATED_OSMIUM;XIRECS;9993.0;2
439100;TAKER;;INTARIAN_PEPPER_ROOT;XIRECS;12095.0;11
439100;;TAKER;ASH_COATED_OSMIUM;XIRECS;9989.0;3
439200;TAKER;;INTARIAN_PEPPER_ROOT;XIRECS;12095.0;13
439300;TAKER;;INTARIAN_PEPPER_ROOT;XIRECS;12094.0;8
439400;;TAKER;INTARIAN_PEPPER_ROOT;XIRECS;12078.0;10
439400;TAKER;;ASH_COATED_OSMIUM;XIRECS;10010.0;2
439700;TAKER;;ASH_COATED_OSMIUM;XIRECS;10008.0;2
439900;TAKER;;INTARIAN_PEPPER_ROOT;XIRECS;12094.0;11
440300;;TAKER;ASH_COATED_OSMIUM;XIRECS;9991.0;4
440600;;TAKER;INTARIAN_PEPPER_ROOT;XIRECS;12080.0;7
440800;;TAKER;ASH_COATED_OSMIUM;XIRECS;9991.0;6
440900;;TAKER;INTARIAN_PEPPER_ROOT;XIRECS;12081.0;8
441000;;TAKER;INTARIAN_PEPPER_ROOT;XIRECS;12081.0;2
441100;;TAKER;INTARIAN_PEPPER_ROOT;XIRECS;12080.0;8
441100;;TAKER;ASH_COATED_OSMIUM;XIRECS;9989.0;4
441300;TAKER;;INTARIAN_PEPPER_ROOT;XIRECS;12093.0;4
441700;TAKER;;INTARIAN_PEPPER_ROOT;XIRECS;12093.0;6
441800;;TAKER;INTARIAN_PEPPER_ROOT;XIRECS;12081.0;4
441900;TAKER;;ASH_COATED_OSMIUM;XIRECS;10008.0;5
442000;TAKER;;ASH_COATED_OSMIUM;XIRECS;10007.0;5
442300;;TAKER;INTARIAN_PEPPER_ROOT;XIRECS;12082.0;8
442300;TAKER;;ASH_COATED_OSMIUM;XIRECS;10011.0;3
442400;TAKER;;INTARIAN_PEPPER_ROOT;XIRECS;12096.0;10
442400;;TAKER;ASH_COATED_OSMIUM;XIRECS;9991.0;2
442500;TAKER;;INTARIAN_PEPPER_ROOT;XIRECS;12095.0;4
442500;TAKER;;ASH_COATED_OSMIUM;XIRECS;10008.0;3
442700;TAKER;;ASH_COATED_OSMIUM;XIRECS;10011.0;14
443200;;TAKER;ASH_COATED_OSMIUM;XIRECS;9992.0;15
443500;;TAKER;INTARIAN_PEPPER_ROOT;XIRECS;12080.0;10
443600;TAKER;;ASH_COATED_OSMIUM;XIRECS;10004.0;9
443700;;TAKER;ASH_COATED_OSMIUM;XIRECS;9992.0;3
443900;TAKER;;INTARIAN_PEPPER_ROOT;XIRECS;12096.0;6
444000;;TAKER;INTARIAN_PEPPER_ROOT;XIRECS;12082.0;4
444300;TAKER;;ASH_COATED_OSMIUM;XIRECS;10006.0;14
444400;;TAKER;ASH_COATED_OSMIUM;XIRECS;9991.0;8
444500;TAKER;;ASH_COATED_OSMIUM;XIRECS;10009.0;11
444600;;TAKER;INTARIAN_PEPPER_ROOT;XIRECS;12080.0;15
444800;TAKER;;ASH_COATED_OSMIUM;XIRECS;10010.0;2
445000;;TAKER;ASH_COATED_OSMIUM;XIRECS;9993.0;14
445100;TAKER;;INTARIAN_PEPPER_ROOT;XIRECS;12095.0;11
445300;TAKER;;INTARIAN_PEPPER_ROOT;XIRECS;12096.0;12
445400;;TAKER;ASH_COATED_OSMIUM;XIRECS;9994.0;14
445800;TAKER;;INTARIAN_PEPPER_ROOT;XIRECS;12095.0;11
445800;TAKER;;ASH_COATED_OSMIUM;XIRECS;10007.0;3
445900;;TAKER;ASH_COATED_OSMIUM;XIRECS;9990.0;15
446100;;TAKER;INTARIAN_PEPPER_ROOT;XIRECS;12082.0;13
446300;TAKER;;INTARIAN_PEPPER_ROOT;XIRECS;12094.0;7
446400;TAKER;;INTARIAN_PEPPER_ROOT;XIRECS;12097.0;8
446600;;TAKER;INTARIAN_PEPPER_ROOT;XIRECS;12080.0;9
446700;TAKER;;ASH_COATED_OSMIUM;XIRECS;10008.0;10
446800;;TAKER;INTARIAN_PEPPER_ROOT;XIRECS;12084.0;15
446900;TAKER;;INTARIAN_PEPPER_ROOT;XIRECS;12097.0;11
447200;TAKER;;ASH_COATED_OSMIUM;XIRECS;10005.0;14
447500;TAKER;;ASH_COATED_OSMIUM;XIRECS;10011.0;15
448000;TAKER;;ASH_COATED_OSMIUM;XIRECS;10008.0;8
448100;TAKER;;ASH_COATED_OSMIUM;XIRECS;10009.0;4
448300;TAKER;;INTARIAN_PEPPER_ROOT;XIRECS;12097.0;5
448900;TAKER;;INTARIAN_PEPPER_ROOT;XIRECS;12096.0;15
449100;TAKER;;INTARIAN_PEPPER_ROOT;XIRECS;12097.0;4
449200;;TAKER;INTARIAN_PEPPER_ROOT;XIRECS;12083.0;13
449300;;TAKER;ASH_COATED_OSMIUM;XIRECS;9992.0;14
449400;;TAKER;INTARIAN_PEPPER_ROOT;XIRECS;12083.0;13
449400;;TAKER;ASH_COATED_OSMIUM;XIRECS;9987.0;9
449500;;TAKER;INTARIAN_PEPPER_ROOT;XIRECS;12083.0;4
449500;;TAKER;ASH_COATED_OSMIUM;XIRECS;9993.0;10
449600;TAKER;;INTARIAN_PEPPER_ROOT;XIRECS;12096.0;11
449600;;TAKER;ASH_COATED_OSMIUM;XIRECS;9992.0;2
449800;TAKER;;INTARIAN_PEPPER_ROOT;XIRECS;12096.0;12
449800;TAKER;;ASH_COATED_OSMIUM;XIRECS;10008.0;4
450200;;TAKER;ASH_COATED_OSMIUM;XIRECS;9989.0;2
450800;TAKER;;ASH_COATED_OSMIUM;XIRECS;10004.0;10
451100;;TAKER;INTARIAN_PEPPER_ROOT;XIRECS;12084.0;11
451100;;TAKER;ASH_COATED_OSMIUM;XIRECS;9987.0;7
451200;;TAKER;INTARIAN_PEPPER_ROOT;XIRECS;12083.0;15
451200;TAKER;;ASH_COATED_OSMIUM;XIRECS;10009.0;10
451900;TAKER;;INTARIAN_PEPPER_ROOT;XIRECS;12098.0;12
452100;TAKER;;INTARIAN_PEPPER_ROOT;XIRECS;12098.0;7
452300;;TAKER;ASH_COATED_OSMIUM;XIRECS;9988.0;2
452700;TAKER;;INTARIAN_PEPPER_ROOT;XIRECS;12096.0;7
452800;;TAKER;ASH_COATED_OSMIUM;XIRECS;9990.0;5
453100;TAKER;;INTARIAN_PEPPER_ROOT;XIRECS;12098.0;15
453200;;TAKER;ASH_COATED_OSMIUM;XIRECS;9991.0;2
453300;TAKER;;ASH_COATED_OSMIUM;XIRECS;10009.0;6
453600;TAKER;;ASH_COATED_OSMIUM;XIRECS;10008.0;10
453900;;TAKER;INTARIAN_PEPPER_ROOT;XIRECS;12083.0;7
453900;TAKER;;ASH_COATED_OSMIUM;XIRECS;10007.0;6
454000;TAKER;;INTARIAN_PEPPER_ROOT;XIRECS;12099.0;8
454100;;TAKER;ASH_COATED_OSMIUM;XIRECS;9990.0;6
454200;TAKER;;INTARIAN_PEPPER_ROOT;XIRECS;12097.0;15
454300;TAKER;;INTARIAN_PEPPER_ROOT;XIRECS;12097.0;5
454500;;TAKER;INTARIAN_PEPPER_ROOT;XIRECS;12084.0;14
454800;TAKER;;INTARIAN_PEPPER_ROOT;XIRECS;12098.0;12
455600;TAKER;;ASH_COATED_OSMIUM;XIRECS;10009.0;12
455800;;TAKER;INTARIAN_PEPPER_ROOT;XIRECS;12082.0;15
456400;;TAKER;ASH_COATED_OSMIUM;XIRECS;9991.0;14
456500;;TAKER;INTARIAN_PEPPER_ROOT;XIRECS;12086.0;4
456700;;TAKER;ASH_COATED_OSMIUM;XIRECS;9992.0;7
456900;TAKER;;INTARIAN_PEPPER_ROOT;XIRECS;12098.0;15
456900;TAKER;;ASH_COATED_OSMIUM;XIRECS;10012.0;5
457000;TAKER;;ASH_COATED_OSMIUM;XIRECS;10010.0;2
457100;;TAKER;ASH_COATED_OSMIUM;XIRECS;9990.0;4
457500;;TAKER;INTARIAN_PEPPER_ROOT;XIRECS;12084.0;9
457800;;TAKER;INTARIAN_PEPPER_ROOT;XIRECS;12085.0;8
457900;;TAKER;INTARIAN_PEPPER_ROOT;XIRECS;12082.0;7
457900;;TAKER;ASH_COATED_OSMIUM;XIRECS;9990.0;14
458200;;TAKER;INTARIAN_PEPPER_ROOT;XIRECS;12086.0;10
458200;TAKER;;ASH_COATED_OSMIUM;XIRECS;10005.0;15
458300;TAKER;;ASH_COATED_OSMIUM;XIRECS;10013.0;4
458500;;TAKER;INTARIAN_PEPPER_ROOT;XIRECS;12084.0;6
458600;;TAKER;INTARIAN_PEPPER_ROOT;XIRECS;12084.0;10
458600;TAKER;;ASH_COATED_OSMIUM;XIRECS;10012.0;9
458700;TAKER;;INTARIAN_PEPPER_ROOT;XIRECS;12098.0;11
458900;TAKER;;ASH_COATED_OSMIUM;XIRECS;10007.0;5
459100;;TAKER;INTARIAN_PEPPER_ROOT;XIRECS;12087.0;13
459100;;TAKER;ASH_COATED_OSMIUM;XIRECS;9988.0;13
459200;TAKER;;ASH_COATED_OSMIUM;XIRECS;10009.0;2
459300;TAKER;;INTARIAN_PEPPER_ROOT;XIRECS;12100.0;4
459300;;TAKER;ASH_COATED_OSMIUM;XIRECS;9989.0;3
460000;TAKER;;ASH_COATED_OSMIUM;XIRECS;10007.0;11
460200;;TAKER;INTARIAN_PEPPER_ROOT;XIRECS;12086.0;12
460200;TAKER;;ASH_COATED_OSMIUM;XIRECS;10008.0;3
460500;;TAKER;INTARIAN_PEPPER_ROOT;XIRECS;12084.0;14
460500;TAKER;;ASH_COATED_OSMIUM;XIRECS;10007.0;6
460900;TAKER;;ASH_COATED_OSMIUM;XIRECS;10010.0;13
461000;;TAKER;INTARIAN_PEPPER_ROOT;XIRECS;12084.0;12
461200;;TAKER;ASH_COATED_OSMIUM;XIRECS;9990.0;11
461300;;TAKER;INTARIAN_PEPPER_ROOT;XIRECS;12085.0;5
461400;;TAKER;INTARIAN_PEPPER_ROOT;XIRECS;12084.0;8
461500;TAKER;;INTARIAN_PEPPER_ROOT;XIRECS;12098.0;8
461700;;TAKER;INTARIAN_PEPPER_ROOT;XIRECS;12085.0;2
461700;;TAKER;ASH_COATED_OSMIUM;XIRECS;9988.0;5
461800;;TAKER;ASH_COATED_OSMIUM;XIRECS;9993.0;2
462100;;TAKER;ASH_COATED_OSMIUM;XIRECS;9991.0;8
462500;;TAKER;INTARIAN_PEPPER_ROOT;XIRECS;12085.0;12
462600;TAKER;;ASH_COATED_OSMIUM;XIRECS;10012.0;6
462800;TAKER;;INTARIAN_PEPPER_ROOT;XIRECS;12098.0;13
462900;TAKER;;ASH_COATED_OSMIUM;XIRECS;10007.0;6
463000;TAKER;;INTARIAN_PEPPER_ROOT;XIRECS;12100.0;14
463500;;TAKER;INTARIAN_PEPPER_ROOT;XIRECS;12084.0;3
463500;;TAKER;ASH_COATED_OSMIUM;XIRECS;9995.0;12
463600;TAKER;;ASH_COATED_OSMIUM;XIRECS;10008.0;5
463800;;TAKER;ASH_COATED_OSMIUM;XIRECS;9991.0;6
463900;TAKER;;INTARIAN_PEPPER_ROOT;XIRECS;12099.0;10
463900;;TAKER;ASH_COATED_OSMIUM;XIRECS;9994.0;5
464000;TAKER;;INTARIAN_PEPPER_ROOT;XIRECS;12099.0;10
464000;;TAKER;ASH_COATED_OSMIUM;XIRECS;9990.0;10
464100;;TAKER;ASH_COATED_OSMIUM;XIRECS;9987.0;5
464200;TAKER;;INTARIAN_PEPPER_ROOT;XIRECS;12096.0;12
464500;TAKER;;INTARIAN_PEPPER_ROOT;XIRECS;12101.0;13
464600;TAKER;;INTARIAN_PEPPER_ROOT;XIRECS;12099.0;15
464800;;TAKER;INTARIAN_PEPPER_ROOT;XIRECS;12089.0;5
464900;TAKER;;ASH_COATED_OSMIUM;XIRECS;10004.0;3
465000;;TAKER;ASH_COATED_OSMIUM;XIRECS;9989.0;11
465100;;TAKER;INTARIAN_PEPPER_ROOT;XIRECS;12087.0;5
465200;TAKER;;ASH_COATED_OSMIUM;XIRECS;10010.0;11
465400;TAKER;;INTARIAN_PEPPER_ROOT;XIRECS;12101.0;6
465600;;TAKER;INTARIAN_PEPPER_ROOT;XIRECS;12085.0;12
465700;;TAKER;ASH_COATED_OSMIUM;XIRECS;9990.0;2
466000;TAKER;;INTARIAN_PEPPER_ROOT;XIRECS;12101.0;4
466100;;TAKER;ASH_COATED_OSMIUM;XIRECS;9988.0;12
466600;;TAKER;ASH_COATED_OSMIUM;XIRECS;9992.0;8
466700;TAKER;;ASH_COATED_OSMIUM;XIRECS;10006.0;13
467000;;TAKER;ASH_COATED_OSMIUM;XIRECS;9989.0;6
467100;;TAKER;INTARIAN_PEPPER_ROOT;XIRECS;12085.0;13
467400;;TAKER;INTARIAN_PEPPER_ROOT;XIRECS;12084.0;11
467400;;TAKER;ASH_COATED_OSMIUM;XIRECS;9990.0;11
467500;;TAKER;INTARIAN_PEPPER_ROOT;XIRECS;12087.0;11
467500;;TAKER;ASH_COATED_OSMIUM;XIRECS;9991.0;3
467600;;TAKER;ASH_COATED_OSMIUM;XIRECS;9995.0;5
467800;;TAKER;INTARIAN_PEPPER_ROOT;XIRECS;12089.0;12
467800;;TAKER;ASH_COATED_OSMIUM;XIRECS;9989.0;4
468000;TAKER;;ASH_COATED_OSMIUM;XIRECS;10007.0;13
468300;;TAKER;INTARIAN_PEPPER_ROOT;XIRECS;12087.0;12
468500;;TAKER;INTARIAN_PEPPER_ROOT;XIRECS;12086.0;5
468600;;TAKER;INTARIAN_PEPPER_ROOT;XIRECS;12088.0;11
468700;;TAKER;ASH_COATED_OSMIUM;XIRECS;9989.0;11
468800;TAKER;;INTARIAN_PEPPER_ROOT;XIRECS;12100.0;7
469000;TAKER;;INTARIAN_PEPPER_ROOT;XIRECS;12099.0;2
469000;;TAKER;ASH_COATED_OSMIUM;XIRECS;9993.0;12
469100;;TAKER;ASH_COATED_OSMIUM;XIRECS;9991.0;15
469300;;TAKER;INTARIAN_PEPPER_ROOT;XIRECS;12086.0;11
469300;TAKER;;ASH_COATED_OSMIUM;XIRECS;10010.0;9
469400;;TAKER;INTARIAN_PEPPER_ROOT;XIRECS;12084.0;10
469800;TAKER;;INTARIAN_PEPPER_ROOT;XIRECS;12100.0;14
469900;;TAKER;INTARIAN_PEPPER_ROOT;XIRECS;12087.0;13
470000;;TAKER;ASH_COATED_OSMIUM;XIRECS;9993.0;5
470100;;TAKER;ASH_COATED_OSMIUM;XIRECS;9992.0;2
470200;;TAKER;INTARIAN_PEPPER_ROOT;XIRECS;12084.0;14
470400;;TAKER;INTARIAN_PEPPER_ROOT;XIRECS;12089.0;11
470500;TAKER;;INTARIAN_PEPPER_ROOT;XIRECS;12101.0;3
470700;TAKER;;INTARIAN_PEPPER_ROOT;XIRECS;12100.0;7
470800;;TAKER;INTARIAN_PEPPER_ROOT;XIRECS;12088.0;12
470800;TAKER;;ASH_COATED_OSMIUM;XIRECS;10008.0;6
470900;TAKER;;INTARIAN_PEPPER_ROOT;XIRECS;12101.0;2
471300;TAKER;;ASH_COATED_OSMIUM;XIRECS;10010.0;12
471400;TAKER;;INTARIAN_PEPPER_ROOT;XIRECS;12103.0;11
471400;;TAKER;ASH_COATED_OSMIUM;XIRECS;9990.0;10
471700;TAKER;;INTARIAN_PEPPER_ROOT;XIRECS;12102.0;4
471800;TAKER;;INTARIAN_PEPPER_ROOT;XIRECS;12102.0;5
471800;TAKER;;ASH_COATED_OSMIUM;XIRECS;10010.0;12
471900;;TAKER;INTARIAN_PEPPER_ROOT;XIRECS;12085.0;2
472200;TAKER;;INTARIAN_PEPPER_ROOT;XIRECS;12102.0;7
472300;;TAKER;INTARIAN_PEPPER_ROOT;XIRECS;12085.0;6
472400;;TAKER;ASH_COATED_OSMIUM;XIRECS;9991.0;14
472600;TAKER;;ASH_COATED_OSMIUM;XIRECS;10012.0;8
473000;;TAKER;ASH_COATED_OSMIUM;XIRECS;9991.0;5
473300;TAKER;;ASH_COATED_OSMIUM;XIRECS;10005.0;13
473400;TAKER;;ASH_COATED_OSMIUM;XIRECS;10009.0;9
473500;;TAKER;INTARIAN_PEPPER_ROOT;XIRECS;12088.0;9
473500;TAKER;;ASH_COATED_OSMIUM;XIRECS;10009.0;11
474200;;TAKER;INTARIAN_PEPPER_ROOT;XIRECS;12090.0;9
474200;;TAKER;ASH_COATED_OSMIUM;XIRECS;9993.0;10
474300;TAKER;;INTARIAN_PEPPER_ROOT;XIRECS;12101.0;3
474400;TAKER;;INTARIAN_PEPPER_ROOT;XIRECS;12102.0;14
474600;;TAKER;INTARIAN_PEPPER_ROOT;XIRECS;12085.0;12
475100;TAKER;;ASH_COATED_OSMIUM;XIRECS;10011.0;10
475200;TAKER;;ASH_COATED_OSMIUM;XIRECS;10010.0;5
475500;TAKER;;INTARIAN_PEPPER_ROOT;XIRECS;12103.0;2
475800;TAKER;;INTARIAN_PEPPER_ROOT;XIRECS;12100.0;10
476100;TAKER;;INTARIAN_PEPPER_ROOT;XIRECS;12102.0;14
476100;;TAKER;ASH_COATED_OSMIUM;XIRECS;9996.0;11
476200;;TAKER;ASH_COATED_OSMIUM;XIRECS;9991.0;12
476400;TAKER;;INTARIAN_PEPPER_ROOT;XIRECS;12100.0;6
476400;;TAKER;ASH_COATED_OSMIUM;XIRECS;9992.0;11
476600;TAKER;;ASH_COATED_OSMIUM;XIRECS;10010.0;8
476900;;TAKER;ASH_COATED_OSMIUM;XIRECS;9988.0;10
477200;TAKER;;INTARIAN_PEPPER_ROOT;XIRECS;12101.0;13
477300;;TAKER;INTARIAN_PEPPER_ROOT;XIRECS;12088.0;13
477300;;TAKER;ASH_COATED_OSMIUM;XIRECS;9994.0;7
477400;TAKER;;ASH_COATED_OSMIUM;XIRECS;10009.0;3
477500;;TAKER;ASH_COATED_OSMIUM;XIRECS;9990.0;7
477700;TAKER;;ASH_COATED_OSMIUM;XIRECS;10008.0;5
477900;TAKER;;INTARIAN_PEPPER_ROOT;XIRECS;12102.0;8
477900;;TAKER;ASH_COATED_OSMIUM;XIRECS;9991.0;4
478000;;TAKER;INTARIAN_PEPPER_ROOT;XIRECS;12088.0;8
478100;;TAKER;ASH_COATED_OSMIUM;XIRECS;9987.0;2
478200;TAKER;;INTARIAN_PEPPER_ROOT;XIRECS;12103.0;5
478300;;TAKER;INTARIAN_PEPPER_ROOT;XIRECS;12087.0;6
478300;;TAKER;ASH_COATED_OSMIUM;XIRECS;9991.0;15
478500;TAKER;;ASH_COATED_OSMIUM;XIRECS;10009.0;13
478700;TAKER;;ASH_COATED_OSMIUM;XIRECS;10005.0;2
478800;TAKER;;ASH_COATED_OSMIUM;XIRECS;10013.0;3
479100;;TAKER;INTARIAN_PEPPER_ROOT;XIRECS;12087.0;5
479100;;TAKER;ASH_COATED_OSMIUM;XIRECS;9989.0;13
479300;TAKER;;ASH_COATED_OSMIUM;XIRECS;10007.0;2
479400;;TAKER;INTARIAN_PEPPER_ROOT;XIRECS;12087.0;4
479600;TAKER;;ASH_COATED_OSMIUM;XIRECS;10008.0;2
479800;TAKER;;ASH_COATED_OSMIUM;XIRECS;10007.0;13
480000;TAKER;;ASH_COATED_OSMIUM;XIRECS;10008.0;10
480200;TAKER;;ASH_COATED_OSMIUM;XIRECS;10009.0;8
480400;;TAKER;ASH_COATED_OSMIUM;XIRECS;9991.0;2
480500;;TAKER;INTARIAN_PEPPER_ROOT;XIRECS;12088.0;3
480500;;TAKER;ASH_COATED_OSMIUM;XIRECS;9993.0;9
480600;;TAKER;INTARIAN_PEPPER_ROOT;XIRECS;12088.0;10
480700;;TAKER;ASH_COATED_OSMIUM;XIRECS;9992.0;13
481000;;TAKER;INTARIAN_PEPPER_ROOT;XIRECS;12090.0;14
481100;TAKER;;ASH_COATED_OSMIUM;XIRECS;10008.0;12
481300;;TAKER;INTARIAN_PEPPER_ROOT;XIRECS;12087.0;15
481300;TAKER;;ASH_COATED_OSMIUM;XIRECS;10009.0;4
481400;TAKER;;INTARIAN_PEPPER_ROOT;XIRECS;12101.0;5
481600;TAKER;;ASH_COATED_OSMIUM;XIRECS;10006.0;3
481800;TAKER;;INTARIAN_PEPPER_ROOT;XIRECS;12102.0;10
481900;TAKER;;ASH_COATED_OSMIUM;XIRECS;10006.0;5
482000;;TAKER;ASH_COATED_OSMIUM;XIRECS;9992.0;4
482300;TAKER;;INTARIAN_PEPPER_ROOT;XIRECS;12104.0;9
482300;;TAKER;ASH_COATED_OSMIUM;XIRECS;9994.0;11
482400;;TAKER;INTARIAN_PEPPER_ROOT;XIRECS;12088.0;12
482400;TAKER;;ASH_COATED_OSMIUM;XIRECS;10007.0;5
482500;TAKER;;INTARIAN_PEPPER_ROOT;XIRECS;12103.0;13
482500;TAKER;;ASH_COATED_OSMIUM;XIRECS;10006.0;6
482800;TAKER;;INTARIAN_PEPPER_ROOT;XIRECS;12104.0;4
482900;TAKER;;INTARIAN_PEPPER_ROOT;XIRECS;12103.0;4
483000;TAKER;;ASH_COATED_OSMIUM;XIRECS;10008.0;13
483100;;TAKER;INTARIAN_PEPPER_ROOT;XIRECS;12089.0;4
483100;TAKER;;ASH_COATED_OSMIUM;XIRECS;10009.0;2
483300;;TAKER;INTARIAN_PEPPER_ROOT;XIRECS;12089.0;13
483700;;TAKER;INTARIAN_PEPPER_ROOT;XIRECS;12088.0;5
483800;;TAKER;INTARIAN_PEPPER_ROOT;XIRECS;12089.0;9
483900;TAKER;;ASH_COATED_OSMIUM;XIRECS;10008.0;14
484000;;TAKER;ASH_COATED_OSMIUM;XIRECS;9992.0;13
484100;;TAKER;INTARIAN_PEPPER_ROOT;XIRECS;12090.0;13
484200;;TAKER;INTARIAN_PEPPER_ROOT;XIRECS;12088.0;10
484400;TAKER;;INTARIAN_PEPPER_ROOT;XIRECS;12104.0;14
484600;TAKER;;INTARIAN_PEPPER_ROOT;XIRECS;12101.0;8
484700;TAKER;;INTARIAN_PEPPER_ROOT;XIRECS;12104.0;8
484800;TAKER;;INTARIAN_PEPPER_ROOT;XIRECS;12105.0;13
484800;;TAKER;ASH_COATED_OSMIUM;XIRECS;9989.0;13
484900;TAKER;;INTARIAN_PEPPER_ROOT;XIRECS;12104.0;10
485000;;TAKER;ASH_COATED_OSMIUM;XIRECS;9989.0;2
485200;;TAKER;ASH_COATED_OSMIUM;XIRECS;9989.0;4
485400;TAKER;;INTARIAN_PEPPER_ROOT;XIRECS;12104.0;8
485500;TAKER;;INTARIAN_PEPPER_ROOT;XIRECS;12103.0;3
485500;;TAKER;ASH_COATED_OSMIUM;XIRECS;9989.0;11
485600;;TAKER;ASH_COATED_OSMIUM;XIRECS;9993.0;5
485800;TAKER;;INTARIAN_PEPPER_ROOT;XIRECS;12104.0;10
485800;;TAKER;ASH_COATED_OSMIUM;XIRECS;9990.0;7
485900;TAKER;;ASH_COATED_OSMIUM;XIRECS;10008.0;11
486000;TAKER;;INTARIAN_PEPPER_ROOT;XIRECS;12102.0;6
486200;;TAKER;INTARIAN_PEPPER_ROOT;XIRECS;12089.0;8
486400;TAKER;;INTARIAN_PEPPER_ROOT;XIRECS;12103.0;3
486700;;TAKER;ASH_COATED_OSMIUM;XIRECS;9991.0;6
486800;TAKER;;INTARIAN_PEPPER_ROOT;XIRECS;12104.0;5
486800;;TAKER;ASH_COATED_OSMIUM;XIRECS;9990.0;7
487000;TAKER;;ASH_COATED_OSMIUM;XIRECS;10005.0;8
487300;;TAKER;INTARIAN_PEPPER_ROOT;XIRECS;12091.0;15
487300;;TAKER;ASH_COATED_OSMIUM;XIRECS;9990.0;7
487500;TAKER;;INTARIAN_PEPPER_ROOT;XIRECS;12104.0;2
487500;;TAKER;ASH_COATED_OSMIUM;XIRECS;9990.0;4
487700;;TAKER;ASH_COATED_OSMIUM;XIRECS;9989.0;9
487900;TAKER;;ASH_COATED_OSMIUM;XIRECS;10004.0;2
488200;TAKER;;ASH_COATED_OSMIUM;XIRECS;10006.0;13
488400;TAKER;;INTARIAN_PEPPER_ROOT;XIRECS;12102.0;10
488600;;TAKER;INTARIAN_PEPPER_ROOT;XIRECS;12091.0;5
488600;TAKER;;ASH_COATED_OSMIUM;XIRECS;10013.0;12
488700;TAKER;;INTARIAN_PEPPER_ROOT;XIRECS;12103.0;7
488800;;TAKER;ASH_COATED_OSMIUM;XIRECS;9990.0;8
488900;TAKER;;ASH_COATED_OSMIUM;XIRECS;10011.0;7
489000;TAKER;;ASH_COATED_OSMIUM;XIRECS;10008.0;8
489100;TAKER;;INTARIAN_PEPPER_ROOT;XIRECS;12104.0;4
489300;TAKER;;ASH_COATED_OSMIUM;XIRECS;10013.0;3
489400;TAKER;;INTARIAN_PEPPER_ROOT;XIRECS;12103.0;7
489400;TAKER;;ASH_COATED_OSMIUM;XIRECS;10007.0;5
489600;;TAKER;ASH_COATED_OSMIUM;XIRECS;9990.0;15
489800;;TAKER;ASH_COATED_OSMIUM;XIRECS;9989.0;14
490000;TAKER;;INTARIAN_PEPPER_ROOT;XIRECS;12104.0;15
490000;;TAKER;ASH_COATED_OSMIUM;XIRECS;9990.0;2
490300;;TAKER;INTARIAN_PEPPER_ROOT;XIRECS;12094.0;8
490500;;TAKER;INTARIAN_PEPPER_ROOT;XIRECS;12091.0;13
490700;TAKER;;ASH_COATED_OSMIUM;XIRECS;10009.0;4
491100;TAKER;;ASH_COATED_OSMIUM;XIRECS;10009.0;12
491200;;TAKER;INTARIAN_PEPPER_ROOT;XIRECS;12090.0;5
491500;;TAKER;INTARIAN_PEPPER_ROOT;XIRECS;12094.0;7
491600;TAKER;;INTARIAN_PEPPER_ROOT;XIRECS;12105.0;15
491600;TAKER;;ASH_COATED_OSMIUM;XIRECS;10007.0;4
491700;TAKER;;INTARIAN_PEPPER_ROOT;XIRECS;12105.0;2
491800;TAKER;;ASH_COATED_OSMIUM;XIRECS;10006.0;9
492000;TAKER;;INTARIAN_PEPPER_ROOT;XIRECS;12104.0;7
492200;TAKER;;ASH_COATED_OSMIUM;XIRECS;10008.0;8
492300;;TAKER;ASH_COATED_OSMIUM;XIRECS;9993.0;14
492400;;TAKER;ASH_COATED_OSMIUM;XIRECS;9990.0;5
492500;TAKER;;ASH_COATED_OSMIUM;XIRECS;10011.0;9
492600;TAKER;;INTARIAN_PEPPER_ROOT;XIRECS;12103.0;8
492800;;TAKER;INTARIAN_PEPPER_ROOT;XIRECS;12092.0;6
492800;;TAKER;ASH_COATED_OSMIUM;XIRECS;9987.0;10
493500;;TAKER;ASH_COATED_OSMIUM;XIRECS;9991.0;8
493900;TAKER;;INTARIAN_PEPPER_ROOT;XIRECS;12105.0;11
494000;TAKER;;INTARIAN_PEPPER_ROOT;XIRECS;12105.0;13
494100;;TAKER;INTARIAN_PEPPER_ROOT;XIRECS;12092.0;10
494200;TAKER;;INTARIAN_PEPPER_ROOT;XIRECS;12107.0;12
494300;;TAKER;INTARIAN_PEPPER_ROOT;XIRECS;12092.0;13
494600;TAKER;;INTARIAN_PEPPER_ROOT;XIRECS;12105.0;8
494800;;TAKER;ASH_COATED_OSMIUM;XIRECS;9991.0;14
495000;TAKER;;INTARIAN_PEPPER_ROOT;XIRECS;12107.0;13
495200;TAKER;;INTARIAN_PEPPER_ROOT;XIRECS;12105.0;9
495500;;TAKER;ASH_COATED_OSMIUM;XIRECS;9993.0;10
496000;;TAKER;INTARIAN_PEPPER_ROOT;XIRECS;12091.0;13
496200;TAKER;;INTARIAN_PEPPER_ROOT;XIRECS;12106.0;7
496300;TAKER;;ASH_COATED_OSMIUM;XIRECS;10006.0;14
496400;;TAKER;INTARIAN_PEPPER_ROOT;XIRECS;12092.0;15
496400;TAKER;;ASH_COATED_OSMIUM;XIRECS;10006.0;2
496500;TAKER;;ASH_COATED_OSMIUM;XIRECS;10010.0;12
497000;;TAKER;INTARIAN_PEPPER_ROOT;XIRECS;12089.0;5
497200;;TAKER;INTARIAN_PEPPER_ROOT;XIRECS;12091.0;4
497300;;TAKER;INTARIAN_PEPPER_ROOT;XIRECS;12090.0;2
497300;;TAKER;ASH_COATED_OSMIUM;XIRECS;9992.0;4
497500;;TAKER;ASH_COATED_OSMIUM;XIRECS;9990.0;8
497600;;TAKER;INTARIAN_PEPPER_ROOT;XIRECS;12093.0;12
497800;;TAKER;INTARIAN_PEPPER_ROOT;XIRECS;12091.0;14
498000;;TAKER;INTARIAN_PEPPER_ROOT;XIRECS;12093.0;8
498000;;TAKER;ASH_COATED_OSMIUM;XIRECS;9992.0;14
498100;TAKER;;INTARIAN_PEPPER_ROOT;XIRECS;12105.0;9
498100;;TAKER;ASH_COATED_OSMIUM;XIRECS;9991.0;12
498500;TAKER;;ASH_COATED_OSMIUM;XIRECS;10010.0;10
498600;;TAKER;INTARIAN_PEPPER_ROOT;XIRECS;12093.0;12
498900;TAKER;;ASH_COATED_OSMIUM;XIRECS;10006.0;2
499000;TAKER;;ASH_COATED_OSMIUM;XIRECS;10007.0;5
499100;;TAKER;ASH_COATED_OSMIUM;XIRECS;9993.0;3
499200;;TAKER;INTARIAN_PEPPER_ROOT;XIRECS;12095.0;4
499600;TAKER;;INTARIAN_PEPPER_ROOT;XIRECS;12106.0;14
499600;TAKER;;ASH_COATED_OSMIUM;XIRECS;10008.0;2
499700;;TAKER;ASH_COATED_OSMIUM;XIRECS;9993.0;9
499800;TAKER;;ASH_COATED_OSMIUM;XIRECS;10009.0;7
500000;TAKER;;ASH_COATED_OSMIUM;XIRECS;10003.0;6
500300;TAKER;;ASH_COATED_OSMIUM;XIRECS;10009.0;8
500400;TAKER;;ASH_COATED_OSMIUM;XIRECS;10010.0;11
501300;TAKER;;INTARIAN_PEPPER_ROOT;XIRECS;12105.0;5
501400;;TAKER;INTARIAN_PEPPER_ROOT;XIRECS;12091.0;7
501400;;TAKER;ASH_COATED_OSMIUM;XIRECS;9992.0;8
501700;;TAKER;INTARIAN_PEPPER_ROOT;XIRECS;12091.0;8
501800;TAKER;;INTARIAN_PEPPER_ROOT;XIRECS;12106.0;7
502100;;TAKER;INTARIAN_PEPPER_ROOT;XIRECS;12094.0;11
502200;;TAKER;ASH_COATED_OSMIUM;XIRECS;9991.0;15
502300;;TAKER;ASH_COATED_OSMIUM;XIRECS;9992.0;4
502600;;TAKER;ASH_COATED_OSMIUM;XIRECS;9986.0;11
502700;;TAKER;ASH_COATED_OSMIUM;XIRECS;9990.0;12
503100;TAKER;;INTARIAN_PEPPER_ROOT;XIRECS;12107.0;3
503100;TAKER;;ASH_COATED_OSMIUM;XIRECS;10009.0;2
503200;;TAKER;ASH_COATED_OSMIUM;XIRECS;9990.0;6
503700;;TAKER;INTARIAN_PEPPER_ROOT;XIRECS;12092.0;14
503800;TAKER;;ASH_COATED_OSMIUM;XIRECS;10007.0;11
504100;TAKER;;INTARIAN_PEPPER_ROOT;XIRECS;12105.0;5
504200;TAKER;;INTARIAN_PEPPER_ROOT;XIRECS;12103.0;12
504300;TAKER;;INTARIAN_PEPPER_ROOT;XIRECS;12107.0;14
504300;;TAKER;ASH_COATED_OSMIUM;XIRECS;9991.0;3
504600;TAKER;;ASH_COATED_OSMIUM;XIRECS;10008.0;13
504900;TAKER;;ASH_COATED_OSMIUM;XIRECS;10008.0;9
505600;;TAKER;INTARIAN_PEPPER_ROOT;XIRECS;12089.0;11
505800;;TAKER;ASH_COATED_OSMIUM;XIRECS;9991.0;14
505900;;TAKER;INTARIAN_PEPPER_ROOT;XIRECS;12090.0;6
506000;;TAKER;INTARIAN_PEPPER_ROOT;XIRECS;12093.0;9
506200;TAKER;;ASH_COATED_OSMIUM;XIRECS;10011.0;6
506400;;TAKER;ASH_COATED_OSMIUM;XIRECS;9987.0;12
506600;;TAKER;INTARIAN_PEPPER_ROOT;XIRECS;12092.0;12
506600;;TAKER;ASH_COATED_OSMIUM;XIRECS;9993.0;3
507100;;TAKER;INTARIAN_PEPPER_ROOT;XIRECS;12091.0;6
507100;TAKER;;ASH_COATED_OSMIUM;XIRECS;10010.0;6
507200;;TAKER;INTARIAN_PEPPER_ROOT;XIRECS;12090.0;5
507500;;TAKER;INTARIAN_PEPPER_ROOT;XIRECS;12092.0;4
507800;;TAKER;ASH_COATED_OSMIUM;XIRECS;9994.0;12
507900;TAKER;;INTARIAN_PEPPER_ROOT;XIRECS;12103.0;14
508000;TAKER;;INTARIAN_PEPPER_ROOT;XIRECS;12105.0;4
508100;;TAKER;ASH_COATED_OSMIUM;XIRECS;9992.0;7
508200;TAKER;;INTARIAN_PEPPER_ROOT;XIRECS;12104.0;4
508200;;TAKER;ASH_COATED_OSMIUM;XIRECS;9990.0;11
508300;;TAKER;INTARIAN_PEPPER_ROOT;XIRECS;12090.0;15
508400;TAKER;;INTARIAN_PEPPER_ROOT;XIRECS;12104.0;7
508400;;TAKER;ASH_COATED_OSMIUM;XIRECS;9991.0;7
508500;;TAKER;ASH_COATED_OSMIUM;XIRECS;9992.0;5
508900;TAKER;;ASH_COATED_OSMIUM;XIRECS;10008.0;9
509200;TAKER;;INTARIAN_PEPPER_ROOT;XIRECS;12106.0;4
509200;;TAKER;ASH_COATED_OSMIUM;XIRECS;9990.0;2
509300;;TAKER;INTARIAN_PEPPER_ROOT;XIRECS;12093.0;6
509400;TAKER;;INTARIAN_PEPPER_ROOT;XIRECS;12106.0;3
509500;;TAKER;ASH_COATED_OSMIUM;XIRECS;9992.0;5
509700;TAKER;;ASH_COATED_OSMIUM;XIRECS;10011.0;8
510400;TAKER;;INTARIAN_PEPPER_ROOT;XIRECS;12104.0;6
510400;;TAKER;ASH_COATED_OSMIUM;XIRECS;9990.0;6
510500;;TAKER;INTARIAN_PEPPER_ROOT;XIRECS;12091.0;4
510700;TAKER;;INTARIAN_PEPPER_ROOT;XIRECS;12102.0;4
510700;;TAKER;ASH_COATED_OSMIUM;XIRECS;9991.0;13
511000;TAKER;;INTARIAN_PEPPER_ROOT;XIRECS;12103.0;8
511200;;TAKER;ASH_COATED_OSMIUM;XIRECS;9990.0;10
511500;;TAKER;INTARIAN_PEPPER_ROOT;XIRECS;12091.0;13
511700;;TAKER;INTARIAN_PEPPER_ROOT;XIRECS;12089.0;10
511800;;TAKER;INTARIAN_PEPPER_ROOT;XIRECS;12091.0;13
511800;;TAKER;ASH_COATED_OSMIUM;XIRECS;9991.0;8
511900;TAKER;;INTARIAN_PEPPER_ROOT;XIRECS;12104.0;11
512000;;TAKER;ASH_COATED_OSMIUM;XIRECS;9991.0;15
512100;TAKER;;INTARIAN_PEPPER_ROOT;XIRECS;12104.0;2
512400;;TAKER;ASH_COATED_OSMIUM;XIRECS;9993.0;4
512700;;TAKER;ASH_COATED_OSMIUM;XIRECS;9993.0;12
513100;TAKER;;ASH_COATED_OSMIUM;XIRECS;10008.0;8
513200;;TAKER;ASH_COATED_OSMIUM;XIRECS;9990.0;4
513600;;TAKER;ASH_COATED_OSMIUM;XIRECS;9988.0;10
513700;TAKER;;ASH_COATED_OSMIUM;XIRECS;10009.0;9
514200;;TAKER;INTARIAN_PEPPER_ROOT;XIRECS;12090.0;2
514200;TAKER;;ASH_COATED_OSMIUM;XIRECS;10008.0;6
514400;TAKER;;INTARIAN_PEPPER_ROOT;XIRECS;12102.0;12
514500;TAKER;;ASH_COATED_OSMIUM;XIRECS;10006.0;9
514600;TAKER;;INTARIAN_PEPPER_ROOT;XIRECS;12103.0;4
514700;;TAKER;INTARIAN_PEPPER_ROOT;XIRECS;12089.0;12
514800;TAKER;;ASH_COATED_OSMIUM;XIRECS;10011.0;15
514900;TAKER;;INTARIAN_PEPPER_ROOT;XIRECS;12102.0;10
514900;TAKER;;ASH_COATED_OSMIUM;XIRECS;10007.0;13
515300;TAKER;;INTARIAN_PEPPER_ROOT;XIRECS;12103.0;4
515300;;TAKER;ASH_COATED_OSMIUM;XIRECS;9992.0;13
515400;TAKER;;INTARIAN_PEPPER_ROOT;XIRECS;12103.0;7
515500;;TAKER;ASH_COATED_OSMIUM;XIRECS;9993.0;6
515600;TAKER;;INTARIAN_PEPPER_ROOT;XIRECS;12104.0;7
515700;;TAKER;ASH_COATED_OSMIUM;XIRECS;9991.0;13
516000;TAKER;;ASH_COATED_OSMIUM;XIRECS;10006.0;10
516100;TAKER;;ASH_COATED_OSMIUM;XIRECS;10007.0;13
516200;;TAKER;ASH_COATED_OSMIUM;XIRECS;9990.0;6
516300;;TAKER;ASH_COATED_OSMIUM;XIRECS;9987.0;2
517200;TAKER;;INTARIAN_PEPPER_ROOT;XIRECS;12102.0;13
517200;TAKER;;ASH_COATED_OSMIUM;XIRECS;10008.0;12
517300;TAKER;;ASH_COATED_OSMIUM;XIRECS;10011.0;3
517400;;TAKER;ASH_COATED_OSMIUM;XIRECS;9993.0;9
517600;;TAKER;INTARIAN_PEPPER_ROOT;XIRECS;12089.0;2
517700;;TAKER;ASH_COATED_OSMIUM;XIRECS;9988.0;11
518000;TAKER;;INTARIAN_PEPPER_ROOT;XIRECS;12104.0;11
518000;;TAKER;ASH_COATED_OSMIUM;XIRECS;9988.0;13
518300;TAKER;;INTARIAN_PEPPER_ROOT;XIRECS;12101.0;11
518300;;TAKER;ASH_COATED_OSMIUM;XIRECS;9992.0;14
518500;TAKER;;INTARIAN_PEPPER_ROOT;XIRECS;12101.0;14
518500;;TAKER;ASH_COATED_OSMIUM;XIRECS;9985.0;9
518700;TAKER;;INTARIAN_PEPPER_ROOT;XIRECS;12105.0;11
519000;TAKER;;ASH_COATED_OSMIUM;XIRECS;10008.0;6
519200;TAKER;;ASH_COATED_OSMIUM;XIRECS;10006.0;7
519300;TAKER;;INTARIAN_PEPPER_ROOT;XIRECS;12103.0;9
519300;TAKER;;ASH_COATED_OSMIUM;XIRECS;10006.0;14
519400;;TAKER;ASH_COATED_OSMIUM;XIRECS;9992.0;6
520300;TAKER;;ASH_COATED_OSMIUM;XIRECS;10013.0;10
520400;;TAKER;INTARIAN_PEPPER_ROOT;XIRECS;12089.0;3
520500;TAKER;;INTARIAN_PEPPER_ROOT;XIRECS;12102.0;9
520600;TAKER;;INTARIAN_PEPPER_ROOT;XIRECS;12101.0;9
520700;;TAKER;INTARIAN_PEPPER_ROOT;XIRECS;12086.0;13
521000;;TAKER;INTARIAN_PEPPER_ROOT;XIRECS;12089.0;10
521100;;TAKER;INTARIAN_PEPPER_ROOT;XIRECS;12089.0;4
521100;TAKER;;ASH_COATED_OSMIUM;XIRECS;10010.0;4
521200;TAKER;;INTARIAN_PEPPER_ROOT;XIRECS;12102.0;2
521500;TAKER;;INTARIAN_PEPPER_ROOT;XIRECS;12102.0;14
521800;;TAKER;INTARIAN_PEPPER_ROOT;XIRECS;12088.0;13
521800;;TAKER;ASH_COATED_OSMIUM;XIRECS;9990.0;15
521900;TAKER;;INTARIAN_PEPPER_ROOT;XIRECS;12102.0;11
522100;;TAKER;INTARIAN_PEPPER_ROOT;XIRECS;12089.0;7
522200;TAKER;;ASH_COATED_OSMIUM;XIRECS;10009.0;6
522300;;TAKER;ASH_COATED_OSMIUM;XIRECS;9988.0;3
522400;;TAKER;ASH_COATED_OSMIUM;XIRECS;9994.0;13
522600;TAKER;;INTARIAN_PEPPER_ROOT;XIRECS;12103.0;8
522800;;TAKER;INTARIAN_PEPPER_ROOT;XIRECS;12088.0;9
523100;;TAKER;INTARIAN_PEPPER_ROOT;XIRECS;12088.0;10
523100;TAKER;;ASH_COATED_OSMIUM;XIRECS;10008.0;10
523400;;TAKER;INTARIAN_PEPPER_ROOT;XIRECS;12086.0;9
523400;;TAKER;ASH_COATED_OSMIUM;XIRECS;9989.0;14
523500;TAKER;;ASH_COATED_OSMIUM;XIRECS;10011.0;7
523700;;TAKER;ASH_COATED_OSMIUM;XIRECS;9992.0;13
524000;;TAKER;INTARIAN_PEPPER_ROOT;XIRECS;12086.0;10
524200;;TAKER;INTARIAN_PEPPER_ROOT;XIRECS;12088.0;14
524400;TAKER;;ASH_COATED_OSMIUM;XIRECS;10011.0;8
524600;TAKER;;ASH_COATED_OSMIUM;XIRECS;10008.0;3
524700;TAKER;;ASH_COATED_OSMIUM;XIRECS;10009.0;10
525000;;TAKER;ASH_COATED_OSMIUM;XIRECS;9989.0;12
525100;;TAKER;ASH_COATED_OSMIUM;XIRECS;9989.0;3
525300;;TAKER;ASH_COATED_OSMIUM;XIRECS;9990.0;5
525800;TAKER;;INTARIAN_PEPPER_ROOT;XIRECS;12101.0;12
525900;;TAKER;INTARIAN_PEPPER_ROOT;XIRECS;12088.0;3
526100;;TAKER;ASH_COATED_OSMIUM;XIRECS;9995.0;4
526300;TAKER;;INTARIAN_PEPPER_ROOT;XIRECS;12103.0;13
526300;TAKER;;ASH_COATED_OSMIUM;XIRECS;10006.0;12
526500;;TAKER;INTARIAN_PEPPER_ROOT;XIRECS;12086.0;14
526500;;TAKER;ASH_COATED_OSMIUM;XIRECS;9991.0;12
526600;;TAKER;INTARIAN_PEPPER_ROOT;XIRECS;12087.0;9
526700;;TAKER;ASH_COATED_OSMIUM;XIRECS;9992.0;15
526900;TAKER;;INTARIAN_PEPPER_ROOT;XIRECS;12101.0;8
526900;;TAKER;ASH_COATED_OSMIUM;XIRECS;9990.0;7
527200;;TAKER;INTARIAN_PEPPER_ROOT;XIRECS;12087.0;15
527200;TAKER;;ASH_COATED_OSMIUM;XIRECS;10008.0;6
527300;TAKER;;ASH_COATED_OSMIUM;XIRECS;10011.0;8
527400;;TAKER;ASH_COATED_OSMIUM;XIRECS;9991.0;14
527700;;TAKER;INTARIAN_PEPPER_ROOT;XIRECS;12088.0;14
527800;TAKER;;INTARIAN_PEPPER_ROOT;XIRECS;12100.0;5
527800;;TAKER;ASH_COATED_OSMIUM;XIRECS;9989.0;3
527900;;TAKER;ASH_COATED_OSMIUM;XIRECS;9990.0;9
528000;;TAKER;INTARIAN_PEPPER_ROOT;XIRECS;12086.0;8
528000;;TAKER;ASH_COATED_OSMIUM;XIRECS;9989.0;6
528100;;TAKER;ASH_COATED_OSMIUM;XIRECS;9991.0;9
528200;;TAKER;ASH_COATED_OSMIUM;XIRECS;9992.0;9
528300;TAKER;;ASH_COATED_OSMIUM;XIRECS;10010.0;2
528500;;TAKER;ASH_COATED_OSMIUM;XIRECS;9987.0;7
528600;;TAKER;INTARIAN_PEPPER_ROOT;XIRECS;12086.0;2
528700;TAKER;;ASH_COATED_OSMIUM;XIRECS;10009.0;11
528900;;TAKER;ASH_COATED_OSMIUM;XIRECS;9988.0;15
529000;TAKER;;ASH_COATED_OSMIUM;XIRECS;10008.0;13
529100;;TAKER;ASH_COATED_OSMIUM;XIRECS;9990.0;11
529300;TAKER;;ASH_COATED_OSMIUM;XIRECS;10010.0;6
529500;;TAKER;INTARIAN_PEPPER_ROOT;XIRECS;12086.0;15
529600;;TAKER;ASH_COATED_OSMIUM;XIRECS;9992.0;9
530200;;TAKER;ASH_COATED_OSMIUM;XIRECS;9992.0;2
530400;;TAKER;INTARIAN_PEPPER_ROOT;XIRECS;12087.0;9
530700;TAKER;;ASH_COATED_OSMIUM;XIRECS;10009.0;5
530800;;TAKER;ASH_COATED_OSMIUM;XIRECS;9990.0;7
531200;;TAKER;INTARIAN_PEPPER_ROOT;XIRECS;12087.0;13
531300;TAKER;;ASH_COATED_OSMIUM;XIRECS;10006.0;10
531400;TAKER;;INTARIAN_PEPPER_ROOT;XIRECS;12100.0;2
531500;;TAKER;INTARIAN_PEPPER_ROOT;XIRECS;12084.0;5
531700;TAKER;;INTARIAN_PEPPER_ROOT;XIRECS;12101.0;13
531800;;TAKER;INTARIAN_PEPPER_ROOT;XIRECS;12085.0;12
531900;;TAKER;ASH_COATED_OSMIUM;XIRECS;9991.0;3
532000;TAKER;;INTARIAN_PEPPER_ROOT;XIRECS;12100.0;11
532200;;TAKER;INTARIAN_PEPPER_ROOT;XIRECS;12086.0;13
532400;;TAKER;INTARIAN_PEPPER_ROOT;XIRECS;12085.0;10
532400;TAKER;;ASH_COATED_OSMIUM;XIRECS;10008.0;8
533000;TAKER;;INTARIAN_PEPPER_ROOT;XIRECS;12100.0;14
533000;TAKER;;ASH_COATED_OSMIUM;XIRECS;10008.0;8
533200;;TAKER;INTARIAN_PEPPER_ROOT;XIRECS;12085.0;14
533200;;TAKER;ASH_COATED_OSMIUM;XIRECS;9990.0;9
533500;TAKER;;ASH_COATED_OSMIUM;XIRECS;10008.0;8
533600;TAKER;;ASH_COATED_OSMIUM;XIRECS;10008.0;6
533700;TAKER;;INTARIAN_PEPPER_ROOT;XIRECS;12101.0;7
533900;;TAKER;INTARIAN_PEPPER_ROOT;XIRECS;12088.0;14
534000;;TAKER;INTARIAN_PEPPER_ROOT;XIRECS;12086.0;4
534500;;TAKER;INTARIAN_PEPPER_ROOT;XIRECS;12086.0;12
534800;;TAKER;INTARIAN_PEPPER_ROOT;XIRECS;12086.0;7
535000;TAKER;;ASH_COATED_OSMIUM;XIRECS;10008.0;10
535200;TAKER;;INTARIAN_PEPPER_ROOT;XIRECS;12100.0;5
535600;TAKER;;ASH_COATED_OSMIUM;XIRECS;10008.0;15
535700;TAKER;;ASH_COATED_OSMIUM;XIRECS;10010.0;12
535900;;TAKER;INTARIAN_PEPPER_ROOT;XIRECS;12085.0;8
536000;TAKER;;INTARIAN_PEPPER_ROOT;XIRECS;12097.0;5
536100;TAKER;;ASH_COATED_OSMIUM;XIRECS;10010.0;7
536200;;TAKER;ASH_COATED_OSMIUM;XIRECS;9993.0;11
536300;;TAKER;INTARIAN_PEPPER_ROOT;XIRECS;12084.0;12
536400;TAKER;;INTARIAN_PEPPER_ROOT;XIRECS;12099.0;8
536400;TAKER;;ASH_COATED_OSMIUM;XIRECS;10006.0;15
536600;TAKER;;INTARIAN_PEPPER_ROOT;XIRECS;12100.0;10
536700;TAKER;;ASH_COATED_OSMIUM;XIRECS;10008.0;5
536900;TAKER;;INTARIAN_PEPPER_ROOT;XIRECS;12097.0;7
537300;;TAKER;INTARIAN_PEPPER_ROOT;XIRECS;12085.0;9
537500;TAKER;;ASH_COATED_OSMIUM;XIRECS;10011.0;10
537600;TAKER;;ASH_COATED_OSMIUM;XIRECS;10009.0;4
537700;TAKER;;INTARIAN_PEPPER_ROOT;XIRECS;12098.0;15
538000;;TAKER;INTARIAN_PEPPER_ROOT;XIRECS;12084.0;15
538100;TAKER;;ASH_COATED_OSMIUM;XIRECS;10004.0;13
538200;;TAKER;INTARIAN_PEPPER_ROOT;XIRECS;12085.0;9
538300;TAKER;;INTARIAN_PEPPER_ROOT;XIRECS;12098.0;4
538500;TAKER;;ASH_COATED_OSMIUM;XIRECS;10009.0;13
538600;;TAKER;INTARIAN_PEPPER_ROOT;XIRECS;12086.0;4
538700;TAKER;;INTARIAN_PEPPER_ROOT;XIRECS;12099.0;3
538700;;TAKER;ASH_COATED_OSMIUM;XIRECS;9989.0;9
539300;;TAKER;ASH_COATED_OSMIUM;XIRECS;9994.0;4
539500;TAKER;;ASH_COATED_OSMIUM;XIRECS;10006.0;4
539900;;TAKER;ASH_COATED_OSMIUM;XIRECS;9991.0;12
540800;TAKER;;ASH_COATED_OSMIUM;XIRECS;10009.0;8
540900;;TAKER;INTARIAN_PEPPER_ROOT;XIRECS;12087.0;8
541000;;TAKER;ASH_COATED_OSMIUM;XIRECS;9989.0;15
541200;;TAKER;INTARIAN_PEPPER_ROOT;XIRECS;12084.0;13
541500;;TAKER;ASH_COATED_OSMIUM;XIRECS;9988.0;5
541600;;TAKER;ASH_COATED_OSMIUM;XIRECS;9989.0;8
541700;;TAKER;ASH_COATED_OSMIUM;XIRECS;9990.0;15
541800;;TAKER;ASH_COATED_OSMIUM;XIRECS;9991.0;5
542400;;TAKER;INTARIAN_PEPPER_ROOT;XIRECS;12084.0;12
542400;;TAKER;ASH_COATED_OSMIUM;XIRECS;9990.0;9
542500;;TAKER;ASH_COATED_OSMIUM;XIRECS;9992.0;4
542700;;TAKER;INTARIAN_PEPPER_ROOT;XIRECS;12085.0;15
542700;;TAKER;ASH_COATED_OSMIUM;XIRECS;9991.0;15
543000;TAKER;;ASH_COATED_OSMIUM;XIRECS;10006.0;13
543200;TAKER;;INTARIAN_PEPPER_ROOT;XIRECS;12097.0;7
543300;TAKER;;INTARIAN_PEPPER_ROOT;XIRECS;12098.0;11
543400;;TAKER;ASH_COATED_OSMIUM;XIRECS;9992.0;11
543500;TAKER;;ASH_COATED_OSMIUM;XIRECS;10003.0;7
543700;TAKER;;ASH_COATED_OSMIUM;XIRECS;10006.0;2
543800;;TAKER;INTARIAN_PEPPER_ROOT;XIRECS;12084.0;8
543900;TAKER;;INTARIAN_PEPPER_ROOT;XIRECS;12096.0;2
544400;;TAKER;INTARIAN_PEPPER_ROOT;XIRECS;12083.0;7
544600;;TAKER;INTARIAN_PEPPER_ROOT;XIRECS;12084.0;15
545000;TAKER;;INTARIAN_PEPPER_ROOT;XIRECS;12095.0;4
545200;TAKER;;ASH_COATED_OSMIUM;XIRECS;10010.0;3
545300;;TAKER;INTARIAN_PEPPER_ROOT;XIRECS;12083.0;4
545300;TAKER;;ASH_COATED_OSMIUM;XIRECS;10005.0;4
545400;;TAKER;INTARIAN_PEPPER_ROOT;XIRECS;12083.0;8
545500;TAKER;;ASH_COATED_OSMIUM;XIRECS;10010.0;10
545700;TAKER;;ASH_COATED_OSMIUM;XIRECS;10009.0;7
545800;;TAKER;ASH_COATED_OSMIUM;XIRECS;9992.0;8
545900;;TAKER;ASH_COATED_OSMIUM;XIRECS;9991.0;11
546000;TAKER;;INTARIAN_PEPPER_ROOT;XIRECS;12097.0;6
546100;TAKER;;ASH_COATED_OSMIUM;XIRECS;10007.0;12
546400;;TAKER;INTARIAN_PEPPER_ROOT;XIRECS;12081.0;5
546500;;TAKER;ASH_COATED_OSMIUM;XIRECS;9993.0;7
546600;;TAKER;ASH_COATED_OSMIUM;XIRECS;9991.0;5
546700;TAKER;;INTARIAN_PEPPER_ROOT;XIRECS;12096.0;14
546800;;TAKER;INTARIAN_PEPPER_ROOT;XIRECS;12084.0;5
547000;;TAKER;ASH_COATED_OSMIUM;XIRECS;9988.0;5
547200;;TAKER;INTARIAN_PEPPER_ROOT;XIRECS;12086.0;5
547200;;TAKER;ASH_COATED_OSMIUM;XIRECS;9989.0;3
547400;TAKER;;ASH_COATED_OSMIUM;XIRECS;10009.0;3
547600;;TAKER;ASH_COATED_OSMIUM;XIRECS;9987.0;7
547800;;TAKER;ASH_COATED_OSMIUM;XIRECS;9988.0;8
548000;TAKER;;INTARIAN_PEPPER_ROOT;XIRECS;12098.0;5
548200;;TAKER;ASH_COATED_OSMIUM;XIRECS;9991.0;11
548300;TAKER;;INTARIAN_PEPPER_ROOT;XIRECS;12097.0;8
548300;TAKER;;ASH_COATED_OSMIUM;XIRECS;10005.0;2
548500;;TAKER;ASH_COATED_OSMIUM;XIRECS;9994.0;15
549200;TAKER;;INTARIAN_PEPPER_ROOT;XIRECS;12098.0;10
549300;TAKER;;ASH_COATED_OSMIUM;XIRECS;10009.0;12
549400;TAKER;;ASH_COATED_OSMIUM;XIRECS;10006.0;10
549500;;TAKER;ASH_COATED_OSMIUM;XIRECS;9993.0;8
549600;;TAKER;ASH_COATED_OSMIUM;XIRECS;9989.0;2
549800;;TAKER;ASH_COATED_OSMIUM;XIRECS;9989.0;14
549900;;TAKER;ASH_COATED_OSMIUM;XIRECS;9992.0;3
550000;;TAKER;INTARIAN_PEPPER_ROOT;XIRECS;12082.0;9
550100;TAKER;;ASH_COATED_OSMIUM;XIRECS;10007.0;8
550400;TAKER;;INTARIAN_PEPPER_ROOT;XIRECS;12096.0;4
550500;TAKER;;INTARIAN_PEPPER_ROOT;XIRECS;12097.0;13
550600;;TAKER;INTARIAN_PEPPER_ROOT;XIRECS;12084.0;7
551100;;TAKER;ASH_COATED_OSMIUM;XIRECS;9990.0;6
551200;TAKER;;ASH_COATED_OSMIUM;XIRECS;10011.0;3
551300;TAKER;;INTARIAN_PEPPER_ROOT;XIRECS;12097.0;12
551500;;TAKER;INTARIAN_PEPPER_ROOT;XIRECS;12083.0;13
551600;TAKER;;ASH_COATED_OSMIUM;XIRECS;10003.0;11
551700;TAKER;;INTARIAN_PEPPER_ROOT;XIRECS;12097.0;11
551800;TAKER;;INTARIAN_PEPPER_ROOT;XIRECS;12095.0;10
552000;TAKER;;INTARIAN_PEPPER_ROOT;XIRECS;12097.0;13
552000;TAKER;;ASH_COATED_OSMIUM;XIRECS;10006.0;12
552200;;TAKER;INTARIAN_PEPPER_ROOT;XIRECS;12081.0;9
552400;TAKER;;INTARIAN_PEPPER_ROOT;XIRECS;12096.0;5
552700;;TAKER;INTARIAN_PEPPER_ROOT;XIRECS;12083.0;11
552700;;TAKER;ASH_COATED_OSMIUM;XIRECS;9990.0;14
552900;TAKER;;ASH_COATED_OSMIUM;XIRECS;10010.0;3
553000;TAKER;;ASH_COATED_OSMIUM;XIRECS;10006.0;3
553700;TAKER;;INTARIAN_PEPPER_ROOT;XIRECS;12095.0;2
553800;;TAKER;INTARIAN_PEPPER_ROOT;XIRECS;12081.0;2
553800;;TAKER;ASH_COATED_OSMIUM;XIRECS;9986.0;3
554000;TAKER;;INTARIAN_PEPPER_ROOT;XIRECS;12094.0;8
554100;TAKER;;INTARIAN_PEPPER_ROOT;XIRECS;12096.0;7
554100;TAKER;;ASH_COATED_OSMIUM;XIRECS;10009.0;11
554200;;TAKER;ASH_COATED_OSMIUM;XIRECS;9989.0;2
554600;TAKER;;ASH_COATED_OSMIUM;XIRECS;10008.0;10
554800;;TAKER;INTARIAN_PEPPER_ROOT;XIRECS;12082.0;15
555000;TAKER;;ASH_COATED_OSMIUM;XIRECS;10006.0;12
555200;;TAKER;INTARIAN_PEPPER_ROOT;XIRECS;12079.0;4
555300;TAKER;;ASH_COATED_OSMIUM;XIRECS;10009.0;5
555500;TAKER;;INTARIAN_PEPPER_ROOT;XIRECS;12095.0;13
555600;;TAKER;ASH_COATED_OSMIUM;XIRECS;9990.0;5
556300;;TAKER;INTARIAN_PEPPER_ROOT;XIRECS;12081.0;14
556400;TAKER;;ASH_COATED_OSMIUM;XIRECS;10007.0;2
556600;;TAKER;ASH_COATED_OSMIUM;XIRECS;9990.0;3
556700;;TAKER;INTARIAN_PEPPER_ROOT;XIRECS;12082.0;3
556900;;TAKER;INTARIAN_PEPPER_ROOT;XIRECS;12082.0;11
557000;TAKER;;INTARIAN_PEPPER_ROOT;XIRECS;12094.0;8
557100;;TAKER;INTARIAN_PEPPER_ROOT;XIRECS;12082.0;6
557300;;TAKER;ASH_COATED_OSMIUM;XIRECS;9991.0;5
558000;;TAKER;INTARIAN_PEPPER_ROOT;XIRECS;12080.0;9
558100;TAKER;;ASH_COATED_OSMIUM;XIRECS;10011.0;11
558200;TAKER;;INTARIAN_PEPPER_ROOT;XIRECS;12095.0;15
558200;;TAKER;ASH_COATED_OSMIUM;XIRECS;9993.0;6
558500;TAKER;;INTARIAN_PEPPER_ROOT;XIRECS;12095.0;2
558600;TAKER;;INTARIAN_PEPPER_ROOT;XIRECS;12096.0;11
558900;TAKER;;INTARIAN_PEPPER_ROOT;XIRECS;12094.0;15
558900;;TAKER;ASH_COATED_OSMIUM;XIRECS;9991.0;7
559200;TAKER;;INTARIAN_PEPPER_ROOT;XIRECS;12094.0;2
559200;;TAKER;ASH_COATED_OSMIUM;XIRECS;9991.0;15
559600;TAKER;;INTARIAN_PEPPER_ROOT;XIRECS;12094.0;10
559600;;TAKER;ASH_COATED_OSMIUM;XIRECS;9990.0;8
559700;;TAKER;ASH_COATED_OSMIUM;XIRECS;9991.0;10
559900;;TAKER;ASH_COATED_OSMIUM;XIRECS;9991.0;2
560200;TAKER;;ASH_COATED_OSMIUM;XIRECS;10007.0;3
560500;;TAKER;ASH_COATED_OSMIUM;XIRECS;9989.0;9
560700;TAKER;;ASH_COATED_OSMIUM;XIRECS;10008.0;9
561000;;TAKER;INTARIAN_PEPPER_ROOT;XIRECS;12081.0;15
561100;;TAKER;INTARIAN_PEPPER_ROOT;XIRECS;12080.0;2
561200;;TAKER;INTARIAN_PEPPER_ROOT;XIRECS;12079.0;9
561800;;TAKER;ASH_COATED_OSMIUM;XIRECS;9992.0;9
562000;TAKER;;ASH_COATED_OSMIUM;XIRECS;10008.0;4
562100;TAKER;;INTARIAN_PEPPER_ROOT;XIRECS;12093.0;10
562100;;TAKER;ASH_COATED_OSMIUM;XIRECS;9989.0;15
562400;;TAKER;ASH_COATED_OSMIUM;XIRECS;9994.0;4
562600;TAKER;;INTARIAN_PEPPER_ROOT;XIRECS;12094.0;3
562700;;TAKER;INTARIAN_PEPPER_ROOT;XIRECS;12083.0;5
562800;TAKER;;ASH_COATED_OSMIUM;XIRECS;10011.0;11
562900;;TAKER;ASH_COATED_OSMIUM;XIRECS;9988.0;5
563000;;TAKER;INTARIAN_PEPPER_ROOT;XIRECS;12080.0;15
563100;TAKER;;INTARIAN_PEPPER_ROOT;XIRECS;12092.0;9
563200;TAKER;;INTARIAN_PEPPER_ROOT;XIRECS;12094.0;4
563200;;TAKER;ASH_COATED_OSMIUM;XIRECS;9988.0;9
563300;TAKER;;INTARIAN_PEPPER_ROOT;XIRECS;12091.0;14
563400;;TAKER;INTARIAN_PEPPER_ROOT;XIRECS;12080.0;3
563700;;TAKER;INTARIAN_PEPPER_ROOT;XIRECS;12082.0;8
563800;TAKER;;ASH_COATED_OSMIUM;XIRECS;10008.0;8
563900;;TAKER;ASH_COATED_OSMIUM;XIRECS;9988.0;12
564000;TAKER;;INTARIAN_PEPPER_ROOT;XIRECS;12093.0;6
564000;TAKER;;ASH_COATED_OSMIUM;XIRECS;10008.0;8
564300;;TAKER;ASH_COATED_OSMIUM;XIRECS;9989.0;15
564400;TAKER;;INTARIAN_PEPPER_ROOT;XIRECS;12094.0;3
564400;TAKER;;ASH_COATED_OSMIUM;XIRECS;10007.0;15
564500;TAKER;;INTARIAN_PEPPER_ROOT;XIRECS;12093.0;14
564600;TAKER;;ASH_COATED_OSMIUM;XIRECS;10007.0;4
565300;TAKER;;INTARIAN_PEPPER_ROOT;XIRECS;12093.0;15
565400;TAKER;;INTARIAN_PEPPER_ROOT;XIRECS;12092.0;12
565400;TAKER;;ASH_COATED_OSMIUM;XIRECS;10015.0;9
566100;;TAKER;ASH_COATED_OSMIUM;XIRECS;9994.0;5
566200;TAKER;;INTARIAN_PEPPER_ROOT;XIRECS;12093.0;7
566300;TAKER;;ASH_COATED_OSMIUM;XIRECS;10005.0;11
566700;TAKER;;INTARIAN_PEPPER_ROOT;XIRECS;12093.0;7
566700;;TAKER;ASH_COATED_OSMIUM;XIRECS;9988.0;6
566800;TAKER;;INTARIAN_PEPPER_ROOT;XIRECS;12093.0;3
567100;;TAKER;ASH_COATED_OSMIUM;XIRECS;9992.0;10
567500;;TAKER;ASH_COATED_OSMIUM;XIRECS;9992.0;15
567600;TAKER;;INTARIAN_PEPPER_ROOT;XIRECS;12094.0;15
567600;;TAKER;ASH_COATED_OSMIUM;XIRECS;9989.0;10
567700;;TAKER;INTARIAN_PEPPER_ROOT;XIRECS;12079.0;11
567700;;TAKER;ASH_COATED_OSMIUM;XIRECS;9990.0;13
568100;;TAKER;ASH_COATED_OSMIUM;XIRECS;9990.0;4
568200;TAKER;;INTARIAN_PEPPER_ROOT;XIRECS;12092.0;5
568200;;TAKER;ASH_COATED_OSMIUM;XIRECS;9989.0;5
568300;;TAKER;ASH_COATED_OSMIUM;XIRECS;9988.0;6
568400;TAKER;;ASH_COATED_OSMIUM;XIRECS;10009.0;7
568700;TAKER;;INTARIAN_PEPPER_ROOT;XIRECS;12093.0;13
568800;;TAKER;INTARIAN_PEPPER_ROOT;XIRECS;12077.0;11
568900;TAKER;;ASH_COATED_OSMIUM;XIRECS;10010.0;15
569200;TAKER;;ASH_COATED_OSMIUM;XIRECS;10006.0;11
569400;;TAKER;INTARIAN_PEPPER_ROOT;XIRECS;12077.0;2
569700;TAKER;;ASH_COATED_OSMIUM;XIRECS;10012.0;2
569800;;TAKER;INTARIAN_PEPPER_ROOT;XIRECS;12081.0;13
570000;;TAKER;INTARIAN_PEPPER_ROOT;XIRECS;12080.0;3
570400;TAKER;;ASH_COATED_OSMIUM;XIRECS;10006.0;5
570800;;TAKER;INTARIAN_PEPPER_ROOT;XIRECS;12079.0;9
570900;TAKER;;INTARIAN_PEPPER_ROOT;XIRECS;12093.0;15
570900;TAKER;;ASH_COATED_OSMIUM;XIRECS;10011.0;13
571000;TAKER;;ASH_COATED_OSMIUM;XIRECS;10009.0;6
571300;;TAKER;ASH_COATED_OSMIUM;XIRECS;9988.0;7
571400;;TAKER;ASH_COATED_OSMIUM;XIRECS;9990.0;14
571600;TAKER;;INTARIAN_PEPPER_ROOT;XIRECS;12093.0;9
571800;;TAKER;ASH_COATED_OSMIUM;XIRECS;9991.0;14
572000;;TAKER;INTARIAN_PEPPER_ROOT;XIRECS;12079.0;9
572100;TAKER;;ASH_COATED_OSMIUM;XIRECS;10007.0;2
572200;;TAKER;INTARIAN_PEPPER_ROOT;XIRECS;12079.0;15
572400;TAKER;;ASH_COATED_OSMIUM;XIRECS;10007.0;15
572500;;TAKER;INTARIAN_PEPPER_ROOT;XIRECS;12078.0;11
572500;;TAKER;ASH_COATED_OSMIUM;XIRECS;9989.0;4
572800;;TAKER;INTARIAN_PEPPER_ROOT;XIRECS;12079.0;3
572900;;TAKER;ASH_COATED_OSMIUM;XIRECS;9987.0;10
573000;;TAKER;INTARIAN_PEPPER_ROOT;XIRECS;12078.0;4
573100;;TAKER;INTARIAN_PEPPER_ROOT;XIRECS;12078.0;8
573100;;TAKER;ASH_COATED_OSMIUM;XIRECS;9992.0;2
573200;;TAKER;INTARIAN_PEPPER_ROOT;XIRECS;12076.0;14
573700;;TAKER;INTARIAN_PEPPER_ROOT;XIRECS;12078.0;3
573800;TAKER;;INTARIAN_PEPPER_ROOT;XIRECS;12091.0;4
573800;TAKER;;ASH_COATED_OSMIUM;XIRECS;10012.0;12
574100;TAKER;;ASH_COATED_OSMIUM;XIRECS;10011.0;13
574300;TAKER;;INTARIAN_PEPPER_ROOT;XIRECS;12091.0;13
574400;;TAKER;ASH_COATED_OSMIUM;XIRECS;9991.0;13
574700;TAKER;;ASH_COATED_OSMIUM;XIRECS;10008.0;11
574900;TAKER;;INTARIAN_PEPPER_ROOT;XIRECS;12094.0;12
574900;;TAKER;ASH_COATED_OSMIUM;XIRECS;9990.0;7
575000;;TAKER;INTARIAN_PEPPER_ROOT;XIRECS;12078.0;7
575700;;TAKER;INTARIAN_PEPPER_ROOT;XIRECS;12079.0;6
575700;TAKER;;ASH_COATED_OSMIUM;XIRECS;10010.0;2
575900;TAKER;;ASH_COATED_OSMIUM;XIRECS;10009.0;2
576200;TAKER;;INTARIAN_PEPPER_ROOT;XIRECS;12090.0;4
576200;;TAKER;ASH_COATED_OSMIUM;XIRECS;9990.0;5
576600;TAKER;;INTARIAN_PEPPER_ROOT;XIRECS;12091.0;7
576700;TAKER;;ASH_COATED_OSMIUM;XIRECS;10009.0;10
577100;TAKER;;ASH_COATED_OSMIUM;XIRECS;10007.0;15
577200;;TAKER;ASH_COATED_OSMIUM;XIRECS;9990.0;10
577400;;TAKER;INTARIAN_PEPPER_ROOT;XIRECS;12078.0;13
577400;;TAKER;ASH_COATED_OSMIUM;XIRECS;9990.0;12
577500;;TAKER;ASH_COATED_OSMIUM;XIRECS;9992.0;12
577700;TAKER;;INTARIAN_PEPPER_ROOT;XIRECS;12092.0;7
577800;;TAKER;INTARIAN_PEPPER_ROOT;XIRECS;12077.0;13
577800;TAKER;;ASH_COATED_OSMIUM;XIRECS;10013.0;6
577900;;TAKER;ASH_COATED_OSMIUM;XIRECS;9987.0;9
578000;;TAKER;INTARIAN_PEPPER_ROOT;XIRECS;12078.0;5
578000;;TAKER;ASH_COATED_OSMIUM;XIRECS;9989.0;11
578100;TAKER;;ASH_COATED_OSMIUM;XIRECS;10008.0;8
578200;TAKER;;ASH_COATED_OSMIUM;XIRECS;10014.0;14
578400;TAKER;;ASH_COATED_OSMIUM;XIRECS;10010.0;15
578500;TAKER;;ASH_COATED_OSMIUM;XIRECS;10012.0;8
578600;;TAKER;INTARIAN_PEPPER_ROOT;XIRECS;12075.0;14
578800;;TAKER;ASH_COATED_OSMIUM;XIRECS;9994.0;3
579100;TAKER;;ASH_COATED_OSMIUM;XIRECS;10007.0;11
579200;;TAKER;INTARIAN_PEPPER_ROOT;XIRECS;12076.0;6
579300;;TAKER;ASH_COATED_OSMIUM;XIRECS;9989.0;15
579500;;TAKER;INTARIAN_PEPPER_ROOT;XIRECS;12077.0;9
579700;TAKER;;INTARIAN_PEPPER_ROOT;XIRECS;12090.0;5
579800;TAKER;;INTARIAN_PEPPER_ROOT;XIRECS;12090.0;2
580200;;TAKER;ASH_COATED_OSMIUM;XIRECS;9992.0;2
580700;;TAKER;INTARIAN_PEPPER_ROOT;XIRECS;12076.0;2
580700;TAKER;;ASH_COATED_OSMIUM;XIRECS;10009.0;7
581000;TAKER;;INTARIAN_PEPPER_ROOT;XIRECS;12090.0;15
581300;TAKER;;ASH_COATED_OSMIUM;XIRECS;10008.0;4
581400;TAKER;;INTARIAN_PEPPER_ROOT;XIRECS;12090.0;7
581500;;TAKER;INTARIAN_PEPPER_ROOT;XIRECS;12077.0;14
582000;;TAKER;ASH_COATED_OSMIUM;XIRECS;9991.0;13
582200;;TAKER;INTARIAN_PEPPER_ROOT;XIRECS;12077.0;14
582400;;TAKER;ASH_COATED_OSMIUM;XIRECS;9990.0;5
582600;TAKER;;INTARIAN_PEPPER_ROOT;XIRECS;12088.0;5
582700;;TAKER;INTARIAN_PEPPER_ROOT;XIRECS;12075.0;15
582800;TAKER;;ASH_COATED_OSMIUM;XIRECS;10009.0;10
582900;TAKER;;INTARIAN_PEPPER_ROOT;XIRECS;12091.0;2
583300;;TAKER;INTARIAN_PEPPER_ROOT;XIRECS;12075.0;14
583600;TAKER;;INTARIAN_PEPPER_ROOT;XIRECS;12091.0;6
583600;TAKER;;ASH_COATED_OSMIUM;XIRECS;10008.0;11
583800;TAKER;;INTARIAN_PEPPER_ROOT;XIRECS;12089.0;8
583900;TAKER;;ASH_COATED_OSMIUM;XIRECS;10011.0;2
584000;;TAKER;ASH_COATED_OSMIUM;XIRECS;9990.0;6
584100;;TAKER;INTARIAN_PEPPER_ROOT;XIRECS;12075.0;4
584500;;TAKER;ASH_COATED_OSMIUM;XIRECS;9989.0;6
584700;;TAKER;INTARIAN_PEPPER_ROOT;XIRECS;12076.0;5
585000;TAKER;;ASH_COATED_OSMIUM;XIRECS;10012.0;15
585200;;TAKER;INTARIAN_PEPPER_ROOT;XIRECS;12077.0;12
585400;TAKER;;INTARIAN_PEPPER_ROOT;XIRECS;12089.0;9
585400;;TAKER;ASH_COATED_OSMIUM;XIRECS;9992.0;4
585600;;TAKER;ASH_COATED_OSMIUM;XIRECS;9990.0;15
586100;;TAKER;INTARIAN_PEPPER_ROOT;XIRECS;12075.0;5
586500;;TAKER;ASH_COATED_OSMIUM;XIRECS;9991.0;2
587100;TAKER;;INTARIAN_PEPPER_ROOT;XIRECS;12088.0;10
587300;;TAKER;INTARIAN_PEPPER_ROOT;XIRECS;12075.0;3
587300;;TAKER;ASH_COATED_OSMIUM;XIRECS;9990.0;6
587600;TAKER;;ASH_COATED_OSMIUM;XIRECS;10005.0;6
587900;TAKER;;INTARIAN_PEPPER_ROOT;XIRECS;12089.0;14
588000;TAKER;;ASH_COATED_OSMIUM;XIRECS;10008.0;10
588200;TAKER;;INTARIAN_PEPPER_ROOT;XIRECS;12090.0;10
588300;;TAKER;ASH_COATED_OSMIUM;XIRECS;9992.0;7
588400;TAKER;;ASH_COATED_OSMIUM;XIRECS;10005.0;3
588600;;TAKER;ASH_COATED_OSMIUM;XIRECS;9992.0;3
588900;TAKER;;INTARIAN_PEPPER_ROOT;XIRECS;12090.0;10
589000;TAKER;;ASH_COATED_OSMIUM;XIRECS;10009.0;7
589200;;TAKER;INTARIAN_PEPPER_ROOT;XIRECS;12074.0;6
589200;;TAKER;ASH_COATED_OSMIUM;XIRECS;9991.0;4
589300;TAKER;;INTARIAN_PEPPER_ROOT;XIRECS;12089.0;14
589600;TAKER;;INTARIAN_PEPPER_ROOT;XIRECS;12088.0;10
589600;;TAKER;ASH_COATED_OSMIUM;XIRECS;9989.0;8
589800;;TAKER;INTARIAN_PEPPER_ROOT;XIRECS;12075.0;2
589900;TAKER;;INTARIAN_PEPPER_ROOT;XIRECS;12086.0;3
590200;;TAKER;ASH_COATED_OSMIUM;XIRECS;9991.0;9
590300;TAKER;;ASH_COATED_OSMIUM;XIRECS;10006.0;5
590600;;TAKER;INTARIAN_PEPPER_ROOT;XIRECS;12075.0;9
590700;TAKER;;INTARIAN_PEPPER_ROOT;XIRECS;12090.0;15
590800;TAKER;;ASH_COATED_OSMIUM;XIRECS;10010.0;15
590900;TAKER;;ASH_COATED_OSMIUM;XIRECS;10007.0;9
591000;TAKER;;INTARIAN_PEPPER_ROOT;XIRECS;12088.0;10
591300;;TAKER;ASH_COATED_OSMIUM;XIRECS;9991.0;13
591400;TAKER;;INTARIAN_PEPPER_ROOT;XIRECS;12089.0;4
591400;TAKER;;ASH_COATED_OSMIUM;XIRECS;10009.0;12
591500;;TAKER;INTARIAN_PEPPER_ROOT;XIRECS;12073.0;13
592100;;TAKER;INTARIAN_PEPPER_ROOT;XIRECS;12073.0;10
592500;TAKER;;INTARIAN_PEPPER_ROOT;XIRECS;12086.0;2
592600;TAKER;;ASH_COATED_OSMIUM;XIRECS;10013.0;14
592700;TAKER;;INTARIAN_PEPPER_ROOT;XIRECS;12088.0;9
592700;TAKER;;ASH_COATED_OSMIUM;XIRECS;10005.0;7
592800;;TAKER;INTARIAN_PEPPER_ROOT;XIRECS;12075.0;9
593100;;TAKER;INTARIAN_PEPPER_ROOT;XIRECS;12074.0;15
593300;;TAKER;INTARIAN_PEPPER_ROOT;XIRECS;12075.0;8
593400;;TAKER;INTARIAN_PEPPER_ROOT;XIRECS;12072.0;4
593500;;TAKER;INTARIAN_PEPPER_ROOT;XIRECS;12073.0;6
593900;TAKER;;ASH_COATED_OSMIUM;XIRECS;10013.0;9
594000;;TAKER;INTARIAN_PEPPER_ROOT;XIRECS;12074.0;12
594000;;TAKER;ASH_COATED_OSMIUM;XIRECS;9990.0;14
594100;;TAKER;INTARIAN_PEPPER_ROOT;XIRECS;12072.0;2
594100;TAKER;;ASH_COATED_OSMIUM;XIRECS;10008.0;3
594200;TAKER;;INTARIAN_PEPPER_ROOT;XIRECS;12088.0;4
594400;;TAKER;ASH_COATED_OSMIUM;XIRECS;9994.0;9
594500;TAKER;;INTARIAN_PEPPER_ROOT;XIRECS;12088.0;15
594800;TAKER;;INTARIAN_PEPPER_ROOT;XIRECS;12086.0;10
594800;TAKER;;ASH_COATED_OSMIUM;XIRECS;10010.0;7
594900;;TAKER;ASH_COATED_OSMIUM;XIRECS;9989.0;5
595000;;TAKER;INTARIAN_PEPPER_ROOT;XIRECS;12075.0;13
595000;;TAKER;ASH_COATED_OSMIUM;XIRECS;9991.0;9
595100;;TAKER;ASH_COATED_OSMIUM;XIRECS;9989.0;4
595200;TAKER;;INTARIAN_PEPPER_ROOT;XIRECS;12086.0;5
595400;TAKER;;INTARIAN_PEPPER_ROOT;XIRECS;12088.0;11
595500;;TAKER;INTARIAN_PEPPER_ROOT;XIRECS;12072.0;8
595600;TAKER;;ASH_COATED_OSMIUM;XIRECS;10010.0;7
595800;TAKER;;ASH_COATED_OSMIUM;XIRECS;10004.0;10
595900;;TAKER;ASH_COATED_OSMIUM;XIRECS;9990.0;9
596300;;TAKER;INTARIAN_PEPPER_ROOT;XIRECS;12074.0;2
596300;;TAKER;ASH_COATED_OSMIUM;XIRECS;9991.0;4
596400;;TAKER;ASH_COATED_OSMIUM;XIRECS;9987.0;13
596500;TAKER;;ASH_COATED_OSMIUM;XIRECS;10007.0;10
596800;;TAKER;INTARIAN_PEPPER_ROOT;XIRECS;12072.0;5
597200;;TAKER;ASH_COATED_OSMIUM;XIRECS;9987.0;3
597400;;TAKER;INTARIAN_PEPPER_ROOT;XIRECS;12072.0;2
597400;TAKER;;ASH_COATED_OSMIUM;XIRECS;10005.0;10
597500;;TAKER;ASH_COATED_OSMIUM;XIRECS;9988.0;12
597600;TAKER;;INTARIAN_PEPPER_ROOT;XIRECS;12086.0;13
597900;TAKER;;ASH_COATED_OSMIUM;XIRECS;10007.0;7
598200;TAKER;;ASH_COATED_OSMIUM;XIRECS;10007.0;7
598700;;TAKER;INTARIAN_PEPPER_ROOT;XIRECS;12072.0;12
598900;TAKER;;ASH_COATED_OSMIUM;XIRECS;10012.0;14
599100;;TAKER;INTARIAN_PEPPER_ROOT;XIRECS;12074.0;5
599100;TAKER;;ASH_COATED_OSMIUM;XIRECS;10009.0;11
599200;TAKER;;ASH_COATED_OSMIUM;XIRECS;10006.0;10
599600;;TAKER;INTARIAN_PEPPER_ROOT;XIRECS;12073.0;8
599700;;TAKER;ASH_COATED_OSMIUM;XIRECS;9992.0;13
599800;;TAKER;ASH_COATED_OSMIUM;XIRECS;9989.0;7
600100;;TAKER;INTARIAN_PEPPER_ROOT;XIRECS;12071.0;5
600100;;TAKER;ASH_COATED_OSMIUM;XIRECS;9992.0;13
600200;TAKER;;ASH_COATED_OSMIUM;XIRECS;10008.0;14
600300;TAKER;;INTARIAN_PEPPER_ROOT;XIRECS;12086.0;10
600500;TAKER;;INTARIAN_PEPPER_ROOT;XIRECS;12088.0;13
600500;TAKER;;ASH_COATED_OSMIUM;XIRECS;10008.0;9
600600;TAKER;;INTARIAN_PEPPER_ROOT;XIRECS;12086.0;2
600800;TAKER;;INTARIAN_PEPPER_ROOT;XIRECS;12088.0;12
601200;TAKER;;INTARIAN_PEPPER_ROOT;XIRECS;12086.0;13
601400;TAKER;;ASH_COATED_OSMIUM;XIRECS;10008.0;4
601600;TAKER;;INTARIAN_PEPPER_ROOT;XIRECS;12084.0;11
601700;;TAKER;INTARIAN_PEPPER_ROOT;XIRECS;12071.0;5
601800;TAKER;;INTARIAN_PEPPER_ROOT;XIRECS;12086.0;4
601900;;TAKER;INTARIAN_PEPPER_ROOT;XIRECS;12071.0;8
601900;;TAKER;ASH_COATED_OSMIUM;XIRECS;9990.0;14
602000;;TAKER;INTARIAN_PEPPER_ROOT;XIRECS;12071.0;6
602000;;TAKER;ASH_COATED_OSMIUM;XIRECS;9987.0;11
602100;TAKER;;ASH_COATED_OSMIUM;XIRECS;10008.0;10
602200;TAKER;;INTARIAN_PEPPER_ROOT;XIRECS;12087.0;2
602600;TAKER;;ASH_COATED_OSMIUM;XIRECS;10013.0;10
602700;TAKER;;ASH_COATED_OSMIUM;XIRECS;10008.0;10
602900;;TAKER;INTARIAN_PEPPER_ROOT;XIRECS;12071.0;10
603000;TAKER;;INTARIAN_PEPPER_ROOT;XIRECS;12086.0;4
603100;TAKER;;ASH_COATED_OSMIUM;XIRECS;10009.0;4
603300;TAKER;;ASH_COATED_OSMIUM;XIRECS;10009.0;9
603400;TAKER;;INTARIAN_PEPPER_ROOT;XIRECS;12085.0;15
603400;;TAKER;ASH_COATED_OSMIUM;XIRECS;9992.0;11
603500;;TAKER;ASH_COATED_OSMIUM;XIRECS;9990.0;14
603600;;TAKER;INTARIAN_PEPPER_ROOT;XIRECS;12071.0;4
603700;TAKER;;INTARIAN_PEPPER_ROOT;XIRECS;12088.0;10
604000;;TAKER;INTARIAN_PEPPER_ROOT;XIRECS;12072.0;6
604100;TAKER;;INTARIAN_PEPPER_ROOT;XIRECS;12085.0;3
604500;TAKER;;ASH_COATED_OSMIUM;XIRECS;10010.0;8
604600;;TAKER;INTARIAN_PEPPER_ROOT;XIRECS;12071.0;15
604700;;TAKER;INTARIAN_PEPPER_ROOT;XIRECS;12072.0;10
604800;;TAKER;INTARIAN_PEPPER_ROOT;XIRECS;12073.0;12
604800;TAKER;;ASH_COATED_OSMIUM;XIRECS;10013.0;4
604900;TAKER;;ASH_COATED_OSMIUM;XIRECS;10010.0;12
605100;TAKER;;ASH_COATED_OSMIUM;XIRECS;10009.0;11
605200;TAKER;;INTARIAN_PEPPER_ROOT;XIRECS;12085.0;6
605200;TAKER;;ASH_COATED_OSMIUM;XIRECS;10008.0;10
605400;TAKER;;INTARIAN_PEPPER_ROOT;XIRECS;12087.0;10
605500;;TAKER;INTARIAN_PEPPER_ROOT;XIRECS;12069.0;10
605700;TAKER;;INTARIAN_PEPPER_ROOT;XIRECS;12085.0;12
605700;TAKER;;ASH_COATED_OSMIUM;XIRECS;10009.0;14
605800;;TAKER;INTARIAN_PEPPER_ROOT;XIRECS;12071.0;9
605900;;TAKER;INTARIAN_PEPPER_ROOT;XIRECS;12071.0;8
606000;TAKER;;ASH_COATED_OSMIUM;XIRECS;10008.0;15
606100;TAKER;;INTARIAN_PEPPER_ROOT;XIRECS;12085.0;5
606200;TAKER;;ASH_COATED_OSMIUM;XIRECS;10014.0;4
606400;TAKER;;ASH_COATED_OSMIUM;XIRECS;10001.0;5
606500;TAKER;;ASH_COATED_OSMIUM;XIRECS;10011.0;11
606600;TAKER;;INTARIAN_PEPPER_ROOT;XIRECS;12085.0;14
606700;;TAKER;ASH_COATED_OSMIUM;XIRECS;9990.0;9
606900;TAKER;;INTARIAN_PEPPER_ROOT;XIRECS;12085.0;8
606900;;TAKER;ASH_COATED_OSMIUM;XIRECS;9989.0;9
607700;;TAKER;INTARIAN_PEPPER_ROOT;XIRECS;12070.0;5
607700;;TAKER;ASH_COATED_OSMIUM;XIRECS;9986.0;2
607800;;TAKER;ASH_COATED_OSMIUM;XIRECS;9988.0;3
608100;;TAKER;ASH_COATED_OSMIUM;XIRECS;9990.0;8
608200;;TAKER;ASH_COATED_OSMIUM;XIRECS;9990.0;14
608600;;TAKER;ASH_COATED_OSMIUM;XIRECS;9986.0;5
608800;;TAKER;ASH_COATED_OSMIUM;XIRECS;9990.0;10
608900;;TAKER;ASH_COATED_OSMIUM;XIRECS;9993.0;14
609000;;TAKER;ASH_COATED_OSMIUM;XIRECS;9990.0;15
609200;;TAKER;ASH_COATED_OSMIUM;XIRECS;9989.0;9
609300;;TAKER;ASH_COATED_OSMIUM;XIRECS;9991.0;3
609400;;TAKER;ASH_COATED_OSMIUM;XIRECS;9990.0;11
609500;TAKER;;ASH_COATED_OSMIUM;XIRECS;10005.0;11
609600;;TAKER;INTARIAN_PEPPER_ROOT;XIRECS;12070.0;3
609800;;TAKER;ASH_COATED_OSMIUM;XIRECS;9993.0;2
610000;;TAKER;INTARIAN_PEPPER_ROOT;XIRECS;12071.0;8
610400;TAKER;;INTARIAN_PEPPER_ROOT;XIRECS;12084.0;10
610500;;TAKER;INTARIAN_PEPPER_ROOT;XIRECS;12073.0;10
610600;TAKER;;INTARIAN_PEPPER_ROOT;XIRECS;12085.0;13
610700;;TAKER;INTARIAN_PEPPER_ROOT;XIRECS;12071.0;11
610700;;TAKER;ASH_COATED_OSMIUM;XIRECS;9988.0;11
610800;;TAKER;INTARIAN_PEPPER_ROOT;XIRECS;12071.0;4
610900;TAKER;;INTARIAN_PEPPER_ROOT;XIRECS;12085.0;4
611000;TAKER;;INTARIAN_PEPPER_ROOT;XIRECS;12086.0;9
611000;;TAKER;ASH_COATED_OSMIUM;XIRECS;9985.0;14
611200;;TAKER;ASH_COATED_OSMIUM;XIRECS;9988.0;3
611700;TAKER;;INTARIAN_PEPPER_ROOT;XIRECS;12084.0;6
611700;;TAKER;ASH_COATED_OSMIUM;XIRECS;9992.0;10
611800;TAKER;;ASH_COATED_OSMIUM;XIRECS;10008.0;2
612200;TAKER;;INTARIAN_PEPPER_ROOT;XIRECS;12083.0;2
612300;;TAKER;INTARIAN_PEPPER_ROOT;XIRECS;12068.0;5
612400;TAKER;;INTARIAN_PEPPER_ROOT;XIRECS;12084.0;8
612500;;TAKER;INTARIAN_PEPPER_ROOT;XIRECS;12071.0;8
612600;;TAKER;ASH_COATED_OSMIUM;XIRECS;9991.0;3
612700;;TAKER;INTARIAN_PEPPER_ROOT;XIRECS;12071.0;5
612800;TAKER;;INTARIAN_PEPPER_ROOT;XIRECS;12085.0;5
612800;TAKER;;ASH_COATED_OSMIUM;XIRECS;10008.0;10
613100;;TAKER;INTARIAN_PEPPER_ROOT;XIRECS;12070.0;9
613400;TAKER;;INTARIAN_PEPPER_ROOT;XIRECS;12085.0;10
613400;TAKER;;ASH_COATED_OSMIUM;XIRECS;10008.0;15
613600;;TAKER;ASH_COATED_OSMIUM;XIRECS;9989.0;8
613700;TAKER;;INTARIAN_PEPPER_ROOT;XIRECS;12083.0;13
613800;;TAKER;INTARIAN_PEPPER_ROOT;XIRECS;12069.0;13
614000;;TAKER;ASH_COATED_OSMIUM;XIRECS;9991.0;2
614400;TAKER;;INTARIAN_PEPPER_ROOT;XIRECS;12083.0;3
614600;;TAKER;ASH_COATED_OSMIUM;XIRECS;9991.0;13
614800;;TAKER;ASH_COATED_OSMIUM;XIRECS;9989.0;15
614900;TAKER;;ASH_COATED_OSMIUM;XIRECS;10013.0;6
615000;;TAKER;INTARIAN_PEPPER_ROOT;XIRECS;12070.0;8
615100;;TAKER;INTARIAN_PEPPER_ROOT;XIRECS;12069.0;13
615200;TAKER;;INTARIAN_PEPPER_ROOT;XIRECS;12083.0;4
615200;;TAKER;ASH_COATED_OSMIUM;XIRECS;9990.0;3
615500;TAKER;;ASH_COATED_OSMIUM;XIRECS;10008.0;13
615600;TAKER;;ASH_COATED_OSMIUM;XIRECS;10007.0;6
615900;;TAKER;INTARIAN_PEPPER_ROOT;XIRECS;12071.0;15
616300;TAKER;;INTARIAN_PEPPER_ROOT;XIRECS;12084.0;2
616400;TAKER;;INTARIAN_PEPPER_ROOT;XIRECS;12082.0;4
616700;;TAKER;INTARIAN_PEPPER_ROOT;XIRECS;12070.0;14
616800;TAKER;;ASH_COATED_OSMIUM;XIRECS;10011.0;15
616900;TAKER;;ASH_COATED_OSMIUM;XIRECS;10013.0;3
617000;TAKER;;INTARIAN_PEPPER_ROOT;XIRECS;12082.0;6
617100;TAKER;;INTARIAN_PEPPER_ROOT;XIRECS;12083.0;3
618100;TAKER;;INTARIAN_PEPPER_ROOT;XIRECS;12084.0;3
618100;;TAKER;ASH_COATED_OSMIUM;XIRECS;9997.0;13
618600;TAKER;;ASH_COATED_OSMIUM;XIRECS;10005.0;10
618700;TAKER;;INTARIAN_PEPPER_ROOT;XIRECS;12082.0;13
618800;;TAKER;ASH_COATED_OSMIUM;XIRECS;9993.0;8
619000;;TAKER;INTARIAN_PEPPER_ROOT;XIRECS;12067.0;14
619000;;TAKER;ASH_COATED_OSMIUM;XIRECS;9993.0;12
619200;;TAKER;INTARIAN_PEPPER_ROOT;XIRECS;12070.0;9
619300;TAKER;;INTARIAN_PEPPER_ROOT;XIRECS;12082.0;8
619300;;TAKER;ASH_COATED_OSMIUM;XIRECS;9995.0;11
619400;;TAKER;INTARIAN_PEPPER_ROOT;XIRECS;12068.0;14
619500;;TAKER;ASH_COATED_OSMIUM;XIRECS;9989.0;6
619800;;TAKER;ASH_COATED_OSMIUM;XIRECS;9989.0;15
620000;TAKER;;ASH_COATED_OSMIUM;XIRECS;10012.0;11
620200;;TAKER;INTARIAN_PEPPER_ROOT;XIRECS;12069.0;14
620300;TAKER;;INTARIAN_PEPPER_ROOT;XIRECS;12082.0;13
620400;TAKER;;ASH_COATED_OSMIUM;XIRECS;10012.0;2
620500;;TAKER;INTARIAN_PEPPER_ROOT;XIRECS;12069.0;12
620500;;TAKER;ASH_COATED_OSMIUM;XIRECS;9992.0;8
620700;;TAKER;ASH_COATED_OSMIUM;XIRECS;9991.0;7
620900;;TAKER;ASH_COATED_OSMIUM;XIRECS;9992.0;15
621000;TAKER;;INTARIAN_PEPPER_ROOT;XIRECS;12081.0;7
621000;;TAKER;ASH_COATED_OSMIUM;XIRECS;9992.0;14
621200;TAKER;;INTARIAN_PEPPER_ROOT;XIRECS;12082.0;15
621300;;TAKER;INTARIAN_PEPPER_ROOT;XIRECS;12068.0;7
621700;;TAKER;INTARIAN_PEPPER_ROOT;XIRECS;12067.0;15
621700;;TAKER;ASH_COATED_OSMIUM;XIRECS;9991.0;2
621900;TAKER;;ASH_COATED_OSMIUM;XIRECS;10006.0;6
622000;TAKER;;INTARIAN_PEPPER_ROOT;XIRECS;12082.0;7
622000;TAKER;;ASH_COATED_OSMIUM;XIRECS;10007.0;15
622100;;TAKER;INTARIAN_PEPPER_ROOT;XIRECS;12067.0;8
622200;;TAKER;INTARIAN_PEPPER_ROOT;XIRECS;12068.0;7
622300;;TAKER;INTARIAN_PEPPER_ROOT;XIRECS;12068.0;12
622400;TAKER;;ASH_COATED_OSMIUM;XIRECS;10013.0;10
622500;TAKER;;INTARIAN_PEPPER_ROOT;XIRECS;12080.0;14
622500;TAKER;;ASH_COATED_OSMIUM;XIRECS;10007.0;3
622700;;TAKER;INTARIAN_PEPPER_ROOT;XIRECS;12067.0;4
622700;;TAKER;ASH_COATED_OSMIUM;XIRECS;9990.0;13
622800;TAKER;;INTARIAN_PEPPER_ROOT;XIRECS;12083.0;8
622800;TAKER;;ASH_COATED_OSMIUM;XIRECS;10008.0;7
623100;TAKER;;ASH_COATED_OSMIUM;XIRECS;10009.0;7
623200;TAKER;;INTARIAN_PEPPER_ROOT;XIRECS;12081.0;8
623400;;TAKER;INTARIAN_PEPPER_ROOT;XIRECS;12066.0;15
623500;TAKER;;ASH_COATED_OSMIUM;XIRECS;10008.0;8
623600;;TAKER;ASH_COATED_OSMIUM;XIRECS;9990.0;11
623700;TAKER;;ASH_COATED_OSMIUM;XIRECS;10007.0;4
623900;TAKER;;INTARIAN_PEPPER_ROOT;XIRECS;12080.0;2
624000;TAKER;;INTARIAN_PEPPER_ROOT;XIRECS;12082.0;13
624400;TAKER;;INTARIAN_PEPPER_ROOT;XIRECS;12084.0;3
624500;;TAKER;INTARIAN_PEPPER_ROOT;XIRECS;12068.0;8
625000;;TAKER;ASH_COATED_OSMIUM;XIRECS;9992.0;15
625100;TAKER;;ASH_COATED_OSMIUM;XIRECS;10013.0;13
625200;TAKER;;ASH_COATED_OSMIUM;XIRECS;10005.0;7
625400;;TAKER;INTARIAN_PEPPER_ROOT;XIRECS;12069.0;3
625500;TAKER;;INTARIAN_PEPPER_ROOT;XIRECS;12081.0;13
625900;TAKER;;ASH_COATED_OSMIUM;XIRECS;10008.0;14
626000;TAKER;;INTARIAN_PEPPER_ROOT;XIRECS;12080.0;10
626000;TAKER;;ASH_COATED_OSMIUM;XIRECS;10008.0;10
626200;TAKER;;ASH_COATED_OSMIUM;XIRECS;10007.0;7
626300;;TAKER;INTARIAN_PEPPER_ROOT;XIRECS;12067.0;12
626300;;TAKER;ASH_COATED_OSMIUM;XIRECS;9996.0;7
626500;;TAKER;ASH_COATED_OSMIUM;XIRECS;9990.0;14
626600;TAKER;;INTARIAN_PEPPER_ROOT;XIRECS;12082.0;11
626800;;TAKER;ASH_COATED_OSMIUM;XIRECS;9990.0;14
627600;;TAKER;INTARIAN_PEPPER_ROOT;XIRECS;12066.0;14
627600;TAKER;;ASH_COATED_OSMIUM;XIRECS;10007.0;12
627700;TAKER;;INTARIAN_PEPPER_ROOT;XIRECS;12082.0;14
627800;;TAKER;INTARIAN_PEPPER_ROOT;XIRECS;12068.0;11
627800;;TAKER;ASH_COATED_OSMIUM;XIRECS;9990.0;2
627900;;TAKER;ASH_COATED_OSMIUM;XIRECS;9989.0;13
628000;;TAKER;INTARIAN_PEPPER_ROOT;XIRECS;12066.0;13
628100;;TAKER;INTARIAN_PEPPER_ROOT;XIRECS;12069.0;7
628100;TAKER;;ASH_COATED_OSMIUM;XIRECS;10008.0;12
628200;TAKER;;INTARIAN_PEPPER_ROOT;XIRECS;12081.0;4
628300;;TAKER;INTARIAN_PEPPER_ROOT;XIRECS;12067.0;2
628400;TAKER;;INTARIAN_PEPPER_ROOT;XIRECS;12080.0;9
628500;;TAKER;INTARIAN_PEPPER_ROOT;XIRECS;12066.0;9
628700;;TAKER;ASH_COATED_OSMIUM;XIRECS;9991.0;10
628900;;TAKER;INTARIAN_PEPPER_ROOT;XIRECS;12066.0;5
628900;TAKER;;ASH_COATED_OSMIUM;XIRECS;10005.0;15
629100;;TAKER;ASH_COATED_OSMIUM;XIRECS;9988.0;13
629200;TAKER;;ASH_COATED_OSMIUM;XIRECS;10007.0;3
629400;TAKER;;ASH_COATED_OSMIUM;XIRECS;10005.0;2
629500;TAKER;;INTARIAN_PEPPER_ROOT;XIRECS;12081.0;8
629500;;TAKER;ASH_COATED_OSMIUM;XIRECS;9990.0;2
629600;TAKER;;INTARIAN_PEPPER_ROOT;XIRECS;12082.0;11
629700;;TAKER;ASH_COATED_OSMIUM;XIRECS;9989.0;7
630100;TAKER;;INTARIAN_PEPPER_ROOT;XIRECS;12082.0;12
630200;TAKER;;ASH_COATED_OSMIUM;XIRECS;10011.0;3
630400;;TAKER;INTARIAN_PEPPER_ROOT;XIRECS;12065.0;9
630800;TAKER;;ASH_COATED_OSMIUM;XIRECS;10007.0;9
630900;;TAKER;ASH_COATED_OSMIUM;XIRECS;9991.0;7
631000;TAKER;;ASH_COATED_OSMIUM;XIRECS;10007.0;10
631200;TAKER;;ASH_COATED_OSMIUM;XIRECS;10008.0;14
631300;TAKER;;INTARIAN_PEPPER_ROOT;XIRECS;12080.0;8
631400;;TAKER;INTARIAN_PEPPER_ROOT;XIRECS;12066.0;5
631600;TAKER;;INTARIAN_PEPPER_ROOT;XIRECS;12081.0;4
631600;TAKER;;ASH_COATED_OSMIUM;XIRECS;10010.0;11
631700;;TAKER;INTARIAN_PEPPER_ROOT;XIRECS;12065.0;9
631700;TAKER;;ASH_COATED_OSMIUM;XIRECS;10008.0;4
631900;TAKER;;INTARIAN_PEPPER_ROOT;XIRECS;12080.0;5
632000;TAKER;;INTARIAN_PEPPER_ROOT;XIRECS;12079.0;8
632000;TAKER;;ASH_COATED_OSMIUM;XIRECS;10007.0;6
632300;;TAKER;INTARIAN_PEPPER_ROOT;XIRECS;12065.0;6
632300;TAKER;;ASH_COATED_OSMIUM;XIRECS;10010.0;9
632500;;TAKER;INTARIAN_PEPPER_ROOT;XIRECS;12066.0;9
632800;TAKER;;INTARIAN_PEPPER_ROOT;XIRECS;12081.0;8
632800;;TAKER;ASH_COATED_OSMIUM;XIRECS;9992.0;9
632900;;TAKER;ASH_COATED_OSMIUM;XIRECS;9989.0;15
633100;TAKER;;INTARIAN_PEPPER_ROOT;XIRECS;12081.0;8
633100;TAKER;;ASH_COATED_OSMIUM;XIRECS;10007.0;6
633200;TAKER;;ASH_COATED_OSMIUM;XIRECS;10009.0;5
633300;TAKER;;ASH_COATED_OSMIUM;XIRECS;10011.0;7
633500;TAKER;;ASH_COATED_OSMIUM;XIRECS;10007.0;4
633600;;TAKER;INTARIAN_PEPPER_ROOT;XIRECS;12065.0;5
633900;TAKER;;INTARIAN_PEPPER_ROOT;XIRECS;12081.0;6
633900;TAKER;;ASH_COATED_OSMIUM;XIRECS;10008.0;4
634000;;TAKER;ASH_COATED_OSMIUM;XIRECS;9989.0;8
634300;TAKER;;INTARIAN_PEPPER_ROOT;XIRECS;12080.0;7
634400;TAKER;;ASH_COATED_OSMIUM;XIRECS;10010.0;11
634500;;TAKER;ASH_COATED_OSMIUM;XIRECS;9991.0;14
634600;TAKER;;ASH_COATED_OSMIUM;XIRECS;10012.0;14
634900;;TAKER;INTARIAN_PEPPER_ROOT;XIRECS;12066.0;4
635100;TAKER;;INTARIAN_PEPPER_ROOT;XIRECS;12081.0;7
635200;TAKER;;INTARIAN_PEPPER_ROOT;XIRECS;12080.0;12
635200;TAKER;;ASH_COATED_OSMIUM;XIRECS;10007.0;2
635300;TAKER;;INTARIAN_PEPPER_ROOT;XIRECS;12079.0;5
635400;;TAKER;INTARIAN_PEPPER_ROOT;XIRECS;12066.0;7
635600;;TAKER;INTARIAN_PEPPER_ROOT;XIRECS;12066.0;2
635700;TAKER;;ASH_COATED_OSMIUM;XIRECS;10008.0;6
635800;TAKER;;ASH_COATED_OSMIUM;XIRECS;10010.0;7
636000;;TAKER;INTARIAN_PEPPER_ROOT;XIRECS;12065.0;11
636100;;TAKER;ASH_COATED_OSMIUM;XIRECS;9991.0;15
636400;;TAKER;INTARIAN_PEPPER_ROOT;XIRECS;12065.0;5
636400;;TAKER;ASH_COATED_OSMIUM;XIRECS;9986.0;6
636500;TAKER;;INTARIAN_PEPPER_ROOT;XIRECS;12077.0;13
636500;;TAKER;ASH_COATED_OSMIUM;XIRECS;9988.0;8
636700;;TAKER;ASH_COATED_OSMIUM;XIRECS;9989.0;15
636900;;TAKER;INTARIAN_PEPPER_ROOT;XIRECS;12067.0;4
637300;;TAKER;ASH_COATED_OSMIUM;XIRECS;9991.0;10
637700;;TAKER;ASH_COATED_OSMIUM;XIRECS;9988.0;9
637800;TAKER;;ASH_COATED_OSMIUM;XIRECS;10006.0;9
638000;TAKER;;ASH_COATED_OSMIUM;XIRECS;10007.0;8
638100;TAKER;;ASH_COATED_OSMIUM;XIRECS;10011.0;4
638200;;TAKER;INTARIAN_PEPPER_ROOT;XIRECS;12065.0;5
638200;TAKER;;ASH_COATED_OSMIUM;XIRECS;10011.0;10
638700;;TAKER;ASH_COATED_OSMIUM;XIRECS;9994.0;5
638800;TAKER;;INTARIAN_PEPPER_ROOT;XIRECS;12076.0;13
638900;TAKER;;INTARIAN_PEPPER_ROOT;XIRECS;12079.0;9
638900;TAKER;;ASH_COATED_OSMIUM;XIRECS;10010.0;13
639000;;TAKER;ASH_COATED_OSMIUM;XIRECS;9991.0;9
639200;TAKER;;ASH_COATED_OSMIUM;XIRECS;10009.0;14
639400;;TAKER;INTARIAN_PEPPER_ROOT;XIRECS;12065.0;15
639500;TAKER;;INTARIAN_PEPPER_ROOT;XIRECS;12078.0;5
639500;;TAKER;ASH_COATED_OSMIUM;XIRECS;9988.0;14
639700;TAKER;;ASH_COATED_OSMIUM;XIRECS;10006.0;12
640000;;TAKER;INTARIAN_PEPPER_ROOT;XIRECS;12065.0;14
640100;TAKER;;INTARIAN_PEPPER_ROOT;XIRECS;12078.0;9
640100;;TAKER;ASH_COATED_OSMIUM;XIRECS;9990.0;4
640400;;TAKER;ASH_COATED_OSMIUM;XIRECS;9987.0;13
640600;;TAKER;ASH_COATED_OSMIUM;XIRECS;9990.0;11
640800;;TAKER;INTARIAN_PEPPER_ROOT;XIRECS;12065.0;14
641000;;TAKER;INTARIAN_PEPPER_ROOT;XIRECS;12066.0;12
641100;TAKER;;INTARIAN_PEPPER_ROOT;XIRECS;12078.0;5
641100;;TAKER;ASH_COATED_OSMIUM;XIRECS;9989.0;8
641200;TAKER;;ASH_COATED_OSMIUM;XIRECS;10008.0;12
641400;;TAKER;ASH_COATED_OSMIUM;XIRECS;9993.0;4
641500;;TAKER;INTARIAN_PEPPER_ROOT;XIRECS;12065.0;6
641700;TAKER;;INTARIAN_PEPPER_ROOT;XIRECS;12079.0;13
641700;;TAKER;ASH_COATED_OSMIUM;XIRECS;9988.0;11
641800;;TAKER;INTARIAN_PEPPER_ROOT;XIRECS;12062.0;14
642200;;TAKER;INTARIAN_PEPPER_ROOT;XIRECS;12065.0;14
642500;;TAKER;ASH_COATED_OSMIUM;XIRECS;9991.0;15
642600;TAKER;;INTARIAN_PEPPER_ROOT;XIRECS;12077.0;12
643300;;TAKER;ASH_COATED_OSMIUM;XIRECS;9993.0;12
643800;TAKER;;ASH_COATED_OSMIUM;XIRECS;10009.0;3
644000;;TAKER;INTARIAN_PEPPER_ROOT;XIRECS;12063.0;8
644100;;TAKER;ASH_COATED_OSMIUM;XIRECS;9991.0;5
644200;;TAKER;INTARIAN_PEPPER_ROOT;XIRECS;12065.0;9
644800;TAKER;;INTARIAN_PEPPER_ROOT;XIRECS;12077.0;8
645000;TAKER;;INTARIAN_PEPPER_ROOT;XIRECS;12076.0;11
645100;TAKER;;ASH_COATED_OSMIUM;XIRECS;10005.0;3
645200;;TAKER;INTARIAN_PEPPER_ROOT;XIRECS;12064.0;3
645300;TAKER;;ASH_COATED_OSMIUM;XIRECS;10008.0;4
645400;;TAKER;INTARIAN_PEPPER_ROOT;XIRECS;12065.0;8
645600;;TAKER;ASH_COATED_OSMIUM;XIRECS;9987.0;8
645700;;TAKER;ASH_COATED_OSMIUM;XIRECS;9990.0;12
646300;TAKER;;INTARIAN_PEPPER_ROOT;XIRECS;12077.0;4
646400;;TAKER;INTARIAN_PEPPER_ROOT;XIRECS;12063.0;13
646400;;TAKER;ASH_COATED_OSMIUM;XIRECS;9989.0;6
646500;;TAKER;ASH_COATED_OSMIUM;XIRECS;9993.0;6
646600;TAKER;;INTARIAN_PEPPER_ROOT;XIRECS;12077.0;10
646700;;TAKER;INTARIAN_PEPPER_ROOT;XIRECS;12063.0;8
646700;TAKER;;ASH_COATED_OSMIUM;XIRECS;10007.0;12
646900;TAKER;;INTARIAN_PEPPER_ROOT;XIRECS;12076.0;2
646900;;TAKER;ASH_COATED_OSMIUM;XIRECS;9990.0;4
647500;TAKER;;INTARIAN_PEPPER_ROOT;XIRECS;12077.0;14
648000;TAKER;;INTARIAN_PEPPER_ROOT;XIRECS;12076.0;9
648000;TAKER;;ASH_COATED_OSMIUM;XIRECS;10011.0;9
648300;;TAKER;ASH_COATED_OSMIUM;XIRECS;9991.0;11
648400;TAKER;;ASH_COATED_OSMIUM;XIRECS;10007.0;6
648600;TAKER;;ASH_COATED_OSMIUM;XIRECS;10009.0;7
648800;TAKER;;INTARIAN_PEPPER_ROOT;XIRECS;12079.0;10
648900;TAKER;;INTARIAN_PEPPER_ROOT;XIRECS;12078.0;14
648900;;TAKER;ASH_COATED_OSMIUM;XIRECS;9992.0;12
649000;;TAKER;ASH_COATED_OSMIUM;XIRECS;9990.0;11
649100;TAKER;;ASH_COATED_OSMIUM;XIRECS;10011.0;6
649200;TAKER;;INTARIAN_PEPPER_ROOT;XIRECS;12077.0;8
649200;TAKER;;ASH_COATED_OSMIUM;XIRECS;10007.0;11
649600;;TAKER;INTARIAN_PEPPER_ROOT;XIRECS;12065.0;5
649700;TAKER;;ASH_COATED_OSMIUM;XIRECS;10008.0;11
650000;;TAKER;INTARIAN_PEPPER_ROOT;XIRECS;12062.0;5
650100;;TAKER;INTARIAN_PEPPER_ROOT;XIRECS;12063.0;15
650200;;TAKER;INTARIAN_PEPPER_ROOT;XIRECS;12061.0;3
650300;;TAKER;ASH_COATED_OSMIUM;XIRECS;9990.0;15
650400;;TAKER;INTARIAN_PEPPER_ROOT;XIRECS;12062.0;9
650600;;TAKER;INTARIAN_PEPPER_ROOT;XIRECS;12063.0;13
650700;;TAKER;INTARIAN_PEPPER_ROOT;XIRECS;12062.0;5
650700;;TAKER;ASH_COATED_OSMIUM;XIRECS;9989.0;2
650800;;TAKER;ASH_COATED_OSMIUM;XIRECS;9993.0;14
650900;TAKER;;INTARIAN_PEPPER_ROOT;XIRECS;12075.0;14
651100;;TAKER;ASH_COATED_OSMIUM;XIRECS;9989.0;11
651400;TAKER;;INTARIAN_PEPPER_ROOT;XIRECS;12076.0;3
651500;;TAKER;INTARIAN_PEPPER_ROOT;XIRECS;12062.0;5
651800;;TAKER;INTARIAN_PEPPER_ROOT;XIRECS;12062.0;9
651900;TAKER;;INTARIAN_PEPPER_ROOT;XIRECS;12074.0;11
652000;;TAKER;INTARIAN_PEPPER_ROOT;XIRECS;12061.0;15
652200;;TAKER;ASH_COATED_OSMIUM;XIRECS;9992.0;4
652400;TAKER;;INTARIAN_PEPPER_ROOT;XIRECS;12076.0;9
652600;TAKER;;ASH_COATED_OSMIUM;XIRECS;10007.0;3
652800;;TAKER;INTARIAN_PEPPER_ROOT;XIRECS;12062.0;15
652800;TAKER;;ASH_COATED_OSMIUM;XIRECS;10005.0;14
653000;TAKER;;ASH_COATED_OSMIUM;XIRECS;10010.0;12
653500;TAKER;;ASH_COATED_OSMIUM;XIRECS;10007.0;15
653600;;TAKER;ASH_COATED_OSMIUM;XIRECS;9994.0;13
653900;TAKER;;ASH_COATED_OSMIUM;XIRECS;10011.0;12
654100;;TAKER;ASH_COATED_OSMIUM;XIRECS;9992.0;11
654200;TAKER;;INTARIAN_PEPPER_ROOT;XIRECS;12077.0;9
654300;TAKER;;ASH_COATED_OSMIUM;XIRECS;10009.0;2
654400;;TAKER;ASH_COATED_OSMIUM;XIRECS;9990.0;8
655200;;TAKER;ASH_COATED_OSMIUM;XIRECS;9993.0;8
655300;;TAKER;ASH_COATED_OSMIUM;XIRECS;9988.0;6
655400;TAKER;;INTARIAN_PEPPER_ROOT;XIRECS;12075.0;13
655900;;TAKER;INTARIAN_PEPPER_ROOT;XIRECS;12060.0;4
656000;;TAKER;INTARIAN_PEPPER_ROOT;XIRECS;12062.0;6
656300;;TAKER;INTARIAN_PEPPER_ROOT;XIRECS;12061.0;9
656500;TAKER;;ASH_COATED_OSMIUM;XIRECS;10007.0;2
656700;TAKER;;INTARIAN_PEPPER_ROOT;XIRECS;12076.0;13
656700;;TAKER;ASH_COATED_OSMIUM;XIRECS;9987.0;15
656900;;TAKER;ASH_COATED_OSMIUM;XIRECS;9987.0;12
657100;;TAKER;ASH_COATED_OSMIUM;XIRECS;9986.0;11
657400;TAKER;;INTARIAN_PEPPER_ROOT;XIRECS;12074.0;4
657400;;TAKER;ASH_COATED_OSMIUM;XIRECS;9995.0;11
657500;TAKER;;INTARIAN_PEPPER_ROOT;XIRECS;12075.0;11
657600;;TAKER;ASH_COATED_OSMIUM;XIRECS;9992.0;6
657800;;TAKER;ASH_COATED_OSMIUM;XIRECS;9984.0;9
658100;TAKER;;INTARIAN_PEPPER_ROOT;XIRECS;12077.0;13
658300;TAKER;;INTARIAN_PEPPER_ROOT;XIRECS;12075.0;3
658400;;TAKER;INTARIAN_PEPPER_ROOT;XIRECS;12060.0;12
658700;TAKER;;INTARIAN_PEPPER_ROOT;XIRECS;12075.0;13
658700;;TAKER;ASH_COATED_OSMIUM;XIRECS;9991.0;11
658900;;TAKER;ASH_COATED_OSMIUM;XIRECS;9991.0;3
659200;;TAKER;INTARIAN_PEPPER_ROOT;XIRECS;12061.0;9
659500;TAKER;;ASH_COATED_OSMIUM;XIRECS;10011.0;13
659600;TAKER;;INTARIAN_PEPPER_ROOT;XIRECS;12075.0;13
659700;;TAKER;INTARIAN_PEPPER_ROOT;XIRECS;12059.0;6
659700;TAKER;;ASH_COATED_OSMIUM;XIRECS;10007.0;5
659800;TAKER;;INTARIAN_PEPPER_ROOT;XIRECS;12074.0;12
660000;;TAKER;ASH_COATED_OSMIUM;XIRECS;9991.0;2
660200;;TAKER;ASH_COATED_OSMIUM;XIRECS;9987.0;7
660400;TAKER;;ASH_COATED_OSMIUM;XIRECS;10007.0;11
660500;TAKER;;ASH_COATED_OSMIUM;XIRECS;10006.0;4
660600;TAKER;;INTARIAN_PEPPER_ROOT;XIRECS;12074.0;5
660600;TAKER;;ASH_COATED_OSMIUM;XIRECS;10006.0;14
660700;;TAKER;ASH_COATED_OSMIUM;XIRECS;9989.0;6
660800;TAKER;;INTARIAN_PEPPER_ROOT;XIRECS;12075.0;9
660900;TAKER;;INTARIAN_PEPPER_ROOT;XIRECS;12073.0;15
661000;;TAKER;INTARIAN_PEPPER_ROOT;XIRECS;12063.0;9
661000;TAKER;;ASH_COATED_OSMIUM;XIRECS;10011.0;12
661100;TAKER;;ASH_COATED_OSMIUM;XIRECS;10010.0;13
661200;TAKER;;ASH_COATED_OSMIUM;XIRECS;10006.0;5
661300;;TAKER;ASH_COATED_OSMIUM;XIRECS;9993.0;10
661400;;TAKER;INTARIAN_PEPPER_ROOT;XIRECS;12059.0;11
661400;TAKER;;ASH_COATED_OSMIUM;XIRECS;10011.0;6
661500;;TAKER;INTARIAN_PEPPER_ROOT;XIRECS;12060.0;8
661700;TAKER;;INTARIAN_PEPPER_ROOT;XIRECS;12076.0;11
661800;;TAKER;ASH_COATED_OSMIUM;XIRECS;9992.0;4
662000;;TAKER;INTARIAN_PEPPER_ROOT;XIRECS;12061.0;5
662200;;TAKER;ASH_COATED_OSMIUM;XIRECS;9994.0;3
662400;;TAKER;INTARIAN_PEPPER_ROOT;XIRECS;12060.0;15
662400;;TAKER;ASH_COATED_OSMIUM;XIRECS;9992.0;8
662900;;TAKER;INTARIAN_PEPPER_ROOT;XIRECS;12059.0;8
663000;TAKER;;INTARIAN_PEPPER_ROOT;XIRECS;12075.0;2
663200;;TAKER;ASH_COATED_OSMIUM;XIRECS;9991.0;15
663500;;TAKER;INTARIAN_PEPPER_ROOT;XIRECS;12059.0;5
663800;TAKER;;INTARIAN_PEPPER_ROOT;XIRECS;12075.0;10
664000;;TAKER;INTARIAN_PEPPER_ROOT;XIRECS;12058.0;8
664100;TAKER;;ASH_COATED_OSMIUM;XIRECS;10007.0;11
664700;TAKER;;ASH_COATED_OSMIUM;XIRECS;10008.0;14
664800;TAKER;;ASH_COATED_OSMIUM;XIRECS;10006.0;9
665200;TAKER;;INTARIAN_PEPPER_ROOT;XIRECS;12075.0;8
665400;TAKER;;ASH_COATED_OSMIUM;XIRECS;10007.0;5
665900;TAKER;;ASH_COATED_OSMIUM;XIRECS;10008.0;14
666100;TAKER;;INTARIAN_PEPPER_ROOT;XIRECS;12073.0;6
666200;;TAKER;INTARIAN_PEPPER_ROOT;XIRECS;12058.0;14
666200;;TAKER;ASH_COATED_OSMIUM;XIRECS;9988.0;4
666300;;TAKER;INTARIAN_PEPPER_ROOT;XIRECS;12059.0;10
666400;;TAKER;ASH_COATED_OSMIUM;XIRECS;9990.0;14
666500;;TAKER;INTARIAN_PEPPER_ROOT;XIRECS;12059.0;5
666700;TAKER;;INTARIAN_PEPPER_ROOT;XIRECS;12073.0;8
666900;TAKER;;ASH_COATED_OSMIUM;XIRECS;10008.0;9
667000;;TAKER;INTARIAN_PEPPER_ROOT;XIRECS;12060.0;12
667100;;TAKER;ASH_COATED_OSMIUM;XIRECS;9989.0;15
667300;;TAKER;INTARIAN_PEPPER_ROOT;XIRECS;12058.0;7
667400;;TAKER;ASH_COATED_OSMIUM;XIRECS;9995.0;11
667500;;TAKER;ASH_COATED_OSMIUM;XIRECS;9992.0;9
667600;TAKER;;INTARIAN_PEPPER_ROOT;XIRECS;12072.0;3
667800;;TAKER;INTARIAN_PEPPER_ROOT;XIRECS;12057.0;8
668000;;TAKER;INTARIAN_PEPPER_ROOT;XIRECS;12057.0;15
668200;TAKER;;ASH_COATED_OSMIUM;XIRECS;10007.0;12
668300;TAKER;;INTARIAN_PEPPER_ROOT;XIRECS;12073.0;11
668700;TAKER;;INTARIAN_PEPPER_ROOT;XIRECS;12072.0;3
668700;;TAKER;ASH_COATED_OSMIUM;XIRECS;9990.0;10
668900;;TAKER;INTARIAN_PEPPER_ROOT;XIRECS;12060.0;12
669000;TAKER;;INTARIAN_PEPPER_ROOT;XIRECS;12072.0;15
669400;;TAKER;ASH_COATED_OSMIUM;XIRECS;9992.0;15
669500;TAKER;;INTARIAN_PEPPER_ROOT;XIRECS;12072.0;8
669800;;TAKER;ASH_COATED_OSMIUM;XIRECS;9990.0;14
669900;;TAKER;ASH_COATED_OSMIUM;XIRECS;9990.0;9
670000;TAKER;;ASH_COATED_OSMIUM;XIRECS;10011.0;8
670100;TAKER;;INTARIAN_PEPPER_ROOT;XIRECS;12072.0;15
670100;;TAKER;ASH_COATED_OSMIUM;XIRECS;9996.0;6
670200;;TAKER;INTARIAN_PEPPER_ROOT;XIRECS;12057.0;2
670200;;TAKER;ASH_COATED_OSMIUM;XIRECS;9989.0;12
670300;TAKER;;ASH_COATED_OSMIUM;XIRECS;10010.0;8
670400;;TAKER;INTARIAN_PEPPER_ROOT;XIRECS;12059.0;8
670500;TAKER;;INTARIAN_PEPPER_ROOT;XIRECS;12072.0;7
670600;;TAKER;ASH_COATED_OSMIUM;XIRECS;9993.0;10
670900;;TAKER;ASH_COATED_OSMIUM;XIRECS;9995.0;7
671100;;TAKER;ASH_COATED_OSMIUM;XIRECS;9991.0;13
671300;TAKER;;INTARIAN_PEPPER_ROOT;XIRECS;12072.0;4
671400;TAKER;;ASH_COATED_OSMIUM;XIRECS;10015.0;2
671700;;TAKER;INTARIAN_PEPPER_ROOT;XIRECS;12060.0;6
671900;;TAKER;INTARIAN_PEPPER_ROOT;XIRECS;12058.0;5
672100;TAKER;;INTARIAN_PEPPER_ROOT;XIRECS;12070.0;3
672100;TAKER;;ASH_COATED_OSMIUM;XIRECS;10006.0;2
672300;TAKER;;INTARIAN_PEPPER_ROOT;XIRECS;12072.0;13
672300;;TAKER;ASH_COATED_OSMIUM;XIRECS;9988.0;2
672400;TAKER;;INTARIAN_PEPPER_ROOT;XIRECS;12073.0;11
672500;TAKER;;INTARIAN_PEPPER_ROOT;XIRECS;12072.0;12
672500;;TAKER;ASH_COATED_OSMIUM;XIRECS;9993.0;9
672600;TAKER;;ASH_COATED_OSMIUM;XIRECS;10012.0;12
672700;TAKER;;ASH_COATED_OSMIUM;XIRECS;10006.0;10
672800;TAKER;;INTARIAN_PEPPER_ROOT;XIRECS;12072.0;13
672800;TAKER;;ASH_COATED_OSMIUM;XIRECS;10009.0;9
672900;;TAKER;INTARIAN_PEPPER_ROOT;XIRECS;12057.0;8
673000;;TAKER;ASH_COATED_OSMIUM;XIRECS;9990.0;13
673100;TAKER;;INTARIAN_PEPPER_ROOT;XIRECS;12070.0;8
673200;TAKER;;INTARIAN_PEPPER_ROOT;XIRECS;12072.0;11
673300;TAKER;;INTARIAN_PEPPER_ROOT;XIRECS;12074.0;13
673300;;TAKER;ASH_COATED_OSMIUM;XIRECS;9989.0;3
673500;TAKER;;INTARIAN_PEPPER_ROOT;XIRECS;12071.0;14
673500;TAKER;;ASH_COATED_OSMIUM;XIRECS;10008.0;7
673600;TAKER;;INTARIAN_PEPPER_ROOT;XIRECS;12073.0;4
673600;TAKER;;ASH_COATED_OSMIUM;XIRECS;10007.0;5
673800;;TAKER;INTARIAN_PEPPER_ROOT;XIRECS;12061.0;4
673800;;TAKER;ASH_COATED_OSMIUM;XIRECS;9992.0;12
674000;TAKER;;ASH_COATED_OSMIUM;XIRECS;10008.0;7
674600;;TAKER;INTARIAN_PEPPER_ROOT;XIRECS;12059.0;12
674700;;TAKER;ASH_COATED_OSMIUM;XIRECS;9989.0;11
674900;TAKER;;ASH_COATED_OSMIUM;XIRECS;10009.0;3
675000;TAKER;;ASH_COATED_OSMIUM;XIRECS;10011.0;2
675200;TAKER;;INTARIAN_PEPPER_ROOT;XIRECS;12071.0;6
675300;TAKER;;INTARIAN_PEPPER_ROOT;XIRECS;12073.0;10
675300;;TAKER;ASH_COATED_OSMIUM;XIRECS;9990.0;5
675400;TAKER;;INTARIAN_PEPPER_ROOT;XIRECS;12072.0;14
675500;TAKER;;INTARIAN_PEPPER_ROOT;XIRECS;12074.0;5
675700;TAKER;;INTARIAN_PEPPER_ROOT;XIRECS;12070.0;4
675700;;TAKER;ASH_COATED_OSMIUM;XIRECS;9993.0;2
676100;TAKER;;INTARIAN_PEPPER_ROOT;XIRECS;12071.0;7
676100;TAKER;;ASH_COATED_OSMIUM;XIRECS;10006.0;4
676600;;TAKER;ASH_COATED_OSMIUM;XIRECS;9992.0;8
676700;;TAKER;INTARIAN_PEPPER_ROOT;XIRECS;12059.0;2
676800;TAKER;;INTARIAN_PEPPER_ROOT;XIRECS;12071.0;7
677200;TAKER;;ASH_COATED_OSMIUM;XIRECS;10010.0;10
677300;;TAKER;ASH_COATED_OSMIUM;XIRECS;9991.0;15
677400;;TAKER;ASH_COATED_OSMIUM;XIRECS;9991.0;5
677600;;TAKER;INTARIAN_PEPPER_ROOT;XIRECS;12057.0;6
677600;TAKER;;ASH_COATED_OSMIUM;XIRECS;10010.0;14
677700;;TAKER;ASH_COATED_OSMIUM;XIRECS;9988.0;6
677900;TAKER;;INTARIAN_PEPPER_ROOT;XIRECS;12070.0;11
678000;;TAKER;ASH_COATED_OSMIUM;XIRECS;9990.0;14
678100;TAKER;;INTARIAN_PEPPER_ROOT;XIRECS;12069.0;14
678200;TAKER;;INTARIAN_PEPPER_ROOT;XIRECS;12071.0;11
678500;TAKER;;INTARIAN_PEPPER_ROOT;XIRECS;12068.0;15
678500;TAKER;;ASH_COATED_OSMIUM;XIRECS;10007.0;7
678600;;TAKER;INTARIAN_PEPPER_ROOT;XIRECS;12056.0;7
678700;;TAKER;ASH_COATED_OSMIUM;XIRECS;9989.0;13
678900;;TAKER;ASH_COATED_OSMIUM;XIRECS;9990.0;13
679000;TAKER;;ASH_COATED_OSMIUM;XIRECS;10006.0;2
679200;;TAKER;INTARIAN_PEPPER_ROOT;XIRECS;12057.0;2
679300;;TAKER;INTARIAN_PEPPER_ROOT;XIRECS;12055.0;15
679700;TAKER;;ASH_COATED_OSMIUM;XIRECS;10011.0;7
679900;;TAKER;ASH_COATED_OSMIUM;XIRECS;9988.0;15
680000;;TAKER;ASH_COATED_OSMIUM;XIRECS;9986.0;4
680100;;TAKER;ASH_COATED_OSMIUM;XIRECS;9989.0;13
680300;TAKER;;ASH_COATED_OSMIUM;XIRECS;10006.0;11
680400;;TAKER;ASH_COATED_OSMIUM;XIRECS;9988.0;6
680600;TAKER;;INTARIAN_PEPPER_ROOT;XIRECS;12070.0;3
680800;;TAKER;ASH_COATED_OSMIUM;XIRECS;9991.0;14
681000;;TAKER;INTARIAN_PEPPER_ROOT;XIRECS;12057.0;6
681400;;TAKER;ASH_COATED_OSMIUM;XIRECS;9986.0;3
681500;;TAKER;ASH_COATED_OSMIUM;XIRECS;9989.0;8
681600;TAKER;;ASH_COATED_OSMIUM;XIRECS;10009.0;6
681700;;TAKER;INTARIAN_PEPPER_ROOT;XIRECS;12057.0;11
681800;;TAKER;INTARIAN_PEPPER_ROOT;XIRECS;12057.0;10
682000;TAKER;;INTARIAN_PEPPER_ROOT;XIRECS;12071.0;9
682100;TAKER;;INTARIAN_PEPPER_ROOT;XIRECS;12069.0;8
682200;;TAKER;INTARIAN_PEPPER_ROOT;XIRECS;12055.0;14
682200;TAKER;;ASH_COATED_OSMIUM;XIRECS;10012.0;9
682300;;TAKER;INTARIAN_PEPPER_ROOT;XIRECS;12056.0;3
682500;TAKER;;INTARIAN_PEPPER_ROOT;XIRECS;12070.0;7
682500;;TAKER;ASH_COATED_OSMIUM;XIRECS;9994.0;5
682700;;TAKER;INTARIAN_PEPPER_ROOT;XIRECS;12056.0;3
682900;TAKER;;INTARIAN_PEPPER_ROOT;XIRECS;12070.0;8
683300;TAKER;;INTARIAN_PEPPER_ROOT;XIRECS;12070.0;4
683400;;TAKER;ASH_COATED_OSMIUM;XIRECS;9991.0;2
683500;;TAKER;INTARIAN_PEPPER_ROOT;XIRECS;12056.0;9
683900;;TAKER;ASH_COATED_OSMIUM;XIRECS;9991.0;8
684000;;TAKER;INTARIAN_PEPPER_ROOT;XIRECS;12055.0;11
684300;TAKER;;ASH_COATED_OSMIUM;XIRECS;10013.0;8
684600;;TAKER;ASH_COATED_OSMIUM;XIRECS;9989.0;13
684700;TAKER;;INTARIAN_PEPPER_ROOT;XIRECS;12069.0;3
684800;TAKER;;INTARIAN_PEPPER_ROOT;XIRECS;12070.0;12
684800;;TAKER;ASH_COATED_OSMIUM;XIRECS;9989.0;6
684900;;TAKER;INTARIAN_PEPPER_ROOT;XIRECS;12056.0;11
685200;TAKER;;INTARIAN_PEPPER_ROOT;XIRECS;12070.0;2
685500;TAKER;;ASH_COATED_OSMIUM;XIRECS;10008.0;8
685800;TAKER;;ASH_COATED_OSMIUM;XIRECS;10005.0;7
686000;;TAKER;ASH_COATED_OSMIUM;XIRECS;9991.0;10
686100;;TAKER;ASH_COATED_OSMIUM;XIRECS;9990.0;9
686200;TAKER;;INTARIAN_PEPPER_ROOT;XIRECS;12067.0;13
686200;;TAKER;ASH_COATED_OSMIUM;XIRECS;9992.0;15
686400;TAKER;;INTARIAN_PEPPER_ROOT;XIRECS;12070.0;4
686500;;TAKER;ASH_COATED_OSMIUM;XIRECS;9994.0;14
686600;;TAKER;INTARIAN_PEPPER_ROOT;XIRECS;12053.0;11
686600;;TAKER;ASH_COATED_OSMIUM;XIRECS;9993.0;12
687100;TAKER;;INTARIAN_PEPPER_ROOT;XIRECS;12071.0;11
687200;TAKER;;ASH_COATED_OSMIUM;XIRECS;10010.0;3
687400;TAKER;;INTARIAN_PEPPER_ROOT;XIRECS;12068.0;3
687700;;TAKER;INTARIAN_PEPPER_ROOT;XIRECS;12056.0;6
687800;TAKER;;INTARIAN_PEPPER_ROOT;XIRECS;12068.0;15
687800;;TAKER;ASH_COATED_OSMIUM;XIRECS;9991.0;12
688000;TAKER;;ASH_COATED_OSMIUM;XIRECS;10006.0;8
688200;TAKER;;INTARIAN_PEPPER_ROOT;XIRECS;12070.0;7
688400;TAKER;;ASH_COATED_OSMIUM;XIRECS;10009.0;13
688600;;TAKER;INTARIAN_PEPPER_ROOT;XIRECS;12055.0;12
688700;TAKER;;INTARIAN_PEPPER_ROOT;XIRECS;12069.0;7
688700;;TAKER;ASH_COATED_OSMIUM;XIRECS;9992.0;12
688800;;TAKER;ASH_COATED_OSMIUM;XIRECS;9995.0;14
688900;TAKER;;INTARIAN_PEPPER_ROOT;XIRECS;12070.0;13
689100;TAKER;;INTARIAN_PEPPER_ROOT;XIRECS;12067.0;4
689100;;TAKER;ASH_COATED_OSMIUM;XIRECS;9992.0;6
689300;;TAKER;INTARIAN_PEPPER_ROOT;XIRECS;12054.0;11
689500;;TAKER;ASH_COATED_OSMIUM;XIRECS;9991.0;11
689600;TAKER;;INTARIAN_PEPPER_ROOT;XIRECS;12070.0;6
689800;;TAKER;INTARIAN_PEPPER_ROOT;XIRECS;12055.0;10
689800;TAKER;;ASH_COATED_OSMIUM;XIRECS;10009.0;2
690000;;TAKER;ASH_COATED_OSMIUM;XIRECS;9991.0;7
690300;;TAKER;INTARIAN_PEPPER_ROOT;XIRECS;12057.0;2
690500;TAKER;;INTARIAN_PEPPER_ROOT;XIRECS;12068.0;10
690500;;TAKER;ASH_COATED_OSMIUM;XIRECS;9994.0;10
690700;TAKER;;ASH_COATED_OSMIUM;XIRECS;10005.0;14
690800;TAKER;;INTARIAN_PEPPER_ROOT;XIRECS;12068.0;14
691000;TAKER;;INTARIAN_PEPPER_ROOT;XIRECS;12068.0;14
691300;;TAKER;INTARIAN_PEPPER_ROOT;XIRECS;12053.0;6
691500;TAKER;;ASH_COATED_OSMIUM;XIRECS;10009.0;11
692000;TAKER;;INTARIAN_PEPPER_ROOT;XIRECS;12068.0;9
692200;;TAKER;ASH_COATED_OSMIUM;XIRECS;9992.0;4
692400;TAKER;;ASH_COATED_OSMIUM;XIRECS;10008.0;10
692500;;TAKER;INTARIAN_PEPPER_ROOT;XIRECS;12055.0;9
692700;TAKER;;ASH_COATED_OSMIUM;XIRECS;10009.0;13
692800;;TAKER;INTARIAN_PEPPER_ROOT;XIRECS;12056.0;7
693400;TAKER;;INTARIAN_PEPPER_ROOT;XIRECS;12067.0;3
693900;TAKER;;ASH_COATED_OSMIUM;XIRECS;10009.0;15
694000;TAKER;;INTARIAN_PEPPER_ROOT;XIRECS;12068.0;13
694400;TAKER;;ASH_COATED_OSMIUM;XIRECS;10009.0;8
694600;TAKER;;INTARIAN_PEPPER_ROOT;XIRECS;12067.0;5
694600;TAKER;;ASH_COATED_OSMIUM;XIRECS;10009.0;15
694900;;TAKER;ASH_COATED_OSMIUM;XIRECS;9988.0;14
695000;TAKER;;ASH_COATED_OSMIUM;XIRECS;10007.0;8
695100;TAKER;;INTARIAN_PEPPER_ROOT;XIRECS;12067.0;9
695300;;TAKER;INTARIAN_PEPPER_ROOT;XIRECS;12053.0;12
695400;;TAKER;INTARIAN_PEPPER_ROOT;XIRECS;12054.0;8
695500;TAKER;;INTARIAN_PEPPER_ROOT;XIRECS;12066.0;4
695700;;TAKER;INTARIAN_PEPPER_ROOT;XIRECS;12054.0;15
696000;;TAKER;INTARIAN_PEPPER_ROOT;XIRECS;12054.0;13
696400;TAKER;;ASH_COATED_OSMIUM;XIRECS;10006.0;14
696500;TAKER;;ASH_COATED_OSMIUM;XIRECS;10008.0;5
696700;;TAKER;ASH_COATED_OSMIUM;XIRECS;9995.0;15
696800;;TAKER;ASH_COATED_OSMIUM;XIRECS;9992.0;4
696900;TAKER;;INTARIAN_PEPPER_ROOT;XIRECS;12067.0;9
697000;TAKER;;INTARIAN_PEPPER_ROOT;XIRECS;12067.0;4
697500;TAKER;;INTARIAN_PEPPER_ROOT;XIRECS;12067.0;13
697800;TAKER;;ASH_COATED_OSMIUM;XIRECS;10007.0;13
697900;;TAKER;ASH_COATED_OSMIUM;XIRECS;9990.0;10
698000;;TAKER;INTARIAN_PEPPER_ROOT;XIRECS;12054.0;10
698100;;TAKER;INTARIAN_PEPPER_ROOT;XIRECS;12053.0;11
698100;TAKER;;ASH_COATED_OSMIUM;XIRECS;10007.0;9
698200;;TAKER;INTARIAN_PEPPER_ROOT;XIRECS;12053.0;12
698300;TAKER;;ASH_COATED_OSMIUM;XIRECS;10010.0;7
698800;TAKER;;INTARIAN_PEPPER_ROOT;XIRECS;12068.0;15
698800;;TAKER;ASH_COATED_OSMIUM;XIRECS;9988.0;11
698900;TAKER;;INTARIAN_PEPPER_ROOT;XIRECS;12066.0;7
698900;;TAKER;ASH_COATED_OSMIUM;XIRECS;9987.0;11
699100;;TAKER;INTARIAN_PEPPER_ROOT;XIRECS;12053.0;15
699200;TAKER;;INTARIAN_PEPPER_ROOT;XIRECS;12068.0;14
699400;TAKER;;INTARIAN_PEPPER_ROOT;XIRECS;12065.0;10
699400;;TAKER;ASH_COATED_OSMIUM;XIRECS;9989.0;11
699500;;TAKER;INTARIAN_PEPPER_ROOT;XIRECS;12051.0;4
699500;;TAKER;ASH_COATED_OSMIUM;XIRECS;9992.0;5
699600;;TAKER;INTARIAN_PEPPER_ROOT;XIRECS;12052.0;14
699600;TAKER;;ASH_COATED_OSMIUM;XIRECS;10006.0;9
699800;;TAKER;INTARIAN_PEPPER_ROOT;XIRECS;12052.0;8
699900;;TAKER;INTARIAN_PEPPER_ROOT;XIRECS;12054.0;3
700300;;TAKER;INTARIAN_PEPPER_ROOT;XIRECS;12055.0;5
700400;;TAKER;INTARIAN_PEPPER_ROOT;XIRECS;12053.0;3
701000;;TAKER;ASH_COATED_OSMIUM;XIRECS;9990.0;5
701200;;TAKER;ASH_COATED_OSMIUM;XIRECS;9989.0;6
701300;;TAKER;ASH_COATED_OSMIUM;XIRECS;9994.0;13
701400;TAKER;;INTARIAN_PEPPER_ROOT;XIRECS;12067.0;13
701500;TAKER;;INTARIAN_PEPPER_ROOT;XIRECS;12065.0;12
701700;TAKER;;INTARIAN_PEPPER_ROOT;XIRECS;12067.0;15
701900;TAKER;;ASH_COATED_OSMIUM;XIRECS;10009.0;12
702000;TAKER;;INTARIAN_PEPPER_ROOT;XIRECS;12064.0;9
702000;;TAKER;ASH_COATED_OSMIUM;XIRECS;9991.0;14
702100;;TAKER;INTARIAN_PEPPER_ROOT;XIRECS;12055.0;2
702200;;TAKER;ASH_COATED_OSMIUM;XIRECS;9989.0;14
702300;;TAKER;INTARIAN_PEPPER_ROOT;XIRECS;12051.0;6
702400;;TAKER;ASH_COATED_OSMIUM;XIRECS;9989.0;11
702500;;TAKER;ASH_COATED_OSMIUM;XIRECS;9990.0;10
702600;;TAKER;INTARIAN_PEPPER_ROOT;XIRECS;12051.0;9
702800;;TAKER;INTARIAN_PEPPER_ROOT;XIRECS;12052.0;15
703100;TAKER;;ASH_COATED_OSMIUM;XIRECS;10010.0;3
703200;TAKER;;ASH_COATED_OSMIUM;XIRECS;10006.0;2
703300;;TAKER;INTARIAN_PEPPER_ROOT;XIRECS;12050.0;8
703300;;TAKER;ASH_COATED_OSMIUM;XIRECS;9989.0;9
703500;;TAKER;INTARIAN_PEPPER_ROOT;XIRECS;12050.0;15
704100;TAKER;;INTARIAN_PEPPER_ROOT;XIRECS;12065.0;7
704200;;TAKER;ASH_COATED_OSMIUM;XIRECS;9989.0;6
704300;;TAKER;ASH_COATED_OSMIUM;XIRECS;9989.0;10
704400;;TAKER;INTARIAN_PEPPER_ROOT;XIRECS;12051.0;4
704400;TAKER;;ASH_COATED_OSMIUM;XIRECS;10010.0;2
704500;;TAKER;INTARIAN_PEPPER_ROOT;XIRECS;12053.0;4
704700;;TAKER;ASH_COATED_OSMIUM;XIRECS;9990.0;9
705000;;TAKER;ASH_COATED_OSMIUM;XIRECS;9989.0;12
705100;TAKER;;ASH_COATED_OSMIUM;XIRECS;10010.0;2
705200;;TAKER;INTARIAN_PEPPER_ROOT;XIRECS;12051.0;13
705200;;TAKER;ASH_COATED_OSMIUM;XIRECS;9991.0;9
705700;TAKER;;ASH_COATED_OSMIUM;XIRECS;10008.0;10
705800;;TAKER;ASH_COATED_OSMIUM;XIRECS;9990.0;3
706000;;TAKER;INTARIAN_PEPPER_ROOT;XIRECS;12052.0;15
706100;;TAKER;INTARIAN_PEPPER_ROOT;XIRECS;12052.0;10
706100;;TAKER;ASH_COATED_OSMIUM;XIRECS;9992.0;13
706300;;TAKER;INTARIAN_PEPPER_ROOT;XIRECS;12050.0;7
706600;TAKER;;ASH_COATED_OSMIUM;XIRECS;10006.0;12
707100;TAKER;;INTARIAN_PEPPER_ROOT;XIRECS;12063.0;14
707200;;TAKER;INTARIAN_PEPPER_ROOT;XIRECS;12051.0;4
707300;;TAKER;INTARIAN_PEPPER_ROOT;XIRECS;12052.0;13
707300;TAKER;;ASH_COATED_OSMIUM;XIRECS;10005.0;2
707400;TAKER;;INTARIAN_PEPPER_ROOT;XIRECS;12064.0;11
707800;;TAKER;ASH_COATED_OSMIUM;XIRECS;9990.0;10
708200;;TAKER;INTARIAN_PEPPER_ROOT;XIRECS;12052.0;11
708200;TAKER;;ASH_COATED_OSMIUM;XIRECS;10008.0;14
708300;;TAKER;INTARIAN_PEPPER_ROOT;XIRECS;12049.0;12
708400;TAKER;;ASH_COATED_OSMIUM;XIRECS;10007.0;2
708500;TAKER;;INTARIAN_PEPPER_ROOT;XIRECS;12064.0;6
708600;TAKER;;INTARIAN_PEPPER_ROOT;XIRECS;12064.0;4
708700;TAKER;;ASH_COATED_OSMIUM;XIRECS;10007.0;11
708900;TAKER;;ASH_COATED_OSMIUM;XIRECS;10009.0;12
709000;TAKER;;ASH_COATED_OSMIUM;XIRECS;10008.0;2
709800;TAKER;;ASH_COATED_OSMIUM;XIRECS;10004.0;14
709900;TAKER;;INTARIAN_PEPPER_ROOT;XIRECS;12065.0;8
710000;TAKER;;ASH_COATED_OSMIUM;XIRECS;10008.0;7
710200;;TAKER;INTARIAN_PEPPER_ROOT;XIRECS;12050.0;8
710400;;TAKER;INTARIAN_PEPPER_ROOT;XIRECS;12050.0;2
710400;TAKER;;ASH_COATED_OSMIUM;XIRECS;10009.0;2
710600;TAKER;;ASH_COATED_OSMIUM;XIRECS;10004.0;7
710700;TAKER;;INTARIAN_PEPPER_ROOT;XIRECS;12064.0;12
710700;;TAKER;ASH_COATED_OSMIUM;XIRECS;9994.0;6
710900;;TAKER;INTARIAN_PEPPER_ROOT;XIRECS;12052.0;4
711300;TAKER;;INTARIAN_PEPPER_ROOT;XIRECS;12064.0;3
711600;;TAKER;INTARIAN_PEPPER_ROOT;XIRECS;12052.0;4
711700;TAKER;;INTARIAN_PEPPER_ROOT;XIRECS;12065.0;13
712200;;TAKER;ASH_COATED_OSMIUM;XIRECS;9990.0;2
712400;TAKER;;INTARIAN_PEPPER_ROOT;XIRECS;12065.0;6
712600;TAKER;;INTARIAN_PEPPER_ROOT;XIRECS;12061.0;14
712600;TAKER;;ASH_COATED_OSMIUM;XIRECS;10008.0;14
712700;TAKER;;ASH_COATED_OSMIUM;XIRECS;10009.0;2
712900;;TAKER;INTARIAN_PEPPER_ROOT;XIRECS;12050.0;6
713000;;TAKER;ASH_COATED_OSMIUM;XIRECS;9989.0;7
713100;;TAKER;ASH_COATED_OSMIUM;XIRECS;9989.0;6
713200;TAKER;;INTARIAN_PEPPER_ROOT;XIRECS;12062.0;14
713400;TAKER;;ASH_COATED_OSMIUM;XIRECS;10009.0;9
713500;TAKER;;ASH_COATED_OSMIUM;XIRECS;10012.0;13
713600;;TAKER;INTARIAN_PEPPER_ROOT;XIRECS;12049.0;12
713800;;TAKER;ASH_COATED_OSMIUM;XIRECS;9992.0;11
713900;;TAKER;INTARIAN_PEPPER_ROOT;XIRECS;12052.0;12
714100;TAKER;;INTARIAN_PEPPER_ROOT;XIRECS;12061.0;4
714100;;TAKER;ASH_COATED_OSMIUM;XIRECS;9992.0;12
714200;;TAKER;INTARIAN_PEPPER_ROOT;XIRECS;12051.0;2
714200;;TAKER;ASH_COATED_OSMIUM;XIRECS;9992.0;10
714400;TAKER;;ASH_COATED_OSMIUM;XIRECS;10009.0;6
714900;TAKER;;ASH_COATED_OSMIUM;XIRECS;10006.0;11
715300;;TAKER;ASH_COATED_OSMIUM;XIRECS;9988.0;15
715400;;TAKER;ASH_COATED_OSMIUM;XIRECS;9992.0;14
715500;;TAKER;ASH_COATED_OSMIUM;XIRECS;9992.0;15
715700;TAKER;;ASH_COATED_OSMIUM;XIRECS;10008.0;6
716000;;TAKER;ASH_COATED_OSMIUM;XIRECS;9989.0;15
716100;TAKER;;INTARIAN_PEPPER_ROOT;XIRECS;12063.0;12
716500;TAKER;;INTARIAN_PEPPER_ROOT;XIRECS;12062.0;7
716600;;TAKER;ASH_COATED_OSMIUM;XIRECS;9992.0;11
716700;TAKER;;INTARIAN_PEPPER_ROOT;XIRECS;12064.0;10
716900;TAKER;;ASH_COATED_OSMIUM;XIRECS;10006.0;6
717000;TAKER;;ASH_COATED_OSMIUM;XIRECS;10007.0;3
717100;TAKER;;INTARIAN_PEPPER_ROOT;XIRECS;12064.0;6
717400;;TAKER;INTARIAN_PEPPER_ROOT;XIRECS;12049.0;11
717700;TAKER;;ASH_COATED_OSMIUM;XIRECS;10009.0;15
717900;;TAKER;INTARIAN_PEPPER_ROOT;XIRECS;12051.0;15
718200;;TAKER;ASH_COATED_OSMIUM;XIRECS;9989.0;7
718400;TAKER;;INTARIAN_PEPPER_ROOT;XIRECS;12064.0;14
718400;;TAKER;ASH_COATED_OSMIUM;XIRECS;9990.0;7
718600;TAKER;;ASH_COATED_OSMIUM;XIRECS;10009.0;2
718700;TAKER;;INTARIAN_PEPPER_ROOT;XIRECS;12061.0;13
718700;TAKER;;ASH_COATED_OSMIUM;XIRECS;10011.0;7
718800;TAKER;;INTARIAN_PEPPER_ROOT;XIRECS;12062.0;2
718800;;TAKER;ASH_COATED_OSMIUM;XIRECS;9990.0;3
718900;TAKER;;ASH_COATED_OSMIUM;XIRECS;10008.0;12
719000;;TAKER;ASH_COATED_OSMIUM;XIRECS;9992.0;2
719100;;TAKER;ASH_COATED_OSMIUM;XIRECS;9993.0;15
719400;TAKER;;ASH_COATED_OSMIUM;XIRECS;10010.0;5
719500;TAKER;;ASH_COATED_OSMIUM;XIRECS;10009.0;7
719600;;TAKER;ASH_COATED_OSMIUM;XIRECS;9990.0;7
719700;;TAKER;ASH_COATED_OSMIUM;XIRECS;9990.0;2
719900;;TAKER;INTARIAN_PEPPER_ROOT;XIRECS;12049.0;10
720000;;TAKER;ASH_COATED_OSMIUM;XIRECS;9992.0;11
720100;TAKER;;ASH_COATED_OSMIUM;XIRECS;10012.0;7
720300;TAKER;;INTARIAN_PEPPER_ROOT;XIRECS;12061.0;14
720500;TAKER;;ASH_COATED_OSMIUM;XIRECS;10010.0;2
721000;TAKER;;INTARIAN_PEPPER_ROOT;XIRECS;12062.0;10
721200;TAKER;;INTARIAN_PEPPER_ROOT;XIRECS;12060.0;9
721300;TAKER;;ASH_COATED_OSMIUM;XIRECS;10011.0;12
721500;;TAKER;INTARIAN_PEPPER_ROOT;XIRECS;12049.0;10
721500;;TAKER;ASH_COATED_OSMIUM;XIRECS;9992.0;4
721800;TAKER;;INTARIAN_PEPPER_ROOT;XIRECS;12062.0;6
722000;;TAKER;INTARIAN_PEPPER_ROOT;XIRECS;12049.0;2
722000;;TAKER;ASH_COATED_OSMIUM;XIRECS;9993.0;4
722100;TAKER;;INTARIAN_PEPPER_ROOT;XIRECS;12064.0;3
722200;TAKER;;ASH_COATED_OSMIUM;XIRECS;10013.0;4
722500;;TAKER;ASH_COATED_OSMIUM;XIRECS;9994.0;6
722700;TAKER;;ASH_COATED_OSMIUM;XIRECS;10011.0;6
722900;;TAKER;INTARIAN_PEPPER_ROOT;XIRECS;12048.0;11
722900;TAKER;;ASH_COATED_OSMIUM;XIRECS;10010.0;13
723000;;TAKER;INTARIAN_PEPPER_ROOT;XIRECS;12048.0;2
723000;TAKER;;ASH_COATED_OSMIUM;XIRECS;10011.0;13
723100;TAKER;;INTARIAN_PEPPER_ROOT;XIRECS;12060.0;2
723800;TAKER;;INTARIAN_PEPPER_ROOT;XIRECS;12061.0;9
723900;;TAKER;INTARIAN_PEPPER_ROOT;XIRECS;12047.0;14
723900;;TAKER;ASH_COATED_OSMIUM;XIRECS;9989.0;11
724100;;TAKER;INTARIAN_PEPPER_ROOT;XIRECS;12049.0;6
724100;TAKER;;ASH_COATED_OSMIUM;XIRECS;10008.0;10
724200;TAKER;;INTARIAN_PEPPER_ROOT;XIRECS;12064.0;11
724300;TAKER;;INTARIAN_PEPPER_ROOT;XIRECS;12060.0;2
724600;TAKER;;INTARIAN_PEPPER_ROOT;XIRECS;12062.0;4
724700;;TAKER;ASH_COATED_OSMIUM;XIRECS;9993.0;15
725000;TAKER;;INTARIAN_PEPPER_ROOT;XIRECS;12061.0;13
725100;;TAKER;ASH_COATED_OSMIUM;XIRECS;9993.0;6
725300;;TAKER;INTARIAN_PEPPER_ROOT;XIRECS;12047.0;13
725400;;TAKER;INTARIAN_PEPPER_ROOT;XIRECS;12048.0;9
725700;TAKER;;ASH_COATED_OSMIUM;XIRECS;10005.0;5
725900;TAKER;;INTARIAN_PEPPER_ROOT;XIRECS;12059.0;3
726000;TAKER;;INTARIAN_PEPPER_ROOT;XIRECS;12061.0;9
726100;TAKER;;ASH_COATED_OSMIUM;XIRECS;10011.0;7
726200;TAKER;;INTARIAN_PEPPER_ROOT;XIRECS;12064.0;12
726200;;TAKER;ASH_COATED_OSMIUM;XIRECS;9988.0;2
726400;;TAKER;ASH_COATED_OSMIUM;XIRECS;9992.0;2
726500;TAKER;;INTARIAN_PEPPER_ROOT;XIRECS;12059.0;10
726700;;TAKER;ASH_COATED_OSMIUM;XIRECS;9989.0;12
726800;TAKER;;INTARIAN_PEPPER_ROOT;XIRECS;12062.0;14
726900;;TAKER;INTARIAN_PEPPER_ROOT;XIRECS;12047.0;14
727200;;TAKER;INTARIAN_PEPPER_ROOT;XIRECS;12047.0;9
727200;TAKER;;ASH_COATED_OSMIUM;XIRECS;10007.0;8
727400;TAKER;;INTARIAN_PEPPER_ROOT;XIRECS;12059.0;10
727500;;TAKER;INTARIAN_PEPPER_ROOT;XIRECS;12046.0;3
727600;;TAKER;ASH_COATED_OSMIUM;XIRECS;9992.0;6
727700;TAKER;;INTARIAN_PEPPER_ROOT;XIRECS;12061.0;11
727800;;TAKER;ASH_COATED_OSMIUM;XIRECS;9989.0;15
727900;;TAKER;INTARIAN_PEPPER_ROOT;XIRECS;12046.0;10
728000;;TAKER;INTARIAN_PEPPER_ROOT;XIRECS;12046.0;14
728100;TAKER;;ASH_COATED_OSMIUM;XIRECS;10007.0;9
728300;TAKER;;INTARIAN_PEPPER_ROOT;XIRECS;12061.0;15
728300;;TAKER;ASH_COATED_OSMIUM;XIRECS;9990.0;3
728400;;TAKER;INTARIAN_PEPPER_ROOT;XIRECS;12047.0;7
728600;TAKER;;INTARIAN_PEPPER_ROOT;XIRECS;12062.0;5
728700;;TAKER;ASH_COATED_OSMIUM;XIRECS;9993.0;8
729400;TAKER;;INTARIAN_PEPPER_ROOT;XIRECS;12059.0;14
729600;;TAKER;ASH_COATED_OSMIUM;XIRECS;9988.0;5
730000;;TAKER;INTARIAN_PEPPER_ROOT;XIRECS;12049.0;10
730200;TAKER;;INTARIAN_PEPPER_ROOT;XIRECS;12061.0;4
730300;;TAKER;ASH_COATED_OSMIUM;XIRECS;9993.0;2
730500;TAKER;;INTARIAN_PEPPER_ROOT;XIRECS;12059.0;14
730500;TAKER;;ASH_COATED_OSMIUM;XIRECS;10008.0;5
730700;TAKER;;INTARIAN_PEPPER_ROOT;XIRECS;12060.0;15
730800;;TAKER;ASH_COATED_OSMIUM;XIRECS;9986.0;7
731500;TAKER;;ASH_COATED_OSMIUM;XIRECS;10003.0;4
731700;TAKER;;INTARIAN_PEPPER_ROOT;XIRECS;12059.0;11
732000;TAKER;;ASH_COATED_OSMIUM;XIRECS;10008.0;6
732200;;TAKER;INTARIAN_PEPPER_ROOT;XIRECS;12046.0;6
732200;;TAKER;ASH_COATED_OSMIUM;XIRECS;9991.0;9
732300;;TAKER;ASH_COATED_OSMIUM;XIRECS;9989.0;4
732600;TAKER;;ASH_COATED_OSMIUM;XIRECS;10007.0;5
732800;TAKER;;INTARIAN_PEPPER_ROOT;XIRECS;12059.0;3
733000;TAKER;;INTARIAN_PEPPER_ROOT;XIRECS;12060.0;15
733100;;TAKER;ASH_COATED_OSMIUM;XIRECS;9989.0;3
733400;TAKER;;INTARIAN_PEPPER_ROOT;XIRECS;12060.0;14
733500;;TAKER;ASH_COATED_OSMIUM;XIRECS;9991.0;14
733600;;TAKER;ASH_COATED_OSMIUM;XIRECS;9989.0;14
733700;TAKER;;ASH_COATED_OSMIUM;XIRECS;10008.0;2
733800;TAKER;;INTARIAN_PEPPER_ROOT;XIRECS;12060.0;2
733900;;TAKER;INTARIAN_PEPPER_ROOT;XIRECS;12046.0;5
734000;;TAKER;INTARIAN_PEPPER_ROOT;XIRECS;12046.0;6
734000;TAKER;;ASH_COATED_OSMIUM;XIRECS;10008.0;5
734100;TAKER;;INTARIAN_PEPPER_ROOT;XIRECS;12058.0;12
734400;TAKER;;INTARIAN_PEPPER_ROOT;XIRECS;12061.0;5
734400;TAKER;;ASH_COATED_OSMIUM;XIRECS;10005.0;13
734600;TAKER;;ASH_COATED_OSMIUM;XIRECS;10006.0;3
734800;TAKER;;INTARIAN_PEPPER_ROOT;XIRECS;12061.0;6
734900;;TAKER;ASH_COATED_OSMIUM;XIRECS;9985.0;9
735200;TAKER;;INTARIAN_PEPPER_ROOT;XIRECS;12059.0;6
735200;;TAKER;ASH_COATED_OSMIUM;XIRECS;9993.0;13
735400;;TAKER;ASH_COATED_OSMIUM;XIRECS;9992.0;14
735700;;TAKER;INTARIAN_PEPPER_ROOT;XIRECS;12047.0;8
735700;TAKER;;ASH_COATED_OSMIUM;XIRECS;10009.0;4
735900;;TAKER;ASH_COATED_OSMIUM;XIRECS;9992.0;13
736000;TAKER;;ASH_COATED_OSMIUM;XIRECS;10007.0;2
736300;;TAKER;ASH_COATED_OSMIUM;XIRECS;9990.0;11
736500;;TAKER;INTARIAN_PEPPER_ROOT;XIRECS;12044.0;3
736500;TAKER;;ASH_COATED_OSMIUM;XIRECS;10007.0;8
736700;TAKER;;INTARIAN_PEPPER_ROOT;XIRECS;12058.0;6
736800;TAKER;;INTARIAN_PEPPER_ROOT;XIRECS;12059.0;15
736900;TAKER;;ASH_COATED_OSMIUM;XIRECS;10007.0;11
737200;;TAKER;ASH_COATED_OSMIUM;XIRECS;9989.0;2
737400;TAKER;;INTARIAN_PEPPER_ROOT;XIRECS;12060.0;14
737500;;TAKER;INTARIAN_PEPPER_ROOT;XIRECS;12045.0;11
737600;;TAKER;INTARIAN_PEPPER_ROOT;XIRECS;12046.0;10
737900;;TAKER;INTARIAN_PEPPER_ROOT;XIRECS;12045.0;2
738100;TAKER;;INTARIAN_PEPPER_ROOT;XIRECS;12057.0;15
738400;;TAKER;INTARIAN_PEPPER_ROOT;XIRECS;12045.0;15
738500;TAKER;;INTARIAN_PEPPER_ROOT;XIRECS;12058.0;5
738600;TAKER;;INTARIAN_PEPPER_ROOT;XIRECS;12059.0;8
738600;TAKER;;ASH_COATED_OSMIUM;XIRECS;10009.0;6
738700;;TAKER;ASH_COATED_OSMIUM;XIRECS;9989.0;6
738800;TAKER;;INTARIAN_PEPPER_ROOT;XIRECS;12057.0;9
738900;;TAKER;ASH_COATED_OSMIUM;XIRECS;9990.0;5
739100;TAKER;;INTARIAN_PEPPER_ROOT;XIRECS;12059.0;9
739200;;TAKER;INTARIAN_PEPPER_ROOT;XIRECS;12045.0;12
739400;TAKER;;ASH_COATED_OSMIUM;XIRECS;10012.0;6
739600;;TAKER;INTARIAN_PEPPER_ROOT;XIRECS;12044.0;15
739600;TAKER;;ASH_COATED_OSMIUM;XIRECS;10008.0;14
739700;;TAKER;ASH_COATED_OSMIUM;XIRECS;9988.0;13
739800;;TAKER;INTARIAN_PEPPER_ROOT;XIRECS;12045.0;6
739800;TAKER;;ASH_COATED_OSMIUM;XIRECS;10009.0;6
740000;;TAKER;ASH_COATED_OSMIUM;XIRECS;9991.0;13
740100;;TAKER;INTARIAN_PEPPER_ROOT;XIRECS;12043.0;14
740100;TAKER;;ASH_COATED_OSMIUM;XIRECS;10006.0;5
740300;;TAKER;INTARIAN_PEPPER_ROOT;XIRECS;12044.0;14
740400;;TAKER;INTARIAN_PEPPER_ROOT;XIRECS;12046.0;12
740900;TAKER;;INTARIAN_PEPPER_ROOT;XIRECS;12059.0;15
741000;;TAKER;ASH_COATED_OSMIUM;XIRECS;9990.0;2
741100;;TAKER;ASH_COATED_OSMIUM;XIRECS;9992.0;3
741200;;TAKER;ASH_COATED_OSMIUM;XIRECS;9989.0;10
741300;TAKER;;INTARIAN_PEPPER_ROOT;XIRECS;12058.0;9
741600;TAKER;;ASH_COATED_OSMIUM;XIRECS;10007.0;11
741700;TAKER;;INTARIAN_PEPPER_ROOT;XIRECS;12057.0;10
742000;;TAKER;ASH_COATED_OSMIUM;XIRECS;9990.0;10
742200;TAKER;;ASH_COATED_OSMIUM;XIRECS;10004.0;7
742400;;TAKER;ASH_COATED_OSMIUM;XIRECS;9993.0;2
742500;;TAKER;INTARIAN_PEPPER_ROOT;XIRECS;12044.0;2
742600;;TAKER;INTARIAN_PEPPER_ROOT;XIRECS;12046.0;3
742700;;TAKER;ASH_COATED_OSMIUM;XIRECS;9987.0;6
742800;TAKER;;INTARIAN_PEPPER_ROOT;XIRECS;12058.0;5
743100;TAKER;;ASH_COATED_OSMIUM;XIRECS;10007.0;11
743300;TAKER;;INTARIAN_PEPPER_ROOT;XIRECS;12057.0;2
743500;;TAKER;ASH_COATED_OSMIUM;XIRECS;9988.0;10
743600;;TAKER;INTARIAN_PEPPER_ROOT;XIRECS;12042.0;10
743800;;TAKER;INTARIAN_PEPPER_ROOT;XIRECS;12046.0;15
743800;TAKER;;ASH_COATED_OSMIUM;XIRECS;10005.0;14
743900;;TAKER;INTARIAN_PEPPER_ROOT;XIRECS;12042.0;6
744000;TAKER;;INTARIAN_PEPPER_ROOT;XIRECS;12056.0;12
744000;;TAKER;ASH_COATED_OSMIUM;XIRECS;9995.0;10
744100;TAKER;;ASH_COATED_OSMIUM;XIRECS;10008.0;7
744300;;TAKER;ASH_COATED_OSMIUM;XIRECS;9990.0;15
744400;;TAKER;ASH_COATED_OSMIUM;XIRECS;9995.0;9
744600;TAKER;;ASH_COATED_OSMIUM;XIRECS;10006.0;11
744700;;TAKER;ASH_COATED_OSMIUM;XIRECS;9993.0;7
745500;;TAKER;ASH_COATED_OSMIUM;XIRECS;9993.0;8
745700;TAKER;;ASH_COATED_OSMIUM;XIRECS;10007.0;12
745800;;TAKER;ASH_COATED_OSMIUM;XIRECS;9984.0;9
745900;TAKER;;INTARIAN_PEPPER_ROOT;XIRECS;12057.0;14
746100;;TAKER;ASH_COATED_OSMIUM;XIRECS;9992.0;7
746400;;TAKER;INTARIAN_PEPPER_ROOT;XIRECS;12042.0;8
746700;TAKER;;ASH_COATED_OSMIUM;XIRECS;10005.0;7
746800;;TAKER;ASH_COATED_OSMIUM;XIRECS;9989.0;15
747200;;TAKER;ASH_COATED_OSMIUM;XIRECS;9988.0;2
747300;;TAKER;ASH_COATED_OSMIUM;XIRECS;9989.0;13
747400;TAKER;;INTARIAN_PEPPER_ROOT;XIRECS;12056.0;12
747400;;TAKER;ASH_COATED_OSMIUM;XIRECS;9987.0;14
747600;;TAKER;INTARIAN_PEPPER_ROOT;XIRECS;12043.0;2
747800;;TAKER;INTARIAN_PEPPER_ROOT;XIRECS;12042.0;10
748000;;TAKER;INTARIAN_PEPPER_ROOT;XIRECS;12043.0;7
748100;;TAKER;ASH_COATED_OSMIUM;XIRECS;9988.0;4
748200;TAKER;;ASH_COATED_OSMIUM;XIRECS;10007.0;12
748300;TAKER;;INTARIAN_PEPPER_ROOT;XIRECS;12055.0;8
748500;TAKER;;ASH_COATED_OSMIUM;XIRECS;10007.0;14
748600;TAKER;;INTARIAN_PEPPER_ROOT;XIRECS;12059.0;13
748800;;TAKER;INTARIAN_PEPPER_ROOT;XIRECS;12043.0;8
748800;;TAKER;ASH_COATED_OSMIUM;XIRECS;9988.0;8
749400;;TAKER;INTARIAN_PEPPER_ROOT;XIRECS;12044.0;4
749700;;TAKER;ASH_COATED_OSMIUM;XIRECS;9993.0;9
749800;TAKER;;INTARIAN_PEPPER_ROOT;XIRECS;12056.0;15
750200;TAKER;;INTARIAN_PEPPER_ROOT;XIRECS;12055.0;3
750200;;TAKER;ASH_COATED_OSMIUM;XIRECS;9991.0;2
750300;TAKER;;ASH_COATED_OSMIUM;XIRECS;10009.0;13
750500;TAKER;;INTARIAN_PEPPER_ROOT;XIRECS;12055.0;11
750500;TAKER;;ASH_COATED_OSMIUM;XIRECS;10009.0;11
751100;TAKER;;ASH_COATED_OSMIUM;XIRECS;10009.0;3
751200;TAKER;;INTARIAN_PEPPER_ROOT;XIRECS;12055.0;13
752100;;TAKER;ASH_COATED_OSMIUM;XIRECS;9990.0;10
752200;;TAKER;INTARIAN_PEPPER_ROOT;XIRECS;12042.0;14
752200;TAKER;;ASH_COATED_OSMIUM;XIRECS;10014.0;6
752500;;TAKER;ASH_COATED_OSMIUM;XIRECS;9989.0;14
752600;TAKER;;ASH_COATED_OSMIUM;XIRECS;10009.0;5
752900;TAKER;;INTARIAN_PEPPER_ROOT;XIRECS;12055.0;3
752900;TAKER;;ASH_COATED_OSMIUM;XIRECS;10012.0;15
753100;;TAKER;INTARIAN_PEPPER_ROOT;XIRECS;12041.0;3
753100;;TAKER;ASH_COATED_OSMIUM;XIRECS;9993.0;14
753200;;TAKER;INTARIAN_PEPPER_ROOT;XIRECS;12040.0;4
753300;TAKER;;INTARIAN_PEPPER_ROOT;XIRECS;12055.0;15
753300;TAKER;;ASH_COATED_OSMIUM;XIRECS;10008.0;3
753400;;TAKER;INTARIAN_PEPPER_ROOT;XIRECS;12042.0;13
753500;TAKER;;INTARIAN_PEPPER_ROOT;XIRECS;12056.0;7
753500;TAKER;;ASH_COATED_OSMIUM;XIRECS;10010.0;15
753800;TAKER;;INTARIAN_PEPPER_ROOT;XIRECS;12056.0;13
753900;TAKER;;INTARIAN_PEPPER_ROOT;XIRECS;12055.0;8
754000;TAKER;;ASH_COATED_OSMIUM;XIRECS;10007.0;14
754200;TAKER;;INTARIAN_PEPPER_ROOT;XIRECS;12055.0;3
754200;;TAKER;ASH_COATED_OSMIUM;XIRECS;9991.0;4
754300;TAKER;;ASH_COATED_OSMIUM;XIRECS;10007.0;7
754400;;TAKER;INTARIAN_PEPPER_ROOT;XIRECS;12041.0;11
754600;;TAKER;INTARIAN_PEPPER_ROOT;XIRECS;12041.0;9
754800;;TAKER;INTARIAN_PEPPER_ROOT;XIRECS;12042.0;10
754900;;TAKER;ASH_COATED_OSMIUM;XIRECS;9990.0;4
755200;TAKER;;INTARIAN_PEPPER_ROOT;XIRECS;12056.0;3
755500;;TAKER;ASH_COATED_OSMIUM;XIRECS;9987.0;3
755700;;TAKER;ASH_COATED_OSMIUM;XIRECS;9991.0;8
755800;;TAKER;INTARIAN_PEPPER_ROOT;XIRECS;12040.0;6
755900;TAKER;;ASH_COATED_OSMIUM;XIRECS;10007.0;14
756000;;TAKER;INTARIAN_PEPPER_ROOT;XIRECS;12040.0;14
756000;TAKER;;ASH_COATED_OSMIUM;XIRECS;10006.0;7
756400;TAKER;;ASH_COATED_OSMIUM;XIRECS;10006.0;7
756500;TAKER;;INTARIAN_PEPPER_ROOT;XIRECS;12057.0;9
756500;;TAKER;ASH_COATED_OSMIUM;XIRECS;9992.0;9
756600;;TAKER;INTARIAN_PEPPER_ROOT;XIRECS;12042.0;3
756700;TAKER;;INTARIAN_PEPPER_ROOT;XIRECS;12056.0;15
756800;;TAKER;ASH_COATED_OSMIUM;XIRECS;9991.0;5
756900;;TAKER;INTARIAN_PEPPER_ROOT;XIRECS;12039.0;9
757000;;TAKER;ASH_COATED_OSMIUM;XIRECS;9988.0;3
757300;;TAKER;ASH_COATED_OSMIUM;XIRECS;9987.0;14
757400;TAKER;;INTARIAN_PEPPER_ROOT;XIRECS;12056.0;15
757400;TAKER;;ASH_COATED_OSMIUM;XIRECS;10012.0;13
757600;;TAKER;ASH_COATED_OSMIUM;XIRECS;9989.0;7
757800;TAKER;;INTARIAN_PEPPER_ROOT;XIRECS;12056.0;10
758000;;TAKER;INTARIAN_PEPPER_ROOT;XIRECS;12041.0;13
758100;TAKER;;INTARIAN_PEPPER_ROOT;XIRECS;12053.0;8
758200;;TAKER;ASH_COATED_OSMIUM;XIRECS;9995.0;12
758300;TAKER;;INTARIAN_PEPPER_ROOT;XIRECS;12055.0;3
758900;;TAKER;INTARIAN_PEPPER_ROOT;XIRECS;12040.0;4
759600;TAKER;;INTARIAN_PEPPER_ROOT;XIRECS;12054.0;15
759700;TAKER;;ASH_COATED_OSMIUM;XIRECS;10009.0;6
760200;TAKER;;INTARIAN_PEPPER_ROOT;XIRECS;12053.0;10
760400;;TAKER;INTARIAN_PEPPER_ROOT;XIRECS;12039.0;6
760500;TAKER;;ASH_COATED_OSMIUM;XIRECS;10009.0;11
760700;;TAKER;ASH_COATED_OSMIUM;XIRECS;9995.0;4
760800;;TAKER;INTARIAN_PEPPER_ROOT;XIRECS;12039.0;12
761100;TAKER;;ASH_COATED_OSMIUM;XIRECS;10010.0;14
761200;TAKER;;INTARIAN_PEPPER_ROOT;XIRECS;12055.0;5
761200;;TAKER;ASH_COATED_OSMIUM;XIRECS;9991.0;5
761400;;TAKER;ASH_COATED_OSMIUM;XIRECS;9991.0;4
761500;;TAKER;INTARIAN_PEPPER_ROOT;XIRECS;12039.0;3
762000;TAKER;;INTARIAN_PEPPER_ROOT;XIRECS;12053.0;13
762200;TAKER;;INTARIAN_PEPPER_ROOT;XIRECS;12054.0;6
762200;;TAKER;ASH_COATED_OSMIUM;XIRECS;9993.0;4
762500;TAKER;;ASH_COATED_OSMIUM;XIRECS;10006.0;11
762600;;TAKER;INTARIAN_PEPPER_ROOT;XIRECS;12040.0;4
762700;;TAKER;INTARIAN_PEPPER_ROOT;XIRECS;12041.0;12
762800;;TAKER;ASH_COATED_OSMIUM;XIRECS;9990.0;4
763000;TAKER;;INTARIAN_PEPPER_ROOT;XIRECS;12055.0;6
763400;;TAKER;INTARIAN_PEPPER_ROOT;XIRECS;12040.0;13
763700;TAKER;;INTARIAN_PEPPER_ROOT;XIRECS;12055.0;10
763800;TAKER;;ASH_COATED_OSMIUM;XIRECS;10008.0;10
763900;;TAKER;ASH_COATED_OSMIUM;XIRECS;9991.0;6
764100;TAKER;;ASH_COATED_OSMIUM;XIRECS;10008.0;14
764300;TAKER;;ASH_COATED_OSMIUM;XIRECS;10008.0;8
764400;TAKER;;INTARIAN_PEPPER_ROOT;XIRECS;12055.0;3
764500;;TAKER;INTARIAN_PEPPER_ROOT;XIRECS;12040.0;13
765100;TAKER;;INTARIAN_PEPPER_ROOT;XIRECS;12054.0;6
765100;TAKER;;ASH_COATED_OSMIUM;XIRECS;10011.0;3
765200;TAKER;;INTARIAN_PEPPER_ROOT;XIRECS;12054.0;13
765200;;TAKER;ASH_COATED_OSMIUM;XIRECS;9992.0;10
765300;;TAKER;INTARIAN_PEPPER_ROOT;XIRECS;12040.0;11
765300;;TAKER;ASH_COATED_OSMIUM;XIRECS;9991.0;11
765400;;TAKER;INTARIAN_PEPPER_ROOT;XIRECS;12041.0;11
765400;;TAKER;ASH_COATED_OSMIUM;XIRECS;9989.0;12
765500;TAKER;;INTARIAN_PEPPER_ROOT;XIRECS;12052.0;2
765800;;TAKER;ASH_COATED_OSMIUM;XIRECS;9990.0;5
765900;TAKER;;ASH_COATED_OSMIUM;XIRECS;10009.0;11
766000;;TAKER;INTARIAN_PEPPER_ROOT;XIRECS;12039.0;8
766000;;TAKER;ASH_COATED_OSMIUM;XIRECS;9991.0;2
766100;TAKER;;INTARIAN_PEPPER_ROOT;XIRECS;12053.0;3
766300;;TAKER;ASH_COATED_OSMIUM;XIRECS;9990.0;13
766700;TAKER;;INTARIAN_PEPPER_ROOT;XIRECS;12052.0;14
766700;TAKER;;ASH_COATED_OSMIUM;XIRECS;10011.0;14
766800;;TAKER;ASH_COATED_OSMIUM;XIRECS;9990.0;2
767000;TAKER;;INTARIAN_PEPPER_ROOT;XIRECS;12052.0;9
767100;;TAKER;ASH_COATED_OSMIUM;XIRECS;9989.0;8
767200;TAKER;;ASH_COATED_OSMIUM;XIRECS;10008.0;15
767300;TAKER;;INTARIAN_PEPPER_ROOT;XIRECS;12051.0;13
767300;;TAKER;ASH_COATED_OSMIUM;XIRECS;9993.0;11
767500;;TAKER;INTARIAN_PEPPER_ROOT;XIRECS;12039.0;11
767600;;TAKER;INTARIAN_PEPPER_ROOT;XIRECS;12040.0;10
768400;TAKER;;INTARIAN_PEPPER_ROOT;XIRECS;12053.0;5
768500;TAKER;;ASH_COATED_OSMIUM;XIRECS;10012.0;15
768900;;TAKER;INTARIAN_PEPPER_ROOT;XIRECS;12039.0;12
769100;TAKER;;INTARIAN_PEPPER_ROOT;XIRECS;12052.0;11
769100;TAKER;;ASH_COATED_OSMIUM;XIRECS;10011.0;8
769200;TAKER;;ASH_COATED_OSMIUM;XIRECS;10009.0;13
769500;TAKER;;INTARIAN_PEPPER_ROOT;XIRECS;12052.0;13
769900;TAKER;;INTARIAN_PEPPER_ROOT;XIRECS;12053.0;8
769900;;TAKER;ASH_COATED_OSMIUM;XIRECS;9988.0;10
770000;TAKER;;INTARIAN_PEPPER_ROOT;XIRECS;12052.0;11
770100;;TAKER;ASH_COATED_OSMIUM;XIRECS;9992.0;14
770900;TAKER;;ASH_COATED_OSMIUM;XIRECS;10009.0;7
771000;;TAKER;ASH_COATED_OSMIUM;XIRECS;9991.0;8
771100;;TAKER;INTARIAN_PEPPER_ROOT;XIRECS;12039.0;6
771300;TAKER;;INTARIAN_PEPPER_ROOT;XIRECS;12049.0;7
771400;;TAKER;ASH_COATED_OSMIUM;XIRECS;9990.0;14
771500;;TAKER;INTARIAN_PEPPER_ROOT;XIRECS;12038.0;7
771800;;TAKER;INTARIAN_PEPPER_ROOT;XIRECS;12040.0;15
771900;;TAKER;INTARIAN_PEPPER_ROOT;XIRECS;12040.0;3
771900;TAKER;;ASH_COATED_OSMIUM;XIRECS;10008.0;13
772200;TAKER;;ASH_COATED_OSMIUM;XIRECS;10005.0;6
772300;TAKER;;INTARIAN_PEPPER_ROOT;XIRECS;12052.0;4
772400;;TAKER;INTARIAN_PEPPER_ROOT;XIRECS;12039.0;12
772500;;TAKER;INTARIAN_PEPPER_ROOT;XIRECS;12037.0;9
772500;;TAKER;ASH_COATED_OSMIUM;XIRECS;9991.0;3
772600;TAKER;;INTARIAN_PEPPER_ROOT;XIRECS;12051.0;15
772600;;TAKER;ASH_COATED_OSMIUM;XIRECS;9991.0;11
772900;TAKER;;INTARIAN_PEPPER_ROOT;XIRECS;12051.0;6
773000;TAKER;;INTARIAN_PEPPER_ROOT;XIRECS;12052.0;9
773300;;TAKER;INTARIAN_PEPPER_ROOT;XIRECS;12040.0;9
773700;;TAKER;INTARIAN_PEPPER_ROOT;XIRECS;12037.0;11
773700;;TAKER;ASH_COATED_OSMIUM;XIRECS;9990.0;11
774100;;TAKER;INTARIAN_PEPPER_ROOT;XIRECS;12038.0;11
774100;TAKER;;ASH_COATED_OSMIUM;XIRECS;10012.0;5
774300;;TAKER;ASH_COATED_OSMIUM;XIRECS;9993.0;13
774400;TAKER;;INTARIAN_PEPPER_ROOT;XIRECS;12050.0;13
774500;TAKER;;ASH_COATED_OSMIUM;XIRECS;10012.0;3
774600;TAKER;;INTARIAN_PEPPER_ROOT;XIRECS;12053.0;12
774700;;TAKER;ASH_COATED_OSMIUM;XIRECS;9990.0;10
774800;;TAKER;INTARIAN_PEPPER_ROOT;XIRECS;12038.0;12
774900;TAKER;;ASH_COATED_OSMIUM;XIRECS;10011.0;6
775000;;TAKER;INTARIAN_PEPPER_ROOT;XIRECS;12038.0;15
775000;;TAKER;ASH_COATED_OSMIUM;XIRECS;9994.0;7
775300;;TAKER;INTARIAN_PEPPER_ROOT;XIRECS;12040.0;9
775300;;TAKER;ASH_COATED_OSMIUM;XIRECS;9992.0;14
775400;;TAKER;INTARIAN_PEPPER_ROOT;XIRECS;12040.0;10
775500;TAKER;;ASH_COATED_OSMIUM;XIRECS;10005.0;6
775800;TAKER;;INTARIAN_PEPPER_ROOT;XIRECS;12051.0;2
775800;TAKER;;ASH_COATED_OSMIUM;XIRECS;10007.0;11
776200;;TAKER;INTARIAN_PEPPER_ROOT;XIRECS;12038.0;9
776600;TAKER;;INTARIAN_PEPPER_ROOT;XIRECS;12052.0;13
776600;;TAKER;ASH_COATED_OSMIUM;XIRECS;9989.0;5
776700;;TAKER;ASH_COATED_OSMIUM;XIRECS;9989.0;11
777000;;TAKER;ASH_COATED_OSMIUM;XIRECS;9992.0;8
777100;TAKER;;INTARIAN_PEPPER_ROOT;XIRECS;12052.0;2
777300;;TAKER;ASH_COATED_OSMIUM;XIRECS;9991.0;15
777600;;TAKER;INTARIAN_PEPPER_ROOT;XIRECS;12037.0;11
777800;;TAKER;INTARIAN_PEPPER_ROOT;XIRECS;12037.0;14
777800;;TAKER;ASH_COATED_OSMIUM;XIRECS;9993.0;2
778200;;TAKER;INTARIAN_PEPPER_ROOT;XIRECS;12035.0;3
778400;;TAKER;ASH_COATED_OSMIUM;XIRECS;9988.0;2
778600;TAKER;;INTARIAN_PEPPER_ROOT;XIRECS;12049.0;7
778600;;TAKER;ASH_COATED_OSMIUM;XIRECS;9989.0;15
778800;TAKER;;INTARIAN_PEPPER_ROOT;XIRECS;12051.0;15
779000;;TAKER;ASH_COATED_OSMIUM;XIRECS;9989.0;2
779200;;TAKER;ASH_COATED_OSMIUM;XIRECS;9992.0;14
779600;TAKER;;ASH_COATED_OSMIUM;XIRECS;10004.0;9
779800;;TAKER;INTARIAN_PEPPER_ROOT;XIRECS;12036.0;15
780300;TAKER;;ASH_COATED_OSMIUM;XIRECS;10007.0;5
780400;TAKER;;INTARIAN_PEPPER_ROOT;XIRECS;12050.0;5
780400;;TAKER;ASH_COATED_OSMIUM;XIRECS;9989.0;10
780500;;TAKER;INTARIAN_PEPPER_ROOT;XIRECS;12036.0;3
780600;TAKER;;INTARIAN_PEPPER_ROOT;XIRECS;12051.0;6
780800;;TAKER;INTARIAN_PEPPER_ROOT;XIRECS;12036.0;2
781000;TAKER;;ASH_COATED_OSMIUM;XIRECS;10009.0;11
781200;TAKER;;ASH_COATED_OSMIUM;XIRECS;10008.0;13
781300;;TAKER;INTARIAN_PEPPER_ROOT;XIRECS;12037.0;14
781700;;TAKER;ASH_COATED_OSMIUM;XIRECS;9990.0;2
782000;;TAKER;INTARIAN_PEPPER_ROOT;XIRECS;12037.0;11
782100;;TAKER;ASH_COATED_OSMIUM;XIRECS;9994.0;13
782500;;TAKER;ASH_COATED_OSMIUM;XIRECS;9992.0;7
782600;TAKER;;ASH_COATED_OSMIUM;XIRECS;10006.0;15
783000;TAKER;;INTARIAN_PEPPER_ROOT;XIRECS;12048.0;12
783100;TAKER;;ASH_COATED_OSMIUM;XIRECS;10009.0;5
783200;TAKER;;INTARIAN_PEPPER_ROOT;XIRECS;12049.0;4
783200;;TAKER;ASH_COATED_OSMIUM;XIRECS;9990.0;3
783300;;TAKER;ASH_COATED_OSMIUM;XIRECS;9993.0;15
783400;;TAKER;INTARIAN_PEPPER_ROOT;XIRECS;12037.0;3
783400;TAKER;;ASH_COATED_OSMIUM;XIRECS;10007.0;12
783600;;TAKER;INTARIAN_PEPPER_ROOT;XIRECS;12036.0;10
783800;;TAKER;INTARIAN_PEPPER_ROOT;XIRECS;12036.0;3
783900;;TAKER;INTARIAN_PEPPER_ROOT;XIRECS;12035.0;11
784000;;TAKER;ASH_COATED_OSMIUM;XIRECS;9991.0;13
784200;TAKER;;ASH_COATED_OSMIUM;XIRECS;10009.0;10
784400;TAKER;;INTARIAN_PEPPER_ROOT;XIRECS;12049.0;4
784600;TAKER;;INTARIAN_PEPPER_ROOT;XIRECS;12051.0;2
784900;TAKER;;ASH_COATED_OSMIUM;XIRECS;10008.0;6
785100;;TAKER;ASH_COATED_OSMIUM;XIRECS;9990.0;9
785400;TAKER;;ASH_COATED_OSMIUM;XIRECS;10002.0;11
785500;TAKER;;INTARIAN_PEPPER_ROOT;XIRECS;12049.0;9
785700;TAKER;;ASH_COATED_OSMIUM;XIRECS;10012.0;9
785800;TAKER;;INTARIAN_PEPPER_ROOT;XIRECS;12050.0;11
786100;;TAKER;INTARIAN_PEPPER_ROOT;XIRECS;12035.0;6
786300;TAKER;;INTARIAN_PEPPER_ROOT;XIRECS;12050.0;9
786400;;TAKER;ASH_COATED_OSMIUM;XIRECS;9994.0;12
786500;TAKER;;ASH_COATED_OSMIUM;XIRECS;10006.0;5
786600;TAKER;;ASH_COATED_OSMIUM;XIRECS;10008.0;4
786700;;TAKER;ASH_COATED_OSMIUM;XIRECS;9992.0;2
786800;;TAKER;INTARIAN_PEPPER_ROOT;XIRECS;12036.0;9
786800;;TAKER;ASH_COATED_OSMIUM;XIRECS;9994.0;2
786900;;TAKER;INTARIAN_PEPPER_ROOT;XIRECS;12036.0;3
787000;TAKER;;INTARIAN_PEPPER_ROOT;XIRECS;12048.0;10
787100;;TAKER;INTARIAN_PEPPER_ROOT;XIRECS;12033.0;3
787300;;TAKER;ASH_COATED_OSMIUM;XIRECS;9994.0;3
787400;;TAKER;ASH_COATED_OSMIUM;XIRECS;9990.0;6
788000;;TAKER;INTARIAN_PEPPER_ROOT;XIRECS;12035.0;8
788100;TAKER;;INTARIAN_PEPPER_ROOT;XIRECS;12048.0;15
788200;;TAKER;ASH_COATED_OSMIUM;XIRECS;9987.0;8
788500;TAKER;;INTARIAN_PEPPER_ROOT;XIRECS;12050.0;10
788500;TAKER;;ASH_COATED_OSMIUM;XIRECS;10015.0;3
788700;TAKER;;ASH_COATED_OSMIUM;XIRECS;10012.0;3
789100;;TAKER;ASH_COATED_OSMIUM;XIRECS;9989.0;2
789200;;TAKER;INTARIAN_PEPPER_ROOT;XIRECS;12036.0;2
789400;TAKER;;ASH_COATED_OSMIUM;XIRECS;10009.0;4
789500;TAKER;;ASH_COATED_OSMIUM;XIRECS;10008.0;6
789600;TAKER;;INTARIAN_PEPPER_ROOT;XIRECS;12050.0;10
789900;TAKER;;INTARIAN_PEPPER_ROOT;XIRECS;12050.0;6
789900;TAKER;;ASH_COATED_OSMIUM;XIRECS;10012.0;10
790100;;TAKER;ASH_COATED_OSMIUM;XIRECS;9986.0;9
790200;TAKER;;INTARIAN_PEPPER_ROOT;XIRECS;12048.0;13
790300;TAKER;;INTARIAN_PEPPER_ROOT;XIRECS;12049.0;13
790300;TAKER;;ASH_COATED_OSMIUM;XIRECS;10013.0;14
790500;;TAKER;ASH_COATED_OSMIUM;XIRECS;9994.0;6
790900;;TAKER;INTARIAN_PEPPER_ROOT;XIRECS;12034.0;7
790900;TAKER;;ASH_COATED_OSMIUM;XIRECS;10006.0;12
791000;TAKER;;ASH_COATED_OSMIUM;XIRECS;10007.0;7
791100;;TAKER;INTARIAN_PEPPER_ROOT;XIRECS;12034.0;10
791200;;TAKER;INTARIAN_PEPPER_ROOT;XIRECS;12035.0;10
791400;;TAKER;INTARIAN_PEPPER_ROOT;XIRECS;12035.0;8
791400;;TAKER;ASH_COATED_OSMIUM;XIRECS;9994.0;7
791500;TAKER;;INTARIAN_PEPPER_ROOT;XIRECS;12048.0;7
791500;;TAKER;ASH_COATED_OSMIUM;XIRECS;9987.0;3
791600;TAKER;;ASH_COATED_OSMIUM;XIRECS;10010.0;15
791700;TAKER;;ASH_COATED_OSMIUM;XIRECS;10007.0;7
791800;;TAKER;INTARIAN_PEPPER_ROOT;XIRECS;12034.0;12
791900;;TAKER;ASH_COATED_OSMIUM;XIRECS;9991.0;6
792100;TAKER;;ASH_COATED_OSMIUM;XIRECS;10009.0;7
792300;;TAKER;INTARIAN_PEPPER_ROOT;XIRECS;12035.0;3
792400;;TAKER;ASH_COATED_OSMIUM;XIRECS;9988.0;11
792500;;TAKER;ASH_COATED_OSMIUM;XIRECS;9991.0;14
792700;;TAKER;ASH_COATED_OSMIUM;XIRECS;9985.0;2
792800;;TAKER;ASH_COATED_OSMIUM;XIRECS;9989.0;12
792900;TAKER;;ASH_COATED_OSMIUM;XIRECS;10013.0;10
793000;TAKER;;INTARIAN_PEPPER_ROOT;XIRECS;12048.0;9
793300;;TAKER;ASH_COATED_OSMIUM;XIRECS;9992.0;2
793400;;TAKER;ASH_COATED_OSMIUM;XIRECS;9991.0;8
793600;;TAKER;INTARIAN_PEPPER_ROOT;XIRECS;12035.0;6
793800;TAKER;;INTARIAN_PEPPER_ROOT;XIRECS;12050.0;3
793800;;TAKER;ASH_COATED_OSMIUM;XIRECS;9989.0;10
793900;TAKER;;ASH_COATED_OSMIUM;XIRECS;10010.0;5
794600;TAKER;;INTARIAN_PEPPER_ROOT;XIRECS;12047.0;5
794700;;TAKER;INTARIAN_PEPPER_ROOT;XIRECS;12032.0;13
794800;;TAKER;INTARIAN_PEPPER_ROOT;XIRECS;12036.0;10
794900;;TAKER;INTARIAN_PEPPER_ROOT;XIRECS;12034.0;11
794900;TAKER;;ASH_COATED_OSMIUM;XIRECS;10008.0;8
795200;;TAKER;INTARIAN_PEPPER_ROOT;XIRECS;12035.0;11
795200;TAKER;;ASH_COATED_OSMIUM;XIRECS;10009.0;9
795300;;TAKER;INTARIAN_PEPPER_ROOT;XIRECS;12032.0;8
795500;TAKER;;INTARIAN_PEPPER_ROOT;XIRECS;12048.0;10
795600;;TAKER;INTARIAN_PEPPER_ROOT;XIRECS;12033.0;14
795800;TAKER;;ASH_COATED_OSMIUM;XIRECS;10008.0;2
796200;;TAKER;INTARIAN_PEPPER_ROOT;XIRECS;12034.0;11
797100;TAKER;;INTARIAN_PEPPER_ROOT;XIRECS;12048.0;13
797100;TAKER;;ASH_COATED_OSMIUM;XIRECS;10005.0;3
797300;;TAKER;ASH_COATED_OSMIUM;XIRECS;9992.0;7
797600;TAKER;;INTARIAN_PEPPER_ROOT;XIRECS;12047.0;2
797600;;TAKER;ASH_COATED_OSMIUM;XIRECS;9992.0;3
797700;TAKER;;ASH_COATED_OSMIUM;XIRECS;10006.0;8
797800;;TAKER;ASH_COATED_OSMIUM;XIRECS;9987.0;6
797900;;TAKER;INTARIAN_PEPPER_ROOT;XIRECS;12033.0;3
798000;;TAKER;INTARIAN_PEPPER_ROOT;XIRECS;12035.0;2
798300;TAKER;;INTARIAN_PEPPER_ROOT;XIRECS;12046.0;6
798300;;TAKER;ASH_COATED_OSMIUM;XIRECS;9992.0;12
798500;TAKER;;ASH_COATED_OSMIUM;XIRECS;10006.0;6
798700;TAKER;;INTARIAN_PEPPER_ROOT;XIRECS;12046.0;11
798800;TAKER;;INTARIAN_PEPPER_ROOT;XIRECS;12046.0;13
799300;TAKER;;ASH_COATED_OSMIUM;XIRECS;10010.0;9
799400;;TAKER;INTARIAN_PEPPER_ROOT;XIRECS;12033.0;4
799500;TAKER;;INTARIAN_PEPPER_ROOT;XIRECS;12048.0;9
799700;;TAKER;ASH_COATED_OSMIUM;XIRECS;9992.0;10
799800;TAKER;;INTARIAN_PEPPER_ROOT;XIRECS;12045.0;9
799900;;TAKER;ASH_COATED_OSMIUM;XIRECS;9986.0;11
800000;TAKER;;INTARIAN_PEPPER_ROOT;XIRECS;12046.0;3
800300;TAKER;;ASH_COATED_OSMIUM;XIRECS;10007.0;3
800500;TAKER;;ASH_COATED_OSMIUM;XIRECS;10011.0;3
800600;;TAKER;INTARIAN_PEPPER_ROOT;XIRECS;12033.0;9
800700;TAKER;;ASH_COATED_OSMIUM;XIRECS;10009.0;8
800900;TAKER;;ASH_COATED_OSMIUM;XIRECS;10013.0;2
801100;TAKER;;ASH_COATED_OSMIUM;XIRECS;10007.0;13
801200;TAKER;;INTARIAN_PEPPER_ROOT;XIRECS;12044.0;8
801200;;TAKER;ASH_COATED_OSMIUM;XIRECS;9990.0;10
801300;TAKER;;ASH_COATED_OSMIUM;XIRECS;10007.0;4
801500;;TAKER;ASH_COATED_OSMIUM;XIRECS;9992.0;4
801700;TAKER;;ASH_COATED_OSMIUM;XIRECS;10011.0;9
801900;;TAKER;ASH_COATED_OSMIUM;XIRECS;9993.0;2
802100;;TAKER;INTARIAN_PEPPER_ROOT;XIRECS;12033.0;9
802100;TAKER;;ASH_COATED_OSMIUM;XIRECS;10006.0;4
802200;TAKER;;ASH_COATED_OSMIUM;XIRECS;10007.0;5
802300;;TAKER;INTARIAN_PEPPER_ROOT;XIRECS;12035.0;2
802400;;TAKER;ASH_COATED_OSMIUM;XIRECS;9991.0;11
802500;;TAKER;INTARIAN_PEPPER_ROOT;XIRECS;12033.0;3
802700;;TAKER;ASH_COATED_OSMIUM;XIRECS;9991.0;14
802800;;TAKER;ASH_COATED_OSMIUM;XIRECS;9986.0;5
802900;;TAKER;ASH_COATED_OSMIUM;XIRECS;9988.0;3
803200;;TAKER;INTARIAN_PEPPER_ROOT;XIRECS;12031.0;7
803200;;TAKER;ASH_COATED_OSMIUM;XIRECS;9993.0;5
803300;;TAKER;ASH_COATED_OSMIUM;XIRECS;9991.0;10
803500;TAKER;;ASH_COATED_OSMIUM;XIRECS;10009.0;5
803700;TAKER;;INTARIAN_PEPPER_ROOT;XIRECS;12046.0;14
803800;TAKER;;INTARIAN_PEPPER_ROOT;XIRECS;12044.0;9
803900;TAKER;;ASH_COATED_OSMIUM;XIRECS;10010.0;7
804000;TAKER;;ASH_COATED_OSMIUM;XIRECS;10010.0;9
804100;;TAKER;INTARIAN_PEPPER_ROOT;XIRECS;12032.0;7
804200;TAKER;;ASH_COATED_OSMIUM;XIRECS;10010.0;14
804300;;TAKER;INTARIAN_PEPPER_ROOT;XIRECS;12032.0;15
804400;TAKER;;ASH_COATED_OSMIUM;XIRECS;10011.0;7
804600;;TAKER;ASH_COATED_OSMIUM;XIRECS;9992.0;5
804700;;TAKER;INTARIAN_PEPPER_ROOT;XIRECS;12032.0;13
804700;;TAKER;ASH_COATED_OSMIUM;XIRECS;9993.0;11
805100;TAKER;;INTARIAN_PEPPER_ROOT;XIRECS;12046.0;6
805100;TAKER;;ASH_COATED_OSMIUM;XIRECS;10007.0;3
805200;TAKER;;INTARIAN_PEPPER_ROOT;XIRECS;12048.0;4
805500;;TAKER;ASH_COATED_OSMIUM;XIRECS;9990.0;11
805700;TAKER;;ASH_COATED_OSMIUM;XIRECS;10008.0;6
805800;TAKER;;INTARIAN_PEPPER_ROOT;XIRECS;12045.0;4
805900;TAKER;;INTARIAN_PEPPER_ROOT;XIRECS;12046.0;9
805900;;TAKER;ASH_COATED_OSMIUM;XIRECS;9986.0;11
806000;;TAKER;INTARIAN_PEPPER_ROOT;XIRECS;12032.0;7
806300;TAKER;;INTARIAN_PEPPER_ROOT;XIRECS;12045.0;2
806500;TAKER;;INTARIAN_PEPPER_ROOT;XIRECS;12044.0;4
806600;TAKER;;ASH_COATED_OSMIUM;XIRECS;10011.0;9
806700;TAKER;;INTARIAN_PEPPER_ROOT;XIRECS;12044.0;15
807000;;TAKER;INTARIAN_PEPPER_ROOT;XIRECS;12031.0;3
807100;TAKER;;INTARIAN_PEPPER_ROOT;XIRECS;12044.0;11
807100;TAKER;;ASH_COATED_OSMIUM;XIRECS;10010.0;4
807300;TAKER;;INTARIAN_PEPPER_ROOT;XIRECS;12047.0;5
807300;TAKER;;ASH_COATED_OSMIUM;XIRECS;10010.0;3
807400;TAKER;;INTARIAN_PEPPER_ROOT;XIRECS;12046.0;13
807500;TAKER;;INTARIAN_PEPPER_ROOT;XIRECS;12043.0;11
807900;TAKER;;INTARIAN_PEPPER_ROOT;XIRECS;12044.0;10
808100;;TAKER;INTARIAN_PEPPER_ROOT;XIRECS;12031.0;15
808200;TAKER;;ASH_COATED_OSMIUM;XIRECS;10012.0;15
808600;TAKER;;INTARIAN_PEPPER_ROOT;XIRECS;12046.0;15
808600;TAKER;;ASH_COATED_OSMIUM;XIRECS;10007.0;4
808800;;TAKER;INTARIAN_PEPPER_ROOT;XIRECS;12032.0;7
808900;;TAKER;INTARIAN_PEPPER_ROOT;XIRECS;12030.0;3
809000;;TAKER;ASH_COATED_OSMIUM;XIRECS;9992.0;8
809200;TAKER;;ASH_COATED_OSMIUM;XIRECS;10006.0;12
809300;TAKER;;INTARIAN_PEPPER_ROOT;XIRECS;12044.0;11
809300;;TAKER;ASH_COATED_OSMIUM;XIRECS;9991.0;3
809400;TAKER;;INTARIAN_PEPPER_ROOT;XIRECS;12044.0;11
809400;;TAKER;ASH_COATED_OSMIUM;XIRECS;9992.0;15
809700;;TAKER;ASH_COATED_OSMIUM;XIRECS;9989.0;12
809800;;TAKER;INTARIAN_PEPPER_ROOT;XIRECS;12029.0;4
810100;TAKER;;ASH_COATED_OSMIUM;XIRECS;10006.0;7
810300;;TAKER;INTARIAN_PEPPER_ROOT;XIRECS;12033.0;5
810900;TAKER;;INTARIAN_PEPPER_ROOT;XIRECS;12045.0;8
811200;TAKER;;INTARIAN_PEPPER_ROOT;XIRECS;12045.0;14
811400;;TAKER;ASH_COATED_OSMIUM;XIRECS;9992.0;3
811600;;TAKER;INTARIAN_PEPPER_ROOT;XIRECS;12031.0;13
811700;;TAKER;ASH_COATED_OSMIUM;XIRECS;9992.0;2
811800;;TAKER;ASH_COATED_OSMIUM;XIRECS;9993.0;13
812000;TAKER;;ASH_COATED_OSMIUM;XIRECS;10010.0;12
812200;;TAKER;INTARIAN_PEPPER_ROOT;XIRECS;12030.0;4
812300;;TAKER;ASH_COATED_OSMIUM;XIRECS;9987.0;15
812500;TAKER;;INTARIAN_PEPPER_ROOT;XIRECS;12043.0;14
812500;;TAKER;ASH_COATED_OSMIUM;XIRECS;9992.0;6
812800;;TAKER;INTARIAN_PEPPER_ROOT;XIRECS;12030.0;2
813000;;TAKER;INTARIAN_PEPPER_ROOT;XIRECS;12032.0;11
813000;;TAKER;ASH_COATED_OSMIUM;XIRECS;9990.0;9
813500;;TAKER;ASH_COATED_OSMIUM;XIRECS;9992.0;3
813600;TAKER;;ASH_COATED_OSMIUM;XIRECS;10010.0;6
813800;;TAKER;INTARIAN_PEPPER_ROOT;XIRECS;12032.0;3
814000;;TAKER;ASH_COATED_OSMIUM;XIRECS;9991.0;13
814200;;TAKER;ASH_COATED_OSMIUM;XIRECS;9987.0;12
814400;TAKER;;ASH_COATED_OSMIUM;XIRECS;10007.0;14
814500;;TAKER;ASH_COATED_OSMIUM;XIRECS;9991.0;13
814800;;TAKER;INTARIAN_PEPPER_ROOT;XIRECS;12029.0;8
814800;;TAKER;ASH_COATED_OSMIUM;XIRECS;9991.0;3
814900;;TAKER;ASH_COATED_OSMIUM;XIRECS;9992.0;4
815000;TAKER;;INTARIAN_PEPPER_ROOT;XIRECS;12046.0;10
815100;TAKER;;ASH_COATED_OSMIUM;XIRECS;10010.0;6
815400;;TAKER;INTARIAN_PEPPER_ROOT;XIRECS;12031.0;6
815700;;TAKER;ASH_COATED_OSMIUM;XIRECS;9991.0;2
815800;TAKER;;ASH_COATED_OSMIUM;XIRECS;10009.0;11
816100;;TAKER;ASH_COATED_OSMIUM;XIRECS;9992.0;4
816200;TAKER;;ASH_COATED_OSMIUM;XIRECS;10006.0;10
816300;;TAKER;INTARIAN_PEPPER_ROOT;XIRECS;12030.0;2
816400;;TAKER;INTARIAN_PEPPER_ROOT;XIRECS;12028.0;2
816400;;TAKER;ASH_COATED_OSMIUM;XIRECS;9993.0;14
816500;;TAKER;ASH_COATED_OSMIUM;XIRECS;9991.0;2
816600;TAKER;;INTARIAN_PEPPER_ROOT;XIRECS;12044.0;6
816800;;TAKER;INTARIAN_PEPPER_ROOT;XIRECS;12029.0;2
817000;;TAKER;INTARIAN_PEPPER_ROOT;XIRECS;12029.0;14
817400;;TAKER;INTARIAN_PEPPER_ROOT;XIRECS;12029.0;4
818300;;TAKER;INTARIAN_PEPPER_ROOT;XIRECS;12027.0;4
818400;;TAKER;ASH_COATED_OSMIUM;XIRECS;9990.0;13
818700;TAKER;;INTARIAN_PEPPER_ROOT;XIRECS;12043.0;12
818700;TAKER;;ASH_COATED_OSMIUM;XIRECS;10012.0;6
818800;TAKER;;ASH_COATED_OSMIUM;XIRECS;10007.0;4
819000;;TAKER;ASH_COATED_OSMIUM;XIRECS;9987.0;10
819100;TAKER;;INTARIAN_PEPPER_ROOT;XIRECS;12042.0;5
819300;TAKER;;INTARIAN_PEPPER_ROOT;XIRECS;12041.0;10
819400;;TAKER;INTARIAN_PEPPER_ROOT;XIRECS;12029.0;5
819600;TAKER;;INTARIAN_PEPPER_ROOT;XIRECS;12042.0;3
819800;;TAKER;INTARIAN_PEPPER_ROOT;XIRECS;12030.0;8
820000;;TAKER;INTARIAN_PEPPER_ROOT;XIRECS;12026.0;5
820000;;TAKER;ASH_COATED_OSMIUM;XIRECS;9989.0;5
820600;TAKER;;INTARIAN_PEPPER_ROOT;XIRECS;12044.0;6
820700;;TAKER;ASH_COATED_OSMIUM;XIRECS;9992.0;15
820800;TAKER;;ASH_COATED_OSMIUM;XIRECS;10007.0;8
821000;TAKER;;INTARIAN_PEPPER_ROOT;XIRECS;12044.0;7
821200;;TAKER;ASH_COATED_OSMIUM;XIRECS;9988.0;10
821400;TAKER;;ASH_COATED_OSMIUM;XIRECS;10008.0;2
821500;;TAKER;INTARIAN_PEPPER_ROOT;XIRECS;12028.0;11
821600;;TAKER;INTARIAN_PEPPER_ROOT;XIRECS;12028.0;2
821600;TAKER;;ASH_COATED_OSMIUM;XIRECS;10006.0;11
821700;TAKER;;ASH_COATED_OSMIUM;XIRECS;10005.0;14
821800;;TAKER;INTARIAN_PEPPER_ROOT;XIRECS;12027.0;9
821900;TAKER;;ASH_COATED_OSMIUM;XIRECS;10007.0;3
822500;;TAKER;INTARIAN_PEPPER_ROOT;XIRECS;12027.0;13
822900;TAKER;;INTARIAN_PEPPER_ROOT;XIRECS;12041.0;2
823000;TAKER;;INTARIAN_PEPPER_ROOT;XIRECS;12045.0;6
823200;;TAKER;INTARIAN_PEPPER_ROOT;XIRECS;12028.0;6
823400;;TAKER;INTARIAN_PEPPER_ROOT;XIRECS;12026.0;4
823500;TAKER;;ASH_COATED_OSMIUM;XIRECS;10008.0;15
823600;;TAKER;INTARIAN_PEPPER_ROOT;XIRECS;12028.0;10
823700;TAKER;;ASH_COATED_OSMIUM;XIRECS;10009.0;6
824000;TAKER;;INTARIAN_PEPPER_ROOT;XIRECS;12041.0;13
824200;;TAKER;INTARIAN_PEPPER_ROOT;XIRECS;12028.0;5
824200;;TAKER;ASH_COATED_OSMIUM;XIRECS;9992.0;14
824400;;TAKER;ASH_COATED_OSMIUM;XIRECS;9991.0;6
824600;;TAKER;INTARIAN_PEPPER_ROOT;XIRECS;12028.0;10
824600;TAKER;;ASH_COATED_OSMIUM;XIRECS;10010.0;11
825100;TAKER;;INTARIAN_PEPPER_ROOT;XIRECS;12041.0;7
825200;TAKER;;INTARIAN_PEPPER_ROOT;XIRECS;12041.0;10
825200;;TAKER;ASH_COATED_OSMIUM;XIRECS;9991.0;4
825300;;TAKER;INTARIAN_PEPPER_ROOT;XIRECS;12026.0;11
825400;;TAKER;ASH_COATED_OSMIUM;XIRECS;9987.0;4
825600;;TAKER;INTARIAN_PEPPER_ROOT;XIRECS;12027.0;9
825600;TAKER;;ASH_COATED_OSMIUM;XIRECS;10013.0;5
825700;TAKER;;INTARIAN_PEPPER_ROOT;XIRECS;12042.0;9
825700;;TAKER;ASH_COATED_OSMIUM;XIRECS;9988.0;4
825800;;TAKER;ASH_COATED_OSMIUM;XIRECS;9988.0;8
826000;TAKER;;ASH_COATED_OSMIUM;XIRECS;10005.0;11
826100;;TAKER;ASH_COATED_OSMIUM;XIRECS;9991.0;5
826200;TAKER;;INTARIAN_PEPPER_ROOT;XIRECS;12042.0;9
826300;TAKER;;INTARIAN_PEPPER_ROOT;XIRECS;12042.0;5
826400;;TAKER;ASH_COATED_OSMIUM;XIRECS;9989.0;9
826500;TAKER;;ASH_COATED_OSMIUM;XIRECS;10007.0;10
826700;;TAKER;ASH_COATED_OSMIUM;XIRECS;9992.0;9
826800;;TAKER;INTARIAN_PEPPER_ROOT;XIRECS;12024.0;10
827100;TAKER;;ASH_COATED_OSMIUM;XIRECS;10013.0;8
827300;TAKER;;INTARIAN_PEPPER_ROOT;XIRECS;12042.0;8
827400;;TAKER;ASH_COATED_OSMIUM;XIRECS;9988.0;2
827500;TAKER;;ASH_COATED_OSMIUM;XIRECS;10006.0;3
827600;TAKER;;INTARIAN_PEPPER_ROOT;XIRECS;12041.0;5
827600;;TAKER;ASH_COATED_OSMIUM;XIRECS;9992.0;11
827900;TAKER;;INTARIAN_PEPPER_ROOT;XIRECS;12041.0;14
828200;TAKER;;INTARIAN_PEPPER_ROOT;XIRECS;12042.0;2
828300;;TAKER;INTARIAN_PEPPER_ROOT;XIRECS;12028.0;9
828500;TAKER;;INTARIAN_PEPPER_ROOT;XIRECS;12043.0;5
828600;;TAKER;ASH_COATED_OSMIUM;XIRECS;9990.0;8
828900;TAKER;;ASH_COATED_OSMIUM;XIRECS;10009.0;2
829100;;TAKER;ASH_COATED_OSMIUM;XIRECS;9996.0;4
829200;;TAKER;INTARIAN_PEPPER_ROOT;XIRECS;12027.0;4
829600;TAKER;;ASH_COATED_OSMIUM;XIRECS;10011.0;6
829700;;TAKER;ASH_COATED_OSMIUM;XIRECS;9989.0;15
830000;;TAKER;ASH_COATED_OSMIUM;XIRECS;9989.0;5
830300;;TAKER;ASH_COATED_OSMIUM;XIRECS;9990.0;3
830400;;TAKER;INTARIAN_PEPPER_ROOT;XIRECS;12027.0;9
830400;;TAKER;ASH_COATED_OSMIUM;XIRECS;9988.0;2
830600;TAKER;;ASH_COATED_OSMIUM;XIRECS;10010.0;9
830700;;TAKER;INTARIAN_PEPPER_ROOT;XIRECS;12027.0;14
831000;TAKER;;ASH_COATED_OSMIUM;XIRECS;10009.0;4
831200;;TAKER;INTARIAN_PEPPER_ROOT;XIRECS;12026.0;7
831300;TAKER;;INTARIAN_PEPPER_ROOT;XIRECS;12040.0;5
831500;TAKER;;INTARIAN_PEPPER_ROOT;XIRECS;12041.0;3
831500;TAKER;;ASH_COATED_OSMIUM;XIRECS;10008.0;4
831600;;TAKER;INTARIAN_PEPPER_ROOT;XIRECS;12025.0;11
831600;TAKER;;ASH_COATED_OSMIUM;XIRECS;10009.0;7
831800;;TAKER;ASH_COATED_OSMIUM;XIRECS;9989.0;12
831900;TAKER;;INTARIAN_PEPPER_ROOT;XIRECS;12040.0;12
832100;;TAKER;INTARIAN_PEPPER_ROOT;XIRECS;12027.0;7
832200;;TAKER;INTARIAN_PEPPER_ROOT;XIRECS;12029.0;11
832300;TAKER;;ASH_COATED_OSMIUM;XIRECS;10007.0;14
832600;TAKER;;ASH_COATED_OSMIUM;XIRECS;10005.0;12
832900;;TAKER;ASH_COATED_OSMIUM;XIRECS;9988.0;8
833000;TAKER;;ASH_COATED_OSMIUM;XIRECS;10007.0;8
833100;;TAKER;ASH_COATED_OSMIUM;XIRECS;9991.0;12
833500;TAKER;;INTARIAN_PEPPER_ROOT;XIRECS;12039.0;14
833600;TAKER;;INTARIAN_PEPPER_ROOT;XIRECS;12038.0;11
834200;TAKER;;ASH_COATED_OSMIUM;XIRECS;10009.0;12
834300;TAKER;;ASH_COATED_OSMIUM;XIRECS;10008.0;7
834500;;TAKER;INTARIAN_PEPPER_ROOT;XIRECS;12027.0;12
834900;;TAKER;INTARIAN_PEPPER_ROOT;XIRECS;12025.0;4
834900;;TAKER;ASH_COATED_OSMIUM;XIRECS;9988.0;7
835000;;TAKER;ASH_COATED_OSMIUM;XIRECS;9994.0;7
835100;;TAKER;INTARIAN_PEPPER_ROOT;XIRECS;12025.0;15
835200;;TAKER;INTARIAN_PEPPER_ROOT;XIRECS;12026.0;10
835300;;TAKER;ASH_COATED_OSMIUM;XIRECS;9991.0;8
835400;;TAKER;ASH_COATED_OSMIUM;XIRECS;9992.0;2
835500;;TAKER;ASH_COATED_OSMIUM;XIRECS;9995.0;12
835700;;TAKER;INTARIAN_PEPPER_ROOT;XIRECS;12024.0;12
835800;;TAKER;ASH_COATED_OSMIUM;XIRECS;9987.0;9
835900;TAKER;;INTARIAN_PEPPER_ROOT;XIRECS;12040.0;12
836100;;TAKER;ASH_COATED_OSMIUM;XIRECS;9987.0;14
836300;TAKER;;INTARIAN_PEPPER_ROOT;XIRECS;12035.0;4
836300;;TAKER;ASH_COATED_OSMIUM;XIRECS;9990.0;5
836400;TAKER;;ASH_COATED_OSMIUM;XIRECS;10008.0;13
836600;TAKER;;ASH_COATED_OSMIUM;XIRECS;10009.0;6
836700;TAKER;;INTARIAN_PEPPER_ROOT;XIRECS;12038.0;9
836700;;TAKER;ASH_COATED_OSMIUM;XIRECS;9993.0;6
837000;;TAKER;INTARIAN_PEPPER_ROOT;XIRECS;12025.0;7
837100;TAKER;;INTARIAN_PEPPER_ROOT;XIRECS;12041.0;8
837300;;TAKER;ASH_COATED_OSMIUM;XIRECS;9995.0;13
837400;;TAKER;ASH_COATED_OSMIUM;XIRECS;9989.0;5
837800;;TAKER;ASH_COATED_OSMIUM;XIRECS;9990.0;10
837900;TAKER;;ASH_COATED_OSMIUM;XIRECS;10010.0;5
838000;TAKER;;ASH_COATED_OSMIUM;XIRECS;10004.0;8
838100;TAKER;;INTARIAN_PEPPER_ROOT;XIRECS;12041.0;12
838200;TAKER;;ASH_COATED_OSMIUM;XIRECS;10008.0;9
838500;;TAKER;INTARIAN_PEPPER_ROOT;XIRECS;12025.0;13
838700;TAKER;;ASH_COATED_OSMIUM;XIRECS;10011.0;6
838900;;TAKER;INTARIAN_PEPPER_ROOT;XIRECS;12023.0;14
838900;;TAKER;ASH_COATED_OSMIUM;XIRECS;9990.0;10
839000;TAKER;;ASH_COATED_OSMIUM;XIRECS;10008.0;6
839100;;TAKER;INTARIAN_PEPPER_ROOT;XIRECS;12023.0;11
839500;TAKER;;ASH_COATED_OSMIUM;XIRECS;10010.0;15
839600;TAKER;;ASH_COATED_OSMIUM;XIRECS;10009.0;12
839800;;TAKER;INTARIAN_PEPPER_ROOT;XIRECS;12024.0;15
840000;;TAKER;INTARIAN_PEPPER_ROOT;XIRECS;12025.0;12
840100;;TAKER;ASH_COATED_OSMIUM;XIRECS;9987.0;8
840500;;TAKER;ASH_COATED_OSMIUM;XIRECS;9991.0;3
840600;TAKER;;INTARIAN_PEPPER_ROOT;XIRECS;12039.0;10
840700;TAKER;;ASH_COATED_OSMIUM;XIRECS;10010.0;10
841000;;TAKER;INTARIAN_PEPPER_ROOT;XIRECS;12024.0;13
841200;;TAKER;INTARIAN_PEPPER_ROOT;XIRECS;12025.0;11
841200;TAKER;;ASH_COATED_OSMIUM;XIRECS;10011.0;5
841300;;TAKER;INTARIAN_PEPPER_ROOT;XIRECS;12023.0;10
841300;;TAKER;ASH_COATED_OSMIUM;XIRECS;9990.0;9
841500;;TAKER;INTARIAN_PEPPER_ROOT;XIRECS;12023.0;14
841500;;TAKER;ASH_COATED_OSMIUM;XIRECS;9987.0;4
842000;;TAKER;INTARIAN_PEPPER_ROOT;XIRECS;12026.0;7
842300;;TAKER;INTARIAN_PEPPER_ROOT;XIRECS;12024.0;14
842500;TAKER;;INTARIAN_PEPPER_ROOT;XIRECS;12038.0;2
842500;TAKER;;ASH_COATED_OSMIUM;XIRECS;10007.0;11
842600;;TAKER;INTARIAN_PEPPER_ROOT;XIRECS;12024.0;6
842900;;TAKER;INTARIAN_PEPPER_ROOT;XIRECS;12025.0;13
843000;;TAKER;INTARIAN_PEPPER_ROOT;XIRECS;12024.0;3
843000;TAKER;;ASH_COATED_OSMIUM;XIRECS;10004.0;5
843100;;TAKER;INTARIAN_PEPPER_ROOT;XIRECS;12024.0;6
843300;TAKER;;ASH_COATED_OSMIUM;XIRECS;10006.0;8
843400;;TAKER;ASH_COATED_OSMIUM;XIRECS;9991.0;2
843500;;TAKER;INTARIAN_PEPPER_ROOT;XIRECS;12023.0;6
843700;TAKER;;ASH_COATED_OSMIUM;XIRECS;10011.0;9
843800;TAKER;;INTARIAN_PEPPER_ROOT;XIRECS;12037.0;14
843900;;TAKER;INTARIAN_PEPPER_ROOT;XIRECS;12025.0;10
844000;;TAKER;ASH_COATED_OSMIUM;XIRECS;9992.0;5
844400;TAKER;;ASH_COATED_OSMIUM;XIRECS;10010.0;12
844600;TAKER;;INTARIAN_PEPPER_ROOT;XIRECS;12039.0;12
844600;TAKER;;ASH_COATED_OSMIUM;XIRECS;10007.0;15
845000;TAKER;;ASH_COATED_OSMIUM;XIRECS;10010.0;11
845300;;TAKER;ASH_COATED_OSMIUM;XIRECS;9989.0;14
845600;TAKER;;INTARIAN_PEPPER_ROOT;XIRECS;12038.0;8
845600;TAKER;;ASH_COATED_OSMIUM;XIRECS;10008.0;2
845700;;TAKER;INTARIAN_PEPPER_ROOT;XIRECS;12025.0;14
846000;;TAKER;INTARIAN_PEPPER_ROOT;XIRECS;12023.0;7
846000;TAKER;;ASH_COATED_OSMIUM;XIRECS;10008.0;5
846100;;TAKER;ASH_COATED_OSMIUM;XIRECS;9989.0;10
846200;TAKER;;INTARIAN_PEPPER_ROOT;XIRECS;12037.0;7
846300;TAKER;;ASH_COATED_OSMIUM;XIRECS;10009.0;14
846400;TAKER;;INTARIAN_PEPPER_ROOT;XIRECS;12038.0;5
846400;TAKER;;ASH_COATED_OSMIUM;XIRECS;10008.0;6
846500;TAKER;;INTARIAN_PEPPER_ROOT;XIRECS;12036.0;5
846500;;TAKER;ASH_COATED_OSMIUM;XIRECS;9989.0;5
846700;TAKER;;INTARIAN_PEPPER_ROOT;XIRECS;12036.0;4
846700;;TAKER;ASH_COATED_OSMIUM;XIRECS;9991.0;12
846800;TAKER;;ASH_COATED_OSMIUM;XIRECS;10008.0;7
846900;TAKER;;ASH_COATED_OSMIUM;XIRECS;10013.0;9
847200;;TAKER;ASH_COATED_OSMIUM;XIRECS;9991.0;11
847400;;TAKER;INTARIAN_PEPPER_ROOT;XIRECS;12023.0;5
847400;;TAKER;ASH_COATED_OSMIUM;XIRECS;9992.0;5
848800;TAKER;;ASH_COATED_OSMIUM;XIRECS;10010.0;5
849100;TAKER;;INTARIAN_PEPPER_ROOT;XIRECS;12036.0;8
849200;TAKER;;ASH_COATED_OSMIUM;XIRECS;10007.0;13
849400;;TAKER;INTARIAN_PEPPER_ROOT;XIRECS;12022.0;12
849500;;TAKER;ASH_COATED_OSMIUM;XIRECS;9989.0;10
849600;TAKER;;INTARIAN_PEPPER_ROOT;XIRECS;12036.0;5
849600;TAKER;;ASH_COATED_OSMIUM;XIRECS;10007.0;13
849800;TAKER;;INTARIAN_PEPPER_ROOT;XIRECS;12037.0;3
849800;;TAKER;ASH_COATED_OSMIUM;XIRECS;9992.0;7
850100;;TAKER;INTARIAN_PEPPER_ROOT;XIRECS;12021.0;14
850200;;TAKER;ASH_COATED_OSMIUM;XIRECS;9992.0;5
850300;TAKER;;ASH_COATED_OSMIUM;XIRECS;10011.0;2
850500;;TAKER;ASH_COATED_OSMIUM;XIRECS;9994.0;9
850900;TAKER;;INTARIAN_PEPPER_ROOT;XIRECS;12035.0;14
851100;TAKER;;INTARIAN_PEPPER_ROOT;XIRECS;12035.0;13
851200;;TAKER;INTARIAN_PEPPER_ROOT;XIRECS;12024.0;12
851400;TAKER;;INTARIAN_PEPPER_ROOT;XIRECS;12037.0;6
851400;TAKER;;ASH_COATED_OSMIUM;XIRECS;10011.0;3
851500;;TAKER;INTARIAN_PEPPER_ROOT;XIRECS;12024.0;5
851700;TAKER;;INTARIAN_PEPPER_ROOT;XIRECS;12037.0;6
851700;;TAKER;ASH_COATED_OSMIUM;XIRECS;9989.0;13
852200;TAKER;;INTARIAN_PEPPER_ROOT;XIRECS;12038.0;15
852400;TAKER;;ASH_COATED_OSMIUM;XIRECS;10009.0;2
852700;TAKER;;ASH_COATED_OSMIUM;XIRECS;10011.0;7
853300;TAKER;;INTARIAN_PEPPER_ROOT;XIRECS;12035.0;15
853400;TAKER;;INTARIAN_PEPPER_ROOT;XIRECS;12035.0;12
853500;;TAKER;ASH_COATED_OSMIUM;XIRECS;9994.0;6
853600;;TAKER;INTARIAN_PEPPER_ROOT;XIRECS;12022.0;11
853900;TAKER;;INTARIAN_PEPPER_ROOT;XIRECS;12037.0;12
854100;;TAKER;ASH_COATED_OSMIUM;XIRECS;9991.0;5
854200;TAKER;;ASH_COATED_OSMIUM;XIRECS;10009.0;10
854400;;TAKER;ASH_COATED_OSMIUM;XIRECS;9989.0;3
854500;TAKER;;INTARIAN_PEPPER_ROOT;XIRECS;12034.0;9
854500;TAKER;;ASH_COATED_OSMIUM;XIRECS;10007.0;9
854600;TAKER;;INTARIAN_PEPPER_ROOT;XIRECS;12035.0;6
854600;;TAKER;ASH_COATED_OSMIUM;XIRECS;9992.0;12
854800;TAKER;;INTARIAN_PEPPER_ROOT;XIRECS;12035.0;9
854900;;TAKER;ASH_COATED_OSMIUM;XIRECS;9985.0;3
855100;TAKER;;ASH_COATED_OSMIUM;XIRECS;10008.0;8
855300;;TAKER;INTARIAN_PEPPER_ROOT;XIRECS;12021.0;2
855500;TAKER;;INTARIAN_PEPPER_ROOT;XIRECS;12036.0;14
855500;TAKER;;ASH_COATED_OSMIUM;XIRECS;10008.0;13
855700;;TAKER;INTARIAN_PEPPER_ROOT;XIRECS;12019.0;9
855800;;TAKER;ASH_COATED_OSMIUM;XIRECS;9995.0;10
855900;;TAKER;INTARIAN_PEPPER_ROOT;XIRECS;12023.0;7
856100;;TAKER;INTARIAN_PEPPER_ROOT;XIRECS;12022.0;10
856100;TAKER;;ASH_COATED_OSMIUM;XIRECS;10006.0;8
856200;;TAKER;INTARIAN_PEPPER_ROOT;XIRECS;12020.0;3
856300;TAKER;;ASH_COATED_OSMIUM;XIRECS;10009.0;3
856400;;TAKER;ASH_COATED_OSMIUM;XIRECS;9989.0;3
856600;;TAKER;INTARIAN_PEPPER_ROOT;XIRECS;12020.0;7
856700;;TAKER;ASH_COATED_OSMIUM;XIRECS;9990.0;11
856900;TAKER;;INTARIAN_PEPPER_ROOT;XIRECS;12035.0;12
857200;;TAKER;INTARIAN_PEPPER_ROOT;XIRECS;12020.0;13
857300;;TAKER;INTARIAN_PEPPER_ROOT;XIRECS;12023.0;12
857400;TAKER;;ASH_COATED_OSMIUM;XIRECS;10011.0;2
857600;;TAKER;INTARIAN_PEPPER_ROOT;XIRECS;12020.0;3
857700;TAKER;;ASH_COATED_OSMIUM;XIRECS;10010.0;6
857900;TAKER;;INTARIAN_PEPPER_ROOT;XIRECS;12035.0;8
857900;TAKER;;ASH_COATED_OSMIUM;XIRECS;10010.0;12
858000;;TAKER;INTARIAN_PEPPER_ROOT;XIRECS;12021.0;6
858000;;TAKER;ASH_COATED_OSMIUM;XIRECS;9991.0;13
858100;TAKER;;ASH_COATED_OSMIUM;XIRECS;10009.0;7
858200;TAKER;;INTARIAN_PEPPER_ROOT;XIRECS;12035.0;4
858300;TAKER;;INTARIAN_PEPPER_ROOT;XIRECS;12034.0;2
858400;TAKER;;INTARIAN_PEPPER_ROOT;XIRECS;12036.0;7
858400;TAKER;;ASH_COATED_OSMIUM;XIRECS;10006.0;4
858500;TAKER;;ASH_COATED_OSMIUM;XIRECS;10008.0;14
858700;;TAKER;ASH_COATED_OSMIUM;XIRECS;9990.0;2
858900;;TAKER;ASH_COATED_OSMIUM;XIRECS;9992.0;2
859300;TAKER;;INTARIAN_PEPPER_ROOT;XIRECS;12034.0;8
859700;;TAKER;INTARIAN_PEPPER_ROOT;XIRECS;12020.0;14
859900;TAKER;;INTARIAN_PEPPER_ROOT;XIRECS;12035.0;2
860100;TAKER;;INTARIAN_PEPPER_ROOT;XIRECS;12036.0;2
860100;;TAKER;ASH_COATED_OSMIUM;XIRECS;9991.0;7
860300;TAKER;;ASH_COATED_OSMIUM;XIRECS;10004.0;3
860500;;TAKER;INTARIAN_PEPPER_ROOT;XIRECS;12020.0;6
860500;;TAKER;ASH_COATED_OSMIUM;XIRECS;9993.0;3
860700;;TAKER;INTARIAN_PEPPER_ROOT;XIRECS;12020.0;4
860900;TAKER;;INTARIAN_PEPPER_ROOT;XIRECS;12035.0;10
860900;;TAKER;ASH_COATED_OSMIUM;XIRECS;9986.0;15
861500;;TAKER;INTARIAN_PEPPER_ROOT;XIRECS;12020.0;12
861800;;TAKER;INTARIAN_PEPPER_ROOT;XIRECS;12023.0;14
862000;TAKER;;ASH_COATED_OSMIUM;XIRECS;10008.0;10
862200;;TAKER;INTARIAN_PEPPER_ROOT;XIRECS;12021.0;14
862700;TAKER;;INTARIAN_PEPPER_ROOT;XIRECS;12034.0;8
862700;TAKER;;ASH_COATED_OSMIUM;XIRECS;10014.0;14
862900;TAKER;;INTARIAN_PEPPER_ROOT;XIRECS;12032.0;14
862900;TAKER;;ASH_COATED_OSMIUM;XIRECS;10006.0;6
863400;TAKER;;INTARIAN_PEPPER_ROOT;XIRECS;12032.0;6
863400;TAKER;;ASH_COATED_OSMIUM;XIRECS;10008.0;11
863700;TAKER;;INTARIAN_PEPPER_ROOT;XIRECS;12036.0;3
863700;;TAKER;ASH_COATED_OSMIUM;XIRECS;9990.0;3
863900;TAKER;;INTARIAN_PEPPER_ROOT;XIRECS;12033.0;15
864000;TAKER;;ASH_COATED_OSMIUM;XIRECS;10010.0;6
864100;TAKER;;INTARIAN_PEPPER_ROOT;XIRECS;12034.0;6
864500;;TAKER;INTARIAN_PEPPER_ROOT;XIRECS;12020.0;6
864500;;TAKER;ASH_COATED_OSMIUM;XIRECS;9990.0;6
864800;;TAKER;INTARIAN_PEPPER_ROOT;XIRECS;12019.0;4
864900;;TAKER;ASH_COATED_OSMIUM;XIRECS;9987.0;15
865200;;TAKER;INTARIAN_PEPPER_ROOT;XIRECS;12021.0;14
865300;TAKER;;INTARIAN_PEPPER_ROOT;XIRECS;12033.0;15
865500;TAKER;;INTARIAN_PEPPER_ROOT;XIRECS;12035.0;6
865600;TAKER;;ASH_COATED_OSMIUM;XIRECS;10009.0;15
865700;;TAKER;INTARIAN_PEPPER_ROOT;XIRECS;12019.0;11
865900;;TAKER;INTARIAN_PEPPER_ROOT;XIRECS;12020.0;8
865900;TAKER;;ASH_COATED_OSMIUM;XIRECS;10010.0;15
866100;TAKER;;INTARIAN_PEPPER_ROOT;XIRECS;12033.0;11
866300;TAKER;;INTARIAN_PEPPER_ROOT;XIRECS;12033.0;14
866300;TAKER;;ASH_COATED_OSMIUM;XIRECS;10006.0;13
866500;TAKER;;INTARIAN_PEPPER_ROOT;XIRECS;12032.0;14
866600;;TAKER;ASH_COATED_OSMIUM;XIRECS;9992.0;3
866700;TAKER;;ASH_COATED_OSMIUM;XIRECS;10005.0;6
866900;TAKER;;INTARIAN_PEPPER_ROOT;XIRECS;12034.0;3
867200;TAKER;;ASH_COATED_OSMIUM;XIRECS;10007.0;11
867300;TAKER;;ASH_COATED_OSMIUM;XIRECS;10003.0;5
867500;;TAKER;INTARIAN_PEPPER_ROOT;XIRECS;12018.0;8
867500;;TAKER;ASH_COATED_OSMIUM;XIRECS;9993.0;7
867700;;TAKER;ASH_COATED_OSMIUM;XIRECS;9992.0;10
867900;;TAKER;ASH_COATED_OSMIUM;XIRECS;9993.0;15
868000;;TAKER;ASH_COATED_OSMIUM;XIRECS;9989.0;14
868200;;TAKER;INTARIAN_PEPPER_ROOT;XIRECS;12021.0;4
868300;;TAKER;ASH_COATED_OSMIUM;XIRECS;9991.0;4
868600;;TAKER;INTARIAN_PEPPER_ROOT;XIRECS;12021.0;11
868700;;TAKER;INTARIAN_PEPPER_ROOT;XIRECS;12019.0;10
868700;;TAKER;ASH_COATED_OSMIUM;XIRECS;9991.0;7
869100;;TAKER;INTARIAN_PEPPER_ROOT;XIRECS;12018.0;8
869200;TAKER;;ASH_COATED_OSMIUM;XIRECS;10007.0;7
869400;TAKER;;INTARIAN_PEPPER_ROOT;XIRECS;12034.0;11
869600;TAKER;;ASH_COATED_OSMIUM;XIRECS;10010.0;3
869700;;TAKER;ASH_COATED_OSMIUM;XIRECS;9991.0;12
869800;;TAKER;INTARIAN_PEPPER_ROOT;XIRECS;12019.0;10
870100;;TAKER;INTARIAN_PEPPER_ROOT;XIRECS;12019.0;10
870200;;TAKER;ASH_COATED_OSMIUM;XIRECS;9987.0;2
870500;;TAKER;INTARIAN_PEPPER_ROOT;XIRECS;12019.0;2
870500;;TAKER;ASH_COATED_OSMIUM;XIRECS;9991.0;3
870600;TAKER;;INTARIAN_PEPPER_ROOT;XIRECS;12031.0;6
870700;TAKER;;INTARIAN_PEPPER_ROOT;XIRECS;12033.0;11
870900;TAKER;;ASH_COATED_OSMIUM;XIRECS;10011.0;6
871400;;TAKER;INTARIAN_PEPPER_ROOT;XIRECS;12020.0;4
871500;;TAKER;INTARIAN_PEPPER_ROOT;XIRECS;12017.0;7
871700;;TAKER;INTARIAN_PEPPER_ROOT;XIRECS;12018.0;5
871800;TAKER;;ASH_COATED_OSMIUM;XIRECS;10007.0;7
872100;;TAKER;INTARIAN_PEPPER_ROOT;XIRECS;12019.0;10
872300;;TAKER;INTARIAN_PEPPER_ROOT;XIRECS;12018.0;15
872600;TAKER;;ASH_COATED_OSMIUM;XIRECS;10005.0;2
872900;TAKER;;ASH_COATED_OSMIUM;XIRECS;10010.0;2
873100;TAKER;;INTARIAN_PEPPER_ROOT;XIRECS;12031.0;3
873500;;TAKER;ASH_COATED_OSMIUM;XIRECS;9994.0;7
873600;;TAKER;INTARIAN_PEPPER_ROOT;XIRECS;12019.0;15
873700;;TAKER;ASH_COATED_OSMIUM;XIRECS;9987.0;2
873800;;TAKER;ASH_COATED_OSMIUM;XIRECS;9987.0;10
873900;;TAKER;INTARIAN_PEPPER_ROOT;XIRECS;12017.0;11
874300;TAKER;;ASH_COATED_OSMIUM;XIRECS;10007.0;13
874400;TAKER;;INTARIAN_PEPPER_ROOT;XIRECS;12033.0;8
874400;;TAKER;ASH_COATED_OSMIUM;XIRECS;9993.0;9
874700;;TAKER;ASH_COATED_OSMIUM;XIRECS;9992.0;14
874800;;TAKER;INTARIAN_PEPPER_ROOT;XIRECS;12018.0;13
874800;TAKER;;ASH_COATED_OSMIUM;XIRECS;10013.0;9
874900;TAKER;;ASH_COATED_OSMIUM;XIRECS;10009.0;5
875200;;TAKER;INTARIAN_PEPPER_ROOT;XIRECS;12015.0;5
875200;;TAKER;ASH_COATED_OSMIUM;XIRECS;9990.0;3
875300;;TAKER;INTARIAN_PEPPER_ROOT;XIRECS;12017.0;13
875400;TAKER;;ASH_COATED_OSMIUM;XIRECS;10008.0;8
875600;;TAKER;INTARIAN_PEPPER_ROOT;XIRECS;12016.0;9
875600;;TAKER;ASH_COATED_OSMIUM;XIRECS;9991.0;13
875700;;TAKER;INTARIAN_PEPPER_ROOT;XIRECS;12017.0;14
875800;TAKER;;INTARIAN_PEPPER_ROOT;XIRECS;12032.0;13
875900;TAKER;;INTARIAN_PEPPER_ROOT;XIRECS;12029.0;15
876000;;TAKER;INTARIAN_PEPPER_ROOT;XIRECS;12016.0;10
876100;TAKER;;INTARIAN_PEPPER_ROOT;XIRECS;12031.0;15
876300;TAKER;;ASH_COATED_OSMIUM;XIRECS;10008.0;13
876400;TAKER;;ASH_COATED_OSMIUM;XIRECS;10010.0;5
876800;;TAKER;INTARIAN_PEPPER_ROOT;XIRECS;12017.0;7
877200;TAKER;;ASH_COATED_OSMIUM;XIRECS;10010.0;9
877300;TAKER;;ASH_COATED_OSMIUM;XIRECS;10011.0;2
877700;TAKER;;ASH_COATED_OSMIUM;XIRECS;10010.0;9
878000;;TAKER;INTARIAN_PEPPER_ROOT;XIRECS;12017.0;15
878100;TAKER;;ASH_COATED_OSMIUM;XIRECS;10012.0;6
878200;;TAKER;ASH_COATED_OSMIUM;XIRECS;9991.0;12
878300;;TAKER;ASH_COATED_OSMIUM;XIRECS;9988.0;12
878500;;TAKER;INTARIAN_PEPPER_ROOT;XIRECS;12016.0;3
878800;TAKER;;INTARIAN_PEPPER_ROOT;XIRECS;12031.0;4
878800;;TAKER;ASH_COATED_OSMIUM;XIRECS;9991.0;2
878900;;TAKER;INTARIAN_PEPPER_ROOT;XIRECS;12018.0;7
879100;TAKER;;ASH_COATED_OSMIUM;XIRECS;10009.0;5
879200;TAKER;;ASH_COATED_OSMIUM;XIRECS;10010.0;9
879500;;TAKER;ASH_COATED_OSMIUM;XIRECS;9987.0;5
879700;TAKER;;INTARIAN_PEPPER_ROOT;XIRECS;12030.0;3
879900;;TAKER;INTARIAN_PEPPER_ROOT;XIRECS;12015.0;12
880200;;TAKER;ASH_COATED_OSMIUM;XIRECS;9994.0;13
880300;TAKER;;INTARIAN_PEPPER_ROOT;XIRECS;12031.0;15
880400;;TAKER;INTARIAN_PEPPER_ROOT;XIRECS;12016.0;11
880700;;TAKER;INTARIAN_PEPPER_ROOT;XIRECS;12018.0;13
880900;TAKER;;INTARIAN_PEPPER_ROOT;XIRECS;12032.0;7
881000;TAKER;;ASH_COATED_OSMIUM;XIRECS;10006.0;6
881100;TAKER;;INTARIAN_PEPPER_ROOT;XIRECS;12031.0;10
881300;;TAKER;ASH_COATED_OSMIUM;XIRECS;9993.0;4
881500;;TAKER;INTARIAN_PEPPER_ROOT;XIRECS;12015.0;8
881800;TAKER;;INTARIAN_PEPPER_ROOT;XIRECS;12028.0;10
881900;;TAKER;ASH_COATED_OSMIUM;XIRECS;9989.0;15
882000;;TAKER;INTARIAN_PEPPER_ROOT;XIRECS;12016.0;3
882200;TAKER;;INTARIAN_PEPPER_ROOT;XIRECS;12030.0;8
882200;;TAKER;ASH_COATED_OSMIUM;XIRECS;9992.0;5
882600;;TAKER;INTARIAN_PEPPER_ROOT;XIRECS;12014.0;14
882700;;TAKER;ASH_COATED_OSMIUM;XIRECS;9990.0;8
882800;;TAKER;ASH_COATED_OSMIUM;XIRECS;9986.0;14
882900;TAKER;;ASH_COATED_OSMIUM;XIRECS;10005.0;2
883000;;TAKER;ASH_COATED_OSMIUM;XIRECS;9991.0;15
883100;;TAKER;ASH_COATED_OSMIUM;XIRECS;9990.0;6
883300;TAKER;;INTARIAN_PEPPER_ROOT;XIRECS;12031.0;8
883300;;TAKER;ASH_COATED_OSMIUM;XIRECS;9993.0;10
883600;TAKER;;INTARIAN_PEPPER_ROOT;XIRECS;12030.0;15
883700;;TAKER;ASH_COATED_OSMIUM;XIRECS;9992.0;13
883800;;TAKER;ASH_COATED_OSMIUM;XIRECS;9992.0;2
884000;;TAKER;INTARIAN_PEPPER_ROOT;XIRECS;12016.0;3
884000;;TAKER;ASH_COATED_OSMIUM;XIRECS;9988.0;12
884200;;TAKER;INTARIAN_PEPPER_ROOT;XIRECS;12013.0;6
884200;TAKER;;ASH_COATED_OSMIUM;XIRECS;10010.0;3
884300;;TAKER;ASH_COATED_OSMIUM;XIRECS;9995.0;15
884500;TAKER;;INTARIAN_PEPPER_ROOT;XIRECS;12027.0;4
884800;;TAKER;INTARIAN_PEPPER_ROOT;XIRECS;12015.0;15
885100;;TAKER;ASH_COATED_OSMIUM;XIRECS;9992.0;12
885400;TAKER;;INTARIAN_PEPPER_ROOT;XIRECS;12027.0;15
885600;TAKER;;INTARIAN_PEPPER_ROOT;XIRECS;12028.0;15
885600;;TAKER;ASH_COATED_OSMIUM;XIRECS;9997.0;2
885800;TAKER;;ASH_COATED_OSMIUM;XIRECS;10005.0;13
885900;TAKER;;INTARIAN_PEPPER_ROOT;XIRECS;12028.0;9
885900;TAKER;;ASH_COATED_OSMIUM;XIRECS;10006.0;7
886000;;TAKER;INTARIAN_PEPPER_ROOT;XIRECS;12013.0;10
886100;;TAKER;ASH_COATED_OSMIUM;XIRECS;9991.0;7
886300;;TAKER;ASH_COATED_OSMIUM;XIRECS;9987.0;4
886600;TAKER;;ASH_COATED_OSMIUM;XIRECS;10006.0;7
886700;;TAKER;INTARIAN_PEPPER_ROOT;XIRECS;12015.0;6
887000;TAKER;;ASH_COATED_OSMIUM;XIRECS;10009.0;3
887200;TAKER;;INTARIAN_PEPPER_ROOT;XIRECS;12029.0;10
887400;TAKER;;INTARIAN_PEPPER_ROOT;XIRECS;12029.0;10
887500;TAKER;;INTARIAN_PEPPER_ROOT;XIRECS;12029.0;3
887500;TAKER;;ASH_COATED_OSMIUM;XIRECS;10011.0;14
887600;TAKER;;ASH_COATED_OSMIUM;XIRECS;10011.0;9
887800;;TAKER;ASH_COATED_OSMIUM;XIRECS;9990.0;13
887900;TAKER;;ASH_COATED_OSMIUM;XIRECS;10010.0;10
888300;;TAKER;ASH_COATED_OSMIUM;XIRECS;9991.0;5
888400;;TAKER;INTARIAN_PEPPER_ROOT;XIRECS;12015.0;10
888400;TAKER;;ASH_COATED_OSMIUM;XIRECS;10010.0;15
888500;;TAKER;INTARIAN_PEPPER_ROOT;XIRECS;12015.0;5
888500;;TAKER;ASH_COATED_OSMIUM;XIRECS;9994.0;10
888600;;TAKER;INTARIAN_PEPPER_ROOT;XIRECS;12014.0;4
888700;TAKER;;INTARIAN_PEPPER_ROOT;XIRECS;12028.0;2
888800;TAKER;;INTARIAN_PEPPER_ROOT;XIRECS;12030.0;7
889700;TAKER;;INTARIAN_PEPPER_ROOT;XIRECS;12028.0;7
890100;;TAKER;INTARIAN_PEPPER_ROOT;XIRECS;12014.0;4
890200;TAKER;;INTARIAN_PEPPER_ROOT;XIRECS;12029.0;10
890300;;TAKER;ASH_COATED_OSMIUM;XIRECS;9988.0;13
890800;TAKER;;INTARIAN_PEPPER_ROOT;XIRECS;12027.0;3
890800;TAKER;;ASH_COATED_OSMIUM;XIRECS;10007.0;3
891000;TAKER;;INTARIAN_PEPPER_ROOT;XIRECS;12026.0;11
891100;TAKER;;ASH_COATED_OSMIUM;XIRECS;10007.0;12
891200;TAKER;;ASH_COATED_OSMIUM;XIRECS;10007.0;3
891400;;TAKER;INTARIAN_PEPPER_ROOT;XIRECS;12014.0;11
891500;TAKER;;INTARIAN_PEPPER_ROOT;XIRECS;12029.0;8
891800;;TAKER;INTARIAN_PEPPER_ROOT;XIRECS;12015.0;9
891800;TAKER;;ASH_COATED_OSMIUM;XIRECS;10007.0;10
891900;;TAKER;INTARIAN_PEPPER_ROOT;XIRECS;12012.0;4
891900;TAKER;;ASH_COATED_OSMIUM;XIRECS;10008.0;10
892200;TAKER;;INTARIAN_PEPPER_ROOT;XIRECS;12029.0;9
892300;TAKER;;ASH_COATED_OSMIUM;XIRECS;10008.0;13
892500;TAKER;;INTARIAN_PEPPER_ROOT;XIRECS;12028.0;13
892800;TAKER;;INTARIAN_PEPPER_ROOT;XIRECS;12029.0;10
893300;;TAKER;INTARIAN_PEPPER_ROOT;XIRECS;12014.0;3
893500;;TAKER;INTARIAN_PEPPER_ROOT;XIRECS;12014.0;4
893700;;TAKER;INTARIAN_PEPPER_ROOT;XIRECS;12013.0;10
893800;TAKER;;INTARIAN_PEPPER_ROOT;XIRECS;12027.0;13
893800;;TAKER;ASH_COATED_OSMIUM;XIRECS;9990.0;7
894300;;TAKER;INTARIAN_PEPPER_ROOT;XIRECS;12015.0;7
894300;TAKER;;ASH_COATED_OSMIUM;XIRECS;10010.0;15
894400;TAKER;;ASH_COATED_OSMIUM;XIRECS;10011.0;12
894500;TAKER;;ASH_COATED_OSMIUM;XIRECS;10002.0;5
894600;;TAKER;INTARIAN_PEPPER_ROOT;XIRECS;12013.0;5
894700;;TAKER;INTARIAN_PEPPER_ROOT;XIRECS;12014.0;3
894800;TAKER;;INTARIAN_PEPPER_ROOT;XIRECS;12028.0;9
894900;TAKER;;INTARIAN_PEPPER_ROOT;XIRECS;12030.0;4
895000;;TAKER;INTARIAN_PEPPER_ROOT;XIRECS;12014.0;9
895000;TAKER;;ASH_COATED_OSMIUM;XIRECS;10005.0;3
895100;;TAKER;ASH_COATED_OSMIUM;XIRECS;9994.0;13
895200;;TAKER;INTARIAN_PEPPER_ROOT;XIRECS;12012.0;9
895300;TAKER;;ASH_COATED_OSMIUM;XIRECS;10009.0;9
895400;;TAKER;INTARIAN_PEPPER_ROOT;XIRECS;12016.0;10
895500;;TAKER;INTARIAN_PEPPER_ROOT;XIRECS;12011.0;13
895500;;TAKER;ASH_COATED_OSMIUM;XIRECS;9992.0;10
895600;TAKER;;INTARIAN_PEPPER_ROOT;XIRECS;12026.0;4
895600;TAKER;;ASH_COATED_OSMIUM;XIRECS;10009.0;12
895700;TAKER;;INTARIAN_PEPPER_ROOT;XIRECS;12027.0;3
896000;;TAKER;ASH_COATED_OSMIUM;XIRECS;9992.0;14
896200;TAKER;;ASH_COATED_OSMIUM;XIRECS;10011.0;2
896300;TAKER;;INTARIAN_PEPPER_ROOT;XIRECS;12026.0;5
896400;TAKER;;ASH_COATED_OSMIUM;XIRECS;10010.0;9
896500;TAKER;;INTARIAN_PEPPER_ROOT;XIRECS;12027.0;6
896600;TAKER;;INTARIAN_PEPPER_ROOT;XIRECS;12028.0;6
896700;;TAKER;ASH_COATED_OSMIUM;XIRECS;9995.0;4
897100;;TAKER;ASH_COATED_OSMIUM;XIRECS;9990.0;6
897200;TAKER;;INTARIAN_PEPPER_ROOT;XIRECS;12027.0;10
897200;;TAKER;ASH_COATED_OSMIUM;XIRECS;9989.0;6
897500;;TAKER;ASH_COATED_OSMIUM;XIRECS;9991.0;8
897600;TAKER;;INTARIAN_PEPPER_ROOT;XIRECS;12027.0;12
897800;;TAKER;INTARIAN_PEPPER_ROOT;XIRECS;12011.0;10
898200;TAKER;;INTARIAN_PEPPER_ROOT;XIRECS;12028.0;7
898300;;TAKER;ASH_COATED_OSMIUM;XIRECS;9992.0;12
898400;TAKER;;ASH_COATED_OSMIUM;XIRECS;10009.0;10
898500;;TAKER;INTARIAN_PEPPER_ROOT;XIRECS;12014.0;6
898600;;TAKER;INTARIAN_PEPPER_ROOT;XIRECS;12013.0;7
898800;TAKER;;INTARIAN_PEPPER_ROOT;XIRECS;12025.0;8
898800;;TAKER;ASH_COATED_OSMIUM;XIRECS;9991.0;4
898900;;TAKER;INTARIAN_PEPPER_ROOT;XIRECS;12012.0;6
899200;;TAKER;INTARIAN_PEPPER_ROOT;XIRECS;12013.0;13
899200;TAKER;;ASH_COATED_OSMIUM;XIRECS;10009.0;15
899300;;TAKER;INTARIAN_PEPPER_ROOT;XIRECS;12012.0;4
899300;;TAKER;ASH_COATED_OSMIUM;XIRECS;9991.0;2
899500;TAKER;;INTARIAN_PEPPER_ROOT;XIRECS;12025.0;15
899500;TAKER;;ASH_COATED_OSMIUM;XIRECS;10010.0;15
899600;TAKER;;INTARIAN_PEPPER_ROOT;XIRECS;12026.0;6
900000;TAKER;;ASH_COATED_OSMIUM;XIRECS;10011.0;9
900200;;TAKER;INTARIAN_PEPPER_ROOT;XIRECS;12015.0;5
900200;;TAKER;ASH_COATED_OSMIUM;XIRECS;9990.0;10
900400;TAKER;;ASH_COATED_OSMIUM;XIRECS;10009.0;7
900600;;TAKER;INTARIAN_PEPPER_ROOT;XIRECS;12012.0;9
900600;TAKER;;ASH_COATED_OSMIUM;XIRECS;10007.0;2
900700;;TAKER;INTARIAN_PEPPER_ROOT;XIRECS;12013.0;3
900700;TAKER;;ASH_COATED_OSMIUM;XIRECS;10010.0;11
900800;TAKER;;INTARIAN_PEPPER_ROOT;XIRECS;12026.0;6
901000;TAKER;;ASH_COATED_OSMIUM;XIRECS;10009.0;2
901100;TAKER;;INTARIAN_PEPPER_ROOT;XIRECS;12027.0;9
901300;TAKER;;ASH_COATED_OSMIUM;XIRECS;10013.0;7
901400;TAKER;;INTARIAN_PEPPER_ROOT;XIRECS;12025.0;14
901500;TAKER;;INTARIAN_PEPPER_ROOT;XIRECS;12025.0;5
901500;TAKER;;ASH_COATED_OSMIUM;XIRECS;10008.0;14
901600;TAKER;;ASH_COATED_OSMIUM;XIRECS;10006.0;7
901700;TAKER;;ASH_COATED_OSMIUM;XIRECS;10013.0;4
901800;TAKER;;ASH_COATED_OSMIUM;XIRECS;10012.0;3
901900;;TAKER;ASH_COATED_OSMIUM;XIRECS;9990.0;15
902000;TAKER;;INTARIAN_PEPPER_ROOT;XIRECS;12025.0;14
902300;;TAKER;INTARIAN_PEPPER_ROOT;XIRECS;12012.0;5
902500;TAKER;;INTARIAN_PEPPER_ROOT;XIRECS;12024.0;15
902700;;TAKER;INTARIAN_PEPPER_ROOT;XIRECS;12011.0;4
902800;TAKER;;INTARIAN_PEPPER_ROOT;XIRECS;12028.0;14
902900;;TAKER;ASH_COATED_OSMIUM;XIRECS;9988.0;3
903000;TAKER;;INTARIAN_PEPPER_ROOT;XIRECS;12026.0;4
903000;TAKER;;ASH_COATED_OSMIUM;XIRECS;10007.0;2
903300;;TAKER;INTARIAN_PEPPER_ROOT;XIRECS;12012.0;4
903400;TAKER;;INTARIAN_PEPPER_ROOT;XIRECS;12026.0;6
903800;;TAKER;INTARIAN_PEPPER_ROOT;XIRECS;12012.0;12
903800;;TAKER;ASH_COATED_OSMIUM;XIRECS;9991.0;10
903900;TAKER;;INTARIAN_PEPPER_ROOT;XIRECS;12026.0;8
903900;;TAKER;ASH_COATED_OSMIUM;XIRECS;9986.0;14
904300;TAKER;;INTARIAN_PEPPER_ROOT;XIRECS;12025.0;5
904800;;TAKER;INTARIAN_PEPPER_ROOT;XIRECS;12011.0;13
904800;TAKER;;ASH_COATED_OSMIUM;XIRECS;10006.0;7
904900;TAKER;;ASH_COATED_OSMIUM;XIRECS;10013.0;12
905000;TAKER;;ASH_COATED_OSMIUM;XIRECS;10012.0;2
905200;;TAKER;INTARIAN_PEPPER_ROOT;XIRECS;12012.0;14
905300;;TAKER;INTARIAN_PEPPER_ROOT;XIRECS;12013.0;14
905800;;TAKER;INTARIAN_PEPPER_ROOT;XIRECS;12011.0;15
905800;TAKER;;ASH_COATED_OSMIUM;XIRECS;10009.0;11
905900;TAKER;;INTARIAN_PEPPER_ROOT;XIRECS;12025.0;12
906000;;TAKER;INTARIAN_PEPPER_ROOT;XIRECS;12010.0;10
906200;;TAKER;ASH_COATED_OSMIUM;XIRECS;9990.0;14
906500;TAKER;;INTARIAN_PEPPER_ROOT;XIRECS;12026.0;15
906500;TAKER;;ASH_COATED_OSMIUM;XIRECS;10013.0;10
906800;TAKER;;ASH_COATED_OSMIUM;XIRECS;10010.0;6
906900;TAKER;;INTARIAN_PEPPER_ROOT;XIRECS;12024.0;6
907200;TAKER;;ASH_COATED_OSMIUM;XIRECS;10011.0;3
907300;;TAKER;INTARIAN_PEPPER_ROOT;XIRECS;12011.0;5
907400;TAKER;;ASH_COATED_OSMIUM;XIRECS;10011.0;10
907700;;TAKER;INTARIAN_PEPPER_ROOT;XIRECS;12011.0;8
907700;;TAKER;ASH_COATED_OSMIUM;XIRECS;9991.0;12
907900;TAKER;;INTARIAN_PEPPER_ROOT;XIRECS;12023.0;3
907900;TAKER;;ASH_COATED_OSMIUM;XIRECS;10011.0;6
908000;TAKER;;ASH_COATED_OSMIUM;XIRECS;10009.0;6
908300;;TAKER;ASH_COATED_OSMIUM;XIRECS;9992.0;8
908500;;TAKER;INTARIAN_PEPPER_ROOT;XIRECS;12009.0;5
908500;TAKER;;ASH_COATED_OSMIUM;XIRECS;10008.0;11
908700;TAKER;;INTARIAN_PEPPER_ROOT;XIRECS;12022.0;9
908800;TAKER;;ASH_COATED_OSMIUM;XIRECS;10007.0;7
909000;TAKER;;ASH_COATED_OSMIUM;XIRECS;10009.0;11
909500;;TAKER;ASH_COATED_OSMIUM;XIRECS;9989.0;9
909600;;TAKER;INTARIAN_PEPPER_ROOT;XIRECS;12010.0;4
909700;TAKER;;INTARIAN_PEPPER_ROOT;XIRECS;12025.0;4
909700;TAKER;;ASH_COATED_OSMIUM;XIRECS;10006.0;14
909800;TAKER;;ASH_COATED_OSMIUM;XIRECS;10006.0;4
909900;TAKER;;INTARIAN_PEPPER_ROOT;XIRECS;12023.0;14
910000;;TAKER;ASH_COATED_OSMIUM;XIRECS;9991.0;11
910300;;TAKER;ASH_COATED_OSMIUM;XIRECS;9989.0;12
910400;TAKER;;INTARIAN_PEPPER_ROOT;XIRECS;12026.0;12
910500;;TAKER;INTARIAN_PEPPER_ROOT;XIRECS;12010.0;13
910600;TAKER;;INTARIAN_PEPPER_ROOT;XIRECS;12023.0;13
910600;;TAKER;ASH_COATED_OSMIUM;XIRECS;9992.0;6
910700;TAKER;;ASH_COATED_OSMIUM;XIRECS;10010.0;14
910800;TAKER;;ASH_COATED_OSMIUM;XIRECS;10008.0;8
911300;TAKER;;ASH_COATED_OSMIUM;XIRECS;10009.0;2
911800;;TAKER;INTARIAN_PEPPER_ROOT;XIRECS;12010.0;13
911800;TAKER;;ASH_COATED_OSMIUM;XIRECS;10009.0;3
911900;TAKER;;INTARIAN_PEPPER_ROOT;XIRECS;12023.0;8
911900;;TAKER;ASH_COATED_OSMIUM;XIRECS;9993.0;9
912400;TAKER;;ASH_COATED_OSMIUM;XIRECS;10009.0;2
912600;TAKER;;ASH_COATED_OSMIUM;XIRECS;10007.0;3
913000;;TAKER;INTARIAN_PEPPER_ROOT;XIRECS;12010.0;6
913100;;TAKER;ASH_COATED_OSMIUM;XIRECS;9989.0;9
913200;;TAKER;ASH_COATED_OSMIUM;XIRECS;9992.0;13
913300;TAKER;;INTARIAN_PEPPER_ROOT;XIRECS;12025.0;11
913400;TAKER;;INTARIAN_PEPPER_ROOT;XIRECS;12024.0;13
913700;TAKER;;INTARIAN_PEPPER_ROOT;XIRECS;12023.0;13
913700;TAKER;;ASH_COATED_OSMIUM;XIRECS;10007.0;10
913800;;TAKER;ASH_COATED_OSMIUM;XIRECS;9990.0;13
913900;TAKER;;INTARIAN_PEPPER_ROOT;XIRECS;12021.0;4
914100;;TAKER;INTARIAN_PEPPER_ROOT;XIRECS;12010.0;5
914200;TAKER;;INTARIAN_PEPPER_ROOT;XIRECS;12024.0;7
914400;;TAKER;ASH_COATED_OSMIUM;XIRECS;9988.0;8
914700;;TAKER;INTARIAN_PEPPER_ROOT;XIRECS;12009.0;3
914800;;TAKER;INTARIAN_PEPPER_ROOT;XIRECS;12010.0;10
914900;;TAKER;ASH_COATED_OSMIUM;XIRECS;9993.0;12
915000;TAKER;;INTARIAN_PEPPER_ROOT;XIRECS;12023.0;2
915500;;TAKER;ASH_COATED_OSMIUM;XIRECS;9991.0;8
915600;TAKER;;ASH_COATED_OSMIUM;XIRECS;10010.0;14
915700;;TAKER;INTARIAN_PEPPER_ROOT;XIRECS;12010.0;9
916000;;TAKER;INTARIAN_PEPPER_ROOT;XIRECS;12009.0;4
916100;TAKER;;INTARIAN_PEPPER_ROOT;XIRECS;12024.0;12
916200;;TAKER;INTARIAN_PEPPER_ROOT;XIRECS;12009.0;8
916500;;TAKER;INTARIAN_PEPPER_ROOT;XIRECS;12008.0;12
916600;TAKER;;ASH_COATED_OSMIUM;XIRECS;10008.0;2
916900;TAKER;;INTARIAN_PEPPER_ROOT;XIRECS;12024.0;5
916900;;TAKER;ASH_COATED_OSMIUM;XIRECS;9987.0;3
917000;;TAKER;INTARIAN_PEPPER_ROOT;XIRECS;12008.0;13
917300;TAKER;;INTARIAN_PEPPER_ROOT;XIRECS;12023.0;6
917300;;TAKER;ASH_COATED_OSMIUM;XIRECS;9989.0;8
917500;TAKER;;INTARIAN_PEPPER_ROOT;XIRECS;12022.0;2
917500;;TAKER;ASH_COATED_OSMIUM;XIRECS;9991.0;4
917800;;TAKER;INTARIAN_PEPPER_ROOT;XIRECS;12007.0;5
917800;;TAKER;ASH_COATED_OSMIUM;XIRECS;9990.0;10
917900;;TAKER;ASH_COATED_OSMIUM;XIRECS;9987.0;5
918100;;TAKER;INTARIAN_PEPPER_ROOT;XIRECS;12010.0;13
918200;;TAKER;INTARIAN_PEPPER_ROOT;XIRECS;12010.0;14
918200;TAKER;;ASH_COATED_OSMIUM;XIRECS;10009.0;9
918300;;TAKER;INTARIAN_PEPPER_ROOT;XIRECS;12009.0;7
918300;;TAKER;ASH_COATED_OSMIUM;XIRECS;9991.0;14
918700;;TAKER;ASH_COATED_OSMIUM;XIRECS;9993.0;3
919100;;TAKER;INTARIAN_PEPPER_ROOT;XIRECS;12009.0;14
919300;TAKER;;INTARIAN_PEPPER_ROOT;XIRECS;12023.0;5
919500;TAKER;;INTARIAN_PEPPER_ROOT;XIRECS;12022.0;14
919500;TAKER;;ASH_COATED_OSMIUM;XIRECS;10006.0;5
919600;TAKER;;INTARIAN_PEPPER_ROOT;XIRECS;12024.0;10
919600;TAKER;;ASH_COATED_OSMIUM;XIRECS;10010.0;10
919900;;TAKER;INTARIAN_PEPPER_ROOT;XIRECS;12009.0;4
919900;TAKER;;ASH_COATED_OSMIUM;XIRECS;10011.0;8
920100;TAKER;;INTARIAN_PEPPER_ROOT;XIRECS;12022.0;4
920200;TAKER;;INTARIAN_PEPPER_ROOT;XIRECS;12022.0;8
920200;TAKER;;ASH_COATED_OSMIUM;XIRECS;10006.0;2
920300;TAKER;;INTARIAN_PEPPER_ROOT;XIRECS;12022.0;7
920400;;TAKER;ASH_COATED_OSMIUM;XIRECS;9992.0;12
920500;TAKER;;INTARIAN_PEPPER_ROOT;XIRECS;12023.0;13
920600;;TAKER;INTARIAN_PEPPER_ROOT;XIRECS;12009.0;4
920600;;TAKER;ASH_COATED_OSMIUM;XIRECS;9990.0;7
920700;;TAKER;ASH_COATED_OSMIUM;XIRECS;9991.0;15
920900;TAKER;;INTARIAN_PEPPER_ROOT;XIRECS;12022.0;5
920900;;TAKER;ASH_COATED_OSMIUM;XIRECS;9990.0;14
921100;;TAKER;ASH_COATED_OSMIUM;XIRECS;9994.0;15
921300;TAKER;;INTARIAN_PEPPER_ROOT;XIRECS;12023.0;7
921400;TAKER;;ASH_COATED_OSMIUM;XIRECS;10007.0;6
921900;;TAKER;INTARIAN_PEPPER_ROOT;XIRECS;12011.0;8
922000;;TAKER;ASH_COATED_OSMIUM;XIRECS;9990.0;13
922100;;TAKER;INTARIAN_PEPPER_ROOT;XIRECS;12008.0;13
922100;TAKER;;ASH_COATED_OSMIUM;XIRECS;10008.0;7
922200;TAKER;;INTARIAN_PEPPER_ROOT;XIRECS;12022.0;11
922500;;TAKER;INTARIAN_PEPPER_ROOT;XIRECS;12008.0;9
922700;TAKER;;ASH_COATED_OSMIUM;XIRECS;10007.0;14
922800;;TAKER;ASH_COATED_OSMIUM;XIRECS;9990.0;3
922900;TAKER;;ASH_COATED_OSMIUM;XIRECS;10008.0;14
923000;TAKER;;INTARIAN_PEPPER_ROOT;XIRECS;12023.0;9
923000;;TAKER;ASH_COATED_OSMIUM;XIRECS;9990.0;2
923200;;TAKER;INTARIAN_PEPPER_ROOT;XIRECS;12008.0;11
923300;;TAKER;INTARIAN_PEPPER_ROOT;XIRECS;12009.0;4
923500;TAKER;;ASH_COATED_OSMIUM;XIRECS;10011.0;7
923600;;TAKER;ASH_COATED_OSMIUM;XIRECS;9990.0;8
923700;TAKER;;INTARIAN_PEPPER_ROOT;XIRECS;12023.0;14
923800;TAKER;;INTARIAN_PEPPER_ROOT;XIRECS;12020.0;12
924000;TAKER;;ASH_COATED_OSMIUM;XIRECS;10007.0;10
924100;TAKER;;ASH_COATED_OSMIUM;XIRECS;10009.0;13
924400;TAKER;;ASH_COATED_OSMIUM;XIRECS;10006.0;2
924700;TAKER;;INTARIAN_PEPPER_ROOT;XIRECS;12020.0;8
924900;TAKER;;ASH_COATED_OSMIUM;XIRECS;10014.0;5
925100;;TAKER;INTARIAN_PEPPER_ROOT;XIRECS;12009.0;5
925100;TAKER;;ASH_COATED_OSMIUM;XIRECS;10010.0;3
925800;;TAKER;ASH_COATED_OSMIUM;XIRECS;9991.0;15
925900;;TAKER;ASH_COATED_OSMIUM;XIRECS;9989.0;3
926000;;TAKER;ASH_COATED_OSMIUM;XIRECS;9995.0;4
926200;;TAKER;INTARIAN_PEPPER_ROOT;XIRECS;12007.0;3
926600;TAKER;;ASH_COATED_OSMIUM;XIRECS;10007.0;14
926800;;TAKER;INTARIAN_PEPPER_ROOT;XIRECS;12006.0;9
927100;TAKER;;INTARIAN_PEPPER_ROOT;XIRECS;12021.0;8
927500;TAKER;;INTARIAN_PEPPER_ROOT;XIRECS;12022.0;14
927600;;TAKER;INTARIAN_PEPPER_ROOT;XIRECS;12008.0;2
927600;;TAKER;ASH_COATED_OSMIUM;XIRECS;9992.0;4
927700;TAKER;;ASH_COATED_OSMIUM;XIRECS;10007.0;5
927800;;TAKER;ASH_COATED_OSMIUM;XIRECS;9990.0;13
927900;TAKER;;INTARIAN_PEPPER_ROOT;XIRECS;12021.0;12
928100;TAKER;;ASH_COATED_OSMIUM;XIRECS;10009.0;13
928200;TAKER;;INTARIAN_PEPPER_ROOT;XIRECS;12020.0;9
928400;;TAKER;ASH_COATED_OSMIUM;XIRECS;9989.0;13
928800;;TAKER;INTARIAN_PEPPER_ROOT;XIRECS;12008.0;13
929000;;TAKER;ASH_COATED_OSMIUM;XIRECS;9992.0;11
929300;TAKER;;ASH_COATED_OSMIUM;XIRECS;10005.0;15
929400;;TAKER;INTARIAN_PEPPER_ROOT;XIRECS;12006.0;11
929500;;TAKER;INTARIAN_PEPPER_ROOT;XIRECS;12008.0;9
929600;TAKER;;ASH_COATED_OSMIUM;XIRECS;10002.0;3
929700;;TAKER;ASH_COATED_OSMIUM;XIRECS;9991.0;9
929800;TAKER;;INTARIAN_PEPPER_ROOT;XIRECS;12020.0;15
929800;TAKER;;ASH_COATED_OSMIUM;XIRECS;10006.0;12
929900;;TAKER;ASH_COATED_OSMIUM;XIRECS;9991.0;13
930100;;TAKER;INTARIAN_PEPPER_ROOT;XIRECS;12007.0;12
930100;;TAKER;ASH_COATED_OSMIUM;XIRECS;9992.0;12
930300;;TAKER;INTARIAN_PEPPER_ROOT;XIRECS;12005.0;12
930700;;TAKER;INTARIAN_PEPPER_ROOT;XIRECS;12006.0;6
930800;TAKER;;INTARIAN_PEPPER_ROOT;XIRECS;12021.0;5
930800;TAKER;;ASH_COATED_OSMIUM;XIRECS;10008.0;2
931000;TAKER;;INTARIAN_PEPPER_ROOT;XIRECS;12022.0;4
931100;;TAKER;INTARIAN_PEPPER_ROOT;XIRECS;12006.0;14
931500;TAKER;;INTARIAN_PEPPER_ROOT;XIRECS;12021.0;5
931500;;TAKER;ASH_COATED_OSMIUM;XIRECS;9991.0;14
931700;TAKER;;INTARIAN_PEPPER_ROOT;XIRECS;12019.0;4
931900;;TAKER;INTARIAN_PEPPER_ROOT;XIRECS;12008.0;3
932100;TAKER;;ASH_COATED_OSMIUM;XIRECS;10006.0;5
932400;;TAKER;INTARIAN_PEPPER_ROOT;XIRECS;12006.0;5
932700;;TAKER;INTARIAN_PEPPER_ROOT;XIRECS;12008.0;5
932800;;TAKER;INTARIAN_PEPPER_ROOT;XIRECS;12006.0;13
932800;TAKER;;ASH_COATED_OSMIUM;XIRECS;10011.0;13
933000;;TAKER;ASH_COATED_OSMIUM;XIRECS;9987.0;9
933400;;TAKER;INTARIAN_PEPPER_ROOT;XIRECS;12006.0;7
933700;;TAKER;ASH_COATED_OSMIUM;XIRECS;9992.0;15
934100;;TAKER;INTARIAN_PEPPER_ROOT;XIRECS;12005.0;14
934400;TAKER;;INTARIAN_PEPPER_ROOT;XIRECS;12021.0;13
934500;TAKER;;INTARIAN_PEPPER_ROOT;XIRECS;12019.0;7
934600;;TAKER;INTARIAN_PEPPER_ROOT;XIRECS;12005.0;8
934600;;TAKER;ASH_COATED_OSMIUM;XIRECS;9988.0;4
934700;;TAKER;ASH_COATED_OSMIUM;XIRECS;9989.0;8
935200;;TAKER;ASH_COATED_OSMIUM;XIRECS;9989.0;3
935400;;TAKER;INTARIAN_PEPPER_ROOT;XIRECS;12005.0;6
935400;;TAKER;ASH_COATED_OSMIUM;XIRECS;9991.0;2
935700;;TAKER;ASH_COATED_OSMIUM;XIRECS;9988.0;15
935900;TAKER;;ASH_COATED_OSMIUM;XIRECS;10007.0;3
936000;TAKER;;INTARIAN_PEPPER_ROOT;XIRECS;12020.0;13
936100;;TAKER;ASH_COATED_OSMIUM;XIRECS;9992.0;4
936200;TAKER;;ASH_COATED_OSMIUM;XIRECS;10011.0;7
936300;TAKER;;INTARIAN_PEPPER_ROOT;XIRECS;12016.0;11
936500;;TAKER;INTARIAN_PEPPER_ROOT;XIRECS;12005.0;15
936700;;TAKER;ASH_COATED_OSMIUM;XIRECS;9992.0;13
937100;TAKER;;INTARIAN_PEPPER_ROOT;XIRECS;12021.0;8
937400;TAKER;;ASH_COATED_OSMIUM;XIRECS;10011.0;10
937500;;TAKER;INTARIAN_PEPPER_ROOT;XIRECS;12005.0;12
937800;;TAKER;ASH_COATED_OSMIUM;XIRECS;9988.0;15
938000;TAKER;;INTARIAN_PEPPER_ROOT;XIRECS;12020.0;11
938400;;TAKER;INTARIAN_PEPPER_ROOT;XIRECS;12007.0;13
938900;TAKER;;INTARIAN_PEPPER_ROOT;XIRECS;12017.0;8
939000;;TAKER;ASH_COATED_OSMIUM;XIRECS;9992.0;13
939200;TAKER;;ASH_COATED_OSMIUM;XIRECS;10010.0;6
939300;TAKER;;INTARIAN_PEPPER_ROOT;XIRECS;12019.0;10
939500;;TAKER;INTARIAN_PEPPER_ROOT;XIRECS;12005.0;13
939500;;TAKER;ASH_COATED_OSMIUM;XIRECS;9993.0;14
939600;TAKER;;INTARIAN_PEPPER_ROOT;XIRECS;12018.0;12
939600;TAKER;;ASH_COATED_OSMIUM;XIRECS;10008.0;15
939800;TAKER;;ASH_COATED_OSMIUM;XIRECS;10009.0;12
939900;TAKER;;INTARIAN_PEPPER_ROOT;XIRECS;12020.0;15
940200;TAKER;;INTARIAN_PEPPER_ROOT;XIRECS;12020.0;9
940200;;TAKER;ASH_COATED_OSMIUM;XIRECS;9992.0;6
940300;TAKER;;ASH_COATED_OSMIUM;XIRECS;10011.0;7
940400;TAKER;;INTARIAN_PEPPER_ROOT;XIRECS;12019.0;10
940500;TAKER;;INTARIAN_PEPPER_ROOT;XIRECS;12018.0;10
941100;TAKER;;INTARIAN_PEPPER_ROOT;XIRECS;12019.0;6
941200;;TAKER;ASH_COATED_OSMIUM;XIRECS;9991.0;5
941300;TAKER;;ASH_COATED_OSMIUM;XIRECS;10008.0;11
941400;TAKER;;INTARIAN_PEPPER_ROOT;XIRECS;12018.0;15
941500;TAKER;;INTARIAN_PEPPER_ROOT;XIRECS;12017.0;11
941800;;TAKER;ASH_COATED_OSMIUM;XIRECS;9990.0;5
941900;TAKER;;INTARIAN_PEPPER_ROOT;XIRECS;12018.0;6
942000;;TAKER;ASH_COATED_OSMIUM;XIRECS;9990.0;13
942100;;TAKER;INTARIAN_PEPPER_ROOT;XIRECS;12007.0;15
942400;;TAKER;INTARIAN_PEPPER_ROOT;XIRECS;12004.0;11
942400;TAKER;;ASH_COATED_OSMIUM;XIRECS;10010.0;15
942600;;TAKER;INTARIAN_PEPPER_ROOT;XIRECS;12004.0;11
942800;TAKER;;ASH_COATED_OSMIUM;XIRECS;10006.0;14
942900;TAKER;;INTARIAN_PEPPER_ROOT;XIRECS;12018.0;8
943100;TAKER;;ASH_COATED_OSMIUM;XIRECS;10009.0;2
943200;TAKER;;INTARIAN_PEPPER_ROOT;XIRECS;12018.0;6
943200;;TAKER;ASH_COATED_OSMIUM;XIRECS;9993.0;14
943400;TAKER;;ASH_COATED_OSMIUM;XIRECS;10008.0;8
943700;;TAKER;INTARIAN_PEPPER_ROOT;XIRECS;12004.0;2
943900;TAKER;;INTARIAN_PEPPER_ROOT;XIRECS;12019.0;6
944100;TAKER;;INTARIAN_PEPPER_ROOT;XIRECS;12018.0;2
944300;;TAKER;ASH_COATED_OSMIUM;XIRECS;9993.0;5
944500;;TAKER;ASH_COATED_OSMIUM;XIRECS;9991.0;12
944700;;TAKER;INTARIAN_PEPPER_ROOT;XIRECS;12004.0;6
944800;TAKER;;INTARIAN_PEPPER_ROOT;XIRECS;12016.0;3
944800;TAKER;;ASH_COATED_OSMIUM;XIRECS;10010.0;13
944900;TAKER;;INTARIAN_PEPPER_ROOT;XIRECS;12016.0;12
945000;TAKER;;ASH_COATED_OSMIUM;XIRECS;10008.0;11
945200;;TAKER;INTARIAN_PEPPER_ROOT;XIRECS;12004.0;9
945300;;TAKER;INTARIAN_PEPPER_ROOT;XIRECS;12003.0;2
945600;TAKER;;INTARIAN_PEPPER_ROOT;XIRECS;12017.0;12
945800;TAKER;;INTARIAN_PEPPER_ROOT;XIRECS;12017.0;9
945900;TAKER;;INTARIAN_PEPPER_ROOT;XIRECS;12017.0;10
945900;;TAKER;ASH_COATED_OSMIUM;XIRECS;9993.0;12
946000;TAKER;;ASH_COATED_OSMIUM;XIRECS;10007.0;14
946200;;TAKER;INTARIAN_PEPPER_ROOT;XIRECS;12003.0;14
946300;;TAKER;INTARIAN_PEPPER_ROOT;XIRECS;12005.0;9
946300;;TAKER;ASH_COATED_OSMIUM;XIRECS;9988.0;4
946400;;TAKER;ASH_COATED_OSMIUM;XIRECS;9994.0;11
946600;TAKER;;ASH_COATED_OSMIUM;XIRECS;10009.0;3
946900;;TAKER;ASH_COATED_OSMIUM;XIRECS;9990.0;8
947000;TAKER;;INTARIAN_PEPPER_ROOT;XIRECS;12018.0;2
947300;;TAKER;INTARIAN_PEPPER_ROOT;XIRECS;12005.0;10
947400;TAKER;;INTARIAN_PEPPER_ROOT;XIRECS;12016.0;10
947500;;TAKER;ASH_COATED_OSMIUM;XIRECS;9989.0;12
947900;TAKER;;INTARIAN_PEPPER_ROOT;XIRECS;12016.0;3
948000;TAKER;;INTARIAN_PEPPER_ROOT;XIRECS;12017.0;10
948100;;TAKER;ASH_COATED_OSMIUM;XIRECS;9994.0;7
948400;;TAKER;ASH_COATED_OSMIUM;XIRECS;9990.0;12
948600;;TAKER;INTARIAN_PEPPER_ROOT;XIRECS;12002.0;11
948800;TAKER;;INTARIAN_PEPPER_ROOT;XIRECS;12015.0;6
949000;;TAKER;INTARIAN_PEPPER_ROOT;XIRECS;12002.0;2
949200;;TAKER;ASH_COATED_OSMIUM;XIRECS;9994.0;9
949600;TAKER;;ASH_COATED_OSMIUM;XIRECS;10007.0;2
949700;TAKER;;ASH_COATED_OSMIUM;XIRECS;10010.0;10
949800;;TAKER;ASH_COATED_OSMIUM;XIRECS;9991.0;5
950200;TAKER;;INTARIAN_PEPPER_ROOT;XIRECS;12015.0;6
950800;;TAKER;INTARIAN_PEPPER_ROOT;XIRECS;12002.0;11
950900;TAKER;;ASH_COATED_OSMIUM;XIRECS;10007.0;15
951100;;TAKER;ASH_COATED_OSMIUM;XIRECS;9992.0;6
951200;TAKER;;ASH_COATED_OSMIUM;XIRECS;10009.0;5
951400;TAKER;;INTARIAN_PEPPER_ROOT;XIRECS;12017.0;2
951500;TAKER;;INTARIAN_PEPPER_ROOT;XIRECS;12017.0;7
951600;TAKER;;INTARIAN_PEPPER_ROOT;XIRECS;12016.0;12
951600;;TAKER;ASH_COATED_OSMIUM;XIRECS;9990.0;12
951700;TAKER;;ASH_COATED_OSMIUM;XIRECS;10008.0;4
951800;TAKER;;INTARIAN_PEPPER_ROOT;XIRECS;12015.0;8
951900;TAKER;;INTARIAN_PEPPER_ROOT;XIRECS;12016.0;3
952000;TAKER;;INTARIAN_PEPPER_ROOT;XIRECS;12019.0;11
952100;TAKER;;ASH_COATED_OSMIUM;XIRECS;10007.0;4
952400;TAKER;;ASH_COATED_OSMIUM;XIRECS;10007.0;2
952500;TAKER;;ASH_COATED_OSMIUM;XIRECS;10007.0;6
952700;TAKER;;INTARIAN_PEPPER_ROOT;XIRECS;12016.0;14
952800;;TAKER;INTARIAN_PEPPER_ROOT;XIRECS;12003.0;3
953300;;TAKER;ASH_COATED_OSMIUM;XIRECS;9989.0;7
953600;;TAKER;INTARIAN_PEPPER_ROOT;XIRECS;12001.0;12
953700;TAKER;;INTARIAN_PEPPER_ROOT;XIRECS;12015.0;9
953700;;TAKER;ASH_COATED_OSMIUM;XIRECS;9989.0;7
953800;TAKER;;ASH_COATED_OSMIUM;XIRECS;10006.0;5
954000;;TAKER;ASH_COATED_OSMIUM;XIRECS;9989.0;3
954300;;TAKER;INTARIAN_PEPPER_ROOT;XIRECS;12003.0;12
954300;TAKER;;ASH_COATED_OSMIUM;XIRECS;10010.0;2
954400;TAKER;;ASH_COATED_OSMIUM;XIRECS;10010.0;13
955000;TAKER;;INTARIAN_PEPPER_ROOT;XIRECS;12016.0;8
955000;;TAKER;ASH_COATED_OSMIUM;XIRECS;9991.0;15
955200;;TAKER;ASH_COATED_OSMIUM;XIRECS;9992.0;5
955300;TAKER;;ASH_COATED_OSMIUM;XIRECS;10009.0;8
955400;;TAKER;ASH_COATED_OSMIUM;XIRECS;9987.0;10
955600;;TAKER;INTARIAN_PEPPER_ROOT;XIRECS;12001.0;2
956000;;TAKER;INTARIAN_PEPPER_ROOT;XIRECS;12001.0;5
956000;TAKER;;ASH_COATED_OSMIUM;XIRECS;10006.0;10
956100;;TAKER;INTARIAN_PEPPER_ROOT;XIRECS;12001.0;5
956100;TAKER;;ASH_COATED_OSMIUM;XIRECS;10006.0;13
956200;TAKER;;INTARIAN_PEPPER_ROOT;XIRECS;12016.0;12
956200;;TAKER;ASH_COATED_OSMIUM;XIRECS;9991.0;5
956300;TAKER;;INTARIAN_PEPPER_ROOT;XIRECS;12014.0;4
956400;;TAKER;ASH_COATED_OSMIUM;XIRECS;9990.0;7
956500;;TAKER;INTARIAN_PEPPER_ROOT;XIRECS;12004.0;15
956500;;TAKER;ASH_COATED_OSMIUM;XIRECS;9995.0;10
956600;;TAKER;ASH_COATED_OSMIUM;XIRECS;9991.0;8
956700;TAKER;;ASH_COATED_OSMIUM;XIRECS;10008.0;4
957200;;TAKER;ASH_COATED_OSMIUM;XIRECS;9992.0;11
957300;;TAKER;ASH_COATED_OSMIUM;XIRECS;9991.0;3
957500;;TAKER;INTARIAN_PEPPER_ROOT;XIRECS;12002.0;15
957600;TAKER;;ASH_COATED_OSMIUM;XIRECS;10008.0;6
957900;TAKER;;ASH_COATED_OSMIUM;XIRECS;10008.0;11
958000;TAKER;;ASH_COATED_OSMIUM;XIRECS;10009.0;10
958200;;TAKER;INTARIAN_PEPPER_ROOT;XIRECS;12003.0;11
958400;TAKER;;INTARIAN_PEPPER_ROOT;XIRECS;12016.0;7
958500;TAKER;;ASH_COATED_OSMIUM;XIRECS;10011.0;9
958800;TAKER;;INTARIAN_PEPPER_ROOT;XIRECS;12015.0;11
958800;TAKER;;ASH_COATED_OSMIUM;XIRECS;10008.0;2
958900;;TAKER;ASH_COATED_OSMIUM;XIRECS;9985.0;6
959100;;TAKER;INTARIAN_PEPPER_ROOT;XIRECS;12004.0;12
959300;;TAKER;INTARIAN_PEPPER_ROOT;XIRECS;12002.0;2
959400;TAKER;;INTARIAN_PEPPER_ROOT;XIRECS;12012.0;11
959500;TAKER;;ASH_COATED_OSMIUM;XIRECS;10008.0;10
959700;TAKER;;INTARIAN_PEPPER_ROOT;XIRECS;12012.0;10
959800;;TAKER;INTARIAN_PEPPER_ROOT;XIRECS;12000.0;8
959900;;TAKER;ASH_COATED_OSMIUM;XIRECS;9992.0;7
960000;;TAKER;ASH_COATED_OSMIUM;XIRECS;9990.0;5
960100;;TAKER;INTARIAN_PEPPER_ROOT;XIRECS;11998.0;9
960100;;TAKER;ASH_COATED_OSMIUM;XIRECS;9992.0;13
960200;;TAKER;ASH_COATED_OSMIUM;XIRECS;9989.0;12
960300;TAKER;;ASH_COATED_OSMIUM;XIRECS;10004.0;12
960500;TAKER;;INTARIAN_PEPPER_ROOT;XIRECS;12015.0;9
960500;;TAKER;ASH_COATED_OSMIUM;XIRECS;9990.0;3
960800;;TAKER;INTARIAN_PEPPER_ROOT;XIRECS;12002.0;11
960800;TAKER;;ASH_COATED_OSMIUM;XIRECS;10006.0;7
961400;TAKER;;INTARIAN_PEPPER_ROOT;XIRECS;12013.0;14
961600;TAKER;;INTARIAN_PEPPER_ROOT;XIRECS;12014.0;6
961700;TAKER;;ASH_COATED_OSMIUM;XIRECS;10009.0;15
961800;;TAKER;INTARIAN_PEPPER_ROOT;XIRECS;12000.0;12
961800;TAKER;;ASH_COATED_OSMIUM;XIRECS;10006.0;4
961900;TAKER;;ASH_COATED_OSMIUM;XIRECS;10006.0;6
962100;;TAKER;INTARIAN_PEPPER_ROOT;XIRECS;12000.0;3
962100;TAKER;;ASH_COATED_OSMIUM;XIRECS;10011.0;13
962200;TAKER;;INTARIAN_PEPPER_ROOT;XIRECS;12013.0;12
962300;TAKER;;INTARIAN_PEPPER_ROOT;XIRECS;12013.0;10
962300;TAKER;;ASH_COATED_OSMIUM;XIRECS;10012.0;7
962500;;TAKER;INTARIAN_PEPPER_ROOT;XIRECS;12001.0;14
962500;;TAKER;ASH_COATED_OSMIUM;XIRECS;9989.0;4
962600;TAKER;;INTARIAN_PEPPER_ROOT;XIRECS;12018.0;11
962600;;TAKER;ASH_COATED_OSMIUM;XIRECS;9992.0;9
962800;;TAKER;ASH_COATED_OSMIUM;XIRECS;9990.0;6
963000;;TAKER;INTARIAN_PEPPER_ROOT;XIRECS;12002.0;12
963100;TAKER;;ASH_COATED_OSMIUM;XIRECS;10012.0;3
963300;;TAKER;INTARIAN_PEPPER_ROOT;XIRECS;12000.0;7
963300;TAKER;;ASH_COATED_OSMIUM;XIRECS;10011.0;13
963400;;TAKER;ASH_COATED_OSMIUM;XIRECS;9988.0;15
963500;;TAKER;ASH_COATED_OSMIUM;XIRECS;9992.0;5
963600;TAKER;;INTARIAN_PEPPER_ROOT;XIRECS;12014.0;10
963600;;TAKER;ASH_COATED_OSMIUM;XIRECS;9992.0;13
963800;;TAKER;INTARIAN_PEPPER_ROOT;XIRECS;12000.0;14
963800;TAKER;;ASH_COATED_OSMIUM;XIRECS;10011.0;9
963900;;TAKER;INTARIAN_PEPPER_ROOT;XIRECS;11997.0;15
964600;;TAKER;ASH_COATED_OSMIUM;XIRECS;9991.0;6
964800;TAKER;;ASH_COATED_OSMIUM;XIRECS;10009.0;4
965000;TAKER;;INTARIAN_PEPPER_ROOT;XIRECS;12012.0;12
965100;TAKER;;INTARIAN_PEPPER_ROOT;XIRECS;12012.0;2
965200;;TAKER;INTARIAN_PEPPER_ROOT;XIRECS;12001.0;8
965500;;TAKER;INTARIAN_PEPPER_ROOT;XIRECS;11999.0;10
965600;TAKER;;ASH_COATED_OSMIUM;XIRECS;10006.0;11
965800;TAKER;;INTARIAN_PEPPER_ROOT;XIRECS;12013.0;8
966000;TAKER;;ASH_COATED_OSMIUM;XIRECS;10007.0;7
966100;TAKER;;INTARIAN_PEPPER_ROOT;XIRECS;12013.0;15
966200;TAKER;;INTARIAN_PEPPER_ROOT;XIRECS;12011.0;14
966300;;TAKER;INTARIAN_PEPPER_ROOT;XIRECS;11999.0;13
966400;TAKER;;ASH_COATED_OSMIUM;XIRECS;10007.0;12
966500;;TAKER;INTARIAN_PEPPER_ROOT;XIRECS;12001.0;9
966600;TAKER;;ASH_COATED_OSMIUM;XIRECS;10012.0;5
966700;TAKER;;ASH_COATED_OSMIUM;XIRECS;10009.0;13
966800;;TAKER;INTARIAN_PEPPER_ROOT;XIRECS;12000.0;13
967000;;TAKER;INTARIAN_PEPPER_ROOT;XIRECS;11999.0;7
967000;;TAKER;ASH_COATED_OSMIUM;XIRECS;9991.0;8
967700;;TAKER;ASH_COATED_OSMIUM;XIRECS;9991.0;10
967800;;TAKER;INTARIAN_PEPPER_ROOT;XIRECS;11998.0;6
967900;TAKER;;INTARIAN_PEPPER_ROOT;XIRECS;12011.0;13
968000;;TAKER;ASH_COATED_OSMIUM;XIRECS;9991.0;6
968200;TAKER;;INTARIAN_PEPPER_ROOT;XIRECS;12014.0;5
968200;TAKER;;ASH_COATED_OSMIUM;XIRECS;10008.0;8
968500;TAKER;;ASH_COATED_OSMIUM;XIRECS;10008.0;4
969000;TAKER;;ASH_COATED_OSMIUM;XIRECS;10005.0;15
969200;;TAKER;ASH_COATED_OSMIUM;XIRECS;9990.0;9
969300;;TAKER;INTARIAN_PEPPER_ROOT;XIRECS;11998.0;4
969300;;TAKER;ASH_COATED_OSMIUM;XIRECS;9994.0;11
969400;;TAKER;INTARIAN_PEPPER_ROOT;XIRECS;11998.0;5
969600;TAKER;;INTARIAN_PEPPER_ROOT;XIRECS;12014.0;3
969800;TAKER;;INTARIAN_PEPPER_ROOT;XIRECS;12012.0;13
969900;;TAKER;INTARIAN_PEPPER_ROOT;XIRECS;11997.0;4
970000;;TAKER;INTARIAN_PEPPER_ROOT;XIRECS;11998.0;6
970100;;TAKER;INTARIAN_PEPPER_ROOT;XIRECS;11999.0;4
970100;;TAKER;ASH_COATED_OSMIUM;XIRECS;9991.0;6
970300;TAKER;;INTARIAN_PEPPER_ROOT;XIRECS;12013.0;7
970400;TAKER;;ASH_COATED_OSMIUM;XIRECS;10008.0;13
970600;TAKER;;ASH_COATED_OSMIUM;XIRECS;10010.0;10
971100;;TAKER;INTARIAN_PEPPER_ROOT;XIRECS;11998.0;3
971400;;TAKER;INTARIAN_PEPPER_ROOT;XIRECS;12000.0;2
971600;TAKER;;INTARIAN_PEPPER_ROOT;XIRECS;12013.0;10
971600;TAKER;;ASH_COATED_OSMIUM;XIRECS;10009.0;15
972100;TAKER;;INTARIAN_PEPPER_ROOT;XIRECS;12012.0;2
972300;;TAKER;ASH_COATED_OSMIUM;XIRECS;9990.0;13
972400;TAKER;;INTARIAN_PEPPER_ROOT;XIRECS;12012.0;4
972400;;TAKER;ASH_COATED_OSMIUM;XIRECS;9992.0;4
972500;;TAKER;ASH_COATED_OSMIUM;XIRECS;9988.0;6
972700;;TAKER;INTARIAN_PEPPER_ROOT;XIRECS;11998.0;9
972800;TAKER;;INTARIAN_PEPPER_ROOT;XIRECS;12011.0;9
973000;;TAKER;ASH_COATED_OSMIUM;XIRECS;9990.0;7
973100;TAKER;;ASH_COATED_OSMIUM;XIRECS;10009.0;9
973200;TAKER;;INTARIAN_PEPPER_ROOT;XIRECS;12012.0;8
973300;;TAKER;INTARIAN_PEPPER_ROOT;XIRECS;11999.0;5
973500;TAKER;;INTARIAN_PEPPER_ROOT;XIRECS;12011.0;6
973600;;TAKER;ASH_COATED_OSMIUM;XIRECS;9992.0;6
973700;;TAKER;ASH_COATED_OSMIUM;XIRECS;9986.0;5
973800;;TAKER;INTARIAN_PEPPER_ROOT;XIRECS;11998.0;9
973800;TAKER;;ASH_COATED_OSMIUM;XIRECS;10005.0;15
974000;;TAKER;ASH_COATED_OSMIUM;XIRECS;9990.0;3
974400;TAKER;;INTARIAN_PEPPER_ROOT;XIRECS;12011.0;4
974600;;TAKER;INTARIAN_PEPPER_ROOT;XIRECS;11999.0;8
974800;TAKER;;ASH_COATED_OSMIUM;XIRECS;10007.0;3
975000;TAKER;;INTARIAN_PEPPER_ROOT;XIRECS;12012.0;13
975100;TAKER;;INTARIAN_PEPPER_ROOT;XIRECS;12008.0;12
975100;TAKER;;ASH_COATED_OSMIUM;XIRECS;10008.0;7
975200;TAKER;;INTARIAN_PEPPER_ROOT;XIRECS;12012.0;12
975300;;TAKER;INTARIAN_PEPPER_ROOT;XIRECS;11998.0;6
975500;;TAKER;INTARIAN_PEPPER_ROOT;XIRECS;11999.0;7
975600;TAKER;;INTARIAN_PEPPER_ROOT;XIRECS;12012.0;6
975800;TAKER;;ASH_COATED_OSMIUM;XIRECS;10009.0;8
975900;;TAKER;INTARIAN_PEPPER_ROOT;XIRECS;11997.0;10
975900;;TAKER;ASH_COATED_OSMIUM;XIRECS;9990.0;7
976200;;TAKER;INTARIAN_PEPPER_ROOT;XIRECS;11998.0;6
976400;;TAKER;ASH_COATED_OSMIUM;XIRECS;9992.0;13
976600;TAKER;;INTARIAN_PEPPER_ROOT;XIRECS;12010.0;4
976700;TAKER;;INTARIAN_PEPPER_ROOT;XIRECS;12013.0;6
976800;TAKER;;INTARIAN_PEPPER_ROOT;XIRECS;12008.0;15
976800;TAKER;;ASH_COATED_OSMIUM;XIRECS;10009.0;15
976900;;TAKER;ASH_COATED_OSMIUM;XIRECS;9990.0;5
977000;;TAKER;ASH_COATED_OSMIUM;XIRECS;9988.0;15
977100;TAKER;;ASH_COATED_OSMIUM;XIRECS;10008.0;8
977300;TAKER;;ASH_COATED_OSMIUM;XIRECS;10010.0;15
977400;TAKER;;INTARIAN_PEPPER_ROOT;XIRECS;12011.0;14
978000;;TAKER;INTARIAN_PEPPER_ROOT;XIRECS;11998.0;8
978300;;TAKER;INTARIAN_PEPPER_ROOT;XIRECS;11998.0;8
978500;TAKER;;ASH_COATED_OSMIUM;XIRECS;10011.0;13
978800;TAKER;;INTARIAN_PEPPER_ROOT;XIRECS;12009.0;13
978800;TAKER;;ASH_COATED_OSMIUM;XIRECS;10008.0;4
979000;TAKER;;INTARIAN_PEPPER_ROOT;XIRECS;12011.0;13
980100;TAKER;;ASH_COATED_OSMIUM;XIRECS;10007.0;10
980200;;TAKER;INTARIAN_PEPPER_ROOT;XIRECS;11996.0;11
980500;;TAKER;ASH_COATED_OSMIUM;XIRECS;9990.0;3
980700;TAKER;;INTARIAN_PEPPER_ROOT;XIRECS;12007.0;7
980900;TAKER;;ASH_COATED_OSMIUM;XIRECS;10009.0;9
981200;TAKER;;INTARIAN_PEPPER_ROOT;XIRECS;12008.0;5
981400;TAKER;;INTARIAN_PEPPER_ROOT;XIRECS;12011.0;2
981600;TAKER;;ASH_COATED_OSMIUM;XIRECS;10011.0;13
981700;;TAKER;ASH_COATED_OSMIUM;XIRECS;9991.0;12
981900;;TAKER;ASH_COATED_OSMIUM;XIRECS;9989.0;4
982100;;TAKER;ASH_COATED_OSMIUM;XIRECS;9991.0;6
982200;TAKER;;INTARIAN_PEPPER_ROOT;XIRECS;12010.0;15
982200;TAKER;;ASH_COATED_OSMIUM;XIRECS;10007.0;13
982300;TAKER;;INTARIAN_PEPPER_ROOT;XIRECS;12010.0;9
982800;;TAKER;INTARIAN_PEPPER_ROOT;XIRECS;11996.0;7
983100;;TAKER;ASH_COATED_OSMIUM;XIRECS;9989.0;15
983200;;TAKER;INTARIAN_PEPPER_ROOT;XIRECS;11996.0;10
983500;TAKER;;ASH_COATED_OSMIUM;XIRECS;10007.0;5
983600;;TAKER;INTARIAN_PEPPER_ROOT;XIRECS;11996.0;11
983700;;TAKER;INTARIAN_PEPPER_ROOT;XIRECS;11996.0;4
983700;TAKER;;ASH_COATED_OSMIUM;XIRECS;10009.0;9
984500;;TAKER;INTARIAN_PEPPER_ROOT;XIRECS;11995.0;15
984600;TAKER;;INTARIAN_PEPPER_ROOT;XIRECS;12009.0;8
984600;;TAKER;ASH_COATED_OSMIUM;XIRECS;9991.0;6
985000;;TAKER;ASH_COATED_OSMIUM;XIRECS;9992.0;5
985200;;TAKER;INTARIAN_PEPPER_ROOT;XIRECS;11996.0;11
985500;TAKER;;INTARIAN_PEPPER_ROOT;XIRECS;12009.0;12
985600;TAKER;;INTARIAN_PEPPER_ROOT;XIRECS;12012.0;2
985600;;TAKER;ASH_COATED_OSMIUM;XIRECS;9987.0;3
985700;TAKER;;INTARIAN_PEPPER_ROOT;XIRECS;12009.0;12
985700;TAKER;;ASH_COATED_OSMIUM;XIRECS;10012.0;14
985800;TAKER;;ASH_COATED_OSMIUM;XIRECS;10011.0;5
985900;;TAKER;INTARIAN_PEPPER_ROOT;XIRECS;11995.0;6
986100;;TAKER;ASH_COATED_OSMIUM;XIRECS;9991.0;7
986200;;TAKER;INTARIAN_PEPPER_ROOT;XIRECS;11994.0;7
986500;;TAKER;INTARIAN_PEPPER_ROOT;XIRECS;11996.0;9
987100;TAKER;;ASH_COATED_OSMIUM;XIRECS;10004.0;14
987300;;TAKER;INTARIAN_PEPPER_ROOT;XIRECS;11995.0;14
987400;;TAKER;ASH_COATED_OSMIUM;XIRECS;9989.0;12
987500;;TAKER;INTARIAN_PEPPER_ROOT;XIRECS;11996.0;6
987600;;TAKER;INTARIAN_PEPPER_ROOT;XIRECS;11995.0;3
987600;;TAKER;ASH_COATED_OSMIUM;XIRECS;9990.0;5
987700;TAKER;;INTARIAN_PEPPER_ROOT;XIRECS;12008.0;9
987700;TAKER;;ASH_COATED_OSMIUM;XIRECS;10009.0;3
988100;TAKER;;INTARIAN_PEPPER_ROOT;XIRECS;12010.0;5
988200;TAKER;;INTARIAN_PEPPER_ROOT;XIRECS;12008.0;2
988300;;TAKER;INTARIAN_PEPPER_ROOT;XIRECS;11995.0;10
988400;TAKER;;INTARIAN_PEPPER_ROOT;XIRECS;12008.0;7
988500;TAKER;;INTARIAN_PEPPER_ROOT;XIRECS;12007.0;7
988700;TAKER;;ASH_COATED_OSMIUM;XIRECS;10004.0;4
988800;TAKER;;INTARIAN_PEPPER_ROOT;XIRECS;12009.0;14
989000;TAKER;;ASH_COATED_OSMIUM;XIRECS;10010.0;4
989200;TAKER;;INTARIAN_PEPPER_ROOT;XIRECS;12008.0;14
989400;TAKER;;ASH_COATED_OSMIUM;XIRECS;10008.0;12
989700;TAKER;;INTARIAN_PEPPER_ROOT;XIRECS;12011.0;8
990000;;TAKER;INTARIAN_PEPPER_ROOT;XIRECS;11996.0;3
990200;;TAKER;ASH_COATED_OSMIUM;XIRECS;9992.0;3
990400;TAKER;;INTARIAN_PEPPER_ROOT;XIRECS;12008.0;9
990500;;TAKER;ASH_COATED_OSMIUM;XIRECS;9987.0;4
990600;TAKER;;ASH_COATED_OSMIUM;XIRECS;10010.0;3
990700;TAKER;;INTARIAN_PEPPER_ROOT;XIRECS;12007.0;6
990900;TAKER;;ASH_COATED_OSMIUM;XIRECS;10008.0;11
991200;;TAKER;ASH_COATED_OSMIUM;XIRECS;9993.0;5
991300;;TAKER;INTARIAN_PEPPER_ROOT;XIRECS;11995.0;5
991400;TAKER;;ASH_COATED_OSMIUM;XIRECS;10010.0;4
991600;;TAKER;ASH_COATED_OSMIUM;XIRECS;9986.0;15
991700;TAKER;;INTARIAN_PEPPER_ROOT;XIRECS;12010.0;11
991900;TAKER;;INTARIAN_PEPPER_ROOT;XIRECS;12007.0;14
992200;;TAKER;ASH_COATED_OSMIUM;XIRECS;9991.0;13
992400;TAKER;;ASH_COATED_OSMIUM;XIRECS;10009.0;10
992700;;TAKER;ASH_COATED_OSMIUM;XIRECS;9991.0;2
993000;TAKER;;INTARIAN_PEPPER_ROOT;XIRECS;12009.0;11
993100;TAKER;;INTARIAN_PEPPER_ROOT;XIRECS;12008.0;6
993200;TAKER;;ASH_COATED_OSMIUM;XIRECS;10007.0;10
993400;;TAKER;INTARIAN_PEPPER_ROOT;XIRECS;11995.0;10
993500;TAKER;;INTARIAN_PEPPER_ROOT;XIRECS;12007.0;11
993500;;TAKER;ASH_COATED_OSMIUM;XIRECS;9993.0;3
993700;;TAKER;ASH_COATED_OSMIUM;XIRECS;9990.0;6
993800;TAKER;;INTARIAN_PEPPER_ROOT;XIRECS;12006.0;4
993800;TAKER;;ASH_COATED_OSMIUM;XIRECS;10007.0;9
994100;;TAKER;ASH_COATED_OSMIUM;XIRECS;9988.0;3
994400;;TAKER;INTARIAN_PEPPER_ROOT;XIRECS;11994.0;10
994400;;TAKER;ASH_COATED_OSMIUM;XIRECS;9993.0;3
994500;;TAKER;ASH_COATED_OSMIUM;XIRECS;9989.0;8
994600;TAKER;;ASH_COATED_OSMIUM;XIRECS;10008.0;8
994800;;TAKER;INTARIAN_PEPPER_ROOT;XIRECS;11992.0;2
994900;TAKER;;INTARIAN_PEPPER_ROOT;XIRECS;12008.0;8
995000;TAKER;;ASH_COATED_OSMIUM;XIRECS;10010.0;9
995100;TAKER;;INTARIAN_PEPPER_ROOT;XIRECS;12009.0;4
995300;;TAKER;INTARIAN_PEPPER_ROOT;XIRECS;11992.0;14
995300;;TAKER;ASH_COATED_OSMIUM;XIRECS;9989.0;11
995500;TAKER;;INTARIAN_PEPPER_ROOT;XIRECS;12008.0;12
995600;TAKER;;INTARIAN_PEPPER_ROOT;XIRECS;12007.0;12
996000;TAKER;;INTARIAN_PEPPER_ROOT;XIRECS;12008.0;10
996000;TAKER;;ASH_COATED_OSMIUM;XIRECS;10007.0;6
996200;;TAKER;INTARIAN_PEPPER_ROOT;XIRECS;11993.0;11
996300;;TAKER;ASH_COATED_OSMIUM;XIRECS;9987.0;14
996400;;TAKER;ASH_COATED_OSMIUM;XIRECS;9992.0;15
996500;TAKER;;INTARIAN_PEPPER_ROOT;XIRECS;12007.0;9
996500;;TAKER;ASH_COATED_OSMIUM;XIRECS;9993.0;12
996900;;TAKER;INTARIAN_PEPPER_ROOT;XIRECS;11993.0;2
996900;TAKER;;ASH_COATED_OSMIUM;XIRECS;10008.0;8
997000;TAKER;;INTARIAN_PEPPER_ROOT;XIRECS;12007.0;9
997100;TAKER;;ASH_COATED_OSMIUM;XIRECS;10009.0;4
997200;TAKER;;INTARIAN_PEPPER_ROOT;XIRECS;12008.0;9
997400;;TAKER;ASH_COATED_OSMIUM;XIRECS;9989.0;3
997500;TAKER;;ASH_COATED_OSMIUM;XIRECS;10009.0;14
997600;TAKER;;ASH_COATED_OSMIUM;XIRECS;10008.0;13
997700;TAKER;;INTARIAN_PEPPER_ROOT;XIRECS;12006.0;6
997800;;TAKER;INTARIAN_PEPPER_ROOT;XIRECS;11994.0;14
997800;;TAKER;ASH_COATED_OSMIUM;XIRECS;9993.0;10
997900;TAKER;;ASH_COATED_OSMIUM;XIRECS;10008.0;9
998000;;TAKER;ASH_COATED_OSMIUM;XIRECS;9995.0;2
998200;;TAKER;ASH_COATED_OSMIUM;XIRECS;9995.0;4
998500;;TAKER;ASH_COATED_OSMIUM;XIRECS;9991.0;6
998600;;TAKER;ASH_COATED_OSMIUM;XIRECS;9989.0;12
998700;;TAKER;INTARIAN_PEPPER_ROOT;XIRECS;11995.0;8
998800;TAKER;;ASH_COATED_OSMIUM;XIRECS;10011.0;10
998900;;TAKER;INTARIAN_PEPPER_ROOT;XIRECS;11994.0;13
998900;TAKER;;ASH_COATED_OSMIUM;XIRECS;10006.0;2
999300;;TAKER;INTARIAN_PEPPER_ROOT;XIRECS;11995.0;6
999400;;TAKER;ASH_COATED_OSMIUM;XIRECS;9992.0;2
999500;TAKER;;ASH_COATED_OSMIUM;XIRECS;10008.0;12
999700;;TAKER;INTARIAN_PEPPER_ROOT;XIRECS;11992.0;6
999900;TAKER;;INTARIAN_PEPPER_ROOT;XIRECS;12007.0;2
