timestamp;buyer;seller;symbol;currency;price;quantity
100;;TAKER;INTARIAN_PEPPER_ROOT;XIRECS;11993.0;10
100;;TAKER;ASH_COATED_OSMIUM;XIRECS;9986.0;15
200;TAKER;;ASH_COATED_OSMIUM;XIRECS;10004.0;15
300;TAKER;;INTARIAN_PEPPER_ROOT;XIRECS;12009.0;11
300;;TAKER;ASH_COATED_OSMIUM;XIRECS;9990.0;7
400;;TAKER;INTARIAN_PEPPER_ROOT;XIRECS;11993.0;6
500;;TAKER;INTARIAN_PEPPER_ROOT;XIRECS;11992.0;13
600;TAKER;;ASH_COATED_OSMIUM;XIRECS;10009.0;13
700;;TAKER;INTARIAN_PEPPER_ROOT;XIRECS;11992.0;13
900;;TAKER;INTARIAN_PEPPER_ROOT;XIRECS;11992.0;13
1100;;TAKER;ASH_COATED_OSMIUM;XIRECS;9989.0;11
1300;;TAKER;ASH_COATED_OSMIUM;XIRECS;9988.0;11
1400;;TAKER;INTARIAN_PEPPER_ROOT;XIRECS;11993.0;3
1600;;TAKER;ASH_COATED_OSMIUM;XIRECS;9989.0;5
1700;TAKER;;INTARIAN_PEPPER_ROOT;XIRECS;12005.0;3
2300;TAKER;;INTARIAN_PEPPER_ROOT;XIRECS;12006.0;11
2300;TAKER;;ASH_COATED_OSMIUM;XIRECS;10008.0;15
2600;;TAKER;INTARIAN_PEPPER_ROOT;XIRECS;11992.0;15
2700;TAKER;;ASH_COATED_OSMIUM;XIRECS;10013.0;7
2900;;TAKER;ASH_COATED_OSMIUM;XIRECS;9990.0;11
3000;TAKER;;INTARIAN_PEPPER_ROOT;XIRECS;12006.0;9
3000;;TAKER;ASH_COATED_OSMIUM;XIRECS;9990.0;12
3200;;TAKER;INTARIAN_PEPPER_ROOT;XIRECS;11992.0;13
3300;TAKER;;INTARIAN_PEPPER_ROOT;XIRECS;12008.0;15
3300;TAKER;;ASH_COATED_OSMIUM;XIRECS;10014.0;7
3500;TAKER;;INTARIAN_PEPPER_ROOT;XIRECS;12008.0;9
3600;;TAKER;ASH_COATED_OSMIUM;XIRECS;9989.0;5
3900;TAKER;;ASH_COATED_OSMIUM;XIRECS;10003.0;10
4100;;TAKER;ASH_COATED_OSMIUM;XIRECS;9992.0;10
4300;TAKER;;ASH_COATED_OSMIUM;XIRECS;10006.0;6
4400;TAKER;;ASH_COATED_OSMIUM;XIRECS;10011.0;7
4500;;TAKER;INTARIAN_PEPPER_ROOT;XIRECS;11995.0;4
4600;;TAKER;INTARIAN_PEPPER_ROOT;XIRECS;11993.0;7
4800;;TAKER;INTARIAN_PEPPER_ROOT;XIRECS;11992.0;2
4800;;TAKER;ASH_COATED_OSMIUM;XIRECS;9990.0;2
5100;TAKER;;ASH_COATED_OSMIUM;XIRECS;10007.0;4
5300;;TAKER;INTARIAN_PEPPER_ROOT;XIRECS;11993.0;11
5400;TAKER;;ASH_COATED_OSMIUM;XIRECS;10009.0;11
5500;;TAKER;ASH_COATED_OSMIUM;XIRECS;9991.0;9
5600;TAKER;;INTARIAN_PEPPER_ROOT;XIRECS;12008.0;10
5700;TAKER;;INTARIAN_PEPPER_ROOT;XIRECS;12006.0;3
6200;;TAKER;INTARIAN_PEPPER_ROOT;XIRECS;11992.0;12
6200;TAKER;;ASH_COATED_OSMIUM;XIRECS;10011.0;5
6300;;TAKER;INTARIAN_PEPPER_ROOT;XIRECS;11992.0;14
6400;;TAKER;ASH_COATED_OSMIUM;XIRECS;9992.0;15
6500;TAKER;;ASH_COATED_OSMIUM;XIRECS;10010.0;5
6600;;TAKER;ASH_COATED_OSMIUM;XIRECS;9988.0;9
6700;TAKER;;INTARIAN_PEPPER_ROOT;XIRECS;12008.0;11
6700;;TAKER;ASH_COATED_OSMIUM;XIRECS;9990.0;4
6800;;TAKER;INTARIAN_PEPPER_ROOT;XIRECS;11996.0;7
7000;;TAKER;ASH_COATED_OSMIUM;XIRECS;9992.0;14
7100;;TAKER;ASH_COATED_OSMIUM;XIRECS;9987.0;11
7200;;TAKER;ASH_COATED_OSMIUM;XIRECS;9991.0;2
7400;TAKER;;ASH_COATED_OSMIUM;XIRECS;10005.0;8
7700;;TAKER;ASH_COATED_OSMIUM;XIRECS;9992.0;4
7800;;TAKER;INTARIAN_PEPPER_ROOT;XIRECS;11992.0;9
7900;;TAKER;INTARIAN_PEPPER_ROOT;XIRECS;11992.0;3
7900;TAKER;;ASH_COATED_OSMIUM;XIRECS;10008.0;12
8100;;TAKER;INTARIAN_PEPPER_ROOT;XIRECS;11994.0;10
8300;TAKER;;INTARIAN_PEPPER_ROOT;XIRECS;12006.0;6
8300;;TAKER;ASH_COATED_OSMIUM;XIRECS;9996.0;8
8400;;TAKER;INTARIAN_PEPPER_ROOT;XIRECS;11993.0;12
8500;TAKER;;ASH_COATED_OSMIUM;XIRECS;10004.0;15
8700;;TAKER;ASH_COATED_OSMIUM;XIRECS;9990.0;5
8800;;TAKER;ASH_COATED_OSMIUM;XIRECS;9992.0;7
8900;;TAKER;ASH_COATED_OSMIUM;XIRECS;9989.0;11
9000;;TAKER;INTARIAN_PEPPER_ROOT;XIRECS;11993.0;5
9100;;TAKER;ASH_COATED_OSMIUM;XIRECS;9991.0;15
9400;;TAKER;ASH_COATED_OSMIUM;XIRECS;9993.0;12
9600;TAKER;;ASH_COATED_OSMIUM;XIRECS;10006.0;2
9900;;TAKER;ASH_COATED_OSMIUM;XIRECS;9989.0;5
10000;TAKER;;ASH_COATED_OSMIUM;XIRECS;10008.0;6
10200;TAKER;;INTARIAN_PEPPER_ROOT;XIRECS;12007.0;12
10200;TAKER;;ASH_COATED_OSMIUM;XIRECS;10012.0;3
10600;;TAKER;INTARIAN_PEPPER_ROOT;XIRECS;11994.0;13
10700;;TAKER;INTARIAN_PEPPER_ROOT;XIRECS;11994.0;2
11100;;TAKER;ASH_COATED_OSMIUM;XIRECS;9992.0;10
11500;;TAKER;ASH_COATED_OSMIUM;XIRECS;9990.0;10
11700;TAKER;;INTARIAN_PEPPER_ROOT;XIRECS;12010.0;3
11700;;TAKER;ASH_COATED_OSMIUM;XIRECS;9990.0;15
11900;TAKER;;ASH_COATED_OSMIUM;XIRECS;10005.0;5
12400;TAKER;;ASH_COATED_OSMIUM;XIRECS;10012.0;6
12500;TAKER;;INTARIAN_PEPPER_ROOT;XIRECS;12006.0;5
12600;;TAKER;ASH_COATED_OSMIUM;XIRECS;9992.0;12
13000;;TAKER;INTARIAN_PEPPER_ROOT;XIRECS;11993.0;5
13000;TAKER;;ASH_COATED_OSMIUM;XIRECS;10008.0;14
13200;TAKER;;ASH_COATED_OSMIUM;XIRECS;10010.0;2
13300;TAKER;;INTARIAN_PEPPER_ROOT;XIRECS;12007.0;11
13400;;TAKER;INTARIAN_PEPPER_ROOT;XIRECS;11993.0;9
13500;TAKER;;ASH_COATED_OSMIUM;XIRECS;10011.0;15
13600;;TAKER;INTARIAN_PEPPER_ROOT;XIRECS;11996.0;5
13700;;TAKER;ASH_COATED_OSMIUM;XIRECS;9993.0;4
14100;;TAKER;INTARIAN_PEPPER_ROOT;XIRECS;11993.0;10
14300;TAKER;;ASH_COATED_OSMIUM;XIRECS;10010.0;12
14400;TAKER;;ASH_COATED_OSMIUM;XIRECS;10008.0;2
14600;;TAKER;ASH_COATED_OSMIUM;XIRECS;9992.0;14
14800;TAKER;;INTARIAN_PEPPER_ROOT;XIRECS;12007.0;9
15300;;TAKER;ASH_COATED_OSMIUM;XIRECS;9990.0;14
15400;TAKER;;INTARIAN_PEPPER_ROOT;XIRECS;12010.0;14
15900;TAKER;;INTARIAN_PEPPER_ROOT;XIRECS;12009.0;9
16000;;TAKER;ASH_COATED_OSMIUM;XIRECS;9994.0;3
16100;;TAKER;INTARIAN_PEPPER_ROOT;XIRECS;11996.0;13
16100;TAKER;;ASH_COATED_OSMIUM;XIRECS;10008.0;13
16300;TAKER;;INTARIAN_PEPPER_ROOT;XIRECS;12006.0;2
16400;;TAKER;INTARIAN_PEPPER_ROOT;XIRECS;11994.0;15
16600;;TAKER;INTARIAN_PEPPER_ROOT;XIRECS;11994.0;2
16600;TAKER;;ASH_COATED_OSMIUM;XIRECS;10011.0;10
16800;TAKER;;INTARIAN_PEPPER_ROOT;XIRECS;12008.0;7
17000;;TAKER;INTARIAN_PEPPER_ROOT;XIRECS;11994.0;15
17000;;TAKER;ASH_COATED_OSMIUM;XIRECS;9995.0;8
17400;;TAKER;INTARIAN_PEPPER_ROOT;XIRECS;11995.0;8
17600;TAKER;;ASH_COATED_OSMIUM;XIRECS;10004.0;6
17700;TAKER;;INTARIAN_PEPPER_ROOT;XIRECS;12009.0;4
17800;;TAKER;INTARIAN_PEPPER_ROOT;XIRECS;11993.0;6
18200;TAKER;;ASH_COATED_OSMIUM;XIRECS;10007.0;9
18300;TAKER;;INTARIAN_PEPPER_ROOT;XIRECS;12011.0;4
18400;;TAKER;ASH_COATED_OSMIUM;XIRECS;9993.0;10
18700;TAKER;;INTARIAN_PEPPER_ROOT;XIRECS;12005.0;10
18800;TAKER;;ASH_COATED_OSMIUM;XIRECS;10007.0;11
18900;TAKER;;INTARIAN_PEPPER_ROOT;XIRECS;12006.0;15
19100;;TAKER;INTARIAN_PEPPER_ROOT;XIRECS;11995.0;3
19200;;TAKER;ASH_COATED_OSMIUM;XIRECS;9991.0;12
19400;;TAKER;INTARIAN_PEPPER_ROOT;XIRECS;11994.0;6
20000;TAKER;;INTARIAN_PEPPER_ROOT;XIRECS;12008.0;5
20200;;TAKER;ASH_COATED_OSMIUM;XIRECS;9993.0;9
20300;TAKER;;INTARIAN_PEPPER_ROOT;XIRECS;12007.0;5
20300;;TAKER;ASH_COATED_OSMIUM;XIRECS;9995.0;13
20700;;TAKER;ASH_COATED_OSMIUM;XIRECS;9989.0;10
21000;TAKER;;ASH_COATED_OSMIUM;XIRECS;10006.0;12
21200;TAKER;;INTARIAN_PEPPER_ROOT;XIRECS;12007.0;4
21500;;TAKER;INTARIAN_PEPPER_ROOT;XIRECS;11997.0;4
21600;;TAKER;INTARIAN_PEPPER_ROOT;XIRECS;11995.0;7
21700;TAKER;;INTARIAN_PEPPER_ROOT;XIRECS;12011.0;10
22000;;TAKER;ASH_COATED_OSMIUM;XIRECS;9991.0;7
22200;TAKER;;ASH_COATED_OSMIUM;XIRECS;10010.0;5
22300;;TAKER;INTARIAN_PEPPER_ROOT;XIRECS;11995.0;6
22300;;TAKER;ASH_COATED_OSMIUM;XIRECS;9990.0;11
22400;TAKER;;INTARIAN_PEPPER_ROOT;XIRECS;12008.0;4
22400;;TAKER;ASH_COATED_OSMIUM;XIRECS;9989.0;6
22600;;TAKER;INTARIAN_PEPPER_ROOT;XIRECS;11995.0;5
22600;TAKER;;ASH_COATED_OSMIUM;XIRECS;10011.0;2
22700;TAKER;;INTARIAN_PEPPER_ROOT;XIRECS;12010.0;4
23000;;TAKER;INTARIAN_PEPPER_ROOT;XIRECS;11994.0;2
23000;;TAKER;ASH_COATED_OSMIUM;XIRECS;9994.0;9
23100;;TAKER;INTARIAN_PEPPER_ROOT;XIRECS;11996.0;12
23300;;TAKER;INTARIAN_PEPPER_ROOT;XIRECS;11993.0;9
23500;TAKER;;ASH_COATED_OSMIUM;XIRECS;10009.0;3
23600;TAKER;;ASH_COATED_OSMIUM;XIRECS;10008.0;6
23900;TAKER;;ASH_COATED_OSMIUM;XIRECS;10010.0;6
24000;;TAKER;ASH_COATED_OSMIUM;XIRECS;9989.0;10
24200;;TAKER;ASH_COATED_OSMIUM;XIRECS;9990.0;9
24500;;TAKER;ASH_COATED_OSMIUM;XIRECS;9991.0;12
24900;TAKER;;ASH_COATED_OSMIUM;XIRECS;10006.0;12
25000;TAKER;;INTARIAN_PEPPER_ROOT;XIRECS;12008.0;8
25200;TAKER;;ASH_COATED_OSMIUM;XIRECS;10009.0;4
25300;TAKER;;INTARIAN_PEPPER_ROOT;XIRECS;12008.0;2
25500;TAKER;;ASH_COATED_OSMIUM;XIRECS;10010.0;2
26000;;TAKER;ASH_COATED_OSMIUM;XIRECS;9991.0;13
26300;TAKER;;ASH_COATED_OSMIUM;XIRECS;10009.0;7
27100;TAKER;;INTARIAN_PEPPER_ROOT;XIRECS;12010.0;8
27500;TAKER;;INTARIAN_PEPPER_ROOT;XIRECS;12010.0;13
27600;;TAKER;ASH_COATED_OSMIUM;XIRECS;9990.0;6
27800;TAKER;;INTARIAN_PEPPER_ROOT;XIRECS;12008.0;7
28100;TAKER;;INTARIAN_PEPPER_ROOT;XIRECS;12010.0;7
28600;TAKER;;INTARIAN_PEPPER_ROOT;XIRECS;12008.0;14
28700;TAKER;;ASH_COATED_OSMIUM;XIRECS;10010.0;4
28800;TAKER;;INTARIAN_PEPPER_ROOT;XIRECS;12011.0;4
28900;TAKER;;INTARIAN_PEPPER_ROOT;XIRECS;12009.0;9
29000;;TAKER;ASH_COATED_OSMIUM;XIRECS;9986.0;12
29100;;TAKER;INTARIAN_PEPPER_ROOT;XIRECS;11997.0;2
29300;;TAKER;ASH_COATED_OSMIUM;XIRECS;9992.0;4
29400;;TAKER;ASH_COATED_OSMIUM;XIRECS;9987.0;4
29500;TAKER;;INTARIAN_PEPPER_ROOT;XIRECS;12009.0;12
29500;TAKER;;ASH_COATED_OSMIUM;XIRECS;10007.0;11
29700;TAKER;;INTARIAN_PEPPER_ROOT;XIRECS;12008.0;8
29900;TAKER;;INTARIAN_PEPPER_ROOT;XIRECS;12009.0;14
29900;;TAKER;ASH_COATED_OSMIUM;XIRECS;9993.0;11
30000;TAKER;;ASH_COATED_OSMIUM;XIRECS;10010.0;5
30100;TAKER;;ASH_COATED_OSMIUM;XIRECS;10005.0;15
30200;TAKER;;INTARIAN_PEPPER_ROOT;XIRECS;12008.0;9
30200;TAKER;;ASH_COATED_OSMIUM;XIRECS;10007.0;7
30700;TAKER;;ASH_COATED_OSMIUM;XIRECS;10011.0;13
30800;;TAKER;INTARIAN_PEPPER_ROOT;XIRECS;11996.0;4
30900;TAKER;;INTARIAN_PEPPER_ROOT;XIRECS;12009.0;10
31100;;TAKER;INTARIAN_PEPPER_ROOT;XIRECS;11997.0;9
31200;;TAKER;INTARIAN_PEPPER_ROOT;XIRECS;11994.0;9
31200;;TAKER;ASH_COATED_OSMIUM;XIRECS;9987.0;11
31400;;TAKER;INTARIAN_PEPPER_ROOT;XIRECS;11995.0;7
31400;;TAKER;ASH_COATED_OSMIUM;XIRECS;9987.0;2
31500;TAKER;;INTARIAN_PEPPER_ROOT;XIRECS;12012.0;3
31600;;TAKER;ASH_COATED_OSMIUM;XIRECS;9989.0;6
31700;;TAKER;INTARIAN_PEPPER_ROOT;XIRECS;11997.0;4
31800;;TAKER;ASH_COATED_OSMIUM;XIRECS;9992.0;12
32300;TAKER;;INTARIAN_PEPPER_ROOT;XIRECS;12009.0;12
32400;;TAKER;INTARIAN_PEPPER_ROOT;XIRECS;11997.0;14
32400;TAKER;;ASH_COATED_OSMIUM;XIRECS;10013.0;7
32600;TAKER;;INTARIAN_PEPPER_ROOT;XIRECS;12011.0;5
32900;;TAKER;INTARIAN_PEPPER_ROOT;XIRECS;11994.0;9
33000;TAKER;;INTARIAN_PEPPER_ROOT;XIRECS;12010.0;9
33200;TAKER;;INTARIAN_PEPPER_ROOT;XIRECS;12007.0;11
33300;;TAKER;ASH_COATED_OSMIUM;XIRECS;9994.0;12
33500;TAKER;;INTARIAN_PEPPER_ROOT;XIRECS;12009.0;3
33500;;TAKER;ASH_COATED_OSMIUM;XIRECS;9992.0;8
34100;TAKER;;ASH_COATED_OSMIUM;XIRECS;10007.0;5
34200;;TAKER;ASH_COATED_OSMIUM;XIRECS;9991.0;13
34300;;TAKER;INTARIAN_PEPPER_ROOT;XIRECS;11996.0;10
34300;TAKER;;ASH_COATED_OSMIUM;XIRECS;10012.0;13
34400;TAKER;;ASH_COATED_OSMIUM;XIRECS;10007.0;3
34500;;TAKER;ASH_COATED_OSMIUM;XIRECS;9988.0;10
34800;;TAKER;ASH_COATED_OSMIUM;XIRECS;9989.0;10
35200;;TAKER;INTARIAN_PEPPER_ROOT;XIRECS;11997.0;2
35800;;TAKER;ASH_COATED_OSMIUM;XIRECS;9993.0;4
35900;TAKER;;INTARIAN_PEPPER_ROOT;XIRECS;12007.0;3
36200;TAKER;;INTARIAN_PEPPER_ROOT;XIRECS;12011.0;9
36800;;TAKER;INTARIAN_PEPPER_ROOT;XIRECS;11996.0;4
37200;TAKER;;INTARIAN_PEPPER_ROOT;XIRECS;12011.0;10
37300;TAKER;;INTARIAN_PEPPER_ROOT;XIRECS;12011.0;8
37400;;TAKER;ASH_COATED_OSMIUM;XIRECS;9991.0;4
37500;;TAKER;INTARIAN_PEPPER_ROOT;XIRECS;11995.0;12
37600;;TAKER;INTARIAN_PEPPER_ROOT;XIRECS;11996.0;2
37800;TAKER;;ASH_COATED_OSMIUM;XIRECS;10009.0;4
38200;TAKER;;ASH_COATED_OSMIUM;XIRECS;10008.0;9
38500;;TAKER;INTARIAN_PEPPER_ROOT;XIRECS;11995.0;2
38500;;TAKER;ASH_COATED_OSMIUM;XIRECS;9993.0;8
38800;TAKER;;INTARIAN_PEPPER_ROOT;XIRECS;12008.0;5
38800;;TAKER;ASH_COATED_OSMIUM;XIRECS;9991.0;9
39400;TAKER;;ASH_COATED_OSMIUM;XIRECS;10010.0;9
39500;TAKER;;ASH_COATED_OSMIUM;XIRECS;10009.0;14
39700;TAKER;;INTARIAN_PEPPER_ROOT;XIRECS;12010.0;5
39800;;TAKER;INTARIAN_PEPPER_ROOT;XIRECS;11999.0;15
39800;TAKER;;ASH_COATED_OSMIUM;XIRECS;10009.0;7
40100;TAKER;;ASH_COATED_OSMIUM;XIRECS;10008.0;14
40200;TAKER;;ASH_COATED_OSMIUM;XIRECS;10007.0;7
40300;TAKER;;ASH_COATED_OSMIUM;XIRECS;10012.0;4
40500;;TAKER;INTARIAN_PEPPER_ROOT;XIRECS;11997.0;10
40700;TAKER;;ASH_COATED_OSMIUM;XIRECS;10008.0;9
40800;;TAKER;ASH_COATED_OSMIUM;XIRECS;9989.0;15
40900;;TAKER;ASH_COATED_OSMIUM;XIRECS;9990.0;12
41000;TAKER;;ASH_COATED_OSMIUM;XIRECS;10006.0;15
41200;TAKER;;INTARIAN_PEPPER_ROOT;XIRECS;12010.0;12
41200;;TAKER;ASH_COATED_OSMIUM;XIRECS;9990.0;3
41400;;TAKER;ASH_COATED_OSMIUM;XIRECS;9990.0;9
41500;TAKER;;INTARIAN_PEPPER_ROOT;XIRECS;12012.0;14
41800;TAKER;;ASH_COATED_OSMIUM;XIRECS;10007.0;8
41900;TAKER;;INTARIAN_PEPPER_ROOT;XIRECS;12013.0;5
41900;;TAKER;ASH_COATED_OSMIUM;XIRECS;9991.0;5
42500;;TAKER;ASH_COATED_OSMIUM;XIRECS;9990.0;9
42600;;TAKER;INTARIAN_PEPPER_ROOT;XIRECS;11998.0;7
42700;;TAKER;INTARIAN_PEPPER_ROOT;XIRECS;11997.0;10
42900;;TAKER;INTARIAN_PEPPER_ROOT;XIRECS;11999.0;4
43000;TAKER;;ASH_COATED_OSMIUM;XIRECS;10010.0;11
43200;;TAKER;INTARIAN_PEPPER_ROOT;XIRECS;11995.0;13
43300;;TAKER;INTARIAN_PEPPER_ROOT;XIRECS;11996.0;7
43300;TAKER;;ASH_COATED_OSMIUM;XIRECS;10011.0;11
43500;TAKER;;ASH_COATED_OSMIUM;XIRECS;10010.0;15
43800;TAKER;;INTARIAN_PEPPER_ROOT;XIRECS;12010.0;15
43900;;TAKER;ASH_COATED_OSMIUM;XIRECS;9990.0;9
44000;TAKER;;INTARIAN_PEPPER_ROOT;XIRECS;12009.0;2
44400;TAKER;;INTARIAN_PEPPER_ROOT;XIRECS;12011.0;15
44700;;TAKER;INTARIAN_PEPPER_ROOT;XIRECS;11996.0;4
44900;TAKER;;INTARIAN_PEPPER_ROOT;XIRECS;12012.0;11
45000;;TAKER;ASH_COATED_OSMIUM;XIRECS;9990.0;9
45100;;TAKER;INTARIAN_PEPPER_ROOT;XIRECS;11998.0;10
45200;TAKER;;INTARIAN_PEPPER_ROOT;XIRECS;12012.0;5
45400;;TAKER;ASH_COATED_OSMIUM;XIRECS;9993.0;14
45600;;TAKER;ASH_COATED_OSMIUM;XIRECS;9987.0;6
45900;;TAKER;INTARIAN_PEPPER_ROOT;XIRECS;11997.0;14
46000;TAKER;;INTARIAN_PEPPER_ROOT;XIRECS;12011.0;4
46000;;TAKER;ASH_COATED_OSMIUM;XIRECS;9988.0;13
46300;TAKER;;ASH_COATED_OSMIUM;XIRECS;10005.0;4
46900;TAKER;;INTARIAN_PEPPER_ROOT;XIRECS;12012.0;11
46900;;TAKER;ASH_COATED_OSMIUM;XIRECS;9989.0;10
47100;TAKER;;ASH_COATED_OSMIUM;XIRECS;10009.0;2
47200;;TAKER;INTARIAN_PEPPER_ROOT;XIRECS;11998.0;9
47400;;TAKER;ASH_COATED_OSMIUM;XIRECS;9991.0;3
47500;;TAKER;INTARIAN_PEPPER_ROOT;XIRECS;11995.0;12
47600;;TAKER;ASH_COATED_OSMIUM;XIRECS;9992.0;4
47700;TAKER;;INTARIAN_PEPPER_ROOT;XIRECS;12011.0;13
47700;;TAKER;ASH_COATED_OSMIUM;XIRECS;9992.0;15
47800;TAKER;;ASH_COATED_OSMIUM;XIRECS;10009.0;5
48200;TAKER;;INTARIAN_PEPPER_ROOT;XIRECS;12010.0;3
48600;TAKER;;ASH_COATED_OSMIUM;XIRECS;10009.0;10
48800;;TAKER;INTARIAN_PEPPER_ROOT;XIRECS;11997.0;2
48900;TAKER;;INTARIAN_PEPPER_ROOT;XIRECS;12011.0;3
48900;TAKER;;ASH_COATED_OSMIUM;XIRECS;10008.0;6
49000;;TAKER;INTARIAN_PEPPER_ROOT;XIRECS;11998.0;7
49200;;TAKER;ASH_COATED_OSMIUM;XIRECS;9989.0;12
49300;TAKER;;INTARIAN_PEPPER_ROOT;XIRECS;12011.0;7
49500;;TAKER;ASH_COATED_OSMIUM;XIRECS;9990.0;6
49600;;TAKER;ASH_COATED_OSMIUM;XIRECS;9991.0;5
49900;TAKER;;ASH_COATED_OSMIUM;XIRECS;10007.0;10
50000;;TAKER;INTARIAN_PEPPER_ROOT;XIRECS;11997.0;13
50100;TAKER;;INTARIAN_PEPPER_ROOT;XIRECS;12012.0;6
50200;;TAKER;INTARIAN_PEPPER_ROOT;XIRECS;11997.0;7
50200;TAKER;;ASH_COATED_OSMIUM;XIRECS;10010.0;15
50300;;TAKER;INTARIAN_PEPPER_ROOT;XIRECS;11994.0;10
50300;;TAKER;ASH_COATED_OSMIUM;XIRECS;9994.0;3
50400;;TAKER;INTARIAN_PEPPER_ROOT;XIRECS;12000.0;13
50500;;TAKER;INTARIAN_PEPPER_ROOT;XIRECS;11997.0;11
50600;;TAKER;ASH_COATED_OSMIUM;XIRECS;9988.0;3
50700;TAKER;;ASH_COATED_OSMIUM;XIRECS;10008.0;8
50800;TAKER;;INTARIAN_PEPPER_ROOT;XIRECS;12011.0;4
50800;TAKER;;ASH_COATED_OSMIUM;XIRECS;10009.0;2
50900;;TAKER;INTARIAN_PEPPER_ROOT;XIRECS;11996.0;14
51000;;TAKER;INTARIAN_PEPPER_ROOT;XIRECS;11997.0;6
51100;TAKER;;INTARIAN_PEPPER_ROOT;XIRECS;12010.0;9
51100;TAKER;;ASH_COATED_OSMIUM;XIRECS;10007.0;7
51200;;TAKER;INTARIAN_PEPPER_ROOT;XIRECS;11998.0;8
51200;;TAKER;ASH_COATED_OSMIUM;XIRECS;9992.0;7
51400;TAKER;;ASH_COATED_OSMIUM;XIRECS;10011.0;10
51500;;TAKER;INTARIAN_PEPPER_ROOT;XIRECS;11999.0;2
51600;;TAKER;ASH_COATED_OSMIUM;XIRECS;9995.0;5
51700;TAKER;;ASH_COATED_OSMIUM;XIRECS;10009.0;13
51800;TAKER;;INTARIAN_PEPPER_ROOT;XIRECS;12012.0;13
52000;TAKER;;ASH_COATED_OSMIUM;XIRECS;10006.0;3
52200;TAKER;;ASH_COATED_OSMIUM;XIRECS;10008.0;12
52300;;TAKER;INTARIAN_PEPPER_ROOT;XIRECS;11997.0;4
52800;;TAKER;INTARIAN_PEPPER_ROOT;XIRECS;11996.0;11
52800;TAKER;;ASH_COATED_OSMIUM;XIRECS;10007.0;5
52900;TAKER;;INTARIAN_PEPPER_ROOT;XIRECS;12012.0;6
53000;TAKER;;INTARIAN_PEPPER_ROOT;XIRECS;12014.0;10
53200;;TAKER;INTARIAN_PEPPER_ROOT;XIRECS;11997.0;3
53200;TAKER;;ASH_COATED_OSMIUM;XIRECS;10011.0;8
53600;TAKER;;INTARIAN_PEPPER_ROOT;XIRECS;12012.0;15
53700;;TAKER;ASH_COATED_OSMIUM;XIRECS;9991.0;11
53800;;TAKER;ASH_COATED_OSMIUM;XIRECS;9992.0;2
53900;TAKER;;ASH_COATED_OSMIUM;XIRECS;10006.0;5
54000;TAKER;;INTARIAN_PEPPER_ROOT;XIRECS;12012.0;7
54300;;TAKER;INTARIAN_PEPPER_ROOT;XIRECS;12001.0;4
54300;;TAKER;ASH_COATED_OSMIUM;XIRECS;9990.0;10
54400;TAKER;;INTARIAN_PEPPER_ROOT;XIRECS;12013.0;2
55000;;TAKER;ASH_COATED_OSMIUM;XIRECS;9990.0;5
55400;TAKER;;INTARIAN_PEPPER_ROOT;XIRECS;12012.0;15
55400;;TAKER;ASH_COATED_OSMIUM;XIRECS;9990.0;6
55500;;TAKER;INTARIAN_PEPPER_ROOT;XIRECS;11999.0;4
55500;TAKER;;ASH_COATED_OSMIUM;XIRECS;10007.0;13
55600;TAKER;;INTARIAN_PEPPER_ROOT;XIRECS;12012.0;8
55600;TAKER;;ASH_COATED_OSMIUM;XIRECS;10010.0;5
56000;;TAKER;INTARIAN_PEPPER_ROOT;XIRECS;12001.0;9
56500;;TAKER;INTARIAN_PEPPER_ROOT;XIRECS;12001.0;11
56800;TAKER;;ASH_COATED_OSMIUM;XIRECS;10006.0;6
57000;TAKER;;INTARIAN_PEPPER_ROOT;XIRECS;12013.0;8
57100;;TAKER;INTARIAN_PEPPER_ROOT;XIRECS;11998.0;7
57300;;TAKER;ASH_COATED_OSMIUM;XIRECS;9991.0;4
57400;;TAKER;INTARIAN_PEPPER_ROOT;XIRECS;12000.0;7
57500;;TAKER;ASH_COATED_OSMIUM;XIRECS;9993.0;4
57700;;TAKER;ASH_COATED_OSMIUM;XIRECS;9988.0;6
57800;TAKER;;INTARIAN_PEPPER_ROOT;XIRECS;12011.0;6
57900;TAKER;;ASH_COATED_OSMIUM;XIRECS;10007.0;8
58000;TAKER;;INTARIAN_PEPPER_ROOT;XIRECS;12012.0;3
58100;;TAKER;INTARIAN_PEPPER_ROOT;XIRECS;11998.0;6
58300;;TAKER;ASH_COATED_OSMIUM;XIRECS;9996.0;6
58500;;TAKER;INTARIAN_PEPPER_ROOT;XIRECS;11999.0;7
58600;TAKER;;INTARIAN_PEPPER_ROOT;XIRECS;12013.0;7
58700;;TAKER;INTARIAN_PEPPER_ROOT;XIRECS;11998.0;11
58700;;TAKER;ASH_COATED_OSMIUM;XIRECS;9992.0;8
58800;;TAKER;INTARIAN_PEPPER_ROOT;XIRECS;11997.0;7
58800;TAKER;;ASH_COATED_OSMIUM;XIRECS;10011.0;10
58900;TAKER;;INTARIAN_PEPPER_ROOT;XIRECS;12011.0;14
59000;TAKER;;INTARIAN_PEPPER_ROOT;XIRECS;12013.0;12
59100;;TAKER;INTARIAN_PEPPER_ROOT;XIRECS;12000.0;9
59100;TAKER;;ASH_COATED_OSMIUM;XIRECS;10010.0;15
59200;TAKER;;INTARIAN_PEPPER_ROOT;XIRECS;12011.0;6
59400;;TAKER;INTARIAN_PEPPER_ROOT;XIRECS;11999.0;11
59700;;TAKER;ASH_COATED_OSMIUM;XIRECS;9986.0;10
60200;TAKER;;INTARIAN_PEPPER_ROOT;XIRECS;12013.0;3
60300;TAKER;;INTARIAN_PEPPER_ROOT;XIRECS;12011.0;3
60400;TAKER;;ASH_COATED_OSMIUM;XIRECS;10008.0;8
60600;;TAKER;INTARIAN_PEPPER_ROOT;XIRECS;12000.0;5
60600;TAKER;;ASH_COATED_OSMIUM;XIRECS;10006.0;9
60700;;TAKER;INTARIAN_PEPPER_ROOT;XIRECS;11999.0;2
60800;TAKER;;INTARIAN_PEPPER_ROOT;XIRECS;12012.0;4
60800;TAKER;;ASH_COATED_OSMIUM;XIRECS;10008.0;9
61000;;TAKER;ASH_COATED_OSMIUM;XIRECS;9990.0;3
61600;;TAKER;ASH_COATED_OSMIUM;XIRECS;9993.0;7
61700;;TAKER;INTARIAN_PEPPER_ROOT;XIRECS;11999.0;12
61900;TAKER;;ASH_COATED_OSMIUM;XIRECS;10008.0;4
62000;TAKER;;ASH_COATED_OSMIUM;XIRECS;10007.0;9
62200;;TAKER;INTARIAN_PEPPER_ROOT;XIRECS;11998.0;4
62200;TAKER;;ASH_COATED_OSMIUM;XIRECS;10008.0;2
62300;;TAKER;ASH_COATED_OSMIUM;XIRECS;9992.0;2
62400;TAKER;;INTARIAN_PEPPER_ROOT;XIRECS;12013.0;8
62600;TAKER;;INTARIAN_PEPPER_ROOT;XIRECS;12015.0;4
62700;TAKER;;INTARIAN_PEPPER_ROOT;XIRECS;12013.0;6
62900;;TAKER;INTARIAN_PEPPER_ROOT;XIRECS;12000.0;3
63200;TAKER;;ASH_COATED_OSMIUM;XIRECS;10006.0;15
63600;TAKER;;INTARIAN_PEPPER_ROOT;XIRECS;12014.0;2
63800;TAKER;;ASH_COATED_OSMIUM;XIRECS;10005.0;12
64000;TAKER;;ASH_COATED_OSMIUM;XIRECS;10010.0;10
64300;TAKER;;INTARIAN_PEPPER_ROOT;XIRECS;12012.0;15
64400;TAKER;;ASH_COATED_OSMIUM;XIRECS;10004.0;15
65400;TAKER;;ASH_COATED_OSMIUM;XIRECS;10007.0;13
65600;TAKER;;INTARIAN_PEPPER_ROOT;XIRECS;12013.0;4
65700;TAKER;;INTARIAN_PEPPER_ROOT;XIRECS;12013.0;7
66200;TAKER;;INTARIAN_PEPPER_ROOT;XIRECS;12012.0;2
66500;TAKER;;INTARIAN_PEPPER_ROOT;XIRECS;12014.0;5
66600;TAKER;;INTARIAN_PEPPER_ROOT;XIRECS;12014.0;7
66700;;TAKER;INTARIAN_PEPPER_ROOT;XIRECS;11999.0;9
66800;TAKER;;INTARIAN_PEPPER_ROOT;XIRECS;12012.0;15
67100;;TAKER;ASH_COATED_OSMIUM;XIRECS;9991.0;14
67300;;TAKER;ASH_COATED_OSMIUM;XIRECS;9992.0;15
67500;TAKER;;INTARIAN_PEPPER_ROOT;XIRECS;12012.0;2
67600;TAKER;;ASH_COATED_OSMIUM;XIRECS;10009.0;2
67800;TAKER;;INTARIAN_PEPPER_ROOT;XIRECS;12013.0;15
67900;TAKER;;INTARIAN_PEPPER_ROOT;XIRECS;12012.0;5
68000;TAKER;;ASH_COATED_OSMIUM;XIRECS;10007.0;15
68700;TAKER;;INTARIAN_PEPPER_ROOT;XIRECS;12013.0;8
68700;TAKER;;ASH_COATED_OSMIUM;XIRECS;10007.0;5
68800;;TAKER;INTARIAN_PEPPER_ROOT;XIRECS;11998.0;10
68900;;TAKER;ASH_COATED_OSMIUM;XIRECS;9990.0;9
69000;;TAKER;ASH_COATED_OSMIUM;XIRECS;9991.0;6
69100;;TAKER;INTARIAN_PEPPER_ROOT;XIRECS;12000.0;8
69100;;TAKER;ASH_COATED_OSMIUM;XIRECS;9992.0;5
69400;TAKER;;INTARIAN_PEPPER_ROOT;XIRECS;12014.0;12
69800;;TAKER;INTARIAN_PEPPER_ROOT;XIRECS;12000.0;15
69800;TAKER;;ASH_COATED_OSMIUM;XIRECS;10006.0;10
69900;;TAKER;INTARIAN_PEPPER_ROOT;XIRECS;12002.0;4
69900;;TAKER;ASH_COATED_OSMIUM;XIRECS;9993.0;4
70200;TAKER;;INTARIAN_PEPPER_ROOT;XIRECS;12014.0;9
70200;TAKER;;ASH_COATED_OSMIUM;XIRECS;10005.0;10
70400;TAKER;;INTARIAN_PEPPER_ROOT;XIRECS;12013.0;7
70500;;TAKER;INTARIAN_PEPPER_ROOT;XIRECS;12000.0;10
70600;;TAKER;ASH_COATED_OSMIUM;XIRECS;9994.0;10
70800;;TAKER;INTARIAN_PEPPER_ROOT;XIRECS;12000.0;10
70800;TAKER;;ASH_COATED_OSMIUM;XIRECS;10006.0;14
70900;;TAKER;INTARIAN_PEPPER_ROOT;XIRECS;11998.0;2
71100;TAKER;;INTARIAN_PEPPER_ROOT;XIRECS;12016.0;10
71200;;TAKER;INTARIAN_PEPPER_ROOT;XIRECS;12000.0;8
71300;TAKER;;INTARIAN_PEPPER_ROOT;XIRECS;12013.0;14
71300;TAKER;;ASH_COATED_OSMIUM;XIRECS;10011.0;15
71400;TAKER;;INTARIAN_PEPPER_ROOT;XIRECS;12015.0;9
71600;TAKER;;INTARIAN_PEPPER_ROOT;XIRECS;12013.0;8
71700;TAKER;;ASH_COATED_OSMIUM;XIRECS;10013.0;14
71900;;TAKER;INTARIAN_PEPPER_ROOT;XIRECS;11997.0;2
71900;TAKER;;ASH_COATED_OSMIUM;XIRECS;10009.0;11
72300;;TAKER;INTARIAN_PEPPER_ROOT;XIRECS;12000.0;11
72300;TAKER;;ASH_COATED_OSMIUM;XIRECS;10007.0;7
72500;TAKER;;ASH_COATED_OSMIUM;XIRECS;10008.0;2
72700;;TAKER;ASH_COATED_OSMIUM;XIRECS;9984.0;11
73000;TAKER;;INTARIAN_PEPPER_ROOT;XIRECS;12014.0;11
73200;;TAKER;INTARIAN_PEPPER_ROOT;XIRECS;12000.0;14
73400;TAKER;;INTARIAN_PEPPER_ROOT;XIRECS;12013.0;13
73400;;TAKER;ASH_COATED_OSMIUM;XIRECS;9995.0;3
73700;TAKER;;INTARIAN_PEPPER_ROOT;XIRECS;12016.0;13
73900;TAKER;;INTARIAN_PEPPER_ROOT;XIRECS;12014.0;9
74200;;TAKER;INTARIAN_PEPPER_ROOT;XIRECS;11998.0;14
74200;TAKER;;ASH_COATED_OSMIUM;XIRECS;10007.0;9
74600;TAKER;;ASH_COATED_OSMIUM;XIRECS;10011.0;5
74800;TAKER;;ASH_COATED_OSMIUM;XIRECS;10011.0;10
75100;;TAKER;INTARIAN_PEPPER_ROOT;XIRECS;12000.0;10
75300;;TAKER;ASH_COATED_OSMIUM;XIRECS;9987.0;15
75400;;TAKER;INTARIAN_PEPPER_ROOT;XIRECS;11999.0;15
75400;TAKER;;ASH_COATED_OSMIUM;XIRECS;10009.0;6
75500;;TAKER;INTARIAN_PEPPER_ROOT;XIRECS;11998.0;4
75600;;TAKER;INTARIAN_PEPPER_ROOT;XIRECS;12000.0;14
76200;TAKER;;INTARIAN_PEPPER_ROOT;XIRECS;12015.0;2
76300;TAKER;;INTARIAN_PEPPER_ROOT;XIRECS;12014.0;6
76300;TAKER;;ASH_COATED_OSMIUM;XIRECS;10010.0;13
76400;;TAKER;INTARIAN_PEPPER_ROOT;XIRECS;12000.0;14
76400;TAKER;;ASH_COATED_OSMIUM;XIRECS;10008.0;11
76700;;TAKER;INTARIAN_PEPPER_ROOT;XIRECS;12000.0;6
76800;;TAKER;INTARIAN_PEPPER_ROOT;XIRECS;12002.0;10
76800;TAKER;;ASH_COATED_OSMIUM;XIRECS;10009.0;4
77300;;TAKER;INTARIAN_PEPPER_ROOT;XIRECS;12001.0;6
77300;;TAKER;ASH_COATED_OSMIUM;XIRECS;9991.0;12
77600;;TAKER;INTARIAN_PEPPER_ROOT;XIRECS;12001.0;10
77800;;TAKER;ASH_COATED_OSMIUM;XIRECS;9990.0;13
78000;TAKER;;INTARIAN_PEPPER_ROOT;XIRECS;12017.0;3
78100;;TAKER;INTARIAN_PEPPER_ROOT;XIRECS;12001.0;13
78100;TAKER;;ASH_COATED_OSMIUM;XIRECS;10010.0;9
78200;;TAKER;INTARIAN_PEPPER_ROOT;XIRECS;12001.0;14
78400;TAKER;;INTARIAN_PEPPER_ROOT;XIRECS;12016.0;15
78600;;TAKER;INTARIAN_PEPPER_ROOT;XIRECS;12000.0;15
78700;TAKER;;INTARIAN_PEPPER_ROOT;XIRECS;12015.0;7
78900;TAKER;;INTARIAN_PEPPER_ROOT;XIRECS;12014.0;13
79100;TAKER;;INTARIAN_PEPPER_ROOT;XIRECS;12014.0;7
79100;;TAKER;ASH_COATED_OSMIUM;XIRECS;9990.0;3
79200;;TAKER;ASH_COATED_OSMIUM;XIRECS;9989.0;14
79300;;TAKER;ASH_COATED_OSMIUM;XIRECS;9990.0;7
79400;TAKER;;INTARIAN_PEPPER_ROOT;XIRECS;12014.0;4
79500;TAKER;;INTARIAN_PEPPER_ROOT;XIRECS;12015.0;14
79600;TAKER;;INTARIAN_PEPPER_ROOT;XIRECS;12017.0;10
79700;;TAKER;INTARIAN_PEPPER_ROOT;XIRECS;12003.0;6
79800;;TAKER;INTARIAN_PEPPER_ROOT;XIRECS;12001.0;15
79800;TAKER;;ASH_COATED_OSMIUM;XIRECS;10003.0;6
80000;;TAKER;INTARIAN_PEPPER_ROOT;XIRECS;12000.0;2
80200;TAKER;;INTARIAN_PEPPER_ROOT;XIRECS;12015.0;8
80200;;TAKER;ASH_COATED_OSMIUM;XIRECS;9989.0;5
80300;TAKER;;INTARIAN_PEPPER_ROOT;XIRECS;12015.0;8
80400;TAKER;;INTARIAN_PEPPER_ROOT;XIRECS;12014.0;10
80500;;TAKER;INTARIAN_PEPPER_ROOT;XIRECS;12000.0;5
80700;;TAKER;INTARIAN_PEPPER_ROOT;XIRECS;12001.0;5
80900;;TAKER;ASH_COATED_OSMIUM;XIRECS;9987.0;6
81200;;TAKER;INTARIAN_PEPPER_ROOT;XIRECS;12002.0;7
81200;TAKER;;ASH_COATED_OSMIUM;XIRECS;10009.0;12
81300;;TAKER;ASH_COATED_OSMIUM;XIRECS;9991.0;5
81400;;TAKER;ASH_COATED_OSMIUM;XIRECS;9992.0;9
81600;TAKER;;INTARIAN_PEPPER_ROOT;XIRECS;12015.0;2
81700;TAKER;;ASH_COATED_OSMIUM;XIRECS;10010.0;15
81800;;TAKER;INTARIAN_PEPPER_ROOT;XIRECS;12002.0;13
81800;TAKER;;ASH_COATED_OSMIUM;XIRECS;10012.0;13
82000;TAKER;;INTARIAN_PEPPER_ROOT;XIRECS;12015.0;2
82000;TAKER;;ASH_COATED_OSMIUM;XIRECS;10008.0;3
82100;TAKER;;ASH_COATED_OSMIUM;XIRECS;10011.0;5
82200;;TAKER;INTARIAN_PEPPER_ROOT;XIRECS;12002.0;3
82300;;TAKER;ASH_COATED_OSMIUM;XIRECS;9988.0;3
82400;;TAKER;ASH_COATED_OSMIUM;XIRECS;9991.0;5
82500;TAKER;;ASH_COATED_OSMIUM;XIRECS;10009.0;4
82900;TAKER;;INTARIAN_PEPPER_ROOT;XIRECS;12013.0;15
83000;TAKER;;INTARIAN_PEPPER_ROOT;XIRECS;12015.0;4
83000;;TAKER;ASH_COATED_OSMIUM;XIRECS;9991.0;5
83100;TAKER;;INTARIAN_PEPPER_ROOT;XIRECS;12015.0;5
83500;;TAKER;ASH_COATED_OSMIUM;XIRECS;9989.0;8
83700;TAKER;;INTARIAN_PEPPER_ROOT;XIRECS;12016.0;5
83700;;TAKER;ASH_COATED_OSMIUM;XIRECS;9990.0;13
84200;;TAKER;INTARIAN_PEPPER_ROOT;XIRECS;12002.0;15
84500;TAKER;;ASH_COATED_OSMIUM;XIRECS;10010.0;2
84600;;TAKER;ASH_COATED_OSMIUM;XIRECS;9992.0;3
85000;TAKER;;ASH_COATED_OSMIUM;XIRECS;10006.0;5
85100;TAKER;;INTARIAN_PEPPER_ROOT;XIRECS;12015.0;6
85100;TAKER;;ASH_COATED_OSMIUM;XIRECS;10007.0;6
85300;;TAKER;INTARIAN_PEPPER_ROOT;XIRECS;12002.0;15
85300;TAKER;;ASH_COATED_OSMIUM;XIRECS;10006.0;8
85800;;TAKER;INTARIAN_PEPPER_ROOT;XIRECS;12002.0;15
86000;;TAKER;INTARIAN_PEPPER_ROOT;XIRECS;12000.0;4
86400;;TAKER;ASH_COATED_OSMIUM;XIRECS;9994.0;11
86500;;TAKER;INTARIAN_PEPPER_ROOT;XIRECS;12002.0;14
86600;TAKER;;ASH_COATED_OSMIUM;XIRECS;10008.0;9
86800;TAKER;;ASH_COATED_OSMIUM;XIRECS;10006.0;13
87000;;TAKER;ASH_COATED_OSMIUM;XIRECS;9988.0;8
87200;;TAKER;ASH_COATED_OSMIUM;XIRECS;9993.0;10
87400;TAKER;;INTARIAN_PEPPER_ROOT;XIRECS;12017.0;5
87700;TAKER;;INTARIAN_PEPPER_ROOT;XIRECS;12017.0;2
88000;;TAKER;INTARIAN_PEPPER_ROOT;XIRECS;12002.0;10
88100;;TAKER;INTARIAN_PEPPER_ROOT;XIRECS;12002.0;13
88600;TAKER;;ASH_COATED_OSMIUM;XIRECS;10012.0;13
88800;TAKER;;ASH_COATED_OSMIUM;XIRECS;10006.0;13
88900;;TAKER;INTARIAN_PEPPER_ROOT;XIRECS;12001.0;2
88900;;TAKER;ASH_COATED_OSMIUM;XIRECS;9990.0;6
89000;TAKER;;INTARIAN_PEPPER_ROOT;XIRECS;12016.0;5
89000;;TAKER;ASH_COATED_OSMIUM;XIRECS;9990.0;4
89200;TAKER;;INTARIAN_PEPPER_ROOT;XIRECS;12016.0;11
89300;;TAKER;ASH_COATED_OSMIUM;XIRECS;9987.0;4
89400;TAKER;;INTARIAN_PEPPER_ROOT;XIRECS;12016.0;13
89500;;TAKER;INTARIAN_PEPPER_ROOT;XIRECS;11999.0;15
89500;TAKER;;ASH_COATED_OSMIUM;XIRECS;10008.0;4
90200;TAKER;;INTARIAN_PEPPER_ROOT;XIRECS;12016.0;3
90200;;TAKER;ASH_COATED_OSMIUM;XIRECS;9989.0;8
90300;TAKER;;INTARIAN_PEPPER_ROOT;XIRECS;12015.0;11
90400;TAKER;;INTARIAN_PEPPER_ROOT;XIRECS;12015.0;3
90500;;TAKER;INTARIAN_PEPPER_ROOT;XIRECS;12001.0;15
90700;;TAKER;INTARIAN_PEPPER_ROOT;XIRECS;12003.0;10
90900;;TAKER;INTARIAN_PEPPER_ROOT;XIRECS;12001.0;15
90900;TAKER;;ASH_COATED_OSMIUM;XIRECS;10005.0;11
91000;TAKER;;ASH_COATED_OSMIUM;XIRECS;10007.0;10
91200;TAKER;;INTARIAN_PEPPER_ROOT;XIRECS;12015.0;8
91200;;TAKER;ASH_COATED_OSMIUM;XIRECS;9990.0;5
91700;;TAKER;ASH_COATED_OSMIUM;XIRECS;9990.0;10
92000;;TAKER;ASH_COATED_OSMIUM;XIRECS;9994.0;11
92300;;TAKER;ASH_COATED_OSMIUM;XIRECS;9990.0;3
92800;TAKER;;ASH_COATED_OSMIUM;XIRECS;10012.0;9
92900;;TAKER;INTARIAN_PEPPER_ROOT;XIRECS;12003.0;3
93000;;TAKER;ASH_COATED_OSMIUM;XIRECS;9994.0;9
93700;;TAKER;INTARIAN_PEPPER_ROOT;XIRECS;12002.0;11
93900;;TAKER;ASH_COATED_OSMIUM;XIRECS;9992.0;13
94100;;TAKER;INTARIAN_PEPPER_ROOT;XIRECS;12001.0;8
94200;;TAKER;INTARIAN_PEPPER_ROOT;XIRECS;12002.0;3
94500;TAKER;;ASH_COATED_OSMIUM;XIRECS;10007.0;14
94600;;TAKER;INTARIAN_PEPPER_ROOT;XIRECS;12001.0;5
94900;TAKER;;ASH_COATED_OSMIUM;XIRECS;10010.0;10
95000;TAKER;;INTARIAN_PEPPER_ROOT;XIRECS;12017.0;15
95100;;TAKER;INTARIAN_PEPPER_ROOT;XIRECS;12002.0;13
95200;;TAKER;ASH_COATED_OSMIUM;XIRECS;9992.0;5
95400;TAKER;;INTARIAN_PEPPER_ROOT;XIRECS;12017.0;12
95500;;TAKER;INTARIAN_PEPPER_ROOT;XIRECS;12002.0;2
95600;;TAKER;INTARIAN_PEPPER_ROOT;XIRECS;12002.0;6
95700;TAKER;;INTARIAN_PEPPER_ROOT;XIRECS;12017.0;10
95700;;TAKER;ASH_COATED_OSMIUM;XIRECS;9994.0;6
96100;;TAKER;ASH_COATED_OSMIUM;XIRECS;9989.0;11
96200;TAKER;;INTARIAN_PEPPER_ROOT;XIRECS;12017.0;3
96300;;TAKER;ASH_COATED_OSMIUM;XIRECS;9991.0;2
96700;TAKER;;INTARIAN_PEPPER_ROOT;XIRECS;12016.0;10
96800;;TAKER;INTARIAN_PEPPER_ROOT;XIRECS;12004.0;12
96800;;TAKER;ASH_COATED_OSMIUM;XIRECS;9989.0;14
97000;;TAKER;INTARIAN_PEPPER_ROOT;XIRECS;12003.0;15
97100;;TAKER;ASH_COATED_OSMIUM;XIRECS;9988.0;13
97300;;TAKER;INTARIAN_PEPPER_ROOT;XIRECS;12002.0;2
97400;TAKER;;ASH_COATED_OSMIUM;XIRECS;10014.0;9
97500;;TAKER;ASH_COATED_OSMIUM;XIRECS;9989.0;9
98000;TAKER;;INTARIAN_PEPPER_ROOT;XIRECS;12016.0;14
98400;;TAKER;INTARIAN_PEPPER_ROOT;XIRECS;12003.0;10
98500;;TAKER;INTARIAN_PEPPER_ROOT;XIRECS;12001.0;12
98500;;TAKER;ASH_COATED_OSMIUM;XIRECS;9992.0;11
98600;;TAKER;ASH_COATED_OSMIUM;XIRECS;9991.0;12
98900;TAKER;;ASH_COATED_OSMIUM;XIRECS;10008.0;13
99000;TAKER;;ASH_COATED_OSMIUM;XIRECS;10013.0;5
99100;TAKER;;ASH_COATED_OSMIUM;XIRECS;10006.0;12
99400;;TAKER;INTARIAN_PEPPER_ROOT;XIRECS;12003.0;5
99500;TAKER;;INTARIAN_PEPPER_ROOT;XIRECS;12015.0;4
99600;;TAKER;INTARIAN_PEPPER_ROOT;XIRECS;12002.0;4
99700;TAKER;;ASH_COATED_OSMIUM;XIRECS;10006.0;5
99800;TAKER;;ASH_COATED_OSMIUM;XIRECS;10011.0;10
100000;TAKER;;INTARIAN_PEPPER_ROOT;XIRECS;12014.0;8
100200;;TAKER;INTARIAN_PEPPER_ROOT;XIRECS;12003.0;12
100400;;TAKER;INTARIAN_PEPPER_ROOT;XIRECS;12004.0;5
100800;TAKER;;ASH_COATED_OSMIUM;XIRECS;10015.0;7
100900;;TAKER;INTARIAN_PEPPER_ROOT;XIRECS;12003.0;14
100900;TAKER;;ASH_COATED_OSMIUM;XIRECS;10011.0;15
101000;TAKER;;INTARIAN_PEPPER_ROOT;XIRECS;12017.0;4
101100;TAKER;;INTARIAN_PEPPER_ROOT;XIRECS;12016.0;4
101200;TAKER;;ASH_COATED_OSMIUM;XIRECS;10011.0;4
101300;TAKER;;ASH_COATED_OSMIUM;XIRECS;10010.0;15
101400;;TAKER;INTARIAN_PEPPER_ROOT;XIRECS;12003.0;12
101600;TAKER;;INTARIAN_PEPPER_ROOT;XIRECS;12017.0;14
101700;TAKER;;ASH_COATED_OSMIUM;XIRECS;10009.0;15
101900;TAKER;;INTARIAN_PEPPER_ROOT;XIRECS;12018.0;2
102000;TAKER;;ASH_COATED_OSMIUM;XIRECS;10007.0;9
102500;TAKER;;INTARIAN_PEPPER_ROOT;XIRECS;12017.0;9
102600;TAKER;;INTARIAN_PEPPER_ROOT;XIRECS;12014.0;4
102700;;TAKER;INTARIAN_PEPPER_ROOT;XIRECS;12002.0;10
102800;;TAKER;INTARIAN_PEPPER_ROOT;XIRECS;12002.0;8
103000;TAKER;;ASH_COATED_OSMIUM;XIRECS;10008.0;11
103200;;TAKER;INTARIAN_PEPPER_ROOT;XIRECS;12004.0;8
103700;;TAKER;INTARIAN_PEPPER_ROOT;XIRECS;12002.0;10
103800;;TAKER;INTARIAN_PEPPER_ROOT;XIRECS;12004.0;10
104200;TAKER;;INTARIAN_PEPPER_ROOT;XIRECS;12016.0;6
104400;;TAKER;ASH_COATED_OSMIUM;XIRECS;9988.0;9
104500;TAKER;;INTARIAN_PEPPER_ROOT;XIRECS;12018.0;9
104500;;TAKER;ASH_COATED_OSMIUM;XIRECS;9990.0;13
104600;TAKER;;ASH_COATED_OSMIUM;XIRECS;10007.0;10
104700;TAKER;;INTARIAN_PEPPER_ROOT;XIRECS;12018.0;5
104800;TAKER;;ASH_COATED_OSMIUM;XIRECS;10008.0;11
105000;TAKER;;ASH_COATED_OSMIUM;XIRECS;10007.0;4
105300;TAKER;;ASH_COATED_OSMIUM;XIRECS;10008.0;3
105400;TAKER;;ASH_COATED_OSMIUM;XIRECS;10008.0;14
105600;TAKER;;ASH_COATED_OSMIUM;XIRECS;10011.0;6
105700;;TAKER;INTARIAN_PEPPER_ROOT;XIRECS;12000.0;5
105700;;TAKER;ASH_COATED_OSMIUM;XIRECS;9991.0;6
106000;TAKER;;ASH_COATED_OSMIUM;XIRECS;10007.0;13
106600;;TAKER;ASH_COATED_OSMIUM;XIRECS;9989.0;13
107000;;TAKER;INTARIAN_PEPPER_ROOT;XIRECS;12002.0;11
107300;;TAKER;ASH_COATED_OSMIUM;XIRECS;9991.0;4
107600;TAKER;;ASH_COATED_OSMIUM;XIRECS;10009.0;4
108000;;TAKER;INTARIAN_PEPPER_ROOT;XIRECS;12005.0;8
108200;TAKER;;ASH_COATED_OSMIUM;XIRECS;10010.0;6
108300;;TAKER;ASH_COATED_OSMIUM;XIRECS;9992.0;8
108500;;TAKER;INTARIAN_PEPPER_ROOT;XIRECS;12004.0;9
108700;TAKER;;ASH_COATED_OSMIUM;XIRECS;10007.0;15
108900;TAKER;;INTARIAN_PEPPER_ROOT;XIRECS;12017.0;9
108900;;TAKER;ASH_COATED_OSMIUM;XIRECS;9991.0;12
109000;;TAKER;ASH_COATED_OSMIUM;XIRECS;9987.0;3
109100;TAKER;;ASH_COATED_OSMIUM;XIRECS;10009.0;14
109200;TAKER;;ASH_COATED_OSMIUM;XIRECS;10007.0;15
109300;TAKER;;INTARIAN_PEPPER_ROOT;XIRECS;12018.0;15
109300;TAKER;;ASH_COATED_OSMIUM;XIRECS;10009.0;9
109500;;TAKER;ASH_COATED_OSMIUM;XIRECS;9990.0;6
109600;;TAKER;ASH_COATED_OSMIUM;XIRECS;9992.0;7
109800;;TAKER;ASH_COATED_OSMIUM;XIRECS;9992.0;15
110000;TAKER;;INTARIAN_PEPPER_ROOT;XIRECS;12016.0;2
110100;TAKER;;INTARIAN_PEPPER_ROOT;XIRECS;12018.0;9
110400;TAKER;;INTARIAN_PEPPER_ROOT;XIRECS;12017.0;2
110500;;TAKER;INTARIAN_PEPPER_ROOT;XIRECS;12003.0;14
110500;TAKER;;ASH_COATED_OSMIUM;XIRECS;10006.0;5
110700;;TAKER;ASH_COATED_OSMIUM;XIRECS;9988.0;11
110800;;TAKER;INTARIAN_PEPPER_ROOT;XIRECS;12003.0;4
110800;TAKER;;ASH_COATED_OSMIUM;XIRECS;10011.0;12
110900;TAKER;;INTARIAN_PEPPER_ROOT;XIRECS;12017.0;5
110900;;TAKER;ASH_COATED_OSMIUM;XIRECS;9988.0;6
111400;;TAKER;ASH_COATED_OSMIUM;XIRECS;9993.0;3
111500;;TAKER;INTARIAN_PEPPER_ROOT;XIRECS;12000.0;2
111600;;TAKER;ASH_COATED_OSMIUM;XIRECS;9988.0;7
111800;;TAKER;INTARIAN_PEPPER_ROOT;XIRECS;12003.0;2
111800;;TAKER;ASH_COATED_OSMIUM;XIRECS;9992.0;15
112200;TAKER;;INTARIAN_PEPPER_ROOT;XIRECS;12020.0;5
112500;TAKER;;ASH_COATED_OSMIUM;XIRECS;10012.0;3
112600;;TAKER;ASH_COATED_OSMIUM;XIRECS;9986.0;14
112900;TAKER;;INTARIAN_PEPPER_ROOT;XIRECS;12020.0;14
112900;TAKER;;ASH_COATED_OSMIUM;XIRECS;10012.0;2
113000;TAKER;;ASH_COATED_OSMIUM;XIRECS;10008.0;4
113200;;TAKER;INTARIAN_PEPPER_ROOT;XIRECS;12005.0;11
113300;;TAKER;ASH_COATED_OSMIUM;XIRECS;9995.0;6
113600;;TAKER;ASH_COATED_OSMIUM;XIRECS;9988.0;4
113700;TAKER;;INTARIAN_PEPPER_ROOT;XIRECS;12017.0;11
113900;;TAKER;ASH_COATED_OSMIUM;XIRECS;9991.0;15
114000;;TAKER;INTARIAN_PEPPER_ROOT;XIRECS;12002.0;4
114000;;TAKER;ASH_COATED_OSMIUM;XIRECS;9992.0;6
114100;TAKER;;INTARIAN_PEPPER_ROOT;XIRECS;12016.0;3
114200;;TAKER;ASH_COATED_OSMIUM;XIRECS;9990.0;13
114300;TAKER;;ASH_COATED_OSMIUM;XIRECS;10006.0;8
114400;;TAKER;ASH_COATED_OSMIUM;XIRECS;9986.0;2
114500;TAKER;;INTARIAN_PEPPER_ROOT;XIRECS;12019.0;14
114700;TAKER;;ASH_COATED_OSMIUM;XIRECS;10008.0;7
114800;;TAKER;ASH_COATED_OSMIUM;XIRECS;9989.0;2
114900;TAKER;;ASH_COATED_OSMIUM;XIRECS;10008.0;3
115000;;TAKER;INTARIAN_PEPPER_ROOT;XIRECS;12004.0;4
115100;;TAKER;INTARIAN_PEPPER_ROOT;XIRECS;12002.0;9
115400;;TAKER;INTARIAN_PEPPER_ROOT;XIRECS;12004.0;15
115600;;TAKER;INTARIAN_PEPPER_ROOT;XIRECS;12002.0;11
115600;TAKER;;ASH_COATED_OSMIUM;XIRECS;10006.0;5
115800;TAKER;;ASH_COATED_OSMIUM;XIRECS;10006.0;5
115900;;TAKER;ASH_COATED_OSMIUM;XIRECS;9990.0;10
116200;;TAKER;INTARIAN_PEPPER_ROOT;XIRECS;12004.0;9
116200;;TAKER;ASH_COATED_OSMIUM;XIRECS;9990.0;4
116400;;TAKER;INTARIAN_PEPPER_ROOT;XIRECS;12006.0;14
116400;TAKER;;ASH_COATED_OSMIUM;XIRECS;10005.0;10
116700;;TAKER;ASH_COATED_OSMIUM;XIRECS;9992.0;13
116800;TAKER;;INTARIAN_PEPPER_ROOT;XIRECS;12018.0;14
116900;;TAKER;INTARIAN_PEPPER_ROOT;XIRECS;12004.0;6
116900;;TAKER;ASH_COATED_OSMIUM;XIRECS;9992.0;8
117000;TAKER;;ASH_COATED_OSMIUM;XIRECS;10008.0;7
117700;TAKER;;INTARIAN_PEPPER_ROOT;XIRECS;12018.0;11
117700;TAKER;;ASH_COATED_OSMIUM;XIRECS;10003.0;10
117800;TAKER;;INTARIAN_PEPPER_ROOT;XIRECS;12019.0;14
117800;TAKER;;ASH_COATED_OSMIUM;XIRECS;10012.0;11
117900;TAKER;;INTARIAN_PEPPER_ROOT;XIRECS;12019.0;8
118200;TAKER;;ASH_COATED_OSMIUM;XIRECS;10004.0;9
118400;TAKER;;INTARIAN_PEPPER_ROOT;XIRECS;12017.0;11
118400;TAKER;;ASH_COATED_OSMIUM;XIRECS;10011.0;15
118600;TAKER;;ASH_COATED_OSMIUM;XIRECS;10007.0;8
118900;TAKER;;INTARIAN_PEPPER_ROOT;XIRECS;12017.0;13
118900;TAKER;;ASH_COATED_OSMIUM;XIRECS;10010.0;12
119400;;TAKER;INTARIAN_PEPPER_ROOT;XIRECS;12004.0;11
119700;;TAKER;INTARIAN_PEPPER_ROOT;XIRECS;12002.0;8
119700;;TAKER;ASH_COATED_OSMIUM;XIRECS;9991.0;3
119900;TAKER;;INTARIAN_PEPPER_ROOT;XIRECS;12020.0;4
120300;TAKER;;ASH_COATED_OSMIUM;XIRECS;10008.0;9
120400;TAKER;;INTARIAN_PEPPER_ROOT;XIRECS;12019.0;9
120700;TAKER;;INTARIAN_PEPPER_ROOT;XIRECS;12020.0;15
121000;TAKER;;INTARIAN_PEPPER_ROOT;XIRECS;12018.0;11
121300;TAKER;;INTARIAN_PEPPER_ROOT;XIRECS;12021.0;15
121300;TAKER;;ASH_COATED_OSMIUM;XIRECS;10007.0;15
121500;;TAKER;ASH_COATED_OSMIUM;XIRECS;9989.0;10
121600;TAKER;;ASH_COATED_OSMIUM;XIRECS;10010.0;12
121800;;TAKER;INTARIAN_PEPPER_ROOT;XIRECS;12006.0;8
121900;TAKER;;INTARIAN_PEPPER_ROOT;XIRECS;12019.0;3
122300;TAKER;;INTARIAN_PEPPER_ROOT;XIRECS;12020.0;15
122400;TAKER;;INTARIAN_PEPPER_ROOT;XIRECS;12019.0;12
122500;TAKER;;INTARIAN_PEPPER_ROOT;XIRECS;12018.0;12
122500;TAKER;;ASH_COATED_OSMIUM;XIRECS;10005.0;8
122800;;TAKER;INTARIAN_PEPPER_ROOT;XIRECS;12003.0;7
122800;TAKER;;ASH_COATED_OSMIUM;XIRECS;10008.0;5
122900;TAKER;;ASH_COATED_OSMIUM;XIRECS;10008.0;8
123200;;TAKER;ASH_COATED_OSMIUM;XIRECS;9992.0;8
123500;TAKER;;INTARIAN_PEPPER_ROOT;XIRECS;12018.0;9
123500;TAKER;;ASH_COATED_OSMIUM;XIRECS;10007.0;13
123800;TAKER;;INTARIAN_PEPPER_ROOT;XIRECS;12019.0;12
123900;TAKER;;INTARIAN_PEPPER_ROOT;XIRECS;12018.0;11
123900;;TAKER;ASH_COATED_OSMIUM;XIRECS;9989.0;10
124100;;TAKER;INTARIAN_PEPPER_ROOT;XIRECS;12005.0;10
124100;TAKER;;ASH_COATED_OSMIUM;XIRECS;10009.0;10
124200;TAKER;;INTARIAN_PEPPER_ROOT;XIRECS;12021.0;6
124200;;TAKER;ASH_COATED_OSMIUM;XIRECS;9990.0;5
124400;TAKER;;INTARIAN_PEPPER_ROOT;XIRECS;12020.0;11
124500;;TAKER;INTARIAN_PEPPER_ROOT;XIRECS;12004.0;8
124500;TAKER;;ASH_COATED_OSMIUM;XIRECS;10007.0;13
124600;;TAKER;INTARIAN_PEPPER_ROOT;XIRECS;12004.0;7
124700;TAKER;;ASH_COATED_OSMIUM;XIRECS;10010.0;13
124900;TAKER;;INTARIAN_PEPPER_ROOT;XIRECS;12018.0;10
124900;TAKER;;ASH_COATED_OSMIUM;XIRECS;10008.0;7
125100;TAKER;;ASH_COATED_OSMIUM;XIRECS;10009.0;14
125200;TAKER;;ASH_COATED_OSMIUM;XIRECS;10008.0;2
125400;;TAKER;ASH_COATED_OSMIUM;XIRECS;9990.0;14
125500;TAKER;;ASH_COATED_OSMIUM;XIRECS;10009.0;14
125900;;TAKER;ASH_COATED_OSMIUM;XIRECS;9986.0;2
126100;;TAKER;ASH_COATED_OSMIUM;XIRECS;9995.0;9
126200;;TAKER;ASH_COATED_OSMIUM;XIRECS;9992.0;3
126400;;TAKER;INTARIAN_PEPPER_ROOT;XIRECS;12006.0;8
126500;TAKER;;ASH_COATED_OSMIUM;XIRECS;10006.0;10
126700;TAKER;;INTARIAN_PEPPER_ROOT;XIRECS;12017.0;11
126700;TAKER;;ASH_COATED_OSMIUM;XIRECS;10007.0;2
127400;;TAKER;INTARIAN_PEPPER_ROOT;XIRECS;12006.0;10
127400;TAKER;;ASH_COATED_OSMIUM;XIRECS;10008.0;3
127800;TAKER;;INTARIAN_PEPPER_ROOT;XIRECS;12021.0;3
127900;TAKER;;INTARIAN_PEPPER_ROOT;XIRECS;12020.0;7
128000;TAKER;;ASH_COATED_OSMIUM;XIRECS;10009.0;13
128100;TAKER;;ASH_COATED_OSMIUM;XIRECS;10011.0;14
128200;;TAKER;INTARIAN_PEPPER_ROOT;XIRECS;12005.0;13
128300;;TAKER;ASH_COATED_OSMIUM;XIRECS;9993.0;14
129400;;TAKER;ASH_COATED_OSMIUM;XIRECS;9989.0;8
129500;;TAKER;INTARIAN_PEPPER_ROOT;XIRECS;12006.0;9
129600;TAKER;;INTARIAN_PEPPER_ROOT;XIRECS;12020.0;3
129900;TAKER;;ASH_COATED_OSMIUM;XIRECS;10008.0;2
130000;;TAKER;INTARIAN_PEPPER_ROOT;XIRECS;12005.0;5
130000;TAKER;;ASH_COATED_OSMIUM;XIRECS;10006.0;11
130200;;TAKER;ASH_COATED_OSMIUM;XIRECS;9996.0;3
130300;;TAKER;INTARIAN_PEPPER_ROOT;XIRECS;12006.0;10
130300;;TAKER;ASH_COATED_OSMIUM;XIRECS;9989.0;6
130400;TAKER;;ASH_COATED_OSMIUM;XIRECS;10010.0;3
130500;TAKER;;INTARIAN_PEPPER_ROOT;XIRECS;12020.0;3
130700;;TAKER;INTARIAN_PEPPER_ROOT;XIRECS;12005.0;3
130800;TAKER;;INTARIAN_PEPPER_ROOT;XIRECS;12019.0;10
130900;TAKER;;INTARIAN_PEPPER_ROOT;XIRECS;12020.0;6
130900;;TAKER;ASH_COATED_OSMIUM;XIRECS;9989.0;5
131100;;TAKER;ASH_COATED_OSMIUM;XIRECS;9990.0;8
131500;TAKER;;INTARIAN_PEPPER_ROOT;XIRECS;12021.0;5
131500;;TAKER;ASH_COATED_OSMIUM;XIRECS;9993.0;14
131600;;TAKER;INTARIAN_PEPPER_ROOT;XIRECS;12005.0;13
131900;TAKER;;INTARIAN_PEPPER_ROOT;XIRECS;12019.0;7
132000;TAKER;;INTARIAN_PEPPER_ROOT;XIRECS;12019.0;7
132100;;TAKER;ASH_COATED_OSMIUM;XIRECS;9993.0;3
132200;;TAKER;INTARIAN_PEPPER_ROOT;XIRECS;12007.0;6
132200;TAKER;;ASH_COATED_OSMIUM;XIRECS;10005.0;7
132400;TAKER;;ASH_COATED_OSMIUM;XIRECS;10011.0;11
132500;TAKER;;ASH_COATED_OSMIUM;XIRECS;10007.0;2
132600;TAKER;;INTARIAN_PEPPER_ROOT;XIRECS;12019.0;5
132800;;TAKER;INTARIAN_PEPPER_ROOT;XIRECS;12004.0;15
132900;TAKER;;ASH_COATED_OSMIUM;XIRECS;10009.0;3
133000;;TAKER;INTARIAN_PEPPER_ROOT;XIRECS;12006.0;3
133000;TAKER;;ASH_COATED_OSMIUM;XIRECS;10009.0;14
133200;;TAKER;INTARIAN_PEPPER_ROOT;XIRECS;12005.0;2
133400;TAKER;;INTARIAN_PEPPER_ROOT;XIRECS;12021.0;8
134200;;TAKER;ASH_COATED_OSMIUM;XIRECS;9989.0;15
134400;TAKER;;ASH_COATED_OSMIUM;XIRECS;10013.0;10
134500;;TAKER;INTARIAN_PEPPER_ROOT;XIRECS;12005.0;2
135000;;TAKER;INTARIAN_PEPPER_ROOT;XIRECS;12005.0;2
135000;TAKER;;ASH_COATED_OSMIUM;XIRECS;10001.0;10
135300;;TAKER;ASH_COATED_OSMIUM;XIRECS;9992.0;10
136000;TAKER;;ASH_COATED_OSMIUM;XIRECS;10011.0;10
136100;TAKER;;INTARIAN_PEPPER_ROOT;XIRECS;12020.0;12
136100;;TAKER;ASH_COATED_OSMIUM;XIRECS;9992.0;2
136200;TAKER;;INTARIAN_PEPPER_ROOT;XIRECS;12020.0;12
136400;;TAKER;INTARIAN_PEPPER_ROOT;XIRECS;12007.0;5
136400;TAKER;;ASH_COATED_OSMIUM;XIRECS;10004.0;5
136700;;TAKER;ASH_COATED_OSMIUM;XIRECS;9991.0;3
136800;TAKER;;ASH_COATED_OSMIUM;XIRECS;10014.0;5
137000;;TAKER;INTARIAN_PEPPER_ROOT;XIRECS;12007.0;8
137200;TAKER;;INTARIAN_PEPPER_ROOT;XIRECS;12020.0;10
137200;;TAKER;ASH_COATED_OSMIUM;XIRECS;9992.0;11
137500;TAKER;;ASH_COATED_OSMIUM;XIRECS;10009.0;13
137700;TAKER;;INTARIAN_PEPPER_ROOT;XIRECS;12022.0;11
137900;TAKER;;INTARIAN_PEPPER_ROOT;XIRECS;12019.0;5
138000;TAKER;;ASH_COATED_OSMIUM;XIRECS;10008.0;15
138100;;TAKER;INTARIAN_PEPPER_ROOT;XIRECS;12009.0;15
138100;TAKER;;ASH_COATED_OSMIUM;XIRECS;10011.0;9
138300;TAKER;;ASH_COATED_OSMIUM;XIRECS;10010.0;14
138500;;TAKER;ASH_COATED_OSMIUM;XIRECS;9990.0;9
138700;TAKER;;INTARIAN_PEPPER_ROOT;XIRECS;12022.0;2
138800;TAKER;;INTARIAN_PEPPER_ROOT;XIRECS;12021.0;10
139200;;TAKER;ASH_COATED_OSMIUM;XIRECS;9989.0;7
139300;;TAKER;INTARIAN_PEPPER_ROOT;XIRECS;12008.0;5
139300;TAKER;;ASH_COATED_OSMIUM;XIRECS;10011.0;6
139500;TAKER;;INTARIAN_PEPPER_ROOT;XIRECS;12021.0;10
139700;TAKER;;INTARIAN_PEPPER_ROOT;XIRECS;12021.0;2
140000;TAKER;;INTARIAN_PEPPER_ROOT;XIRECS;12021.0;2
140200;TAKER;;INTARIAN_PEPPER_ROOT;XIRECS;12021.0;10
140300;TAKER;;ASH_COATED_OSMIUM;XIRECS;10012.0;7
140600;;TAKER;INTARIAN_PEPPER_ROOT;XIRECS;12005.0;15
140600;TAKER;;ASH_COATED_OSMIUM;XIRECS;10008.0;6
140800;;TAKER;INTARIAN_PEPPER_ROOT;XIRECS;12005.0;13
140900;;TAKER;INTARIAN_PEPPER_ROOT;XIRECS;12006.0;6
140900;TAKER;;ASH_COATED_OSMIUM;XIRECS;10005.0;12
141200;TAKER;;ASH_COATED_OSMIUM;XIRECS;10010.0;9
141300;TAKER;;INTARIAN_PEPPER_ROOT;XIRECS;12020.0;13
141500;TAKER;;INTARIAN_PEPPER_ROOT;XIRECS;12023.0;6
141500;;TAKER;ASH_COATED_OSMIUM;XIRECS;9988.0;6
141600;;TAKER;INTARIAN_PEPPER_ROOT;XIRECS;12008.0;11
141800;TAKER;;INTARIAN_PEPPER_ROOT;XIRECS;12023.0;15
141800;TAKER;;ASH_COATED_OSMIUM;XIRECS;10005.0;14
142200;;TAKER;ASH_COATED_OSMIUM;XIRECS;9987.0;7
142400;;TAKER;INTARIAN_PEPPER_ROOT;XIRECS;12007.0;5
142400;TAKER;;ASH_COATED_OSMIUM;XIRECS;10011.0;3
142600;;TAKER;INTARIAN_PEPPER_ROOT;XIRECS;12007.0;8
143000;;TAKER;ASH_COATED_OSMIUM;XIRECS;9988.0;9
143100;;TAKER;INTARIAN_PEPPER_ROOT;XIRECS;12009.0;2
143200;;TAKER;INTARIAN_PEPPER_ROOT;XIRECS;12004.0;9
143500;TAKER;;ASH_COATED_OSMIUM;XIRECS;10007.0;12
143600;TAKER;;INTARIAN_PEPPER_ROOT;XIRECS;12019.0;6
143700;;TAKER;INTARIAN_PEPPER_ROOT;XIRECS;12008.0;5
144100;;TAKER;ASH_COATED_OSMIUM;XIRECS;9988.0;13
144200;;TAKER;INTARIAN_PEPPER_ROOT;XIRECS;12007.0;7
144400;;TAKER;INTARIAN_PEPPER_ROOT;XIRECS;12007.0;14
144500;;TAKER;INTARIAN_PEPPER_ROOT;XIRECS;12008.0;15
144600;TAKER;;ASH_COATED_OSMIUM;XIRECS;10010.0;13
145000;TAKER;;INTARIAN_PEPPER_ROOT;XIRECS;12021.0;3
145000;TAKER;;ASH_COATED_OSMIUM;XIRECS;10006.0;2
145200;TAKER;;INTARIAN_PEPPER_ROOT;XIRECS;12020.0;9
145200;TAKER;;ASH_COATED_OSMIUM;XIRECS;10011.0;4
145800;TAKER;;ASH_COATED_OSMIUM;XIRECS;10006.0;14
146000;;TAKER;ASH_COATED_OSMIUM;XIRECS;9989.0;9
146100;TAKER;;INTARIAN_PEPPER_ROOT;XIRECS;12021.0;10
146400;TAKER;;INTARIAN_PEPPER_ROOT;XIRECS;12020.0;10
146700;TAKER;;INTARIAN_PEPPER_ROOT;XIRECS;12021.0;14
146700;TAKER;;ASH_COATED_OSMIUM;XIRECS;10011.0;15
146800;;TAKER;INTARIAN_PEPPER_ROOT;XIRECS;12007.0;8
147000;;TAKER;INTARIAN_PEPPER_ROOT;XIRECS;12009.0;11
147100;TAKER;;INTARIAN_PEPPER_ROOT;XIRECS;12023.0;11
147100;TAKER;;ASH_COATED_OSMIUM;XIRECS;10007.0;3
147200;;TAKER;ASH_COATED_OSMIUM;XIRECS;9989.0;4
147400;;TAKER;ASH_COATED_OSMIUM;XIRECS;9990.0;5
147600;;TAKER;INTARIAN_PEPPER_ROOT;XIRECS;12008.0;3
147800;;TAKER;ASH_COATED_OSMIUM;XIRECS;9992.0;14
148000;;TAKER;INTARIAN_PEPPER_ROOT;XIRECS;12007.0;7
148000;TAKER;;ASH_COATED_OSMIUM;XIRECS;10007.0;14
148200;TAKER;;INTARIAN_PEPPER_ROOT;XIRECS;12020.0;9
148400;;TAKER;INTARIAN_PEPPER_ROOT;XIRECS;12007.0;6
148400;TAKER;;ASH_COATED_OSMIUM;XIRECS;10008.0;12
148700;;TAKER;INTARIAN_PEPPER_ROOT;XIRECS;12007.0;8
148800;TAKER;;INTARIAN_PEPPER_ROOT;XIRECS;12022.0;11
148900;;TAKER;INTARIAN_PEPPER_ROOT;XIRECS;12007.0;14
148900;TAKER;;ASH_COATED_OSMIUM;XIRECS;10008.0;11
149100;TAKER;;ASH_COATED_OSMIUM;XIRECS;10005.0;13
149400;TAKER;;ASH_COATED_OSMIUM;XIRECS;10009.0;10
149500;TAKER;;INTARIAN_PEPPER_ROOT;XIRECS;12023.0;15
149600;TAKER;;ASH_COATED_OSMIUM;XIRECS;10005.0;9
149800;TAKER;;INTARIAN_PEPPER_ROOT;XIRECS;12022.0;7
150000;TAKER;;INTARIAN_PEPPER_ROOT;XIRECS;12023.0;13
150100;TAKER;;INTARIAN_PEPPER_ROOT;XIRECS;12023.0;12
150100;TAKER;;ASH_COATED_OSMIUM;XIRECS;10008.0;12
150200;TAKER;;INTARIAN_PEPPER_ROOT;XIRECS;12022.0;2
150300;;TAKER;INTARIAN_PEPPER_ROOT;XIRECS;12007.0;5
150300;TAKER;;ASH_COATED_OSMIUM;XIRECS;10006.0;4
150600;;TAKER;INTARIAN_PEPPER_ROOT;XIRECS;12009.0;5
150600;TAKER;;ASH_COATED_OSMIUM;XIRECS;10006.0;6
150800;TAKER;;ASH_COATED_OSMIUM;XIRECS;10008.0;12
151100;;TAKER;ASH_COATED_OSMIUM;XIRECS;9988.0;7
151200;;TAKER;INTARIAN_PEPPER_ROOT;XIRECS;12010.0;4
151200;TAKER;;ASH_COATED_OSMIUM;XIRECS;10012.0;8
151600;TAKER;;ASH_COATED_OSMIUM;XIRECS;10009.0;15
151700;TAKER;;INTARIAN_PEPPER_ROOT;XIRECS;12024.0;11
151800;TAKER;;ASH_COATED_OSMIUM;XIRECS;10007.0;10
151900;;TAKER;ASH_COATED_OSMIUM;XIRECS;9991.0;14
152000;;TAKER;ASH_COATED_OSMIUM;XIRECS;9994.0;9
152200;TAKER;;INTARIAN_PEPPER_ROOT;XIRECS;12022.0;7
152300;;TAKER;ASH_COATED_OSMIUM;XIRECS;9986.0;2
152700;TAKER;;ASH_COATED_OSMIUM;XIRECS;10009.0;8
152800;TAKER;;ASH_COATED_OSMIUM;XIRECS;10005.0;10
153000;;TAKER;INTARIAN_PEPPER_ROOT;XIRECS;12009.0;2
153600;;TAKER;INTARIAN_PEPPER_ROOT;XIRECS;12009.0;11
153600;;TAKER;ASH_COATED_OSMIUM;XIRECS;9993.0;15
154000;TAKER;;ASH_COATED_OSMIUM;XIRECS;10005.0;14
154100;;TAKER;INTARIAN_PEPPER_ROOT;XIRECS;12008.0;13
154200;;TAKER;INTARIAN_PEPPER_ROOT;XIRECS;12007.0;11
154400;TAKER;;ASH_COATED_OSMIUM;XIRECS;10006.0;6
154800;;TAKER;INTARIAN_PEPPER_ROOT;XIRECS;12011.0;4
154800;;TAKER;ASH_COATED_OSMIUM;XIRECS;9990.0;13
155000;;TAKER;INTARIAN_PEPPER_ROOT;XIRECS;12006.0;2
155100;;TAKER;INTARIAN_PEPPER_ROOT;XIRECS;12008.0;15
155500;;TAKER;ASH_COATED_OSMIUM;XIRECS;9989.0;5
155700;;TAKER;ASH_COATED_OSMIUM;XIRECS;9992.0;2
155900;;TAKER;ASH_COATED_OSMIUM;XIRECS;9991.0;7
156100;;TAKER;ASH_COATED_OSMIUM;XIRECS;9988.0;7
156400;TAKER;;INTARIAN_PEPPER_ROOT;XIRECS;12022.0;6
156500;TAKER;;INTARIAN_PEPPER_ROOT;XIRECS;12023.0;3
157300;;TAKER;INTARIAN_PEPPER_ROOT;XIRECS;12006.0;11
157500;TAKER;;ASH_COATED_OSMIUM;XIRECS;10009.0;8
157700;;TAKER;ASH_COATED_OSMIUM;XIRECS;9987.0;13
157900;;TAKER;INTARIAN_PEPPER_ROOT;XIRECS;12008.0;4
158100;;TAKER;INTARIAN_PEPPER_ROOT;XIRECS;12009.0;5
158100;TAKER;;ASH_COATED_OSMIUM;XIRECS;10009.0;14
158400;TAKER;;INTARIAN_PEPPER_ROOT;XIRECS;12022.0;4
158400;TAKER;;ASH_COATED_OSMIUM;XIRECS;10006.0;10
158800;;TAKER;INTARIAN_PEPPER_ROOT;XIRECS;12007.0;10
159200;;TAKER;INTARIAN_PEPPER_ROOT;XIRECS;12008.0;14
159200;;TAKER;ASH_COATED_OSMIUM;XIRECS;9989.0;10
159300;;TAKER;INTARIAN_PEPPER_ROOT;XIRECS;12007.0;9
159400;TAKER;;INTARIAN_PEPPER_ROOT;XIRECS;12023.0;15
159400;;TAKER;ASH_COATED_OSMIUM;XIRECS;9992.0;4
159500;;TAKER;INTARIAN_PEPPER_ROOT;XIRECS;12008.0;12
159600;;TAKER;INTARIAN_PEPPER_ROOT;XIRECS;12010.0;10
159700;;TAKER;ASH_COATED_OSMIUM;XIRECS;9992.0;2
159800;TAKER;;ASH_COATED_OSMIUM;XIRECS;10009.0;11
160200;;TAKER;INTARIAN_PEPPER_ROOT;XIRECS;12010.0;9
160300;TAKER;;INTARIAN_PEPPER_ROOT;XIRECS;12024.0;10
160500;;TAKER;ASH_COATED_OSMIUM;XIRECS;9990.0;2
160800;;TAKER;INTARIAN_PEPPER_ROOT;XIRECS;12010.0;14
160800;;TAKER;ASH_COATED_OSMIUM;XIRECS;9990.0;14
160900;;TAKER;INTARIAN_PEPPER_ROOT;XIRECS;12007.0;5
160900;TAKER;;ASH_COATED_OSMIUM;XIRECS;10007.0;13
161000;;TAKER;INTARIAN_PEPPER_ROOT;XIRECS;12009.0;13
161100;;TAKER;INTARIAN_PEPPER_ROOT;XIRECS;12009.0;8
161100;;TAKER;ASH_COATED_OSMIUM;XIRECS;9990.0;14
161200;;TAKER;INTARIAN_PEPPER_ROOT;XIRECS;12010.0;3
161300;TAKER;;INTARIAN_PEPPER_ROOT;XIRECS;12023.0;4
161300;TAKER;;ASH_COATED_OSMIUM;XIRECS;10010.0;6
161600;;TAKER;INTARIAN_PEPPER_ROOT;XIRECS;12008.0;3
161700;;TAKER;ASH_COATED_OSMIUM;XIRECS;9993.0;5
161800;TAKER;;INTARIAN_PEPPER_ROOT;XIRECS;12022.0;10
162100;TAKER;;ASH_COATED_OSMIUM;XIRECS;10009.0;8
162200;TAKER;;ASH_COATED_OSMIUM;XIRECS;10010.0;3
162400;TAKER;;INTARIAN_PEPPER_ROOT;XIRECS;12024.0;2
162400;;TAKER;ASH_COATED_OSMIUM;XIRECS;9988.0;5
162500;TAKER;;ASH_COATED_OSMIUM;XIRECS;10004.0;5
162700;TAKER;;ASH_COATED_OSMIUM;XIRECS;10005.0;6
162800;TAKER;;ASH_COATED_OSMIUM;XIRECS;10011.0;7
163000;TAKER;;INTARIAN_PEPPER_ROOT;XIRECS;12024.0;7
163000;TAKER;;ASH_COATED_OSMIUM;XIRECS;10008.0;3
163100;TAKER;;ASH_COATED_OSMIUM;XIRECS;10013.0;4
163200;TAKER;;ASH_COATED_OSMIUM;XIRECS;10007.0;7
163300;;TAKER;INTARIAN_PEPPER_ROOT;XIRECS;12010.0;6
163400;TAKER;;INTARIAN_PEPPER_ROOT;XIRECS;12022.0;2
163800;TAKER;;INTARIAN_PEPPER_ROOT;XIRECS;12024.0;14
163900;;TAKER;INTARIAN_PEPPER_ROOT;XIRECS;12008.0;11
164100;;TAKER;ASH_COATED_OSMIUM;XIRECS;9990.0;8
164800;TAKER;;INTARIAN_PEPPER_ROOT;XIRECS;12022.0;14
165000;TAKER;;ASH_COATED_OSMIUM;XIRECS;10008.0;8
165100;TAKER;;ASH_COATED_OSMIUM;XIRECS;10008.0;2
165400;;TAKER;ASH_COATED_OSMIUM;XIRECS;9993.0;2
165500;;TAKER;INTARIAN_PEPPER_ROOT;XIRECS;12011.0;2
165600;;TAKER;ASH_COATED_OSMIUM;XIRECS;9989.0;2
165900;;TAKER;ASH_COATED_OSMIUM;XIRECS;9992.0;12
166200;;TAKER;ASH_COATED_OSMIUM;XIRECS;9992.0;12
166400;;TAKER;INTARIAN_PEPPER_ROOT;XIRECS;12008.0;8
166500;TAKER;;INTARIAN_PEPPER_ROOT;XIRECS;12023.0;9
166700;;TAKER;ASH_COATED_OSMIUM;XIRECS;9988.0;2
167100;;TAKER;ASH_COATED_OSMIUM;XIRECS;9990.0;8
167500;;TAKER;ASH_COATED_OSMIUM;XIRECS;9991.0;12
167700;TAKER;;INTARIAN_PEPPER_ROOT;XIRECS;12024.0;5
168000;TAKER;;ASH_COATED_OSMIUM;XIRECS;10007.0;11
168200;TAKER;;INTARIAN_PEPPER_ROOT;XIRECS;12022.0;14
168600;TAKER;;ASH_COATED_OSMIUM;XIRECS;10005.0;8
168700;;TAKER;INTARIAN_PEPPER_ROOT;XIRECS;12010.0;6
168800;;TAKER;INTARIAN_PEPPER_ROOT;XIRECS;12009.0;13
169000;TAKER;;ASH_COATED_OSMIUM;XIRECS;10008.0;10
169100;;TAKER;INTARIAN_PEPPER_ROOT;XIRECS;12010.0;3
169300;;TAKER;ASH_COATED_OSMIUM;XIRECS;9990.0;12
169500;TAKER;;INTARIAN_PEPPER_ROOT;XIRECS;12023.0;15
169700;;TAKER;ASH_COATED_OSMIUM;XIRECS;9990.0;8
170100;TAKER;;ASH_COATED_OSMIUM;XIRECS;10005.0;5
170200;;TAKER;INTARIAN_PEPPER_ROOT;XIRECS;12010.0;6
170200;TAKER;;ASH_COATED_OSMIUM;XIRECS;10009.0;5
170400;TAKER;;INTARIAN_PEPPER_ROOT;XIRECS;12024.0;10
170500;;TAKER;INTARIAN_PEPPER_ROOT;XIRECS;12009.0;8
170700;;TAKER;ASH_COATED_OSMIUM;XIRECS;9988.0;3
170800;;TAKER;INTARIAN_PEPPER_ROOT;XIRECS;12009.0;14
170900;;TAKER;ASH_COATED_OSMIUM;XIRECS;9993.0;12
171000;TAKER;;INTARIAN_PEPPER_ROOT;XIRECS;12023.0;10
171300;;TAKER;INTARIAN_PEPPER_ROOT;XIRECS;12011.0;15
171400;TAKER;;ASH_COATED_OSMIUM;XIRECS;10013.0;15
171700;;TAKER;ASH_COATED_OSMIUM;XIRECS;9990.0;11
171900;;TAKER;INTARIAN_PEPPER_ROOT;XIRECS;12009.0;8
171900;TAKER;;ASH_COATED_OSMIUM;XIRECS;10008.0;7
172100;TAKER;;INTARIAN_PEPPER_ROOT;XIRECS;12023.0;12
172300;TAKER;;ASH_COATED_OSMIUM;XIRECS;10013.0;14
172600;;TAKER;INTARIAN_PEPPER_ROOT;XIRECS;12011.0;12
172800;TAKER;;INTARIAN_PEPPER_ROOT;XIRECS;12022.0;14
172800;;TAKER;ASH_COATED_OSMIUM;XIRECS;9988.0;2
172900;;TAKER;ASH_COATED_OSMIUM;XIRECS;9989.0;8
173000;TAKER;;ASH_COATED_OSMIUM;XIRECS;10004.0;6
173100;TAKER;;ASH_COATED_OSMIUM;XIRECS;10009.0;6
173200;TAKER;;ASH_COATED_OSMIUM;XIRECS;10008.0;12
173400;;TAKER;ASH_COATED_OSMIUM;XIRECS;9992.0;4
173500;;TAKER;INTARIAN_PEPPER_ROOT;XIRECS;12009.0;15
173700;;TAKER;INTARIAN_PEPPER_ROOT;XIRECS;12008.0;13
173700;TAKER;;ASH_COATED_OSMIUM;XIRECS;10006.0;6
173900;TAKER;;INTARIAN_PEPPER_ROOT;XIRECS;12021.0;11
173900;;TAKER;ASH_COATED_OSMIUM;XIRECS;9992.0;8
174000;;TAKER;INTARIAN_PEPPER_ROOT;XIRECS;12010.0;15
174400;;TAKER;ASH_COATED_OSMIUM;XIRECS;9990.0;7
174700;TAKER;;ASH_COATED_OSMIUM;XIRECS;10011.0;4
175000;;TAKER;ASH_COATED_OSMIUM;XIRECS;9992.0;5
175200;TAKER;;ASH_COATED_OSMIUM;XIRECS;10010.0;4
175500;TAKER;;INTARIAN_PEPPER_ROOT;XIRECS;12024.0;10
175700;;TAKER;ASH_COATED_OSMIUM;XIRECS;9988.0;13
175800;TAKER;;ASH_COATED_OSMIUM;XIRECS;10006.0;2
176100;;TAKER;INTARIAN_PEPPER_ROOT;XIRECS;12009.0;5
176600;;TAKER;ASH_COATED_OSMIUM;XIRECS;9990.0;4
176700;;TAKER;ASH_COATED_OSMIUM;XIRECS;9991.0;11
176800;;TAKER;ASH_COATED_OSMIUM;XIRECS;9991.0;14
176900;TAKER;;INTARIAN_PEPPER_ROOT;XIRECS;12026.0;2
177000;;TAKER;ASH_COATED_OSMIUM;XIRECS;9993.0;4
177200;;TAKER;INTARIAN_PEPPER_ROOT;XIRECS;12010.0;15
177200;TAKER;;ASH_COATED_OSMIUM;XIRECS;10007.0;4
177300;;TAKER;INTARIAN_PEPPER_ROOT;XIRECS;12010.0;15
177300;TAKER;;ASH_COATED_OSMIUM;XIRECS;10008.0;9
177700;;TAKER;ASH_COATED_OSMIUM;XIRECS;9986.0;6
177900;TAKER;;INTARIAN_PEPPER_ROOT;XIRECS;12026.0;8
178000;TAKER;;INTARIAN_PEPPER_ROOT;XIRECS;12022.0;15
178000;;TAKER;ASH_COATED_OSMIUM;XIRECS;9991.0;9
178100;TAKER;;INTARIAN_PEPPER_ROOT;XIRECS;12025.0;10
178100;TAKER;;ASH_COATED_OSMIUM;XIRECS;10009.0;7
178300;;TAKER;INTARIAN_PEPPER_ROOT;XIRECS;12011.0;15
178400;;TAKER;ASH_COATED_OSMIUM;XIRECS;9989.0;8
178600;;TAKER;ASH_COATED_OSMIUM;XIRECS;9988.0;4
178700;;TAKER;ASH_COATED_OSMIUM;XIRECS;9990.0;12
179200;;TAKER;INTARIAN_PEPPER_ROOT;XIRECS;12010.0;8
179600;;TAKER;INTARIAN_PEPPER_ROOT;XIRECS;12011.0;3
179700;TAKER;;INTARIAN_PEPPER_ROOT;XIRECS;12025.0;4
179700;;TAKER;ASH_COATED_OSMIUM;XIRECS;9992.0;10
179900;;TAKER;INTARIAN_PEPPER_ROOT;XIRECS;12011.0;2
179900;TAKER;;ASH_COATED_OSMIUM;XIRECS;10005.0;10
180000;;TAKER;ASH_COATED_OSMIUM;XIRECS;9988.0;6
180100;TAKER;;ASH_COATED_OSMIUM;XIRECS;10008.0;7
180300;;TAKER;INTARIAN_PEPPER_ROOT;XIRECS;12010.0;3
180300;;TAKER;ASH_COATED_OSMIUM;XIRECS;9989.0;7
180400;TAKER;;INTARIAN_PEPPER_ROOT;XIRECS;12025.0;6
180500;TAKER;;INTARIAN_PEPPER_ROOT;XIRECS;12025.0;9
180500;;TAKER;ASH_COATED_OSMIUM;XIRECS;9994.0;8
180700;TAKER;;INTARIAN_PEPPER_ROOT;XIRECS;12025.0;14
181400;TAKER;;INTARIAN_PEPPER_ROOT;XIRECS;12023.0;10
181500;TAKER;;INTARIAN_PEPPER_ROOT;XIRECS;12024.0;2
181600;TAKER;;ASH_COATED_OSMIUM;XIRECS;10007.0;2
181700;;TAKER;ASH_COATED_OSMIUM;XIRECS;9989.0;2
181800;TAKER;;ASH_COATED_OSMIUM;XIRECS;10010.0;4
181900;;TAKER;INTARIAN_PEPPER_ROOT;XIRECS;12010.0;5
182000;TAKER;;INTARIAN_PEPPER_ROOT;XIRECS;12025.0;2
182100;;TAKER;ASH_COATED_OSMIUM;XIRECS;9991.0;15
182300;TAKER;;INTARIAN_PEPPER_ROOT;XIRECS;12025.0;14
182500;TAKER;;INTARIAN_PEPPER_ROOT;XIRECS;12025.0;8
182500;TAKER;;ASH_COATED_OSMIUM;XIRECS;10009.0;6
183200;TAKER;;INTARIAN_PEPPER_ROOT;XIRECS;12025.0;15
183500;TAKER;;INTARIAN_PEPPER_ROOT;XIRECS;12026.0;6
183600;TAKER;;INTARIAN_PEPPER_ROOT;XIRECS;12023.0;2
183600;TAKER;;ASH_COATED_OSMIUM;XIRECS;10009.0;13
183700;TAKER;;INTARIAN_PEPPER_ROOT;XIRECS;12023.0;12
183700;;TAKER;ASH_COATED_OSMIUM;XIRECS;9991.0;10
184200;TAKER;;INTARIAN_PEPPER_ROOT;XIRECS;12023.0;14
184400;;TAKER;INTARIAN_PEPPER_ROOT;XIRECS;12012.0;9
184500;;TAKER;ASH_COATED_OSMIUM;XIRECS;9991.0;7
184700;;TAKER;ASH_COATED_OSMIUM;XIRECS;9991.0;12
184900;TAKER;;INTARIAN_PEPPER_ROOT;XIRECS;12024.0;14
185300;;TAKER;INTARIAN_PEPPER_ROOT;XIRECS;12011.0;6
185600;TAKER;;ASH_COATED_OSMIUM;XIRECS;10010.0;13
185900;TAKER;;INTARIAN_PEPPER_ROOT;XIRECS;12025.0;2
186000;TAKER;;INTARIAN_PEPPER_ROOT;XIRECS;12025.0;7
186000;;TAKER;ASH_COATED_OSMIUM;XIRECS;9994.0;7
186800;TAKER;;ASH_COATED_OSMIUM;XIRECS;10008.0;5
187100;TAKER;;ASH_COATED_OSMIUM;XIRECS;10008.0;9
187200;TAKER;;INTARIAN_PEPPER_ROOT;XIRECS;12026.0;7
187200;TAKER;;ASH_COATED_OSMIUM;XIRECS;10010.0;14
187400;;TAKER;INTARIAN_PEPPER_ROOT;XIRECS;12011.0;4
187400;TAKER;;ASH_COATED_OSMIUM;XIRECS;10010.0;5
188000;TAKER;;ASH_COATED_OSMIUM;XIRECS;10008.0;8
188300;;TAKER;INTARIAN_PEPPER_ROOT;XIRECS;12010.0;9
188400;;TAKER;INTARIAN_PEPPER_ROOT;XIRECS;12011.0;6
188600;;TAKER;INTARIAN_PEPPER_ROOT;XIRECS;12013.0;15
188600;TAKER;;ASH_COATED_OSMIUM;XIRECS;10011.0;6
188700;TAKER;;ASH_COATED_OSMIUM;XIRECS;10009.0;8
188900;;TAKER;INTARIAN_PEPPER_ROOT;XIRECS;12011.0;13
189100;;TAKER;INTARIAN_PEPPER_ROOT;XIRECS;12013.0;11
189200;TAKER;;ASH_COATED_OSMIUM;XIRECS;10006.0;11
189400;TAKER;;INTARIAN_PEPPER_ROOT;XIRECS;12023.0;5
189600;;TAKER;INTARIAN_PEPPER_ROOT;XIRECS;12011.0;14
189700;TAKER;;ASH_COATED_OSMIUM;XIRECS;10008.0;15
189800;;TAKER;INTARIAN_PEPPER_ROOT;XIRECS;12011.0;7
189900;;TAKER;INTARIAN_PEPPER_ROOT;XIRECS;12012.0;6
190000;;TAKER;ASH_COATED_OSMIUM;XIRECS;9990.0;10
190200;TAKER;;ASH_COATED_OSMIUM;XIRECS;10009.0;8
190400;TAKER;;ASH_COATED_OSMIUM;XIRECS;10008.0;13
190700;TAKER;;ASH_COATED_OSMIUM;XIRECS;10007.0;10
191100;TAKER;;ASH_COATED_OSMIUM;XIRECS;10008.0;11
191300;;TAKER;INTARIAN_PEPPER_ROOT;XIRECS;12011.0;3
191500;;TAKER;ASH_COATED_OSMIUM;XIRECS;9989.0;4
191800;;TAKER;ASH_COATED_OSMIUM;XIRECS;9989.0;2
191900;;TAKER;INTARIAN_PEPPER_ROOT;XIRECS;12011.0;12
192000;TAKER;;ASH_COATED_OSMIUM;XIRECS;10010.0;3
192300;TAKER;;INTARIAN_PEPPER_ROOT;XIRECS;12025.0;3
192600;TAKER;;ASH_COATED_OSMIUM;XIRECS;10011.0;7
192700;;TAKER;INTARIAN_PEPPER_ROOT;XIRECS;12013.0;12
192900;TAKER;;ASH_COATED_OSMIUM;XIRECS;10005.0;2
193100;TAKER;;ASH_COATED_OSMIUM;XIRECS;10006.0;8
193300;;TAKER;INTARIAN_PEPPER_ROOT;XIRECS;12012.0;13
193400;;TAKER;INTARIAN_PEPPER_ROOT;XIRECS;12013.0;12
193800;TAKER;;ASH_COATED_OSMIUM;XIRECS;10008.0;2
193900;TAKER;;INTARIAN_PEPPER_ROOT;XIRECS;12025.0;6
194100;TAKER;;INTARIAN_PEPPER_ROOT;XIRECS;12023.0;4
194600;TAKER;;INTARIAN_PEPPER_ROOT;XIRECS;12026.0;11
194700;;TAKER;INTARIAN_PEPPER_ROOT;XIRECS;12010.0;5
194700;TAKER;;ASH_COATED_OSMIUM;XIRECS;10007.0;8
194900;TAKER;;ASH_COATED_OSMIUM;XIRECS;10008.0;8
195000;TAKER;;ASH_COATED_OSMIUM;XIRECS;10006.0;14
195100;TAKER;;ASH_COATED_OSMIUM;XIRECS;10005.0;9
195200;TAKER;;ASH_COATED_OSMIUM;XIRECS;10008.0;14
195500;;TAKER;INTARIAN_PEPPER_ROOT;XIRECS;12011.0;9
195800;;TAKER;ASH_COATED_OSMIUM;XIRECS;9991.0;6
195900;TAKER;;INTARIAN_PEPPER_ROOT;XIRECS;12026.0;10
196200;;TAKER;ASH_COATED_OSMIUM;XIRECS;9991.0;10
196500;;TAKER;INTARIAN_PEPPER_ROOT;XIRECS;12012.0;2
196600;TAKER;;ASH_COATED_OSMIUM;XIRECS;10008.0;9
196800;TAKER;;INTARIAN_PEPPER_ROOT;XIRECS;12027.0;12
196900;;TAKER;INTARIAN_PEPPER_ROOT;XIRECS;12012.0;7
197000;;TAKER;ASH_COATED_OSMIUM;XIRECS;9990.0;11
197100;;TAKER;ASH_COATED_OSMIUM;XIRECS;9988.0;3
197400;;TAKER;INTARIAN_PEPPER_ROOT;XIRECS;12013.0;9
197500;TAKER;;INTARIAN_PEPPER_ROOT;XIRECS;12025.0;9
197500;;TAKER;ASH_COATED_OSMIUM;XIRECS;9993.0;9
197800;;TAKER;INTARIAN_PEPPER_ROOT;XIRECS;12012.0;9
197800;;TAKER;ASH_COATED_OSMIUM;XIRECS;9989.0;5
197900;TAKER;;ASH_COATED_OSMIUM;XIRECS;10007.0;12
198300;TAKER;;INTARIAN_PEPPER_ROOT;XIRECS;12025.0;12
198600;;TAKER;ASH_COATED_OSMIUM;XIRECS;9990.0;10
198800;TAKER;;INTARIAN_PEPPER_ROOT;XIRECS;12026.0;14
199100;;TAKER;INTARIAN_PEPPER_ROOT;XIRECS;12015.0;15
199100;;TAKER;ASH_COATED_OSMIUM;XIRECS;9992.0;6
199200;;TAKER;ASH_COATED_OSMIUM;XIRECS;9989.0;15
199400;;TAKER;ASH_COATED_OSMIUM;XIRECS;9986.0;13
199500;;TAKER;INTARIAN_PEPPER_ROOT;XIRECS;12011.0;4
199500;;TAKER;ASH_COATED_OSMIUM;XIRECS;9990.0;12
199600;;TAKER;INTARIAN_PEPPER_ROOT;XIRECS;12010.0;12
199600;TAKER;;ASH_COATED_OSMIUM;XIRECS;10010.0;15
199800;TAKER;;ASH_COATED_OSMIUM;XIRECS;10009.0;7
200300;;TAKER;ASH_COATED_OSMIUM;XIRECS;9987.0;11
200400;;TAKER;ASH_COATED_OSMIUM;XIRECS;9989.0;14
200600;;TAKER;ASH_COATED_OSMIUM;XIRECS;9991.0;11
200700;TAKER;;INTARIAN_PEPPER_ROOT;XIRECS;12025.0;12
201100;;TAKER;INTARIAN_PEPPER_ROOT;XIRECS;12012.0;8
201100;;TAKER;ASH_COATED_OSMIUM;XIRECS;9988.0;7
201200;TAKER;;INTARIAN_PEPPER_ROOT;XIRECS;12027.0;6
201200;;TAKER;ASH_COATED_OSMIUM;XIRECS;9990.0;12
201700;TAKER;;ASH_COATED_OSMIUM;XIRECS;10007.0;8
201800;TAKER;;INTARIAN_PEPPER_ROOT;XIRECS;12024.0;5
202200;;TAKER;INTARIAN_PEPPER_ROOT;XIRECS;12014.0;4
202300;TAKER;;INTARIAN_PEPPER_ROOT;XIRECS;12025.0;11
202400;;TAKER;INTARIAN_PEPPER_ROOT;XIRECS;12013.0;2
202600;TAKER;;INTARIAN_PEPPER_ROOT;XIRECS;12027.0;8
202600;TAKER;;ASH_COATED_OSMIUM;XIRECS;10008.0;3
202800;;TAKER;ASH_COATED_OSMIUM;XIRECS;9990.0;2
202900;TAKER;;INTARIAN_PEPPER_ROOT;XIRECS;12025.0;5
203000;TAKER;;INTARIAN_PEPPER_ROOT;XIRECS;12027.0;11
203300;;TAKER;ASH_COATED_OSMIUM;XIRECS;9989.0;11
203400;TAKER;;ASH_COATED_OSMIUM;XIRECS;10009.0;6
203700;;TAKER;INTARIAN_PEPPER_ROOT;XIRECS;12015.0;9
203700;;TAKER;ASH_COATED_OSMIUM;XIRECS;9991.0;13
204000;;TAKER;ASH_COATED_OSMIUM;XIRECS;9991.0;4
204100;TAKER;;ASH_COATED_OSMIUM;XIRECS;10010.0;12
204400;TAKER;;INTARIAN_PEPPER_ROOT;XIRECS;12026.0;8
204500;;TAKER;INTARIAN_PEPPER_ROOT;XIRECS;12012.0;12
204800;;TAKER;ASH_COATED_OSMIUM;XIRECS;9987.0;11
204900;TAKER;;ASH_COATED_OSMIUM;XIRECS;10007.0;15
205300;;TAKER;ASH_COATED_OSMIUM;XIRECS;9992.0;13
205400;TAKER;;INTARIAN_PEPPER_ROOT;XIRECS;12026.0;7
205700;TAKER;;ASH_COATED_OSMIUM;XIRECS;10010.0;2
205800;TAKER;;ASH_COATED_OSMIUM;XIRECS;10005.0;2
205900;TAKER;;INTARIAN_PEPPER_ROOT;XIRECS;12027.0;5
206000;;TAKER;INTARIAN_PEPPER_ROOT;XIRECS;12013.0;2
206000;;TAKER;ASH_COATED_OSMIUM;XIRECS;9989.0;7
206200;;TAKER;INTARIAN_PEPPER_ROOT;XIRECS;12014.0;13
206400;TAKER;;ASH_COATED_OSMIUM;XIRECS;10009.0;15
206800;TAKER;;INTARIAN_PEPPER_ROOT;XIRECS;12028.0;9
207000;TAKER;;ASH_COATED_OSMIUM;XIRECS;10007.0;4
207200;;TAKER;INTARIAN_PEPPER_ROOT;XIRECS;12013.0;2
207300;TAKER;;ASH_COATED_OSMIUM;XIRECS;10009.0;13
207600;;TAKER;INTARIAN_PEPPER_ROOT;XIRECS;12010.0;14
207600;TAKER;;ASH_COATED_OSMIUM;XIRECS;10008.0;7
207700;;TAKER;ASH_COATED_OSMIUM;XIRECS;9989.0;2
207800;TAKER;;INTARIAN_PEPPER_ROOT;XIRECS;12027.0;8
208000;TAKER;;ASH_COATED_OSMIUM;XIRECS;10010.0;15
208100;;TAKER;INTARIAN_PEPPER_ROOT;XIRECS;12015.0;13
208100;;TAKER;ASH_COATED_OSMIUM;XIRECS;9992.0;13
208200;TAKER;;INTARIAN_PEPPER_ROOT;XIRECS;12027.0;3
208400;;TAKER;INTARIAN_PEPPER_ROOT;XIRECS;12013.0;2
208400;TAKER;;ASH_COATED_OSMIUM;XIRECS;10010.0;12
208600;TAKER;;INTARIAN_PEPPER_ROOT;XIRECS;12026.0;9
208600;;TAKER;ASH_COATED_OSMIUM;XIRECS;9991.0;3
208900;;TAKER;ASH_COATED_OSMIUM;XIRECS;9993.0;2
209400;TAKER;;INTARIAN_PEPPER_ROOT;XIRECS;12028.0;13
209700;;TAKER;INTARIAN_PEPPER_ROOT;XIRECS;12014.0;7
209800;TAKER;;INTARIAN_PEPPER_ROOT;XIRECS;12026.0;6
209900;TAKER;;INTARIAN_PEPPER_ROOT;XIRECS;12027.0;15
209900;TAKER;;ASH_COATED_OSMIUM;XIRECS;10007.0;11
210100;TAKER;;INTARIAN_PEPPER_ROOT;XIRECS;12028.0;13
210300;TAKER;;INTARIAN_PEPPER_ROOT;XIRECS;12029.0;10
210300;TAKER;;ASH_COATED_OSMIUM;XIRECS;10007.0;12
210400;;TAKER;INTARIAN_PEPPER_ROOT;XIRECS;12013.0;11
210600;TAKER;;ASH_COATED_OSMIUM;XIRECS;10008.0;14
210700;;TAKER;ASH_COATED_OSMIUM;XIRECS;9989.0;3
210900;;TAKER;ASH_COATED_OSMIUM;XIRECS;9989.0;10
211100;TAKER;;ASH_COATED_OSMIUM;XIRECS;10006.0;7
211400;;TAKER;INTARIAN_PEPPER_ROOT;XIRECS;12012.0;12
211700;TAKER;;ASH_COATED_OSMIUM;XIRECS;10008.0;10
212000;;TAKER;ASH_COATED_OSMIUM;XIRECS;9989.0;7
212100;TAKER;;ASH_COATED_OSMIUM;XIRECS;10011.0;4
212200;;TAKER;ASH_COATED_OSMIUM;XIRECS;9991.0;9
212500;TAKER;;INTARIAN_PEPPER_ROOT;XIRECS;12028.0;8
212600;TAKER;;ASH_COATED_OSMIUM;XIRECS;10011.0;3
212700;TAKER;;ASH_COATED_OSMIUM;XIRECS;10006.0;9
212800;TAKER;;INTARIAN_PEPPER_ROOT;XIRECS;12026.0;10
212900;;TAKER;INTARIAN_PEPPER_ROOT;XIRECS;12014.0;14
213100;TAKER;;INTARIAN_PEPPER_ROOT;XIRECS;12028.0;5
213100;;TAKER;ASH_COATED_OSMIUM;XIRECS;9990.0;7
213600;;TAKER;INTARIAN_PEPPER_ROOT;XIRECS;12013.0;12
213700;;TAKER;INTARIAN_PEPPER_ROOT;XIRECS;12015.0;9
213800;TAKER;;INTARIAN_PEPPER_ROOT;XIRECS;12028.0;7
213800;TAKER;;ASH_COATED_OSMIUM;XIRECS;10011.0;2
213900;;TAKER;ASH_COATED_OSMIUM;XIRECS;9987.0;11
214000;;TAKER;INTARIAN_PEPPER_ROOT;XIRECS;12014.0;15
214700;TAKER;;INTARIAN_PEPPER_ROOT;XIRECS;12027.0;14
214800;;TAKER;ASH_COATED_OSMIUM;XIRECS;9989.0;10
215000;TAKER;;ASH_COATED_OSMIUM;XIRECS;10008.0;4
215100;TAKER;;ASH_COATED_OSMIUM;XIRECS;10010.0;13
215300;TAKER;;INTARIAN_PEPPER_ROOT;XIRECS;12027.0;15
215500;TAKER;;INTARIAN_PEPPER_ROOT;XIRECS;12026.0;7
215700;;TAKER;INTARIAN_PEPPER_ROOT;XIRECS;12013.0;5
216200;TAKER;;INTARIAN_PEPPER_ROOT;XIRECS;12026.0;10
216400;TAKER;;ASH_COATED_OSMIUM;XIRECS;10008.0;15
216500;TAKER;;INTARIAN_PEPPER_ROOT;XIRECS;12028.0;8
216800;;TAKER;ASH_COATED_OSMIUM;XIRECS;9991.0;10
217200;TAKER;;INTARIAN_PEPPER_ROOT;XIRECS;12028.0;5
217300;;TAKER;INTARIAN_PEPPER_ROOT;XIRECS;12014.0;8
217400;;TAKER;ASH_COATED_OSMIUM;XIRECS;9991.0;3
217500;TAKER;;INTARIAN_PEPPER_ROOT;XIRECS;12028.0;3
217500;;TAKER;ASH_COATED_OSMIUM;XIRECS;9991.0;13
217600;TAKER;;ASH_COATED_OSMIUM;XIRECS;10009.0;12
217900;TAKER;;INTARIAN_PEPPER_ROOT;XIRECS;12027.0;14
218200;;TAKER;INTARIAN_PEPPER_ROOT;XIRECS;12016.0;8
218200;TAKER;;ASH_COATED_OSMIUM;XIRECS;10008.0;14
218300;TAKER;;INTARIAN_PEPPER_ROOT;XIRECS;12029.0;7
218500;TAKER;;ASH_COATED_OSMIUM;XIRECS;10006.0;4
218700;;TAKER;ASH_COATED_OSMIUM;XIRECS;9988.0;7
218800;TAKER;;ASH_COATED_OSMIUM;XIRECS;10011.0;11
219000;TAKER;;INTARIAN_PEPPER_ROOT;XIRECS;12027.0;10
219100;;TAKER;INTARIAN_PEPPER_ROOT;XIRECS;12014.0;14
219300;;TAKER;ASH_COATED_OSMIUM;XIRECS;9995.0;10
219600;;TAKER;INTARIAN_PEPPER_ROOT;XIRECS;12016.0;8
219900;;TAKER;INTARIAN_PEPPER_ROOT;XIRECS;12015.0;13
219900;TAKER;;ASH_COATED_OSMIUM;XIRECS;10011.0;12
220000;;TAKER;INTARIAN_PEPPER_ROOT;XIRECS;12013.0;7
220300;TAKER;;ASH_COATED_OSMIUM;XIRECS;10009.0;10
220600;;TAKER;ASH_COATED_OSMIUM;XIRECS;9985.0;6
220700;;TAKER;INTARIAN_PEPPER_ROOT;XIRECS;12015.0;10
220900;;TAKER;ASH_COATED_OSMIUM;XIRECS;9993.0;13
221000;TAKER;;INTARIAN_PEPPER_ROOT;XIRECS;12028.0;4
221200;TAKER;;INTARIAN_PEPPER_ROOT;XIRECS;12028.0;2
221200;TAKER;;ASH_COATED_OSMIUM;XIRECS;10010.0;7
221500;TAKER;;INTARIAN_PEPPER_ROOT;XIRECS;12030.0;12
222300;;TAKER;INTARIAN_PEPPER_ROOT;XIRECS;12015.0;9
222400;;TAKER;INTARIAN_PEPPER_ROOT;XIRECS;12014.0;7
222400;TAKER;;ASH_COATED_OSMIUM;XIRECS;10007.0;11
222500;;TAKER;ASH_COATED_OSMIUM;XIRECS;9988.0;15
222600;;TAKER;ASH_COATED_OSMIUM;XIRECS;9986.0;10
222800;TAKER;;INTARIAN_PEPPER_ROOT;XIRECS;12028.0;15
222800;TAKER;;ASH_COATED_OSMIUM;XIRECS;10008.0;13
223100;TAKER;;INTARIAN_PEPPER_ROOT;XIRECS;12029.0;6
223200;TAKER;;ASH_COATED_OSMIUM;XIRECS;10009.0;8
223600;TAKER;;INTARIAN_PEPPER_ROOT;XIRECS;12030.0;4
223700;;TAKER;INTARIAN_PEPPER_ROOT;XIRECS;12015.0;11
223700;TAKER;;ASH_COATED_OSMIUM;XIRECS;10006.0;15
224000;TAKER;;INTARIAN_PEPPER_ROOT;XIRECS;12029.0;8
224000;TAKER;;ASH_COATED_OSMIUM;XIRECS;10006.0;8
224100;TAKER;;ASH_COATED_OSMIUM;XIRECS;10011.0;9
224400;;TAKER;ASH_COATED_OSMIUM;XIRECS;9988.0;10
224500;TAKER;;ASH_COATED_OSMIUM;XIRECS;10011.0;3
225100;TAKER;;INTARIAN_PEPPER_ROOT;XIRECS;12031.0;13
225400;TAKER;;INTARIAN_PEPPER_ROOT;XIRECS;12030.0;10
225600;TAKER;;INTARIAN_PEPPER_ROOT;XIRECS;12030.0;8
225700;TAKER;;INTARIAN_PEPPER_ROOT;XIRECS;12030.0;6
225900;;TAKER;INTARIAN_PEPPER_ROOT;XIRECS;12015.0;4
225900;;TAKER;ASH_COATED_OSMIUM;XIRECS;9992.0;2
226100;;TAKER;ASH_COATED_OSMIUM;XIRECS;9991.0;12
226200;;TAKER;INTARIAN_PEPPER_ROOT;XIRECS;12015.0;11
226500;;TAKER;ASH_COATED_OSMIUM;XIRECS;9994.0;7
226600;TAKER;;INTARIAN_PEPPER_ROOT;XIRECS;12028.0;13
226700;TAKER;;ASH_COATED_OSMIUM;XIRECS;10010.0;15
226800;TAKER;;INTARIAN_PEPPER_ROOT;XIRECS;12027.0;3
226800;;TAKER;ASH_COATED_OSMIUM;XIRECS;9988.0;13
227200;TAKER;;ASH_COATED_OSMIUM;XIRECS;10007.0;3
227300;;TAKER;INTARIAN_PEPPER_ROOT;XIRECS;12014.0;3
227500;;TAKER;INTARIAN_PEPPER_ROOT;XIRECS;12016.0;13
227500;TAKER;;ASH_COATED_OSMIUM;XIRECS;10009.0;7
227900;TAKER;;ASH_COATED_OSMIUM;XIRECS;10012.0;7
228000;;TAKER;INTARIAN_PEPPER_ROOT;XIRECS;12015.0;15
228000;;TAKER;ASH_COATED_OSMIUM;XIRECS;9986.0;9
228200;;TAKER;INTARIAN_PEPPER_ROOT;XIRECS;12016.0;7
228400;;TAKER;ASH_COATED_OSMIUM;XIRECS;9990.0;11
228500;;TAKER;INTARIAN_PEPPER_ROOT;XIRECS;12016.0;2
228700;TAKER;;INTARIAN_PEPPER_ROOT;XIRECS;12032.0;15
228700;;TAKER;ASH_COATED_OSMIUM;XIRECS;9993.0;5
228900;TAKER;;INTARIAN_PEPPER_ROOT;XIRECS;12028.0;12
229100;;TAKER;INTARIAN_PEPPER_ROOT;XIRECS;12014.0;8
229100;TAKER;;ASH_COATED_OSMIUM;XIRECS;10006.0;6
229300;;TAKER;ASH_COATED_OSMIUM;XIRECS;9992.0;4
229500;;TAKER;ASH_COATED_OSMIUM;XIRECS;9992.0;3
229800;;TAKER;INTARIAN_PEPPER_ROOT;XIRECS;12015.0;10
230000;;TAKER;ASH_COATED_OSMIUM;XIRECS;9988.0;3
230200;;TAKER;INTARIAN_PEPPER_ROOT;XIRECS;12016.0;5
230200;TAKER;;ASH_COATED_OSMIUM;XIRECS;10010.0;10
230800;TAKER;;INTARIAN_PEPPER_ROOT;XIRECS;12029.0;10
230800;TAKER;;ASH_COATED_OSMIUM;XIRECS;10006.0;8
230900;TAKER;;INTARIAN_PEPPER_ROOT;XIRECS;12029.0;12
231100;TAKER;;ASH_COATED_OSMIUM;XIRECS;10009.0;7
231200;TAKER;;INTARIAN_PEPPER_ROOT;XIRECS;12031.0;10
231200;TAKER;;ASH_COATED_OSMIUM;XIRECS;10010.0;12
231300;TAKER;;ASH_COATED_OSMIUM;XIRECS;10008.0;12
231600;TAKER;;INTARIAN_PEPPER_ROOT;XIRECS;12031.0;2
231600;;TAKER;ASH_COATED_OSMIUM;XIRECS;9993.0;15
232000;TAKER;;ASH_COATED_OSMIUM;XIRECS;10008.0;11
232600;TAKER;;ASH_COATED_OSMIUM;XIRECS;10009.0;12
232700;TAKER;;ASH_COATED_OSMIUM;XIRECS;10010.0;14
232800;;TAKER;ASH_COATED_OSMIUM;XIRECS;9990.0;12
233000;TAKER;;INTARIAN_PEPPER_ROOT;XIRECS;12030.0;5
233300;TAKER;;INTARIAN_PEPPER_ROOT;XIRECS;12029.0;12
233300;;TAKER;ASH_COATED_OSMIUM;XIRECS;9991.0;11
233400;;TAKER;INTARIAN_PEPPER_ROOT;XIRECS;12015.0;14
233500;;TAKER;INTARIAN_PEPPER_ROOT;XIRECS;12016.0;11
233700;TAKER;;INTARIAN_PEPPER_ROOT;XIRECS;12029.0;13
233800;TAKER;;ASH_COATED_OSMIUM;XIRECS;10009.0;4
234100;TAKER;;INTARIAN_PEPPER_ROOT;XIRECS;12031.0;9
234200;;TAKER;INTARIAN_PEPPER_ROOT;XIRECS;12015.0;14
234400;;TAKER;INTARIAN_PEPPER_ROOT;XIRECS;12017.0;13
234400;TAKER;;ASH_COATED_OSMIUM;XIRECS;10006.0;14
234500;;TAKER;INTARIAN_PEPPER_ROOT;XIRECS;12017.0;4
234900;;TAKER;INTARIAN_PEPPER_ROOT;XIRECS;12018.0;4
234900;;TAKER;ASH_COATED_OSMIUM;XIRECS;9986.0;4
235100;;TAKER;ASH_COATED_OSMIUM;XIRECS;9987.0;5
235200;TAKER;;ASH_COATED_OSMIUM;XIRECS;10007.0;3
235400;TAKER;;INTARIAN_PEPPER_ROOT;XIRECS;12028.0;3
235600;;TAKER;INTARIAN_PEPPER_ROOT;XIRECS;12016.0;2
235600;TAKER;;ASH_COATED_OSMIUM;XIRECS;10009.0;8
235900;TAKER;;INTARIAN_PEPPER_ROOT;XIRECS;12032.0;8
235900;;TAKER;ASH_COATED_OSMIUM;XIRECS;9993.0;7
236300;;TAKER;INTARIAN_PEPPER_ROOT;XIRECS;12015.0;5
236400;;TAKER;INTARIAN_PEPPER_ROOT;XIRECS;12017.0;2
236400;;TAKER;ASH_COATED_OSMIUM;XIRECS;9994.0;14
236500;;TAKER;ASH_COATED_OSMIUM;XIRECS;9991.0;13
236600;TAKER;;INTARIAN_PEPPER_ROOT;XIRECS;12030.0;12
236600;;TAKER;ASH_COATED_OSMIUM;XIRECS;9990.0;6
236700;TAKER;;INTARIAN_PEPPER_ROOT;XIRECS;12029.0;15
237000;TAKER;;INTARIAN_PEPPER_ROOT;XIRECS;12030.0;13
237200;;TAKER;INTARIAN_PEPPER_ROOT;XIRECS;12017.0;14
237400;;TAKER;ASH_COATED_OSMIUM;XIRECS;9992.0;14
237800;;TAKER;INTARIAN_PEPPER_ROOT;XIRECS;12016.0;4
238000;;TAKER;ASH_COATED_OSMIUM;XIRECS;9993.0;10
238100;;TAKER;INTARIAN_PEPPER_ROOT;XIRECS;12019.0;8
238100;;TAKER;ASH_COATED_OSMIUM;XIRECS;9992.0;4
238200;;TAKER;ASH_COATED_OSMIUM;XIRECS;9988.0;2
238400;;TAKER;ASH_COATED_OSMIUM;XIRECS;9994.0;5
238900;TAKER;;ASH_COATED_OSMIUM;XIRECS;10010.0;3
239100;TAKER;;ASH_COATED_OSMIUM;XIRECS;10005.0;14
239200;TAKER;;ASH_COATED_OSMIUM;XIRECS;10012.0;4
239600;;TAKER;ASH_COATED_OSMIUM;XIRECS;9992.0;4
239700;TAKER;;INTARIAN_PEPPER_ROOT;XIRECS;12030.0;4
239800;TAKER;;ASH_COATED_OSMIUM;XIRECS;10008.0;4
240000;TAKER;;INTARIAN_PEPPER_ROOT;XIRECS;12031.0;10
240400;TAKER;;ASH_COATED_OSMIUM;XIRECS;10007.0;13
240700;;TAKER;INTARIAN_PEPPER_ROOT;XIRECS;12017.0;3
240800;TAKER;;ASH_COATED_OSMIUM;XIRECS;10007.0;2
240900;TAKER;;ASH_COATED_OSMIUM;XIRECS;10010.0;6
241100;TAKER;;ASH_COATED_OSMIUM;XIRECS;10008.0;15
241200;TAKER;;INTARIAN_PEPPER_ROOT;XIRECS;12030.0;8
241300;TAKER;;ASH_COATED_OSMIUM;XIRECS;10010.0;11
241400;;TAKER;ASH_COATED_OSMIUM;XIRECS;9994.0;12
241600;;TAKER;INTARIAN_PEPPER_ROOT;XIRECS;12017.0;13
241800;;TAKER;INTARIAN_PEPPER_ROOT;XIRECS;12017.0;7
241900;TAKER;;INTARIAN_PEPPER_ROOT;XIRECS;12030.0;9
241900;TAKER;;ASH_COATED_OSMIUM;XIRECS;10008.0;4
242000;TAKER;;ASH_COATED_OSMIUM;XIRECS;10006.0;4
242100;;TAKER;INTARIAN_PEPPER_ROOT;XIRECS;12015.0;9
242200;TAKER;;INTARIAN_PEPPER_ROOT;XIRECS;12029.0;9
242300;;TAKER;ASH_COATED_OSMIUM;XIRECS;9996.0;10
242500;TAKER;;INTARIAN_PEPPER_ROOT;XIRECS;12032.0;5
242500;TAKER;;ASH_COATED_OSMIUM;XIRECS;10011.0;13
242600;TAKER;;INTARIAN_PEPPER_ROOT;XIRECS;12032.0;14
242600;;TAKER;ASH_COATED_OSMIUM;XIRECS;9991.0;9
242700;;TAKER;INTARIAN_PEPPER_ROOT;XIRECS;12016.0;15
242800;TAKER;;INTARIAN_PEPPER_ROOT;XIRECS;12031.0;8
243000;TAKER;;ASH_COATED_OSMIUM;XIRECS;10009.0;10
243100;TAKER;;INTARIAN_PEPPER_ROOT;XIRECS;12030.0;2
243100;;TAKER;ASH_COATED_OSMIUM;XIRECS;9994.0;2
243300;;TAKER;INTARIAN_PEPPER_ROOT;XIRECS;12017.0;14
243700;;TAKER;ASH_COATED_OSMIUM;XIRECS;9989.0;14
244000;;TAKER;INTARIAN_PEPPER_ROOT;XIRECS;12019.0;7
244000;TAKER;;ASH_COATED_OSMIUM;XIRECS;10010.0;14
244300;TAKER;;ASH_COATED_OSMIUM;XIRECS;10012.0;14
244500;;TAKER;INTARIAN_PEPPER_ROOT;XIRECS;12016.0;15
244900;TAKER;;ASH_COATED_OSMIUM;XIRECS;10007.0;7
245000;TAKER;;ASH_COATED_OSMIUM;XIRECS;10009.0;11
245100;TAKER;;INTARIAN_PEPPER_ROOT;XIRECS;12031.0;10
245300;TAKER;;ASH_COATED_OSMIUM;XIRECS;10007.0;12
245500;;TAKER;ASH_COATED_OSMIUM;XIRECS;9984.0;12
245600;TAKER;;ASH_COATED_OSMIUM;XIRECS;10008.0;8
245700;;TAKER;INTARIAN_PEPPER_ROOT;XIRECS;12016.0;15
245700;TAKER;;ASH_COATED_OSMIUM;XIRECS;10006.0;10
245900;;TAKER;ASH_COATED_OSMIUM;XIRECS;9988.0;2
246100;TAKER;;ASH_COATED_OSMIUM;XIRECS;10007.0;12
246300;;TAKER;ASH_COATED_OSMIUM;XIRECS;9990.0;9
246500;;TAKER;INTARIAN_PEPPER_ROOT;XIRECS;12019.0;6
246700;;TAKER;INTARIAN_PEPPER_ROOT;XIRECS;12017.0;9
247000;TAKER;;INTARIAN_PEPPER_ROOT;XIRECS;12032.0;10
247000;;TAKER;ASH_COATED_OSMIUM;XIRECS;9991.0;6
247100;;TAKER;INTARIAN_PEPPER_ROOT;XIRECS;12017.0;13
247100;;TAKER;ASH_COATED_OSMIUM;XIRECS;9994.0;6
247200;TAKER;;ASH_COATED_OSMIUM;XIRECS;10007.0;15
247400;TAKER;;ASH_COATED_OSMIUM;XIRECS;10009.0;10
247500;;TAKER;ASH_COATED_OSMIUM;XIRECS;9993.0;7
247600;;TAKER;INTARIAN_PEPPER_ROOT;XIRECS;12019.0;2
247700;;TAKER;ASH_COATED_OSMIUM;XIRECS;9991.0;9
247800;;TAKER;INTARIAN_PEPPER_ROOT;XIRECS;12018.0;11
247800;TAKER;;ASH_COATED_OSMIUM;XIRECS;10010.0;15
248100;;TAKER;ASH_COATED_OSMIUM;XIRECS;9988.0;4
248400;;TAKER;INTARIAN_PEPPER_ROOT;XIRECS;12018.0;3
248400;;TAKER;ASH_COATED_OSMIUM;XIRECS;9988.0;13
248600;;TAKER;INTARIAN_PEPPER_ROOT;XIRECS;12018.0;15
248700;TAKER;;INTARIAN_PEPPER_ROOT;XIRECS;12032.0;13
248700;TAKER;;ASH_COATED_OSMIUM;XIRECS;10014.0;13
248900;TAKER;;INTARIAN_PEPPER_ROOT;XIRECS;12033.0;6
249100;;TAKER;ASH_COATED_OSMIUM;XIRECS;9991.0;2
249200;;TAKER;INTARIAN_PEPPER_ROOT;XIRECS;12019.0;12
249400;TAKER;;INTARIAN_PEPPER_ROOT;XIRECS;12032.0;13
249500;TAKER;;ASH_COATED_OSMIUM;XIRECS;10009.0;8
249800;TAKER;;INTARIAN_PEPPER_ROOT;XIRECS;12031.0;4
249900;;TAKER;ASH_COATED_OSMIUM;XIRECS;9992.0;12
250200;;TAKER;ASH_COATED_OSMIUM;XIRECS;9987.0;6
250300;;TAKER;INTARIAN_PEPPER_ROOT;XIRECS;12017.0;4
250400;TAKER;;ASH_COATED_OSMIUM;XIRECS;10006.0;11
250600;;TAKER;INTARIAN_PEPPER_ROOT;XIRECS;12018.0;5
251000;TAKER;;ASH_COATED_OSMIUM;XIRECS;10016.0;5
251300;TAKER;;INTARIAN_PEPPER_ROOT;XIRECS;12032.0;15
251400;;TAKER;INTARIAN_PEPPER_ROOT;XIRECS;12018.0;6
251900;TAKER;;ASH_COATED_OSMIUM;XIRECS;10007.0;2
252000;TAKER;;INTARIAN_PEPPER_ROOT;XIRECS;12029.0;2
252000;;TAKER;ASH_COATED_OSMIUM;XIRECS;9988.0;5
252300;TAKER;;INTARIAN_PEPPER_ROOT;XIRECS;12032.0;10
252300;;TAKER;ASH_COATED_OSMIUM;XIRECS;9989.0;8
252400;TAKER;;ASH_COATED_OSMIUM;XIRECS;10008.0;3
252600;TAKER;;ASH_COATED_OSMIUM;XIRECS;10009.0;5
252800;TAKER;;ASH_COATED_OSMIUM;XIRECS;10008.0;14
252900;TAKER;;ASH_COATED_OSMIUM;XIRECS;10010.0;13
253000;TAKER;;ASH_COATED_OSMIUM;XIRECS;10013.0;8
253100;TAKER;;ASH_COATED_OSMIUM;XIRECS;10008.0;14
253200;;TAKER;ASH_COATED_OSMIUM;XIRECS;9989.0;11
253600;TAKER;;INTARIAN_PEPPER_ROOT;XIRECS;12033.0;2
253800;;TAKER;INTARIAN_PEPPER_ROOT;XIRECS;12018.0;7
254100;;TAKER;ASH_COATED_OSMIUM;XIRECS;9988.0;15
254200;;TAKER;INTARIAN_PEPPER_ROOT;XIRECS;12016.0;15
254500;;TAKER;ASH_COATED_OSMIUM;XIRECS;9990.0;7
254600;;TAKER;INTARIAN_PEPPER_ROOT;XIRECS;12017.0;7
254600;TAKER;;ASH_COATED_OSMIUM;XIRECS;10010.0;8
254700;TAKER;;ASH_COATED_OSMIUM;XIRECS;10011.0;2
255000;TAKER;;INTARIAN_PEPPER_ROOT;XIRECS;12034.0;11
255000;;TAKER;ASH_COATED_OSMIUM;XIRECS;9992.0;13
255100;;TAKER;ASH_COATED_OSMIUM;XIRECS;9993.0;15
255400;;TAKER;ASH_COATED_OSMIUM;XIRECS;9991.0;12
255500;TAKER;;ASH_COATED_OSMIUM;XIRECS;10010.0;9
255700;;TAKER;ASH_COATED_OSMIUM;XIRECS;9993.0;14
255900;;TAKER;ASH_COATED_OSMIUM;XIRECS;9990.0;6
256300;TAKER;;INTARIAN_PEPPER_ROOT;XIRECS;12031.0;4
256300;TAKER;;ASH_COATED_OSMIUM;XIRECS;10006.0;13
256700;TAKER;;INTARIAN_PEPPER_ROOT;XIRECS;12032.0;13
256800;TAKER;;INTARIAN_PEPPER_ROOT;XIRECS;12033.0;11
257000;;TAKER;INTARIAN_PEPPER_ROOT;XIRECS;12019.0;2
257000;;TAKER;ASH_COATED_OSMIUM;XIRECS;9990.0;4
257200;TAKER;;ASH_COATED_OSMIUM;XIRECS;10009.0;15
257300;TAKER;;ASH_COATED_OSMIUM;XIRECS;10009.0;11
257500;TAKER;;ASH_COATED_OSMIUM;XIRECS;10009.0;8
257600;TAKER;;INTARIAN_PEPPER_ROOT;XIRECS;12032.0;13
257700;TAKER;;ASH_COATED_OSMIUM;XIRECS;10010.0;13
257800;TAKER;;INTARIAN_PEPPER_ROOT;XIRECS;12033.0;12
258300;TAKER;;INTARIAN_PEPPER_ROOT;XIRECS;12033.0;15
258400;TAKER;;INTARIAN_PEPPER_ROOT;XIRECS;12031.0;14
258500;;TAKER;ASH_COATED_OSMIUM;XIRECS;9988.0;5
258700;;TAKER;INTARIAN_PEPPER_ROOT;XIRECS;12017.0;3
258700;;TAKER;ASH_COATED_OSMIUM;XIRECS;9993.0;5
259000;TAKER;;ASH_COATED_OSMIUM;XIRECS;10010.0;7
259100;;TAKER;ASH_COATED_OSMIUM;XIRECS;9990.0;8
259200;TAKER;;ASH_COATED_OSMIUM;XIRECS;10010.0;5
259300;TAKER;;ASH_COATED_OSMIUM;XIRECS;10009.0;10
259400;;TAKER;INTARIAN_PEPPER_ROOT;XIRECS;12018.0;2
259500;;TAKER;INTARIAN_PEPPER_ROOT;XIRECS;12019.0;11
259600;;TAKER;ASH_COATED_OSMIUM;XIRECS;9989.0;11
259900;TAKER;;INTARIAN_PEPPER_ROOT;XIRECS;12032.0;6
260000;;TAKER;INTARIAN_PEPPER_ROOT;XIRECS;12020.0;7
260200;;TAKER;INTARIAN_PEPPER_ROOT;XIRECS;12017.0;4
260200;TAKER;;ASH_COATED_OSMIUM;XIRECS;10008.0;14
260400;TAKER;;ASH_COATED_OSMIUM;XIRECS;10007.0;2
260500;TAKER;;INTARIAN_PEPPER_ROOT;XIRECS;12033.0;8
260600;;TAKER;ASH_COATED_OSMIUM;XIRECS;9988.0;5
261100;TAKER;;INTARIAN_PEPPER_ROOT;XIRECS;12034.0;3
261200;;TAKER;ASH_COATED_OSMIUM;XIRECS;9990.0;11
261300;TAKER;;INTARIAN_PEPPER_ROOT;XIRECS;12033.0;3
261300;;TAKER;ASH_COATED_OSMIUM;XIRECS;9988.0;3
261500;TAKER;;INTARIAN_PEPPER_ROOT;XIRECS;12032.0;14
261600;TAKER;;ASH_COATED_OSMIUM;XIRECS;10009.0;5
262300;TAKER;;INTARIAN_PEPPER_ROOT;XIRECS;12033.0;5
262300;;TAKER;ASH_COATED_OSMIUM;XIRECS;9992.0;13
262700;TAKER;;ASH_COATED_OSMIUM;XIRECS;10010.0;13
262900;;TAKER;INTARIAN_PEPPER_ROOT;XIRECS;12020.0;4
263200;TAKER;;INTARIAN_PEPPER_ROOT;XIRECS;12035.0;4
263300;;TAKER;ASH_COATED_OSMIUM;XIRECS;9991.0;2
263400;;TAKER;ASH_COATED_OSMIUM;XIRECS;9992.0;2
263500;TAKER;;INTARIAN_PEPPER_ROOT;XIRECS;12035.0;2
263600;TAKER;;INTARIAN_PEPPER_ROOT;XIRECS;12031.0;4
263800;;TAKER;ASH_COATED_OSMIUM;XIRECS;9993.0;9
263900;;TAKER;INTARIAN_PEPPER_ROOT;XIRECS;12020.0;11
264000;TAKER;;INTARIAN_PEPPER_ROOT;XIRECS;12032.0;8
264100;;TAKER;INTARIAN_PEPPER_ROOT;XIRECS;12019.0;11
264300;;TAKER;ASH_COATED_OSMIUM;XIRECS;9989.0;7
264500;;TAKER;INTARIAN_PEPPER_ROOT;XIRECS;12019.0;12
264600;;TAKER;ASH_COATED_OSMIUM;XIRECS;9986.0;8
265000;;TAKER;ASH_COATED_OSMIUM;XIRECS;9987.0;11
265200;TAKER;;ASH_COATED_OSMIUM;XIRECS;10006.0;9
265500;TAKER;;INTARIAN_PEPPER_ROOT;XIRECS;12032.0;10
265600;;TAKER;ASH_COATED_OSMIUM;XIRECS;9987.0;6
265700;;TAKER;ASH_COATED_OSMIUM;XIRECS;9989.0;10
265800;;TAKER;INTARIAN_PEPPER_ROOT;XIRECS;12019.0;11
265800;;TAKER;ASH_COATED_OSMIUM;XIRECS;9993.0;6
266000;;TAKER;INTARIAN_PEPPER_ROOT;XIRECS;12020.0;2
266000;;TAKER;ASH_COATED_OSMIUM;XIRECS;9992.0;12
266300;;TAKER;INTARIAN_PEPPER_ROOT;XIRECS;12020.0;8
266500;TAKER;;INTARIAN_PEPPER_ROOT;XIRECS;12031.0;14
267200;;TAKER;INTARIAN_PEPPER_ROOT;XIRECS;12018.0;9
267200;TAKER;;ASH_COATED_OSMIUM;XIRECS;10009.0;10
267400;;TAKER;INTARIAN_PEPPER_ROOT;XIRECS;12021.0;7
267500;TAKER;;INTARIAN_PEPPER_ROOT;XIRECS;12033.0;5
267900;;TAKER;INTARIAN_PEPPER_ROOT;XIRECS;12018.0;4
268200;TAKER;;ASH_COATED_OSMIUM;XIRECS;10007.0;8
268300;TAKER;;INTARIAN_PEPPER_ROOT;XIRECS;12034.0;12
268400;TAKER;;INTARIAN_PEPPER_ROOT;XIRECS;12033.0;6
269000;;TAKER;ASH_COATED_OSMIUM;XIRECS;9994.0;5
269100;TAKER;;INTARIAN_PEPPER_ROOT;XIRECS;12032.0;5
269200;TAKER;;INTARIAN_PEPPER_ROOT;XIRECS;12035.0;14
269400;TAKER;;ASH_COATED_OSMIUM;XIRECS;10010.0;8
269500;TAKER;;INTARIAN_PEPPER_ROOT;XIRECS;12035.0;4
269800;TAKER;;ASH_COATED_OSMIUM;XIRECS;10008.0;5
269900;;TAKER;INTARIAN_PEPPER_ROOT;XIRECS;12020.0;7
270100;;TAKER;ASH_COATED_OSMIUM;XIRECS;9989.0;15
270300;;TAKER;INTARIAN_PEPPER_ROOT;XIRECS;12020.0;2
270500;TAKER;;INTARIAN_PEPPER_ROOT;XIRECS;12035.0;2
270600;TAKER;;ASH_COATED_OSMIUM;XIRECS;10010.0;5
270800;;TAKER;ASH_COATED_OSMIUM;XIRECS;9992.0;6
271100;TAKER;;INTARIAN_PEPPER_ROOT;XIRECS;12032.0;7
271200;TAKER;;ASH_COATED_OSMIUM;XIRECS;10011.0;12
271300;TAKER;;INTARIAN_PEPPER_ROOT;XIRECS;12034.0;14
271400;;TAKER;ASH_COATED_OSMIUM;XIRECS;9987.0;2
271500;TAKER;;ASH_COATED_OSMIUM;XIRECS;10011.0;3
271600;TAKER;;ASH_COATED_OSMIUM;XIRECS;10009.0;3
271700;;TAKER;ASH_COATED_OSMIUM;XIRECS;9990.0;14
272000;;TAKER;INTARIAN_PEPPER_ROOT;XIRECS;12019.0;15
272200;;TAKER;INTARIAN_PEPPER_ROOT;XIRECS;12021.0;14
272500;;TAKER;INTARIAN_PEPPER_ROOT;XIRECS;12020.0;13
272900;;TAKER;INTARIAN_PEPPER_ROOT;XIRECS;12018.0;8
273200;;TAKER;ASH_COATED_OSMIUM;XIRECS;9990.0;13
273400;TAKER;;INTARIAN_PEPPER_ROOT;XIRECS;12035.0;9
273800;;TAKER;INTARIAN_PEPPER_ROOT;XIRECS;12024.0;5
273900;;TAKER;ASH_COATED_OSMIUM;XIRECS;9990.0;3
274000;;TAKER;INTARIAN_PEPPER_ROOT;XIRECS;12021.0;11
274100;;TAKER;ASH_COATED_OSMIUM;XIRECS;9991.0;8
274900;;TAKER;ASH_COATED_OSMIUM;XIRECS;9989.0;6
275000;TAKER;;INTARIAN_PEPPER_ROOT;XIRECS;12033.0;14
275000;;TAKER;ASH_COATED_OSMIUM;XIRECS;9992.0;2
275100;;TAKER;INTARIAN_PEPPER_ROOT;XIRECS;12019.0;9
275200;;TAKER;INTARIAN_PEPPER_ROOT;XIRECS;12021.0;15
275200;TAKER;;ASH_COATED_OSMIUM;XIRECS;10009.0;3
275300;TAKER;;ASH_COATED_OSMIUM;XIRECS;10012.0;4
275400;TAKER;;ASH_COATED_OSMIUM;XIRECS;10009.0;15
275500;;TAKER;INTARIAN_PEPPER_ROOT;XIRECS;12023.0;13
275700;TAKER;;INTARIAN_PEPPER_ROOT;XIRECS;12035.0;6
275700;;TAKER;ASH_COATED_OSMIUM;XIRECS;9992.0;5
275800;TAKER;;INTARIAN_PEPPER_ROOT;XIRECS;12034.0;14
275800;TAKER;;ASH_COATED_OSMIUM;XIRECS;10008.0;9
276000;TAKER;;ASH_COATED_OSMIUM;XIRECS;10007.0;8
276100;TAKER;;INTARIAN_PEPPER_ROOT;XIRECS;12035.0;15
276200;TAKER;;ASH_COATED_OSMIUM;XIRECS;10010.0;11
276300;;TAKER;INTARIAN_PEPPER_ROOT;XIRECS;12023.0;2
276400;;TAKER;INTARIAN_PEPPER_ROOT;XIRECS;12022.0;13
276400;;TAKER;ASH_COATED_OSMIUM;XIRECS;9991.0;10
276500;TAKER;;INTARIAN_PEPPER_ROOT;XIRECS;12034.0;12
276700;TAKER;;INTARIAN_PEPPER_ROOT;XIRECS;12035.0;12
276800;TAKER;;INTARIAN_PEPPER_ROOT;XIRECS;12035.0;12
277100;TAKER;;ASH_COATED_OSMIUM;XIRECS;10008.0;2
277200;;TAKER;ASH_COATED_OSMIUM;XIRECS;9990.0;6
277500;TAKER;;ASH_COATED_OSMIUM;XIRECS;10008.0;4
277600;TAKER;;ASH_COATED_OSMIUM;XIRECS;10011.0;3
277700;TAKER;;ASH_COATED_OSMIUM;XIRECS;10011.0;9
278100;;TAKER;INTARIAN_PEPPER_ROOT;XIRECS;12020.0;6
278200;;TAKER;INTARIAN_PEPPER_ROOT;XIRECS;12017.0;15
278500;TAKER;;ASH_COATED_OSMIUM;XIRECS;10008.0;11
278600;TAKER;;INTARIAN_PEPPER_ROOT;XIRECS;12036.0;14
278700;TAKER;;INTARIAN_PEPPER_ROOT;XIRECS;12034.0;12
278800;;TAKER;INTARIAN_PEPPER_ROOT;XIRECS;12022.0;7
279000;TAKER;;ASH_COATED_OSMIUM;XIRECS;10006.0;8
279100;TAKER;;ASH_COATED_OSMIUM;XIRECS;10009.0;13
279200;;TAKER;INTARIAN_PEPPER_ROOT;XIRECS;12020.0;6
279300;TAKER;;INTARIAN_PEPPER_ROOT;XIRECS;12035.0;11
279500;TAKER;;INTARIAN_PEPPER_ROOT;XIRECS;12032.0;7
279600;TAKER;;INTARIAN_PEPPER_ROOT;XIRECS;12032.0;15
280000;;TAKER;ASH_COATED_OSMIUM;XIRECS;9991.0;5
280500;;TAKER;ASH_COATED_OSMIUM;XIRECS;9988.0;6
281200;TAKER;;ASH_COATED_OSMIUM;XIRECS;10007.0;3
281300;TAKER;;INTARIAN_PEPPER_ROOT;XIRECS;12036.0;6
281300;;TAKER;ASH_COATED_OSMIUM;XIRECS;9994.0;2
281600;;TAKER;INTARIAN_PEPPER_ROOT;XIRECS;12020.0;9
281600;TAKER;;ASH_COATED_OSMIUM;XIRECS;10013.0;5
282000;TAKER;;ASH_COATED_OSMIUM;XIRECS;10008.0;15
282100;TAKER;;ASH_COATED_OSMIUM;XIRECS;10008.0;4
282300;TAKER;;ASH_COATED_OSMIUM;XIRECS;10011.0;11
282400;;TAKER;INTARIAN_PEPPER_ROOT;XIRECS;12023.0;14
282400;TAKER;;ASH_COATED_OSMIUM;XIRECS;10009.0;3
282500;;TAKER;INTARIAN_PEPPER_ROOT;XIRECS;12022.0;11
282500;;TAKER;ASH_COATED_OSMIUM;XIRECS;9989.0;11
282600;TAKER;;ASH_COATED_OSMIUM;XIRECS;10008.0;5
282700;;TAKER;ASH_COATED_OSMIUM;XIRECS;9991.0;6
282800;;TAKER;ASH_COATED_OSMIUM;XIRECS;9990.0;9
283100;;TAKER;ASH_COATED_OSMIUM;XIRECS;9987.0;10
283300;;TAKER;ASH_COATED_OSMIUM;XIRECS;9991.0;13
283400;;TAKER;ASH_COATED_OSMIUM;XIRECS;9991.0;9
283600;;TAKER;INTARIAN_PEPPER_ROOT;XIRECS;12021.0;8
284200;TAKER;;INTARIAN_PEPPER_ROOT;XIRECS;12035.0;10
284200;TAKER;;ASH_COATED_OSMIUM;XIRECS;10008.0;3
284800;TAKER;;ASH_COATED_OSMIUM;XIRECS;10005.0;13
285100;;TAKER;INTARIAN_PEPPER_ROOT;XIRECS;12021.0;4
285200;TAKER;;ASH_COATED_OSMIUM;XIRECS;10012.0;12
285300;;TAKER;ASH_COATED_OSMIUM;XIRECS;9988.0;8
285700;;TAKER;INTARIAN_PEPPER_ROOT;XIRECS;12022.0;11
285800;TAKER;;INTARIAN_PEPPER_ROOT;XIRECS;12034.0;10
285900;TAKER;;ASH_COATED_OSMIUM;XIRECS;10009.0;9
286000;TAKER;;ASH_COATED_OSMIUM;XIRECS;10004.0;5
286100;;TAKER;INTARIAN_PEPPER_ROOT;XIRECS;12021.0;8
286700;;TAKER;ASH_COATED_OSMIUM;XIRECS;9988.0;3
286800;;TAKER;INTARIAN_PEPPER_ROOT;XIRECS;12020.0;10
287000;TAKER;;INTARIAN_PEPPER_ROOT;XIRECS;12037.0;14
287100;;TAKER;INTARIAN_PEPPER_ROOT;XIRECS;12023.0;2
287100;;TAKER;ASH_COATED_OSMIUM;XIRECS;9989.0;4
287600;TAKER;;ASH_COATED_OSMIUM;XIRECS;10007.0;12
287900;TAKER;;INTARIAN_PEPPER_ROOT;XIRECS;12034.0;7
288100;;TAKER;ASH_COATED_OSMIUM;XIRECS;9993.0;13
288500;;TAKER;INTARIAN_PEPPER_ROOT;XIRECS;12023.0;8
288700;;TAKER;ASH_COATED_OSMIUM;XIRECS;9991.0;11
288800;TAKER;;ASH_COATED_OSMIUM;XIRECS;10008.0;12
289200;TAKER;;ASH_COATED_OSMIUM;XIRECS;10004.0;5
289300;;TAKER;ASH_COATED_OSMIUM;XIRECS;9990.0;12
289600;;TAKER;INTARIAN_PEPPER_ROOT;XIRECS;12022.0;13
289600;TAKER;;ASH_COATED_OSMIUM;XIRECS;10007.0;5
289900;;TAKER;INTARIAN_PEPPER_ROOT;XIRECS;12023.0;3
289900;TAKER;;ASH_COATED_OSMIUM;XIRECS;10010.0;12
290000;TAKER;;ASH_COATED_OSMIUM;XIRECS;10012.0;3
290200;TAKER;;ASH_COATED_OSMIUM;XIRECS;10010.0;8
290400;TAKER;;INTARIAN_PEPPER_ROOT;XIRECS;12035.0;5
290400;TAKER;;ASH_COATED_OSMIUM;XIRECS;10009.0;2
290500;;TAKER;INTARIAN_PEPPER_ROOT;XIRECS;12023.0;13
290700;TAKER;;INTARIAN_PEPPER_ROOT;XIRECS;12038.0;3
290700;TAKER;;ASH_COATED_OSMIUM;XIRECS;10011.0;14
291000;TAKER;;INTARIAN_PEPPER_ROOT;XIRECS;12035.0;12
291200;;TAKER;INTARIAN_PEPPER_ROOT;XIRECS;12020.0;6
291400;;TAKER;ASH_COATED_OSMIUM;XIRECS;9991.0;14
291500;TAKER;;INTARIAN_PEPPER_ROOT;XIRECS;12034.0;2
291700;;TAKER;INTARIAN_PEPPER_ROOT;XIRECS;12022.0;14
291800;;TAKER;INTARIAN_PEPPER_ROOT;XIRECS;12021.0;9
291800;TAKER;;ASH_COATED_OSMIUM;XIRECS;10008.0;13
292200;TAKER;;ASH_COATED_OSMIUM;XIRECS;10011.0;9
292500;;TAKER;ASH_COATED_OSMIUM;XIRECS;9991.0;14
292700;TAKER;;INTARIAN_PEPPER_ROOT;XIRECS;12037.0;15
293300;TAKER;;ASH_COATED_OSMIUM;XIRECS;10015.0;11
293400;;TAKER;ASH_COATED_OSMIUM;XIRECS;9993.0;7
293800;;TAKER;INTARIAN_PEPPER_ROOT;XIRECS;12020.0;15
293900;;TAKER;ASH_COATED_OSMIUM;XIRECS;9986.0;6
294100;;TAKER;INTARIAN_PEPPER_ROOT;XIRECS;12021.0;5
294100;;TAKER;ASH_COATED_OSMIUM;XIRECS;9990.0;6
294200;TAKER;;INTARIAN_PEPPER_ROOT;XIRECS;12036.0;15
294300;;TAKER;INTARIAN_PEPPER_ROOT;XIRECS;12021.0;15
294400;TAKER;;INTARIAN_PEPPER_ROOT;XIRECS;12035.0;8
294400;TAKER;;ASH_COATED_OSMIUM;XIRECS;10007.0;15
294900;;TAKER;INTARIAN_PEPPER_ROOT;XIRECS;12024.0;7
294900;TAKER;;ASH_COATED_OSMIUM;XIRECS;10009.0;7
295000;;TAKER;ASH_COATED_OSMIUM;XIRECS;9990.0;12
295100;;TAKER;INTARIAN_PEPPER_ROOT;XIRECS;12022.0;6
295100;TAKER;;ASH_COATED_OSMIUM;XIRECS;10011.0;10
295500;;TAKER;ASH_COATED_OSMIUM;XIRECS;9991.0;7
295900;;TAKER;INTARIAN_PEPPER_ROOT;XIRECS;12022.0;3
295900;TAKER;;ASH_COATED_OSMIUM;XIRECS;10008.0;14
296400;TAKER;;ASH_COATED_OSMIUM;XIRECS;10010.0;15
296500;;TAKER;INTARIAN_PEPPER_ROOT;XIRECS;12021.0;6
296600;TAKER;;INTARIAN_PEPPER_ROOT;XIRECS;12036.0;3
296700;TAKER;;ASH_COATED_OSMIUM;XIRECS;10009.0;14
296800;;TAKER;INTARIAN_PEPPER_ROOT;XIRECS;12022.0;5
296900;;TAKER;ASH_COATED_OSMIUM;XIRECS;9988.0;9
297100;;TAKER;ASH_COATED_OSMIUM;XIRECS;9992.0;3
297400;;TAKER;ASH_COATED_OSMIUM;XIRECS;9986.0;4
297500;;TAKER;INTARIAN_PEPPER_ROOT;XIRECS;12021.0;14
297800;TAKER;;INTARIAN_PEPPER_ROOT;XIRECS;12035.0;7
297900;;TAKER;ASH_COATED_OSMIUM;XIRECS;9989.0;6
298100;;TAKER;ASH_COATED_OSMIUM;XIRECS;9991.0;12
298300;;TAKER;INTARIAN_PEPPER_ROOT;XIRECS;12022.0;3
298700;;TAKER;ASH_COATED_OSMIUM;XIRECS;9989.0;13
299200;TAKER;;INTARIAN_PEPPER_ROOT;XIRECS;12034.0;8
299300;;TAKER;ASH_COATED_OSMIUM;XIRECS;9992.0;4
299400;TAKER;;ASH_COATED_OSMIUM;XIRECS;10006.0;9
299600;;TAKER;INTARIAN_PEPPER_ROOT;XIRECS;12023.0;11
299700;TAKER;;ASH_COATED_OSMIUM;XIRECS;10010.0;13
300100;TAKER;;ASH_COATED_OSMIUM;XIRECS;10007.0;9
300200;;TAKER;INTARIAN_PEPPER_ROOT;XIRECS;12022.0;8
300400;;TAKER;ASH_COATED_OSMIUM;XIRECS;9992.0;15
300600;;TAKER;INTARIAN_PEPPER_ROOT;XIRECS;12022.0;9
300700;;TAKER;INTARIAN_PEPPER_ROOT;XIRECS;12023.0;3
300800;;TAKER;INTARIAN_PEPPER_ROOT;XIRECS;12021.0;3
300900;TAKER;;INTARIAN_PEPPER_ROOT;XIRECS;12037.0;4
301200;;TAKER;ASH_COATED_OSMIUM;XIRECS;9990.0;13
301300;TAKER;;ASH_COATED_OSMIUM;XIRECS;10009.0;15
301400;TAKER;;INTARIAN_PEPPER_ROOT;XIRECS;12036.0;15
301800;TAKER;;INTARIAN_PEPPER_ROOT;XIRECS;12037.0;10
302000;TAKER;;INTARIAN_PEPPER_ROOT;XIRECS;12038.0;10
302100;;TAKER;INTARIAN_PEPPER_ROOT;XIRECS;12024.0;11
302600;;TAKER;INTARIAN_PEPPER_ROOT;XIRECS;12021.0;12
302800;TAKER;;INTARIAN_PEPPER_ROOT;XIRECS;12037.0;2
303100;TAKER;;INTARIAN_PEPPER_ROOT;XIRECS;12038.0;3
303100;;TAKER;ASH_COATED_OSMIUM;XIRECS;9993.0;12
303300;TAKER;;INTARIAN_PEPPER_ROOT;XIRECS;12038.0;13
303400;TAKER;;ASH_COATED_OSMIUM;XIRECS;10007.0;5
303500;;TAKER;INTARIAN_PEPPER_ROOT;XIRECS;12022.0;15
303600;;TAKER;INTARIAN_PEPPER_ROOT;XIRECS;12020.0;15
303700;;TAKER;ASH_COATED_OSMIUM;XIRECS;9992.0;5
303800;TAKER;;INTARIAN_PEPPER_ROOT;XIRECS;12036.0;14
303900;;TAKER;INTARIAN_PEPPER_ROOT;XIRECS;12023.0;6
303900;TAKER;;ASH_COATED_OSMIUM;XIRECS;10005.0;9
304200;;TAKER;ASH_COATED_OSMIUM;XIRECS;9987.0;14
304400;TAKER;;INTARIAN_PEPPER_ROOT;XIRECS;12037.0;11
304600;TAKER;;INTARIAN_PEPPER_ROOT;XIRECS;12035.0;4
304900;;TAKER;ASH_COATED_OSMIUM;XIRECS;9992.0;13
305100;;TAKER;INTARIAN_PEPPER_ROOT;XIRECS;12025.0;7
305200;TAKER;;ASH_COATED_OSMIUM;XIRECS;10011.0;12
305300;TAKER;;INTARIAN_PEPPER_ROOT;XIRECS;12037.0;8
305400;;TAKER;INTARIAN_PEPPER_ROOT;XIRECS;12024.0;13
305600;TAKER;;INTARIAN_PEPPER_ROOT;XIRECS;12037.0;3
305900;;TAKER;INTARIAN_PEPPER_ROOT;XIRECS;12023.0;11
305900;;TAKER;ASH_COATED_OSMIUM;XIRECS;9992.0;10
306100;;TAKER;INTARIAN_PEPPER_ROOT;XIRECS;12024.0;14
306400;TAKER;;INTARIAN_PEPPER_ROOT;XIRECS;12036.0;15
306400;;TAKER;ASH_COATED_OSMIUM;XIRECS;9990.0;11
306500;;TAKER;ASH_COATED_OSMIUM;XIRECS;9991.0;3
306600;;TAKER;INTARIAN_PEPPER_ROOT;XIRECS;12022.0;8
306800;TAKER;;ASH_COATED_OSMIUM;XIRECS;10010.0;9
307200;;TAKER;ASH_COATED_OSMIUM;XIRECS;9991.0;7
307300;;TAKER;ASH_COATED_OSMIUM;XIRECS;9995.0;12
307400;;TAKER;INTARIAN_PEPPER_ROOT;XIRECS;12024.0;8
307400;TAKER;;ASH_COATED_OSMIUM;XIRECS;10008.0;14
307500;;TAKER;INTARIAN_PEPPER_ROOT;XIRECS;12021.0;3
307600;;TAKER;INTARIAN_PEPPER_ROOT;XIRECS;12023.0;14
307900;TAKER;;INTARIAN_PEPPER_ROOT;XIRECS;12036.0;10
308000;;TAKER;INTARIAN_PEPPER_ROOT;XIRECS;12023.0;15
308000;;TAKER;ASH_COATED_OSMIUM;XIRECS;9991.0;10
308200;;TAKER;ASH_COATED_OSMIUM;XIRECS;9991.0;3
308400;;TAKER;INTARIAN_PEPPER_ROOT;XIRECS;12023.0;15
308400;TAKER;;ASH_COATED_OSMIUM;XIRECS;10010.0;12
308500;TAKER;;ASH_COATED_OSMIUM;XIRECS;10012.0;2
308600;TAKER;;ASH_COATED_OSMIUM;XIRECS;10006.0;5
308700;;TAKER;INTARIAN_PEPPER_ROOT;XIRECS;12024.0;6
308800;TAKER;;ASH_COATED_OSMIUM;XIRECS;10009.0;6
309000;TAKER;;INTARIAN_PEPPER_ROOT;XIRECS;12039.0;3
309300;TAKER;;INTARIAN_PEPPER_ROOT;XIRECS;12038.0;2
309400;;TAKER;INTARIAN_PEPPER_ROOT;XIRECS;12024.0;7
309800;;TAKER;INTARIAN_PEPPER_ROOT;XIRECS;12023.0;3
309900;;TAKER;INTARIAN_PEPPER_ROOT;XIRECS;12022.0;11
309900;TAKER;;ASH_COATED_OSMIUM;XIRECS;10008.0;3
310000;TAKER;;INTARIAN_PEPPER_ROOT;XIRECS;12038.0;8
310100;;TAKER;INTARIAN_PEPPER_ROOT;XIRECS;12025.0;4
310100;TAKER;;ASH_COATED_OSMIUM;XIRECS;10009.0;3
310200;;TAKER;ASH_COATED_OSMIUM;XIRECS;9992.0;15
310300;TAKER;;ASH_COATED_OSMIUM;XIRECS;10007.0;11
310700;TAKER;;INTARIAN_PEPPER_ROOT;XIRECS;12037.0;4
311100;TAKER;;INTARIAN_PEPPER_ROOT;XIRECS;12036.0;11
311400;TAKER;;ASH_COATED_OSMIUM;XIRECS;10010.0;4
311700;TAKER;;INTARIAN_PEPPER_ROOT;XIRECS;12038.0;3
311800;TAKER;;ASH_COATED_OSMIUM;XIRECS;10007.0;13
311900;TAKER;;INTARIAN_PEPPER_ROOT;XIRECS;12038.0;5
311900;TAKER;;ASH_COATED_OSMIUM;XIRECS;10009.0;12
312000;TAKER;;ASH_COATED_OSMIUM;XIRECS;10009.0;7
312400;;TAKER;INTARIAN_PEPPER_ROOT;XIRECS;12022.0;12
312400;TAKER;;ASH_COATED_OSMIUM;XIRECS;10009.0;12
312600;TAKER;;INTARIAN_PEPPER_ROOT;XIRECS;12038.0;9
312600;;TAKER;ASH_COATED_OSMIUM;XIRECS;9989.0;4
312700;;TAKER;INTARIAN_PEPPER_ROOT;XIRECS;12026.0;3
312700;;TAKER;ASH_COATED_OSMIUM;XIRECS;9990.0;9
313000;TAKER;;ASH_COATED_OSMIUM;XIRECS;10010.0;13
313100;;TAKER;INTARIAN_PEPPER_ROOT;XIRECS;12022.0;15
313100;;TAKER;ASH_COATED_OSMIUM;XIRECS;9987.0;7
313200;TAKER;;INTARIAN_PEPPER_ROOT;XIRECS;12037.0;5
313400;;TAKER;INTARIAN_PEPPER_ROOT;XIRECS;12023.0;9
313700;;TAKER;INTARIAN_PEPPER_ROOT;XIRECS;12023.0;11
314100;TAKER;;INTARIAN_PEPPER_ROOT;XIRECS;12038.0;14
314700;TAKER;;INTARIAN_PEPPER_ROOT;XIRECS;12039.0;10
314700;;TAKER;ASH_COATED_OSMIUM;XIRECS;9991.0;5
315000;TAKER;;INTARIAN_PEPPER_ROOT;XIRECS;12034.0;10
315400;;TAKER;ASH_COATED_OSMIUM;XIRECS;9991.0;13
315500;;TAKER;INTARIAN_PEPPER_ROOT;XIRECS;12024.0;13
315600;TAKER;;INTARIAN_PEPPER_ROOT;XIRECS;12038.0;6
315600;TAKER;;ASH_COATED_OSMIUM;XIRECS;10007.0;5
315700;TAKER;;ASH_COATED_OSMIUM;XIRECS;10012.0;12
315900;;TAKER;INTARIAN_PEPPER_ROOT;XIRECS;12023.0;14
316300;TAKER;;ASH_COATED_OSMIUM;XIRECS;10009.0;5
316500;;TAKER;INTARIAN_PEPPER_ROOT;XIRECS;12023.0;11
316800;;TAKER;INTARIAN_PEPPER_ROOT;XIRECS;12022.0;8
316800;;TAKER;ASH_COATED_OSMIUM;XIRECS;9993.0;12
316900;;TAKER;INTARIAN_PEPPER_ROOT;XIRECS;12023.0;15
316900;;TAKER;ASH_COATED_OSMIUM;XIRECS;9992.0;4
317000;TAKER;;INTARIAN_PEPPER_ROOT;XIRECS;12037.0;3
317000;TAKER;;ASH_COATED_OSMIUM;XIRECS;10013.0;6
317200;TAKER;;ASH_COATED_OSMIUM;XIRECS;10010.0;5
317400;TAKER;;ASH_COATED_OSMIUM;XIRECS;10008.0;6
317800;;TAKER;ASH_COATED_OSMIUM;XIRECS;9991.0;9
317900;;TAKER;ASH_COATED_OSMIUM;XIRECS;9991.0;2
318100;;TAKER;ASH_COATED_OSMIUM;XIRECS;9992.0;13
318300;TAKER;;INTARIAN_PEPPER_ROOT;XIRECS;12039.0;5
318700;;TAKER;ASH_COATED_OSMIUM;XIRECS;9994.0;15
318900;;TAKER;INTARIAN_PEPPER_ROOT;XIRECS;12024.0;13
319200;TAKER;;ASH_COATED_OSMIUM;XIRECS;10010.0;7
319400;TAKER;;INTARIAN_PEPPER_ROOT;XIRECS;12037.0;7
319500;;TAKER;ASH_COATED_OSMIUM;XIRECS;9986.0;10
319600;TAKER;;INTARIAN_PEPPER_ROOT;XIRECS;12038.0;14
319600;TAKER;;ASH_COATED_OSMIUM;XIRECS;10006.0;12
319700;TAKER;;INTARIAN_PEPPER_ROOT;XIRECS;12039.0;3
319800;TAKER;;INTARIAN_PEPPER_ROOT;XIRECS;12039.0;3
319900;;TAKER;INTARIAN_PEPPER_ROOT;XIRECS;12025.0;6
319900;;TAKER;ASH_COATED_OSMIUM;XIRECS;9989.0;7
320100;TAKER;;ASH_COATED_OSMIUM;XIRECS;10011.0;13
320300;TAKER;;ASH_COATED_OSMIUM;XIRECS;10009.0;15
320400;;TAKER;INTARIAN_PEPPER_ROOT;XIRECS;12024.0;15
320600;TAKER;;INTARIAN_PEPPER_ROOT;XIRECS;12040.0;8
320600;TAKER;;ASH_COATED_OSMIUM;XIRECS;10009.0;10
321100;TAKER;;ASH_COATED_OSMIUM;XIRECS;10008.0;13
321200;;TAKER;ASH_COATED_OSMIUM;XIRECS;9987.0;7
321300;TAKER;;ASH_COATED_OSMIUM;XIRECS;10006.0;3
321600;;TAKER;INTARIAN_PEPPER_ROOT;XIRECS;12024.0;5
321600;TAKER;;ASH_COATED_OSMIUM;XIRECS;10008.0;11
322000;;TAKER;INTARIAN_PEPPER_ROOT;XIRECS;12025.0;4
322000;;TAKER;ASH_COATED_OSMIUM;XIRECS;9990.0;14
322300;;TAKER;ASH_COATED_OSMIUM;XIRECS;9991.0;8
322400;;TAKER;INTARIAN_PEPPER_ROOT;XIRECS;12025.0;8
322600;;TAKER;INTARIAN_PEPPER_ROOT;XIRECS;12026.0;8
322700;;TAKER;INTARIAN_PEPPER_ROOT;XIRECS;12024.0;9
322800;TAKER;;INTARIAN_PEPPER_ROOT;XIRECS;12038.0;5
322900;TAKER;;ASH_COATED_OSMIUM;XIRECS;10009.0;5
323000;;TAKER;INTARIAN_PEPPER_ROOT;XIRECS;12025.0;5
323300;TAKER;;ASH_COATED_OSMIUM;XIRECS;10009.0;8
323400;TAKER;;INTARIAN_PEPPER_ROOT;XIRECS;12039.0;3
323500;TAKER;;INTARIAN_PEPPER_ROOT;XIRECS;12039.0;12
323800;;TAKER;INTARIAN_PEPPER_ROOT;XIRECS;12025.0;7
324100;;TAKER;ASH_COATED_OSMIUM;XIRECS;9987.0;9
324200;;TAKER;ASH_COATED_OSMIUM;XIRECS;9989.0;14
324400;TAKER;;INTARIAN_PEPPER_ROOT;XIRECS;12039.0;12
324500;TAKER;;INTARIAN_PEPPER_ROOT;XIRECS;12037.0;9
324600;;TAKER;INTARIAN_PEPPER_ROOT;XIRECS;12024.0;10
324700;TAKER;;INTARIAN_PEPPER_ROOT;XIRECS;12040.0;6
324700;TAKER;;ASH_COATED_OSMIUM;XIRECS;10008.0;12
324800;TAKER;;INTARIAN_PEPPER_ROOT;XIRECS;12040.0;12
324900;TAKER;;ASH_COATED_OSMIUM;XIRECS;10007.0;13
325000;TAKER;;INTARIAN_PEPPER_ROOT;XIRECS;12040.0;5
325200;;TAKER;INTARIAN_PEPPER_ROOT;XIRECS;12026.0;7
325300;TAKER;;INTARIAN_PEPPER_ROOT;XIRECS;12039.0;9
325400;;TAKER;INTARIAN_PEPPER_ROOT;XIRECS;12025.0;6
325500;TAKER;;INTARIAN_PEPPER_ROOT;XIRECS;12037.0;4
325700;TAKER;;INTARIAN_PEPPER_ROOT;XIRECS;12041.0;13
325800;TAKER;;INTARIAN_PEPPER_ROOT;XIRECS;12042.0;9
326000;;TAKER;INTARIAN_PEPPER_ROOT;XIRECS;12025.0;14
326000;;TAKER;ASH_COATED_OSMIUM;XIRECS;9988.0;7
326100;TAKER;;ASH_COATED_OSMIUM;XIRECS;10009.0;13
326200;TAKER;;ASH_COATED_OSMIUM;XIRECS;10010.0;8
326300;;TAKER;INTARIAN_PEPPER_ROOT;XIRECS;12025.0;2
326300;;TAKER;ASH_COATED_OSMIUM;XIRECS;9989.0;8
326500;;TAKER;INTARIAN_PEPPER_ROOT;XIRECS;12026.0;9
326500;;TAKER;ASH_COATED_OSMIUM;XIRECS;9990.0;7
326600;;TAKER;ASH_COATED_OSMIUM;XIRECS;9992.0;4
326700;;TAKER;ASH_COATED_OSMIUM;XIRECS;9991.0;2
326900;;TAKER;INTARIAN_PEPPER_ROOT;XIRECS;12026.0;13
327100;;TAKER;ASH_COATED_OSMIUM;XIRECS;9987.0;7
327200;;TAKER;ASH_COATED_OSMIUM;XIRECS;9988.0;9
327300;TAKER;;INTARIAN_PEPPER_ROOT;XIRECS;12039.0;15
327400;;TAKER;ASH_COATED_OSMIUM;XIRECS;9990.0;14
327500;TAKER;;INTARIAN_PEPPER_ROOT;XIRECS;12040.0;10
327500;;TAKER;ASH_COATED_OSMIUM;XIRECS;9993.0;14
327700;;TAKER;ASH_COATED_OSMIUM;XIRECS;9988.0;7
328100;TAKER;;ASH_COATED_OSMIUM;XIRECS;10011.0;11
328200;TAKER;;INTARIAN_PEPPER_ROOT;XIRECS;12037.0;9
328300;TAKER;;INTARIAN_PEPPER_ROOT;XIRECS;12039.0;10
328400;;TAKER;INTARIAN_PEPPER_ROOT;XIRECS;12027.0;11
328500;;TAKER;INTARIAN_PEPPER_ROOT;XIRECS;12026.0;15
328900;;TAKER;INTARIAN_PEPPER_ROOT;XIRECS;12028.0;15
329100;;TAKER;ASH_COATED_OSMIUM;XIRECS;9988.0;5
329300;TAKER;;ASH_COATED_OSMIUM;XIRECS;10011.0;4
329400;TAKER;;ASH_COATED_OSMIUM;XIRECS;10008.0;12
329600;TAKER;;ASH_COATED_OSMIUM;XIRECS;10009.0;9
329800;;TAKER;ASH_COATED_OSMIUM;XIRECS;9994.0;8
330100;;TAKER;ASH_COATED_OSMIUM;XIRECS;9989.0;3
330200;TAKER;;ASH_COATED_OSMIUM;XIRECS;10010.0;6
330400;;TAKER;INTARIAN_PEPPER_ROOT;XIRECS;12027.0;12
330400;TAKER;;ASH_COATED_OSMIUM;XIRECS;10013.0;7
330600;TAKER;;ASH_COATED_OSMIUM;XIRECS;10009.0;14
330800;TAKER;;ASH_COATED_OSMIUM;XIRECS;10009.0;11
330900;TAKER;;ASH_COATED_OSMIUM;XIRECS;10009.0;14
331100;;TAKER;INTARIAN_PEPPER_ROOT;XIRECS;12026.0;2
331300;TAKER;;ASH_COATED_OSMIUM;XIRECS;10013.0;13
331400;;TAKER;ASH_COATED_OSMIUM;XIRECS;9986.0;9
331500;TAKER;;ASH_COATED_OSMIUM;XIRECS;10009.0;10
331600;;TAKER;ASH_COATED_OSMIUM;XIRECS;9993.0;14
331900;;TAKER;INTARIAN_PEPPER_ROOT;XIRECS;12027.0;8
332100;;TAKER;INTARIAN_PEPPER_ROOT;XIRECS;12027.0;9
332200;TAKER;;INTARIAN_PEPPER_ROOT;XIRECS;12040.0;5
332400;;TAKER;INTARIAN_PEPPER_ROOT;XIRECS;12027.0;8
332500;TAKER;;ASH_COATED_OSMIUM;XIRECS;10007.0;11
332600;TAKER;;INTARIAN_PEPPER_ROOT;XIRECS;12041.0;8
332800;;TAKER;ASH_COATED_OSMIUM;XIRECS;9988.0;2
332900;;TAKER;ASH_COATED_OSMIUM;XIRECS;9989.0;10
333100;TAKER;;ASH_COATED_OSMIUM;XIRECS;10005.0;11
333300;;TAKER;INTARIAN_PEPPER_ROOT;XIRECS;12025.0;5
333800;TAKER;;INTARIAN_PEPPER_ROOT;XIRECS;12041.0;10
333800;;TAKER;ASH_COATED_OSMIUM;XIRECS;9994.0;7
334000;TAKER;;INTARIAN_PEPPER_ROOT;XIRECS;12040.0;7
334400;TAKER;;ASH_COATED_OSMIUM;XIRECS;10012.0;2
334600;;TAKER;INTARIAN_PEPPER_ROOT;XIRECS;12027.0;3
334800;TAKER;;INTARIAN_PEPPER_ROOT;XIRECS;12038.0;10
335000;;TAKER;INTARIAN_PEPPER_ROOT;XIRECS;12028.0;14
335000;TAKER;;ASH_COATED_OSMIUM;XIRECS;10011.0;15
335200;;TAKER;INTARIAN_PEPPER_ROOT;XIRECS;12027.0;2
335300;TAKER;;INTARIAN_PEPPER_ROOT;XIRECS;12040.0;9
335300;TAKER;;ASH_COATED_OSMIUM;XIRECS;10005.0;9
335400;TAKER;;INTARIAN_PEPPER_ROOT;XIRECS;12040.0;2
335500;TAKER;;INTARIAN_PEPPER_ROOT;XIRECS;12040.0;15
335600;TAKER;;ASH_COATED_OSMIUM;XIRECS;10006.0;10
335700;;TAKER;ASH_COATED_OSMIUM;XIRECS;9992.0;14
335800;TAKER;;ASH_COATED_OSMIUM;XIRECS;10009.0;6
336100;TAKER;;ASH_COATED_OSMIUM;XIRECS;10007.0;7
336400;;TAKER;ASH_COATED_OSMIUM;XIRECS;9988.0;6
336500;;TAKER;INTARIAN_PEPPER_ROOT;XIRECS;12026.0;2
336500;TAKER;;ASH_COATED_OSMIUM;XIRECS;10007.0;7
336700;TAKER;;ASH_COATED_OSMIUM;XIRECS;10008.0;10
336800;TAKER;;INTARIAN_PEPPER_ROOT;XIRECS;12042.0;5
337100;;TAKER;INTARIAN_PEPPER_ROOT;XIRECS;12027.0;7
337200;TAKER;;ASH_COATED_OSMIUM;XIRECS;10012.0;9
337300;TAKER;;ASH_COATED_OSMIUM;XIRECS;10007.0;10
337400;;TAKER;INTARIAN_PEPPER_ROOT;XIRECS;12025.0;13
337500;;TAKER;INTARIAN_PEPPER_ROOT;XIRECS;12025.0;12
337600;;TAKER;ASH_COATED_OSMIUM;XIRECS;9989.0;14
337700;TAKER;;ASH_COATED_OSMIUM;XIRECS;10006.0;12
337800;;TAKER;ASH_COATED_OSMIUM;XIRECS;9989.0;9
337900;;TAKER;ASH_COATED_OSMIUM;XIRECS;9992.0;10
338400;;TAKER;INTARIAN_PEPPER_ROOT;XIRECS;12028.0;6
338400;TAKER;;ASH_COATED_OSMIUM;XIRECS;10006.0;14
338500;;TAKER;INTARIAN_PEPPER_ROOT;XIRECS;12026.0;14
338500;TAKER;;ASH_COATED_OSMIUM;XIRECS;10007.0;2
338600;;TAKER;ASH_COATED_OSMIUM;XIRECS;9991.0;2
338700;;TAKER;INTARIAN_PEPPER_ROOT;XIRECS;12025.0;13
338700;;TAKER;ASH_COATED_OSMIUM;XIRECS;9990.0;8
338900;;TAKER;INTARIAN_PEPPER_ROOT;XIRECS;12025.0;5
338900;;TAKER;ASH_COATED_OSMIUM;XIRECS;9991.0;7
339100;TAKER;;INTARIAN_PEPPER_ROOT;XIRECS;12038.0;15
339200;;TAKER;ASH_COATED_OSMIUM;XIRECS;9992.0;6
339300;TAKER;;ASH_COATED_OSMIUM;XIRECS;10012.0;11
339600;;TAKER;ASH_COATED_OSMIUM;XIRECS;9994.0;15
339900;;TAKER;INTARIAN_PEPPER_ROOT;XIRECS;12028.0;5
339900;TAKER;;ASH_COATED_OSMIUM;XIRECS;10010.0;7
340000;;TAKER;INTARIAN_PEPPER_ROOT;XIRECS;12026.0;9
340200;;TAKER;INTARIAN_PEPPER_ROOT;XIRECS;12027.0;5
340400;TAKER;;INTARIAN_PEPPER_ROOT;XIRECS;12040.0;5
340500;TAKER;;ASH_COATED_OSMIUM;XIRECS;10008.0;14
340700;TAKER;;ASH_COATED_OSMIUM;XIRECS;10006.0;10
340800;TAKER;;INTARIAN_PEPPER_ROOT;XIRECS;12040.0;12
340900;TAKER;;INTARIAN_PEPPER_ROOT;XIRECS;12041.0;2
341300;TAKER;;INTARIAN_PEPPER_ROOT;XIRECS;12043.0;4
341300;TAKER;;ASH_COATED_OSMIUM;XIRECS;10006.0;11
341400;;TAKER;ASH_COATED_OSMIUM;XIRECS;9990.0;4
341500;;TAKER;INTARIAN_PEPPER_ROOT;XIRECS;12028.0;8
341500;TAKER;;ASH_COATED_OSMIUM;XIRECS;10010.0;6
341800;TAKER;;ASH_COATED_OSMIUM;XIRECS;10012.0;10
342000;;TAKER;INTARIAN_PEPPER_ROOT;XIRECS;12027.0;3
342000;;TAKER;ASH_COATED_OSMIUM;XIRECS;9989.0;4
342100;;TAKER;ASH_COATED_OSMIUM;XIRECS;9990.0;7
342200;TAKER;;ASH_COATED_OSMIUM;XIRECS;10011.0;11
342300;TAKER;;INTARIAN_PEPPER_ROOT;XIRECS;12042.0;2
342400;;TAKER;ASH_COATED_OSMIUM;XIRECS;9989.0;6
342600;TAKER;;INTARIAN_PEPPER_ROOT;XIRECS;12041.0;15
342700;TAKER;;INTARIAN_PEPPER_ROOT;XIRECS;12041.0;14
342900;;TAKER;INTARIAN_PEPPER_ROOT;XIRECS;12026.0;10
342900;TAKER;;ASH_COATED_OSMIUM;XIRECS;10009.0;2
343000;TAKER;;INTARIAN_PEPPER_ROOT;XIRECS;12040.0;9
343100;;TAKER;INTARIAN_PEPPER_ROOT;XIRECS;12024.0;13
343300;;TAKER;ASH_COATED_OSMIUM;XIRECS;9990.0;14
343400;;TAKER;ASH_COATED_OSMIUM;XIRECS;9990.0;15
343500;;TAKER;INTARIAN_PEPPER_ROOT;XIRECS;12025.0;15
343500;TAKER;;ASH_COATED_OSMIUM;XIRECS;10010.0;13
343600;TAKER;;ASH_COATED_OSMIUM;XIRECS;10007.0;5
343800;;TAKER;INTARIAN_PEPPER_ROOT;XIRECS;12028.0;7
343900;TAKER;;ASH_COATED_OSMIUM;XIRECS;10009.0;5
344600;;TAKER;INTARIAN_PEPPER_ROOT;XIRECS;12027.0;8
344900;;TAKER;ASH_COATED_OSMIUM;XIRECS;9992.0;6
345100;;TAKER;ASH_COATED_OSMIUM;XIRECS;9988.0;8
345300;;TAKER;ASH_COATED_OSMIUM;XIRECS;9991.0;12
345600;TAKER;;ASH_COATED_OSMIUM;XIRECS;10010.0;8
345700;TAKER;;INTARIAN_PEPPER_ROOT;XIRECS;12041.0;2
345800;TAKER;;INTARIAN_PEPPER_ROOT;XIRECS;12041.0;14
345800;;TAKER;ASH_COATED_OSMIUM;XIRECS;9992.0;11
346200;;TAKER;ASH_COATED_OSMIUM;XIRECS;9991.0;15
346400;TAKER;;ASH_COATED_OSMIUM;XIRECS;10009.0;8
346500;TAKER;;ASH_COATED_OSMIUM;XIRECS;10010.0;5
346900;;TAKER;INTARIAN_PEPPER_ROOT;XIRECS;12026.0;5
346900;;TAKER;ASH_COATED_OSMIUM;XIRECS;9990.0;7
347100;;TAKER;INTARIAN_PEPPER_ROOT;XIRECS;12027.0;11
347100;;TAKER;ASH_COATED_OSMIUM;XIRECS;9990.0;2
347200;TAKER;;INTARIAN_PEPPER_ROOT;XIRECS;12039.0;3
347200;;TAKER;ASH_COATED_OSMIUM;XIRECS;9988.0;5
347400;;TAKER;INTARIAN_PEPPER_ROOT;XIRECS;12027.0;5
347400;;TAKER;ASH_COATED_OSMIUM;XIRECS;9991.0;8
347500;;TAKER;ASH_COATED_OSMIUM;XIRECS;9991.0;8
347600;TAKER;;ASH_COATED_OSMIUM;XIRECS;10009.0;5
347700;TAKER;;INTARIAN_PEPPER_ROOT;XIRECS;12041.0;5
347800;;TAKER;ASH_COATED_OSMIUM;XIRECS;9992.0;15
347900;TAKER;;INTARIAN_PEPPER_ROOT;XIRECS;12040.0;2
348000;TAKER;;INTARIAN_PEPPER_ROOT;XIRECS;12041.0;14
348100;;TAKER;INTARIAN_PEPPER_ROOT;XIRECS;12025.0;12
348100;;TAKER;ASH_COATED_OSMIUM;XIRECS;9991.0;5
348200;;TAKER;ASH_COATED_OSMIUM;XIRECS;9993.0;8
348300;TAKER;;ASH_COATED_OSMIUM;XIRECS;10006.0;3
348500;TAKER;;INTARIAN_PEPPER_ROOT;XIRECS;12041.0;3
348600;;TAKER;INTARIAN_PEPPER_ROOT;XIRECS;12026.0;15
349000;TAKER;;INTARIAN_PEPPER_ROOT;XIRECS;12040.0;2
349000;;TAKER;ASH_COATED_OSMIUM;XIRECS;9989.0;2
349200;TAKER;;ASH_COATED_OSMIUM;XIRECS;10011.0;9
349300;TAKER;;INTARIAN_PEPPER_ROOT;XIRECS;12040.0;13
349300;TAKER;;ASH_COATED_OSMIUM;XIRECS;10008.0;4
349400;TAKER;;INTARIAN_PEPPER_ROOT;XIRECS;12040.0;8
349500;;TAKER;INTARIAN_PEPPER_ROOT;XIRECS;12029.0;15
349800;TAKER;;INTARIAN_PEPPER_ROOT;XIRECS;12042.0;8
349800;;TAKER;ASH_COATED_OSMIUM;XIRECS;9991.0;11
349900;TAKER;;ASH_COATED_OSMIUM;XIRECS;10007.0;15
350500;TAKER;;ASH_COATED_OSMIUM;XIRECS;10010.0;5
350600;;TAKER;INTARIAN_PEPPER_ROOT;XIRECS;12029.0;4
350800;TAKER;;INTARIAN_PEPPER_ROOT;XIRECS;12041.0;11
350900;TAKER;;INTARIAN_PEPPER_ROOT;XIRECS;12039.0;7
351000;TAKER;;ASH_COATED_OSMIUM;XIRECS;10007.0;3
351100;;TAKER;ASH_COATED_OSMIUM;XIRECS;9991.0;2
351300;;TAKER;INTARIAN_PEPPER_ROOT;XIRECS;12029.0;7
352200;;TAKER;ASH_COATED_OSMIUM;XIRECS;9992.0;2
352500;TAKER;;ASH_COATED_OSMIUM;XIRECS;10008.0;15
352800;;TAKER;INTARIAN_PEPPER_ROOT;XIRECS;12028.0;6
353000;TAKER;;INTARIAN_PEPPER_ROOT;XIRECS;12042.0;4
353100;TAKER;;INTARIAN_PEPPER_ROOT;XIRECS;12043.0;4
353200;TAKER;;ASH_COATED_OSMIUM;XIRECS;10006.0;12
353300;;TAKER;INTARIAN_PEPPER_ROOT;XIRECS;12028.0;3
353700;TAKER;;INTARIAN_PEPPER_ROOT;XIRECS;12044.0;11
353700;TAKER;;ASH_COATED_OSMIUM;XIRECS;10005.0;13
354000;TAKER;;INTARIAN_PEPPER_ROOT;XIRECS;12042.0;6
354300;;TAKER;ASH_COATED_OSMIUM;XIRECS;9992.0;6
354400;TAKER;;ASH_COATED_OSMIUM;XIRECS;10010.0;7
354500;;TAKER;INTARIAN_PEPPER_ROOT;XIRECS;12030.0;10
354700;;TAKER;INTARIAN_PEPPER_ROOT;XIRECS;12029.0;3
354800;TAKER;;INTARIAN_PEPPER_ROOT;XIRECS;12041.0;9
354900;TAKER;;ASH_COATED_OSMIUM;XIRECS;10011.0;13
355100;TAKER;;INTARIAN_PEPPER_ROOT;XIRECS;12043.0;2
355100;;TAKER;ASH_COATED_OSMIUM;XIRECS;9991.0;13
355200;;TAKER;ASH_COATED_OSMIUM;XIRECS;9988.0;7
355500;TAKER;;INTARIAN_PEPPER_ROOT;XIRECS;12043.0;11
355600;TAKER;;ASH_COATED_OSMIUM;XIRECS;10010.0;12
355700;TAKER;;INTARIAN_PEPPER_ROOT;XIRECS;12043.0;3
356200;TAKER;;INTARIAN_PEPPER_ROOT;XIRECS;12043.0;13
356500;;TAKER;INTARIAN_PEPPER_ROOT;XIRECS;12028.0;8
356600;TAKER;;INTARIAN_PEPPER_ROOT;XIRECS;12042.0;7
356700;TAKER;;ASH_COATED_OSMIUM;XIRECS;10010.0;8
356800;;TAKER;ASH_COATED_OSMIUM;XIRECS;9990.0;3
357000;;TAKER;INTARIAN_PEPPER_ROOT;XIRECS;12028.0;15
357100;TAKER;;INTARIAN_PEPPER_ROOT;XIRECS;12043.0;14
357400;;TAKER;ASH_COATED_OSMIUM;XIRECS;9993.0;13
357500;TAKER;;ASH_COATED_OSMIUM;XIRECS;10009.0;11
357700;TAKER;;INTARIAN_PEPPER_ROOT;XIRECS;12042.0;14
358200;TAKER;;ASH_COATED_OSMIUM;XIRECS;10008.0;2
358500;TAKER;;ASH_COATED_OSMIUM;XIRECS;10008.0;15
358800;TAKER;;INTARIAN_PEPPER_ROOT;XIRECS;12043.0;2
358800;;TAKER;ASH_COATED_OSMIUM;XIRECS;9987.0;4
358900;TAKER;;ASH_COATED_OSMIUM;XIRECS;10009.0;12
359000;;TAKER;ASH_COATED_OSMIUM;XIRECS;9988.0;14
359100;TAKER;;INTARIAN_PEPPER_ROOT;XIRECS;12043.0;12
359200;;TAKER;INTARIAN_PEPPER_ROOT;XIRECS;12029.0;4
359200;;TAKER;ASH_COATED_OSMIUM;XIRECS;9991.0;13
359300;;TAKER;INTARIAN_PEPPER_ROOT;XIRECS;12028.0;6
359700;;TAKER;INTARIAN_PEPPER_ROOT;XIRECS;12030.0;15
359700;TAKER;;ASH_COATED_OSMIUM;XIRECS;10007.0;15
360100;;TAKER;INTARIAN_PEPPER_ROOT;XIRECS;12029.0;15
360200;TAKER;;INTARIAN_PEPPER_ROOT;XIRECS;12042.0;8
360200;;TAKER;ASH_COATED_OSMIUM;XIRECS;9991.0;7
360600;;TAKER;INTARIAN_PEPPER_ROOT;XIRECS;12028.0;12
360600;TAKER;;ASH_COATED_OSMIUM;XIRECS;10007.0;11
360900;TAKER;;ASH_COATED_OSMIUM;XIRECS;10011.0;12
361000;;TAKER;INTARIAN_PEPPER_ROOT;XIRECS;12027.0;15
361100;;TAKER;INTARIAN_PEPPER_ROOT;XIRECS;12029.0;7
361100;TAKER;;ASH_COATED_OSMIUM;XIRECS;10010.0;2
361200;;TAKER;INTARIAN_PEPPER_ROOT;XIRECS;12029.0;13
361300;TAKER;;ASH_COATED_OSMIUM;XIRECS;10007.0;7
361500;;TAKER;INTARIAN_PEPPER_ROOT;XIRECS;12029.0;5
361700;TAKER;;ASH_COATED_OSMIUM;XIRECS;10011.0;7
361800;;TAKER;INTARIAN_PEPPER_ROOT;XIRECS;12028.0;13
361900;TAKER;;INTARIAN_PEPPER_ROOT;XIRECS;12043.0;14
361900;TAKER;;ASH_COATED_OSMIUM;XIRECS;10007.0;12
362100;;TAKER;INTARIAN_PEPPER_ROOT;XIRECS;12028.0;15
362200;TAKER;;INTARIAN_PEPPER_ROOT;XIRECS;12044.0;11
362300;;TAKER;ASH_COATED_OSMIUM;XIRECS;9992.0;2
362500;TAKER;;ASH_COATED_OSMIUM;XIRECS;10007.0;13
362600;;TAKER;INTARIAN_PEPPER_ROOT;XIRECS;12029.0;7
362600;;TAKER;ASH_COATED_OSMIUM;XIRECS;9992.0;2
362900;TAKER;;INTARIAN_PEPPER_ROOT;XIRECS;12046.0;13
363000;TAKER;;ASH_COATED_OSMIUM;XIRECS;10007.0;8
363100;;TAKER;INTARIAN_PEPPER_ROOT;XIRECS;12028.0;3
363200;TAKER;;ASH_COATED_OSMIUM;XIRECS;10006.0;8
363300;TAKER;;INTARIAN_PEPPER_ROOT;XIRECS;12041.0;2
364000;TAKER;;ASH_COATED_OSMIUM;XIRECS;10006.0;8
364100;;TAKER;INTARIAN_PEPPER_ROOT;XIRECS;12028.0;11
364600;TAKER;;INTARIAN_PEPPER_ROOT;XIRECS;12045.0;2
364700;;TAKER;ASH_COATED_OSMIUM;XIRECS;9990.0;5
364800;TAKER;;ASH_COATED_OSMIUM;XIRECS;10010.0;8
364900;;TAKER;ASH_COATED_OSMIUM;XIRECS;9990.0;9
365500;TAKER;;INTARIAN_PEPPER_ROOT;XIRECS;12043.0;9
365500;;TAKER;ASH_COATED_OSMIUM;XIRECS;9991.0;15
365600;;TAKER;ASH_COATED_OSMIUM;XIRECS;9994.0;7
365800;TAKER;;INTARIAN_PEPPER_ROOT;XIRECS;12044.0;11
365800;TAKER;;ASH_COATED_OSMIUM;XIRECS;10010.0;11
366100;;TAKER;ASH_COATED_OSMIUM;XIRECS;9987.0;12
366300;;TAKER;INTARIAN_PEPPER_ROOT;XIRECS;12029.0;9
366400;;TAKER;ASH_COATED_OSMIUM;XIRECS;9991.0;15
366500;TAKER;;ASH_COATED_OSMIUM;XIRECS;10009.0;10
366600;;TAKER;ASH_COATED_OSMIUM;XIRECS;9991.0;2
366800;TAKER;;INTARIAN_PEPPER_ROOT;XIRECS;12043.0;14
366900;;TAKER;INTARIAN_PEPPER_ROOT;XIRECS;12031.0;10
366900;TAKER;;ASH_COATED_OSMIUM;XIRECS;10004.0;6
367000;;TAKER;INTARIAN_PEPPER_ROOT;XIRECS;12028.0;9
367000;;TAKER;ASH_COATED_OSMIUM;XIRECS;9993.0;11
367100;;TAKER;INTARIAN_PEPPER_ROOT;XIRECS;12030.0;12
367600;;TAKER;ASH_COATED_OSMIUM;XIRECS;9991.0;4
367800;;TAKER;ASH_COATED_OSMIUM;XIRECS;9989.0;9
368100;;TAKER;INTARIAN_PEPPER_ROOT;XIRECS;12029.0;8
368200;TAKER;;INTARIAN_PEPPER_ROOT;XIRECS;12043.0;11
368400;;TAKER;ASH_COATED_OSMIUM;XIRECS;9987.0;13
368700;;TAKER;INTARIAN_PEPPER_ROOT;XIRECS;12030.0;7
368800;;TAKER;INTARIAN_PEPPER_ROOT;XIRECS;12031.0;5
368800;;TAKER;ASH_COATED_OSMIUM;XIRECS;9988.0;2
368900;TAKER;;INTARIAN_PEPPER_ROOT;XIRECS;12042.0;3
368900;TAKER;;ASH_COATED_OSMIUM;XIRECS;10011.0;8
369500;TAKER;;INTARIAN_PEPPER_ROOT;XIRECS;12045.0;6
369500;TAKER;;ASH_COATED_OSMIUM;XIRECS;10006.0;15
369600;TAKER;;INTARIAN_PEPPER_ROOT;XIRECS;12043.0;2
369700;;TAKER;INTARIAN_PEPPER_ROOT;XIRECS;12031.0;15
369800;;TAKER;ASH_COATED_OSMIUM;XIRECS;9988.0;15
369900;TAKER;;INTARIAN_PEPPER_ROOT;XIRECS;12042.0;3
370000;;TAKER;INTARIAN_PEPPER_ROOT;XIRECS;12027.0;12
370000;;TAKER;ASH_COATED_OSMIUM;XIRECS;9991.0;12
370100;TAKER;;INTARIAN_PEPPER_ROOT;XIRECS;12041.0;14
370100;;TAKER;ASH_COATED_OSMIUM;XIRECS;9988.0;5
370400;;TAKER;INTARIAN_PEPPER_ROOT;XIRECS;12029.0;4
370600;;TAKER;ASH_COATED_OSMIUM;XIRECS;9992.0;10
370700;TAKER;;INTARIAN_PEPPER_ROOT;XIRECS;12045.0;13
370700;TAKER;;ASH_COATED_OSMIUM;XIRECS;10007.0;7
370800;TAKER;;INTARIAN_PEPPER_ROOT;XIRECS;12043.0;8
370800;TAKER;;ASH_COATED_OSMIUM;XIRECS;10010.0;2
371000;;TAKER;INTARIAN_PEPPER_ROOT;XIRECS;12030.0;14
371100;;TAKER;INTARIAN_PEPPER_ROOT;XIRECS;12030.0;8
371200;;TAKER;ASH_COATED_OSMIUM;XIRECS;9991.0;2
371500;TAKER;;INTARIAN_PEPPER_ROOT;XIRECS;12043.0;7
371600;TAKER;;ASH_COATED_OSMIUM;XIRECS;10008.0;13
372600;;TAKER;INTARIAN_PEPPER_ROOT;XIRECS;12031.0;8
372700;TAKER;;INTARIAN_PEPPER_ROOT;XIRECS;12044.0;10
372700;TAKER;;ASH_COATED_OSMIUM;XIRECS;10009.0;6
372900;;TAKER;INTARIAN_PEPPER_ROOT;XIRECS;12030.0;3
373000;;TAKER;INTARIAN_PEPPER_ROOT;XIRECS;12030.0;8
373100;TAKER;;INTARIAN_PEPPER_ROOT;XIRECS;12043.0;15
373200;;TAKER;ASH_COATED_OSMIUM;XIRECS;9987.0;8
373300;TAKER;;ASH_COATED_OSMIUM;XIRECS;10008.0;6
373500;TAKER;;INTARIAN_PEPPER_ROOT;XIRECS;12044.0;15
373600;TAKER;;INTARIAN_PEPPER_ROOT;XIRECS;12043.0;8
373700;TAKER;;INTARIAN_PEPPER_ROOT;XIRECS;12043.0;3
373900;TAKER;;INTARIAN_PEPPER_ROOT;XIRECS;12045.0;4
374000;TAKER;;INTARIAN_PEPPER_ROOT;XIRECS;12045.0;3
374000;TAKER;;ASH_COATED_OSMIUM;XIRECS;10011.0;6
374100;TAKER;;INTARIAN_PEPPER_ROOT;XIRECS;12045.0;6
374100;TAKER;;ASH_COATED_OSMIUM;XIRECS;10006.0;11
374200;TAKER;;INTARIAN_PEPPER_ROOT;XIRECS;12046.0;9
374200;TAKER;;ASH_COATED_OSMIUM;XIRECS;10008.0;11
374300;;TAKER;ASH_COATED_OSMIUM;XIRECS;9989.0;11
374600;TAKER;;INTARIAN_PEPPER_ROOT;XIRECS;12044.0;10
374700;;TAKER;ASH_COATED_OSMIUM;XIRECS;9986.0;8
374800;;TAKER;ASH_COATED_OSMIUM;XIRECS;9993.0;10
374900;TAKER;;ASH_COATED_OSMIUM;XIRECS;10008.0;7
375000;;TAKER;INTARIAN_PEPPER_ROOT;XIRECS;12028.0;2
375400;;TAKER;INTARIAN_PEPPER_ROOT;XIRECS;12029.0;11
375500;TAKER;;INTARIAN_PEPPER_ROOT;XIRECS;12045.0;14
375600;TAKER;;INTARIAN_PEPPER_ROOT;XIRECS;12044.0;2
375700;;TAKER;ASH_COATED_OSMIUM;XIRECS;9989.0;12
375900;;TAKER;INTARIAN_PEPPER_ROOT;XIRECS;12030.0;12
375900;TAKER;;ASH_COATED_OSMIUM;XIRECS;10008.0;6
376000;TAKER;;INTARIAN_PEPPER_ROOT;XIRECS;12042.0;6
376000;;TAKER;ASH_COATED_OSMIUM;XIRECS;9990.0;13
376200;;TAKER;INTARIAN_PEPPER_ROOT;XIRECS;12031.0;5
376300;;TAKER;ASH_COATED_OSMIUM;XIRECS;9990.0;2
376700;;TAKER;INTARIAN_PEPPER_ROOT;XIRECS;12030.0;5
376700;TAKER;;ASH_COATED_OSMIUM;XIRECS;10012.0;7
376800;TAKER;;INTARIAN_PEPPER_ROOT;XIRECS;12044.0;3
376900;;TAKER;INTARIAN_PEPPER_ROOT;XIRECS;12028.0;8
376900;;TAKER;ASH_COATED_OSMIUM;XIRECS;9990.0;4
377000;;TAKER;ASH_COATED_OSMIUM;XIRECS;9993.0;7
377200;TAKER;;INTARIAN_PEPPER_ROOT;XIRECS;12044.0;14
377400;TAKER;;INTARIAN_PEPPER_ROOT;XIRECS;12044.0;8
377400;TAKER;;ASH_COATED_OSMIUM;XIRECS;10006.0;7
377500;TAKER;;ASH_COATED_OSMIUM;XIRECS;10010.0;6
377600;TAKER;;INTARIAN_PEPPER_ROOT;XIRECS;12045.0;14
377800;TAKER;;ASH_COATED_OSMIUM;XIRECS;10010.0;7
377900;TAKER;;INTARIAN_PEPPER_ROOT;XIRECS;12045.0;7
378000;;TAKER;ASH_COATED_OSMIUM;XIRECS;9993.0;5
378100;TAKER;;INTARIAN_PEPPER_ROOT;XIRECS;12043.0;5
378200;;TAKER;INTARIAN_PEPPER_ROOT;XIRECS;12030.0;11
378300;TAKER;;INTARIAN_PEPPER_ROOT;XIRECS;12046.0;10
378600;TAKER;;ASH_COATED_OSMIUM;XIRECS;10007.0;11
378800;;TAKER;ASH_COATED_OSMIUM;XIRECS;9990.0;4
378900;;TAKER;INTARIAN_PEPPER_ROOT;XIRECS;12032.0;14
379100;TAKER;;ASH_COATED_OSMIUM;XIRECS;10003.0;5
379200;;TAKER;ASH_COATED_OSMIUM;XIRECS;9994.0;12
379300;TAKER;;ASH_COATED_OSMIUM;XIRECS;10009.0;5
379400;;TAKER;ASH_COATED_OSMIUM;XIRECS;9992.0;3
379600;TAKER;;ASH_COATED_OSMIUM;XIRECS;10011.0;9
379700;TAKER;;INTARIAN_PEPPER_ROOT;XIRECS;12043.0;3
379700;TAKER;;ASH_COATED_OSMIUM;XIRECS;10005.0;14
379800;;TAKER;INTARIAN_PEPPER_ROOT;XIRECS;12032.0;8
380000;TAKER;;ASH_COATED_OSMIUM;XIRECS;10007.0;2
380200;TAKER;;ASH_COATED_OSMIUM;XIRECS;10009.0;2
380400;;TAKER;ASH_COATED_OSMIUM;XIRECS;9992.0;2
380500;TAKER;;INTARIAN_PEPPER_ROOT;XIRECS;12045.0;10
380700;;TAKER;INTARIAN_PEPPER_ROOT;XIRECS;12029.0;7
380800;;TAKER;ASH_COATED_OSMIUM;XIRECS;9991.0;8
381200;TAKER;;ASH_COATED_OSMIUM;XIRECS;10010.0;11
381400;TAKER;;ASH_COATED_OSMIUM;XIRECS;10007.0;10
381500;TAKER;;INTARIAN_PEPPER_ROOT;XIRECS;12045.0;4
381500;;TAKER;ASH_COATED_OSMIUM;XIRECS;9989.0;8
381600;;TAKER;INTARIAN_PEPPER_ROOT;XIRECS;12031.0;11
381600;;TAKER;ASH_COATED_OSMIUM;XIRECS;9989.0;2
381700;TAKER;;INTARIAN_PEPPER_ROOT;XIRECS;12045.0;7
381800;TAKER;;INTARIAN_PEPPER_ROOT;XIRECS;12045.0;10
382100;TAKER;;INTARIAN_PEPPER_ROOT;XIRECS;12044.0;7
382200;;TAKER;ASH_COATED_OSMIUM;XIRECS;9990.0;4
382900;;TAKER;ASH_COATED_OSMIUM;XIRECS;9991.0;15
383000;;TAKER;ASH_COATED_OSMIUM;XIRECS;9990.0;13
383200;TAKER;;ASH_COATED_OSMIUM;XIRECS;10011.0;2
383300;;TAKER;INTARIAN_PEPPER_ROOT;XIRECS;12031.0;5
383500;TAKER;;ASH_COATED_OSMIUM;XIRECS;10010.0;4
383600;TAKER;;INTARIAN_PEPPER_ROOT;XIRECS;12045.0;9
383600;TAKER;;ASH_COATED_OSMIUM;XIRECS;10007.0;11
383800;;TAKER;ASH_COATED_OSMIUM;XIRECS;9991.0;6
383900;;TAKER;INTARIAN_PEPPER_ROOT;XIRECS;12032.0;3
384000;;TAKER;ASH_COATED_OSMIUM;XIRECS;9996.0;15
384200;;TAKER;INTARIAN_PEPPER_ROOT;XIRECS;12029.0;9
384600;;TAKER;INTARIAN_PEPPER_ROOT;XIRECS;12029.0;13
384800;TAKER;;ASH_COATED_OSMIUM;XIRECS;10008.0;14
385500;;TAKER;ASH_COATED_OSMIUM;XIRECS;9986.0;12
385600;;TAKER;ASH_COATED_OSMIUM;XIRECS;9987.0;13
385700;;TAKER;INTARIAN_PEPPER_ROOT;XIRECS;12031.0;3
385700;TAKER;;ASH_COATED_OSMIUM;XIRECS;10010.0;4
385800;;TAKER;INTARIAN_PEPPER_ROOT;XIRECS;12032.0;14
386100;;TAKER;ASH_COATED_OSMIUM;XIRECS;9994.0;7
386300;TAKER;;INTARIAN_PEPPER_ROOT;XIRECS;12046.0;3
386700;;TAKER;INTARIAN_PEPPER_ROOT;XIRECS;12031.0;6
386800;;TAKER;INTARIAN_PEPPER_ROOT;XIRECS;12031.0;15
386900;;TAKER;INTARIAN_PEPPER_ROOT;XIRECS;12031.0;14
387200;;TAKER;INTARIAN_PEPPER_ROOT;XIRECS;12030.0;11
387400;;TAKER;INTARIAN_PEPPER_ROOT;XIRECS;12032.0;2
387400;TAKER;;ASH_COATED_OSMIUM;XIRECS;10006.0;3
387500;;TAKER;ASH_COATED_OSMIUM;XIRECS;9991.0;2
387600;TAKER;;ASH_COATED_OSMIUM;XIRECS;10009.0;13
387700;;TAKER;ASH_COATED_OSMIUM;XIRECS;9989.0;5
387800;;TAKER;INTARIAN_PEPPER_ROOT;XIRECS;12033.0;7
388100;;TAKER;ASH_COATED_OSMIUM;XIRECS;9996.0;6
388600;TAKER;;ASH_COATED_OSMIUM;XIRECS;10009.0;10
388700;TAKER;;INTARIAN_PEPPER_ROOT;XIRECS;12046.0;5
388800;;TAKER;ASH_COATED_OSMIUM;XIRECS;9991.0;2
388900;;TAKER;INTARIAN_PEPPER_ROOT;XIRECS;12032.0;10
388900;TAKER;;ASH_COATED_OSMIUM;XIRECS;10007.0;7
389000;TAKER;;ASH_COATED_OSMIUM;XIRECS;10007.0;13
389200;;TAKER;INTARIAN_PEPPER_ROOT;XIRECS;12032.0;10
389300;TAKER;;INTARIAN_PEPPER_ROOT;XIRECS;12047.0;10
389300;TAKER;;ASH_COATED_OSMIUM;XIRECS;10007.0;7
389800;TAKER;;INTARIAN_PEPPER_ROOT;XIRECS;12046.0;3
390000;TAKER;;ASH_COATED_OSMIUM;XIRECS;10006.0;5
390100;;TAKER;INTARIAN_PEPPER_ROOT;XIRECS;12031.0;9
390100;;TAKER;ASH_COATED_OSMIUM;XIRECS;9994.0;3
390400;TAKER;;ASH_COATED_OSMIUM;XIRECS;10010.0;11
390600;TAKER;;ASH_COATED_OSMIUM;XIRECS;10010.0;9
390700;TAKER;;ASH_COATED_OSMIUM;XIRECS;10009.0;14
390800;;TAKER;ASH_COATED_OSMIUM;XIRECS;9990.0;13
390900;TAKER;;INTARIAN_PEPPER_ROOT;XIRECS;12048.0;8
390900;;TAKER;ASH_COATED_OSMIUM;XIRECS;9991.0;4
391100;;TAKER;ASH_COATED_OSMIUM;XIRECS;9992.0;9
391200;;TAKER;INTARIAN_PEPPER_ROOT;XIRECS;12030.0;6
391300;TAKER;;ASH_COATED_OSMIUM;XIRECS;10006.0;14
391400;TAKER;;INTARIAN_PEPPER_ROOT;XIRECS;12045.0;8
391400;;TAKER;ASH_COATED_OSMIUM;XIRECS;9990.0;12
391600;TAKER;;INTARIAN_PEPPER_ROOT;XIRECS;12046.0;2
391700;;TAKER;ASH_COATED_OSMIUM;XIRECS;9993.0;3
392500;;TAKER;ASH_COATED_OSMIUM;XIRECS;9992.0;12
392700;;TAKER;ASH_COATED_OSMIUM;XIRECS;9990.0;2
392900;TAKER;;ASH_COATED_OSMIUM;XIRECS;10006.0;12
393100;;TAKER;INTARIAN_PEPPER_ROOT;XIRECS;12031.0;6
393200;TAKER;;ASH_COATED_OSMIUM;XIRECS;10008.0;12
393300;;TAKER;INTARIAN_PEPPER_ROOT;XIRECS;12034.0;8
393400;TAKER;;INTARIAN_PEPPER_ROOT;XIRECS;12045.0;3
393400;TAKER;;ASH_COATED_OSMIUM;XIRECS;10009.0;8
393700;TAKER;;INTARIAN_PEPPER_ROOT;XIRECS;12048.0;7
393700;TAKER;;ASH_COATED_OSMIUM;XIRECS;10008.0;4
393900;TAKER;;INTARIAN_PEPPER_ROOT;XIRECS;12046.0;8
394000;TAKER;;INTARIAN_PEPPER_ROOT;XIRECS;12045.0;4
394300;;TAKER;INTARIAN_PEPPER_ROOT;XIRECS;12033.0;9
394400;;TAKER;INTARIAN_PEPPER_ROOT;XIRECS;12034.0;7
394400;TAKER;;ASH_COATED_OSMIUM;XIRECS;10009.0;11
394600;TAKER;;INTARIAN_PEPPER_ROOT;XIRECS;12046.0;5
394800;;TAKER;ASH_COATED_OSMIUM;XIRECS;9989.0;12
394900;;TAKER;ASH_COATED_OSMIUM;XIRECS;9994.0;5
395000;TAKER;;ASH_COATED_OSMIUM;XIRECS;10008.0;4
395200;;TAKER;INTARIAN_PEPPER_ROOT;XIRECS;12033.0;14
395200;;TAKER;ASH_COATED_OSMIUM;XIRECS;9997.0;5
395300;TAKER;;INTARIAN_PEPPER_ROOT;XIRECS;12047.0;3
395300;TAKER;;ASH_COATED_OSMIUM;XIRECS;10007.0;2
395400;TAKER;;INTARIAN_PEPPER_ROOT;XIRECS;12046.0;13
395400;TAKER;;ASH_COATED_OSMIUM;XIRECS;10006.0;5
395600;;TAKER;ASH_COATED_OSMIUM;XIRECS;9990.0;10
395700;TAKER;;INTARIAN_PEPPER_ROOT;XIRECS;12047.0;14
395700;;TAKER;ASH_COATED_OSMIUM;XIRECS;9992.0;13
395800;TAKER;;ASH_COATED_OSMIUM;XIRECS;10010.0;8
396200;;TAKER;ASH_COATED_OSMIUM;XIRECS;9991.0;13
396300;TAKER;;ASH_COATED_OSMIUM;XIRECS;10014.0;8
396400;;TAKER;ASH_COATED_OSMIUM;XIRECS;9990.0;7
396800;TAKER;;INTARIAN_PEPPER_ROOT;XIRECS;12046.0;14
396900;TAKER;;INTARIAN_PEPPER_ROOT;XIRECS;12044.0;9
396900;;TAKER;ASH_COATED_OSMIUM;XIRECS;9990.0;11
397000;;TAKER;INTARIAN_PEPPER_ROOT;XIRECS;12034.0;2
397100;;TAKER;INTARIAN_PEPPER_ROOT;XIRECS;12034.0;7
397200;;TAKER;ASH_COATED_OSMIUM;XIRECS;9989.0;14
397300;;TAKER;INTARIAN_PEPPER_ROOT;XIRECS;12033.0;12
397500;;TAKER;INTARIAN_PEPPER_ROOT;XIRECS;12033.0;10
397500;;TAKER;ASH_COATED_OSMIUM;XIRECS;9992.0;13
397600;TAKER;;INTARIAN_PEPPER_ROOT;XIRECS;12046.0;4
397800;;TAKER;INTARIAN_PEPPER_ROOT;XIRECS;12033.0;6
397800;TAKER;;ASH_COATED_OSMIUM;XIRECS;10006.0;13
398300;;TAKER;ASH_COATED_OSMIUM;XIRECS;9991.0;9
398400;TAKER;;ASH_COATED_OSMIUM;XIRECS;10007.0;12
398500;TAKER;;INTARIAN_PEPPER_ROOT;XIRECS;12047.0;15
398500;;TAKER;ASH_COATED_OSMIUM;XIRECS;9990.0;3
398600;;TAKER;INTARIAN_PEPPER_ROOT;XIRECS;12031.0;8
398800;TAKER;;ASH_COATED_OSMIUM;XIRECS;10008.0;6
399200;;TAKER;ASH_COATED_OSMIUM;XIRECS;9991.0;3
399400;TAKER;;ASH_COATED_OSMIUM;XIRECS;10011.0;6
399500;;TAKER;ASH_COATED_OSMIUM;XIRECS;9994.0;14
399900;;TAKER;ASH_COATED_OSMIUM;XIRECS;9990.0;6
400000;TAKER;;INTARIAN_PEPPER_ROOT;XIRECS;12046.0;6
400300;;TAKER;INTARIAN_PEPPER_ROOT;XIRECS;12033.0;10
400400;TAKER;;INTARIAN_PEPPER_ROOT;XIRECS;12047.0;8
400400;TAKER;;ASH_COATED_OSMIUM;XIRECS;10008.0;8
400600;;TAKER;ASH_COATED_OSMIUM;XIRECS;9990.0;11
400900;TAKER;;INTARIAN_PEPPER_ROOT;XIRECS;12047.0;10
400900;;TAKER;ASH_COATED_OSMIUM;XIRECS;9991.0;11
401000;;TAKER;ASH_COATED_OSMIUM;XIRECS;9989.0;2
401300;;TAKER;ASH_COATED_OSMIUM;XIRECS;9992.0;2
401500;TAKER;;INTARIAN_PEPPER_ROOT;XIRECS;12049.0;10
401700;;TAKER;ASH_COATED_OSMIUM;XIRECS;9988.0;11
401900;;TAKER;INTARIAN_PEPPER_ROOT;XIRECS;12031.0;6
401900;TAKER;;ASH_COATED_OSMIUM;XIRECS;10010.0;11
402000;;TAKER;ASH_COATED_OSMIUM;XIRECS;9992.0;15
402200;TAKER;;INTARIAN_PEPPER_ROOT;XIRECS;12049.0;2
402200;;TAKER;ASH_COATED_OSMIUM;XIRECS;9991.0;2
402300;;TAKER;INTARIAN_PEPPER_ROOT;XIRECS;12033.0;5
402300;TAKER;;ASH_COATED_OSMIUM;XIRECS;10010.0;10
402500;TAKER;;INTARIAN_PEPPER_ROOT;XIRECS;12047.0;4
402800;;TAKER;INTARIAN_PEPPER_ROOT;XIRECS;12033.0;15
403200;;TAKER;INTARIAN_PEPPER_ROOT;XIRECS;12032.0;13
403400;;TAKER;INTARIAN_PEPPER_ROOT;XIRECS;12033.0;12
403500;TAKER;;INTARIAN_PEPPER_ROOT;XIRECS;12047.0;5
403600;TAKER;;INTARIAN_PEPPER_ROOT;XIRECS;12046.0;12
403600;;TAKER;ASH_COATED_OSMIUM;XIRECS;9993.0;9
403700;TAKER;;INTARIAN_PEPPER_ROOT;XIRECS;12046.0;11
403700;;TAKER;ASH_COATED_OSMIUM;XIRECS;9989.0;13
403800;TAKER;;INTARIAN_PEPPER_ROOT;XIRECS;12048.0;14
403800;;TAKER;ASH_COATED_OSMIUM;XIRECS;9989.0;8
403900;;TAKER;ASH_COATED_OSMIUM;XIRECS;9989.0;13
404200;;TAKER;ASH_COATED_OSMIUM;XIRECS;9994.0;3
404300;TAKER;;ASH_COATED_OSMIUM;XIRECS;10008.0;14
404400;TAKER;;INTARIAN_PEPPER_ROOT;XIRECS;12048.0;7
404500;TAKER;;INTARIAN_PEPPER_ROOT;XIRECS;12047.0;11
404700;TAKER;;INTARIAN_PEPPER_ROOT;XIRECS;12046.0;3
404700;TAKER;;ASH_COATED_OSMIUM;XIRECS;10010.0;5
404800;;TAKER;INTARIAN_PEPPER_ROOT;XIRECS;12032.0;6
404800;;TAKER;ASH_COATED_OSMIUM;XIRECS;9990.0;3
405000;TAKER;;INTARIAN_PEPPER_ROOT;XIRECS;12047.0;11
405300;;TAKER;INTARIAN_PEPPER_ROOT;XIRECS;12032.0;3
405300;;TAKER;ASH_COATED_OSMIUM;XIRECS;9991.0;5
405400;;TAKER;INTARIAN_PEPPER_ROOT;XIRECS;12033.0;7
405400;TAKER;;ASH_COATED_OSMIUM;XIRECS;10010.0;8
405500;;TAKER;INTARIAN_PEPPER_ROOT;XIRECS;12034.0;9
405900;TAKER;;ASH_COATED_OSMIUM;XIRECS;10009.0;12
406000;TAKER;;INTARIAN_PEPPER_ROOT;XIRECS;12049.0;3
406100;TAKER;;INTARIAN_PEPPER_ROOT;XIRECS;12045.0;14
406200;TAKER;;INTARIAN_PEPPER_ROOT;XIRECS;12046.0;10
406300;;TAKER;INTARIAN_PEPPER_ROOT;XIRECS;12036.0;6
406400;;TAKER;ASH_COATED_OSMIUM;XIRECS;9994.0;6
406600;TAKER;;INTARIAN_PEPPER_ROOT;XIRECS;12048.0;12
406600;TAKER;;ASH_COATED_OSMIUM;XIRECS;10005.0;4
406900;TAKER;;ASH_COATED_OSMIUM;XIRECS;10008.0;6
407000;;TAKER;ASH_COATED_OSMIUM;XIRECS;9993.0;7
407200;TAKER;;INTARIAN_PEPPER_ROOT;XIRECS;12047.0;5
407200;TAKER;;ASH_COATED_OSMIUM;XIRECS;10009.0;9
407300;;TAKER;INTARIAN_PEPPER_ROOT;XIRECS;12034.0;5
407500;;TAKER;ASH_COATED_OSMIUM;XIRECS;9992.0;11
407600;TAKER;;INTARIAN_PEPPER_ROOT;XIRECS;12047.0;6
407700;;TAKER;INTARIAN_PEPPER_ROOT;XIRECS;12032.0;15
407900;TAKER;;ASH_COATED_OSMIUM;XIRECS;10007.0;7
408100;;TAKER;INTARIAN_PEPPER_ROOT;XIRECS;12033.0;9
408400;;TAKER;ASH_COATED_OSMIUM;XIRECS;9993.0;5
408800;;TAKER;INTARIAN_PEPPER_ROOT;XIRECS;12034.0;5
409000;TAKER;;ASH_COATED_OSMIUM;XIRECS;10009.0;11
409100;TAKER;;INTARIAN_PEPPER_ROOT;XIRECS;12047.0;9
409400;;TAKER;INTARIAN_PEPPER_ROOT;XIRECS;12033.0;13
409400;TAKER;;ASH_COATED_OSMIUM;XIRECS;10004.0;15
409500;TAKER;;INTARIAN_PEPPER_ROOT;XIRECS;12047.0;9
409800;;TAKER;ASH_COATED_OSMIUM;XIRECS;9990.0;8
409900;TAKER;;INTARIAN_PEPPER_ROOT;XIRECS;12046.0;11
410000;;TAKER;INTARIAN_PEPPER_ROOT;XIRECS;12034.0;4
410200;;TAKER;INTARIAN_PEPPER_ROOT;XIRECS;12035.0;8
410500;;TAKER;INTARIAN_PEPPER_ROOT;XIRECS;12034.0;3
410900;;TAKER;INTARIAN_PEPPER_ROOT;XIRECS;12033.0;8
411200;TAKER;;INTARIAN_PEPPER_ROOT;XIRECS;12048.0;7
411500;;TAKER;ASH_COATED_OSMIUM;XIRECS;9991.0;10
411700;;TAKER;INTARIAN_PEPPER_ROOT;XIRECS;12033.0;6
412600;TAKER;;ASH_COATED_OSMIUM;XIRECS;10008.0;10
413100;;TAKER;ASH_COATED_OSMIUM;XIRECS;9991.0;12
413200;TAKER;;ASH_COATED_OSMIUM;XIRECS;10007.0;6
413300;TAKER;;ASH_COATED_OSMIUM;XIRECS;10007.0;8
413400;TAKER;;ASH_COATED_OSMIUM;XIRECS;10005.0;9
413500;;TAKER;INTARIAN_PEPPER_ROOT;XIRECS;12034.0;14
413500;TAKER;;ASH_COATED_OSMIUM;XIRECS;10009.0;5
413700;;TAKER;ASH_COATED_OSMIUM;XIRECS;9990.0;7
414000;TAKER;;INTARIAN_PEPPER_ROOT;XIRECS;12048.0;10
414100;;TAKER;ASH_COATED_OSMIUM;XIRECS;9995.0;12
414200;TAKER;;INTARIAN_PEPPER_ROOT;XIRECS;12048.0;9
414200;TAKER;;ASH_COATED_OSMIUM;XIRECS;10012.0;15
414400;;TAKER;ASH_COATED_OSMIUM;XIRECS;9988.0;15
414700;;TAKER;INTARIAN_PEPPER_ROOT;XIRECS;12034.0;11
414700;TAKER;;ASH_COATED_OSMIUM;XIRECS;10007.0;14
415100;TAKER;;INTARIAN_PEPPER_ROOT;XIRECS;12048.0;11
415500;TAKER;;INTARIAN_PEPPER_ROOT;XIRECS;12050.0;5
415900;TAKER;;INTARIAN_PEPPER_ROOT;XIRECS;12048.0;9
416100;TAKER;;INTARIAN_PEPPER_ROOT;XIRECS;12047.0;4
416300;TAKER;;INTARIAN_PEPPER_ROOT;XIRECS;12047.0;7
416500;;TAKER;ASH_COATED_OSMIUM;XIRECS;9990.0;10
416900;;TAKER;ASH_COATED_OSMIUM;XIRECS;9987.0;15
417000;TAKER;;INTARIAN_PEPPER_ROOT;XIRECS;12047.0;2
417100;;TAKER;INTARIAN_PEPPER_ROOT;XIRECS;12034.0;8
417200;;TAKER;INTARIAN_PEPPER_ROOT;XIRECS;12032.0;3
417400;TAKER;;INTARIAN_PEPPER_ROOT;XIRECS;12048.0;4
417400;;TAKER;ASH_COATED_OSMIUM;XIRECS;9991.0;14
417500;TAKER;;INTARIAN_PEPPER_ROOT;XIRECS;12047.0;11
417500;TAKER;;ASH_COATED_OSMIUM;XIRECS;10008.0;10
417900;TAKER;;ASH_COATED_OSMIUM;XIRECS;10009.0;4
418000;;TAKER;ASH_COATED_OSMIUM;XIRECS;9992.0;12
418100;TAKER;;INTARIAN_PEPPER_ROOT;XIRECS;12047.0;13
418200;;TAKER;ASH_COATED_OSMIUM;XIRECS;9987.0;5
418500;;TAKER;ASH_COATED_OSMIUM;XIRECS;9989.0;13
418600;;TAKER;INTARIAN_PEPPER_ROOT;XIRECS;12035.0;7
418600;;TAKER;ASH_COATED_OSMIUM;XIRECS;9992.0;7
418700;;TAKER;ASH_COATED_OSMIUM;XIRECS;9989.0;10
419000;;TAKER;INTARIAN_PEPPER_ROOT;XIRECS;12034.0;8
419100;TAKER;;ASH_COATED_OSMIUM;XIRECS;10010.0;9
419200;;TAKER;INTARIAN_PEPPER_ROOT;XIRECS;12032.0;14
419200;;TAKER;ASH_COATED_OSMIUM;XIRECS;9994.0;8
419700;;TAKER;ASH_COATED_OSMIUM;XIRECS;9990.0;14
419800;TAKER;;INTARIAN_PEPPER_ROOT;XIRECS;12048.0;9
420200;TAKER;;ASH_COATED_OSMIUM;XIRECS;10009.0;8
420300;;TAKER;INTARIAN_PEPPER_ROOT;XIRECS;12036.0;11
420700;;TAKER;INTARIAN_PEPPER_ROOT;XIRECS;12035.0;13
421000;;TAKER;ASH_COATED_OSMIUM;XIRECS;9991.0;6
421100;TAKER;;INTARIAN_PEPPER_ROOT;XIRECS;12050.0;15
421200;;TAKER;ASH_COATED_OSMIUM;XIRECS;9990.0;13
421500;TAKER;;INTARIAN_PEPPER_ROOT;XIRECS;12048.0;2
421600;;TAKER;INTARIAN_PEPPER_ROOT;XIRECS;12037.0;13
421700;TAKER;;INTARIAN_PEPPER_ROOT;XIRECS;12048.0;14
421900;;TAKER;ASH_COATED_OSMIUM;XIRECS;9989.0;13
422000;TAKER;;INTARIAN_PEPPER_ROOT;XIRECS;12050.0;12
422000;;TAKER;ASH_COATED_OSMIUM;XIRECS;9991.0;9
422100;;TAKER;INTARIAN_PEPPER_ROOT;XIRECS;12035.0;11
422100;TAKER;;ASH_COATED_OSMIUM;XIRECS;10008.0;10
422300;;TAKER;INTARIAN_PEPPER_ROOT;XIRECS;12034.0;2
422300;TAKER;;ASH_COATED_OSMIUM;XIRECS;10007.0;10
422500;TAKER;;ASH_COATED_OSMIUM;XIRECS;10010.0;3
422700;;TAKER;ASH_COATED_OSMIUM;XIRECS;9990.0;7
423000;TAKER;;ASH_COATED_OSMIUM;XIRECS;10006.0;4
423200;TAKER;;ASH_COATED_OSMIUM;XIRECS;10011.0;10
423500;;TAKER;INTARIAN_PEPPER_ROOT;XIRECS;12034.0;10
423500;TAKER;;ASH_COATED_OSMIUM;XIRECS;10006.0;2
423600;TAKER;;ASH_COATED_OSMIUM;XIRECS;10011.0;3
423700;;TAKER;INTARIAN_PEPPER_ROOT;XIRECS;12036.0;12
424000;;TAKER;ASH_COATED_OSMIUM;XIRECS;9992.0;4
424100;TAKER;;ASH_COATED_OSMIUM;XIRECS;10009.0;4
424400;;TAKER;ASH_COATED_OSMIUM;XIRECS;9990.0;5
424500;TAKER;;INTARIAN_PEPPER_ROOT;XIRECS;12049.0;4
424600;TAKER;;ASH_COATED_OSMIUM;XIRECS;10010.0;5
424700;;TAKER;ASH_COATED_OSMIUM;XIRECS;9991.0;12
424800;TAKER;;ASH_COATED_OSMIUM;XIRECS;10008.0;2
424900;TAKER;;INTARIAN_PEPPER_ROOT;XIRECS;12048.0;3
424900;TAKER;;ASH_COATED_OSMIUM;XIRECS;10009.0;12
425000;TAKER;;ASH_COATED_OSMIUM;XIRECS;10011.0;7
425200;TAKER;;ASH_COATED_OSMIUM;XIRECS;10006.0;13
425400;TAKER;;INTARIAN_PEPPER_ROOT;XIRECS;12050.0;15
425500;TAKER;;INTARIAN_PEPPER_ROOT;XIRECS;12050.0;2
425600;TAKER;;ASH_COATED_OSMIUM;XIRECS;10009.0;3
426000;;TAKER;INTARIAN_PEPPER_ROOT;XIRECS;12036.0;13
426000;TAKER;;ASH_COATED_OSMIUM;XIRECS;10011.0;9
426100;;TAKER;ASH_COATED_OSMIUM;XIRECS;9991.0;5
426200;TAKER;;ASH_COATED_OSMIUM;XIRECS;10008.0;9
426400;TAKER;;ASH_COATED_OSMIUM;XIRECS;10009.0;13
426500;TAKER;;INTARIAN_PEPPER_ROOT;XIRECS;12051.0;3
426600;;TAKER;INTARIAN_PEPPER_ROOT;XIRECS;12037.0;9
426600;;TAKER;ASH_COATED_OSMIUM;XIRECS;9989.0;5
427100;TAKER;;ASH_COATED_OSMIUM;XIRECS;10010.0;14
427200;;TAKER;INTARIAN_PEPPER_ROOT;XIRECS;12034.0;13
427200;TAKER;;ASH_COATED_OSMIUM;XIRECS;10010.0;13
427300;TAKER;;ASH_COATED_OSMIUM;XIRECS;10008.0;2
427600;;TAKER;ASH_COATED_OSMIUM;XIRECS;9994.0;13
427800;;TAKER;INTARIAN_PEPPER_ROOT;XIRECS;12035.0;2
428000;;TAKER;INTARIAN_PEPPER_ROOT;XIRECS;12036.0;8
428800;TAKER;;ASH_COATED_OSMIUM;XIRECS;10010.0;15
428900;TAKER;;ASH_COATED_OSMIUM;XIRECS;10009.0;11
429000;;TAKER;INTARIAN_PEPPER_ROOT;XIRECS;12035.0;13
429100;TAKER;;INTARIAN_PEPPER_ROOT;XIRECS;12051.0;12
429100;;TAKER;ASH_COATED_OSMIUM;XIRECS;9992.0;5
429200;;TAKER;INTARIAN_PEPPER_ROOT;XIRECS;12036.0;14
429200;TAKER;;ASH_COATED_OSMIUM;XIRECS;10009.0;13
429300;;TAKER;INTARIAN_PEPPER_ROOT;XIRECS;12035.0;2
429500;TAKER;;INTARIAN_PEPPER_ROOT;XIRECS;12050.0;2
429600;TAKER;;INTARIAN_PEPPER_ROOT;XIRECS;12048.0;15
429600;TAKER;;ASH_COATED_OSMIUM;XIRECS;10011.0;3
429900;;TAKER;ASH_COATED_OSMIUM;XIRECS;9993.0;14
430200;;TAKER;ASH_COATED_OSMIUM;XIRECS;9995.0;5
430500;TAKER;;ASH_COATED_OSMIUM;XIRECS;10010.0;7
430700;;TAKER;INTARIAN_PEPPER_ROOT;XIRECS;12036.0;9
430800;;TAKER;INTARIAN_PEPPER_ROOT;XIRECS;12036.0;5
430900;TAKER;;INTARIAN_PEPPER_ROOT;XIRECS;12050.0;8
430900;TAKER;;ASH_COATED_OSMIUM;XIRECS;10010.0;10
431100;TAKER;;ASH_COATED_OSMIUM;XIRECS;10010.0;13
431200;;TAKER;ASH_COATED_OSMIUM;XIRECS;9992.0;7
431300;TAKER;;INTARIAN_PEPPER_ROOT;XIRECS;12049.0;4
431300;TAKER;;ASH_COATED_OSMIUM;XIRECS;10012.0;2
431800;TAKER;;INTARIAN_PEPPER_ROOT;XIRECS;12049.0;12
431900;TAKER;;ASH_COATED_OSMIUM;XIRECS;10008.0;4
432200;TAKER;;ASH_COATED_OSMIUM;XIRECS;10004.0;5
432700;;TAKER;INTARIAN_PEPPER_ROOT;XIRECS;12034.0;12
432700;TAKER;;ASH_COATED_OSMIUM;XIRECS;10011.0;8
432800;;TAKER;INTARIAN_PEPPER_ROOT;XIRECS;12036.0;7
433000;TAKER;;ASH_COATED_OSMIUM;XIRECS;10012.0;6
433300;TAKER;;ASH_COATED_OSMIUM;XIRECS;10008.0;15
433500;;TAKER;ASH_COATED_OSMIUM;XIRECS;9994.0;5
434100;TAKER;;INTARIAN_PEPPER_ROOT;XIRECS;12052.0;3
434200;;TAKER;ASH_COATED_OSMIUM;XIRECS;9995.0;9
434300;;TAKER;ASH_COATED_OSMIUM;XIRECS;9993.0;3
434400;;TAKER;INTARIAN_PEPPER_ROOT;XIRECS;12036.0;2
434700;TAKER;;INTARIAN_PEPPER_ROOT;XIRECS;12050.0;14
434900;TAKER;;INTARIAN_PEPPER_ROOT;XIRECS;12049.0;8
435700;;TAKER;INTARIAN_PEPPER_ROOT;XIRECS;12037.0;12
435700;;TAKER;ASH_COATED_OSMIUM;XIRECS;9995.0;4
436100;;TAKER;INTARIAN_PEPPER_ROOT;XIRECS;12034.0;11
436200;TAKER;;INTARIAN_PEPPER_ROOT;XIRECS;12047.0;15
436300;TAKER;;ASH_COATED_OSMIUM;XIRECS;10009.0;8
436400;;TAKER;ASH_COATED_OSMIUM;XIRECS;9992.0;11
436600;;TAKER;INTARIAN_PEPPER_ROOT;XIRECS;12036.0;10
436700;TAKER;;ASH_COATED_OSMIUM;XIRECS;10007.0;11
436800;;TAKER;INTARIAN_PEPPER_ROOT;XIRECS;12036.0;2
437200;TAKER;;INTARIAN_PEPPER_ROOT;XIRECS;12049.0;3
437200;;TAKER;ASH_COATED_OSMIUM;XIRECS;9989.0;10
437400;;TAKER;ASH_COATED_OSMIUM;XIRECS;9987.0;12
437600;TAKER;;INTARIAN_PEPPER_ROOT;XIRECS;12050.0;14
437700;;TAKER;ASH_COATED_OSMIUM;XIRECS;9989.0;10
437800;;TAKER;ASH_COATED_OSMIUM;XIRECS;9995.0;11
438000;;TAKER;INTARIAN_PEPPER_ROOT;XIRECS;12037.0;12
438100;TAKER;;INTARIAN_PEPPER_ROOT;XIRECS;12049.0;11
438100;;TAKER;ASH_COATED_OSMIUM;XIRECS;9991.0;7
438200;;TAKER;INTARIAN_PEPPER_ROOT;XIRECS;12037.0;3
438300;TAKER;;INTARIAN_PEPPER_ROOT;XIRECS;12050.0;11
438300;;TAKER;ASH_COATED_OSMIUM;XIRECS;9989.0;9
438400;;TAKER;INTARIAN_PEPPER_ROOT;XIRECS;12036.0;8
438500;;TAKER;INTARIAN_PEPPER_ROOT;XIRECS;12037.0;12
438500;TAKER;;ASH_COATED_OSMIUM;XIRECS;10006.0;8
438600;;TAKER;ASH_COATED_OSMIUM;XIRECS;9990.0;15
438700;TAKER;;INTARIAN_PEPPER_ROOT;XIRECS;12051.0;10
438800;TAKER;;INTARIAN_PEPPER_ROOT;XIRECS;12050.0;5
438800;;TAKER;ASH_COATED_OSMIUM;XIRECS;9988.0;13
439000;;TAKER;INTARIAN_PEPPER_ROOT;XIRECS;12037.0;15
439300;TAKER;;INTARIAN_PEPPER_ROOT;XIRECS;12049.0;7
439300;TAKER;;ASH_COATED_OSMIUM;XIRECS;10008.0;5
439500;;TAKER;ASH_COATED_OSMIUM;XIRECS;9988.0;11
439700;;TAKER;INTARIAN_PEPPER_ROOT;XIRECS;12037.0;9
439800;;TAKER;INTARIAN_PEPPER_ROOT;XIRECS;12037.0;3
439800;;TAKER;ASH_COATED_OSMIUM;XIRECS;9991.0;5
439900;;TAKER;ASH_COATED_OSMIUM;XIRECS;9992.0;12
440000;TAKER;;ASH_COATED_OSMIUM;XIRECS;10008.0;15
440200;TAKER;;INTARIAN_PEPPER_ROOT;XIRECS;12048.0;2
440300;TAKER;;INTARIAN_PEPPER_ROOT;XIRECS;12049.0;9
440500;;TAKER;INTARIAN_PEPPER_ROOT;XIRECS;12036.0;2
440600;TAKER;;INTARIAN_PEPPER_ROOT;XIRECS;12051.0;11
440600;TAKER;;ASH_COATED_OSMIUM;XIRECS;10014.0;9
440800;;TAKER;ASH_COATED_OSMIUM;XIRECS;9991.0;5
441100;;TAKER;INTARIAN_PEPPER_ROOT;XIRECS;12039.0;13
441100;TAKER;;ASH_COATED_OSMIUM;XIRECS;10012.0;5
441300;TAKER;;INTARIAN_PEPPER_ROOT;XIRECS;12052.0;15
441400;TAKER;;INTARIAN_PEPPER_ROOT;XIRECS;12050.0;11
441400;;TAKER;ASH_COATED_OSMIUM;XIRECS;9989.0;6
441500;TAKER;;INTARIAN_PEPPER_ROOT;XIRECS;12051.0;12
441600;;TAKER;ASH_COATED_OSMIUM;XIRECS;9994.0;8
441700;;TAKER;INTARIAN_PEPPER_ROOT;XIRECS;12037.0;10
441800;TAKER;;ASH_COATED_OSMIUM;XIRECS;10010.0;9
441900;;TAKER;ASH_COATED_OSMIUM;XIRECS;9990.0;6
442100;TAKER;;INTARIAN_PEPPER_ROOT;XIRECS;12051.0;7
442200;;TAKER;ASH_COATED_OSMIUM;XIRECS;9988.0;13
442500;;TAKER;ASH_COATED_OSMIUM;XIRECS;9991.0;12
442700;TAKER;;INTARIAN_PEPPER_ROOT;XIRECS;12050.0;3
442800;;TAKER;ASH_COATED_OSMIUM;XIRECS;9991.0;11
442900;TAKER;;ASH_COATED_OSMIUM;XIRECS;10004.0;8
443000;;TAKER;INTARIAN_PEPPER_ROOT;XIRECS;12038.0;15
443000;;TAKER;ASH_COATED_OSMIUM;XIRECS;9992.0;12
443100;TAKER;;ASH_COATED_OSMIUM;XIRECS;10008.0;11
443400;TAKER;;ASH_COATED_OSMIUM;XIRECS;10009.0;6
443700;;TAKER;INTARIAN_PEPPER_ROOT;XIRECS;12038.0;2
443800;TAKER;;INTARIAN_PEPPER_ROOT;XIRECS;12051.0;3
443900;TAKER;;INTARIAN_PEPPER_ROOT;XIRECS;12051.0;8
444000;;TAKER;ASH_COATED_OSMIUM;XIRECS;9989.0;12
444100;TAKER;;INTARIAN_PEPPER_ROOT;XIRECS;12050.0;6
444100;TAKER;;ASH_COATED_OSMIUM;XIRECS;10013.0;8
444200;;TAKER;INTARIAN_PEPPER_ROOT;XIRECS;12037.0;10
444200;TAKER;;ASH_COATED_OSMIUM;XIRECS;10005.0;12
445000;;TAKER;INTARIAN_PEPPER_ROOT;XIRECS;12036.0;13
445700;TAKER;;INTARIAN_PEPPER_ROOT;XIRECS;12051.0;12
445700;;TAKER;ASH_COATED_OSMIUM;XIRECS;9991.0;14
445800;TAKER;;INTARIAN_PEPPER_ROOT;XIRECS;12051.0;12
445800;;TAKER;ASH_COATED_OSMIUM;XIRECS;9988.0;12
445900;TAKER;;INTARIAN_PEPPER_ROOT;XIRECS;12052.0;12
445900;TAKER;;ASH_COATED_OSMIUM;XIRECS;10007.0;13
446000;;TAKER;INTARIAN_PEPPER_ROOT;XIRECS;12037.0;13
446000;TAKER;;ASH_COATED_OSMIUM;XIRECS;10004.0;5
446400;;TAKER;ASH_COATED_OSMIUM;XIRECS;9988.0;5
447000;TAKER;;INTARIAN_PEPPER_ROOT;XIRECS;12051.0;8
447200;;TAKER;ASH_COATED_OSMIUM;XIRECS;9993.0;6
447500;TAKER;;INTARIAN_PEPPER_ROOT;XIRECS;12049.0;9
447800;TAKER;;ASH_COATED_OSMIUM;XIRECS;10008.0;6
448000;TAKER;;INTARIAN_PEPPER_ROOT;XIRECS;12049.0;6
448200;TAKER;;INTARIAN_PEPPER_ROOT;XIRECS;12050.0;3
448300;;TAKER;ASH_COATED_OSMIUM;XIRECS;9992.0;6
448500;;TAKER;INTARIAN_PEPPER_ROOT;XIRECS;12038.0;8
448700;;TAKER;INTARIAN_PEPPER_ROOT;XIRECS;12036.0;10
448700;TAKER;;ASH_COATED_OSMIUM;XIRECS;10009.0;4
449000;TAKER;;INTARIAN_PEPPER_ROOT;XIRECS;12050.0;6
449000;TAKER;;ASH_COATED_OSMIUM;XIRECS;10008.0;15
449100;;TAKER;ASH_COATED_OSMIUM;XIRECS;9989.0;9
449400;TAKER;;INTARIAN_PEPPER_ROOT;XIRECS;12050.0;2
449400;TAKER;;ASH_COATED_OSMIUM;XIRECS;10010.0;3
449700;;TAKER;ASH_COATED_OSMIUM;XIRECS;9988.0;14
450000;TAKER;;ASH_COATED_OSMIUM;XIRECS;10009.0;15
450100;;TAKER;ASH_COATED_OSMIUM;XIRECS;9993.0;10
450200;;TAKER;ASH_COATED_OSMIUM;XIRECS;9994.0;15
450600;TAKER;;INTARIAN_PEPPER_ROOT;XIRECS;12053.0;5
450600;TAKER;;ASH_COATED_OSMIUM;XIRECS;10008.0;9
450700;;TAKER;INTARIAN_PEPPER_ROOT;XIRECS;12037.0;3
450700;TAKER;;ASH_COATED_OSMIUM;XIRECS;10008.0;2
450800;TAKER;;INTARIAN_PEPPER_ROOT;XIRECS;12050.0;9
451000;;TAKER;INTARIAN_PEPPER_ROOT;XIRECS;12036.0;10
451100;;TAKER;ASH_COATED_OSMIUM;XIRECS;9988.0;8
451600;;TAKER;INTARIAN_PEPPER_ROOT;XIRECS;12038.0;15
452100;;TAKER;INTARIAN_PEPPER_ROOT;XIRECS;12037.0;13
452100;TAKER;;ASH_COATED_OSMIUM;XIRECS;10007.0;13
452200;TAKER;;INTARIAN_PEPPER_ROOT;XIRECS;12050.0;3
452300;TAKER;;INTARIAN_PEPPER_ROOT;XIRECS;12051.0;2
452400;;TAKER;ASH_COATED_OSMIUM;XIRECS;9988.0;12
452500;TAKER;;INTARIAN_PEPPER_ROOT;XIRECS;12051.0;12
452800;;TAKER;ASH_COATED_OSMIUM;XIRECS;9991.0;15
452900;TAKER;;ASH_COATED_OSMIUM;XIRECS;10010.0;3
453100;;TAKER;INTARIAN_PEPPER_ROOT;XIRECS;12038.0;5
453100;TAKER;;ASH_COATED_OSMIUM;XIRECS;10008.0;2
453200;;TAKER;INTARIAN_PEPPER_ROOT;XIRECS;12037.0;7
453400;;TAKER;INTARIAN_PEPPER_ROOT;XIRECS;12037.0;12
453600;TAKER;;ASH_COATED_OSMIUM;XIRECS;10009.0;13
453800;;TAKER;ASH_COATED_OSMIUM;XIRECS;9992.0;15
453900;TAKER;;INTARIAN_PEPPER_ROOT;XIRECS;12052.0;13
453900;;TAKER;ASH_COATED_OSMIUM;XIRECS;9989.0;12
454000;;TAKER;ASH_COATED_OSMIUM;XIRECS;9994.0;12
454100;TAKER;;INTARIAN_PEPPER_ROOT;XIRECS;12052.0;7
454100;;TAKER;ASH_COATED_OSMIUM;XIRECS;9994.0;3
454400;TAKER;;INTARIAN_PEPPER_ROOT;XIRECS;12053.0;3
454500;;TAKER;INTARIAN_PEPPER_ROOT;XIRECS;12038.0;13
454500;TAKER;;ASH_COATED_OSMIUM;XIRECS;10011.0;14
454900;TAKER;;ASH_COATED_OSMIUM;XIRECS;10009.0;8
455200;;TAKER;ASH_COATED_OSMIUM;XIRECS;9987.0;5
455400;;TAKER;INTARIAN_PEPPER_ROOT;XIRECS;12038.0;11
455500;;TAKER;INTARIAN_PEPPER_ROOT;XIRECS;12038.0;15
455500;;TAKER;ASH_COATED_OSMIUM;XIRECS;9990.0;11
455600;;TAKER;INTARIAN_PEPPER_ROOT;XIRECS;12038.0;3
455700;TAKER;;ASH_COATED_OSMIUM;XIRECS;10005.0;5
455800;;TAKER;INTARIAN_PEPPER_ROOT;XIRECS;12036.0;14
455900;;TAKER;ASH_COATED_OSMIUM;XIRECS;9992.0;9
456100;;TAKER;ASH_COATED_OSMIUM;XIRECS;9991.0;14
456300;TAKER;;INTARIAN_PEPPER_ROOT;XIRECS;12050.0;6
456400;;TAKER;ASH_COATED_OSMIUM;XIRECS;9990.0;3
456900;TAKER;;INTARIAN_PEPPER_ROOT;XIRECS;12052.0;10
456900;TAKER;;ASH_COATED_OSMIUM;XIRECS;10005.0;15
457100;;TAKER;INTARIAN_PEPPER_ROOT;XIRECS;12037.0;13
457100;TAKER;;ASH_COATED_OSMIUM;XIRECS;10009.0;6
457200;TAKER;;INTARIAN_PEPPER_ROOT;XIRECS;12054.0;2
457300;;TAKER;INTARIAN_PEPPER_ROOT;XIRECS;12040.0;4
457400;;TAKER;ASH_COATED_OSMIUM;XIRECS;9992.0;3
457500;;TAKER;ASH_COATED_OSMIUM;XIRECS;9992.0;11
457900;;TAKER;INTARIAN_PEPPER_ROOT;XIRECS;12038.0;2
457900;;TAKER;ASH_COATED_OSMIUM;XIRECS;9988.0;12
458200;TAKER;;INTARIAN_PEPPER_ROOT;XIRECS;12053.0;3
458400;TAKER;;INTARIAN_PEPPER_ROOT;XIRECS;12054.0;7
458800;;TAKER;ASH_COATED_OSMIUM;XIRECS;9987.0;6
458900;;TAKER;INTARIAN_PEPPER_ROOT;XIRECS;12037.0;2
459000;TAKER;;ASH_COATED_OSMIUM;XIRECS;10007.0;13
459200;TAKER;;INTARIAN_PEPPER_ROOT;XIRECS;12052.0;12
459600;;TAKER;INTARIAN_PEPPER_ROOT;XIRECS;12040.0;12
459700;;TAKER;INTARIAN_PEPPER_ROOT;XIRECS;12037.0;10
459900;;TAKER;ASH_COATED_OSMIUM;XIRECS;9989.0;11
460200;TAKER;;INTARIAN_PEPPER_ROOT;XIRECS;12051.0;14
460300;TAKER;;INTARIAN_PEPPER_ROOT;XIRECS;12052.0;9
460400;;TAKER;INTARIAN_PEPPER_ROOT;XIRECS;12038.0;7
460400;;TAKER;ASH_COATED_OSMIUM;XIRECS;9989.0;9
460600;TAKER;;INTARIAN_PEPPER_ROOT;XIRECS;12051.0;12
460600;;TAKER;ASH_COATED_OSMIUM;XIRECS;9990.0;3
460700;;TAKER;ASH_COATED_OSMIUM;XIRECS;9993.0;7
460900;TAKER;;INTARIAN_PEPPER_ROOT;XIRECS;12050.0;15
461100;TAKER;;INTARIAN_PEPPER_ROOT;XIRECS;12052.0;8
461300;TAKER;;ASH_COATED_OSMIUM;XIRECS;10010.0;12
461400;;TAKER;INTARIAN_PEPPER_ROOT;XIRECS;12039.0;7
461500;TAKER;;INTARIAN_PEPPER_ROOT;XIRECS;12051.0;11
461700;;TAKER;INTARIAN_PEPPER_ROOT;XIRECS;12039.0;15
461800;TAKER;;INTARIAN_PEPPER_ROOT;XIRECS;12054.0;5
461800;TAKER;;ASH_COATED_OSMIUM;XIRECS;10008.0;7
461900;TAKER;;ASH_COATED_OSMIUM;XIRECS;10008.0;12
462000;;TAKER;INTARIAN_PEPPER_ROOT;XIRECS;12036.0;4
462000;TAKER;;ASH_COATED_OSMIUM;XIRECS;10008.0;2
462200;TAKER;;ASH_COATED_OSMIUM;XIRECS;10009.0;4
462400;TAKER;;ASH_COATED_OSMIUM;XIRECS;10013.0;8
462900;TAKER;;ASH_COATED_OSMIUM;XIRECS;10008.0;8
463000;TAKER;;INTARIAN_PEPPER_ROOT;XIRECS;12053.0;6
463200;TAKER;;INTARIAN_PEPPER_ROOT;XIRECS;12052.0;3
463300;TAKER;;ASH_COATED_OSMIUM;XIRECS;10009.0;3
463400;;TAKER;ASH_COATED_OSMIUM;XIRECS;9992.0;8
463600;TAKER;;ASH_COATED_OSMIUM;XIRECS;10010.0;14
463800;;TAKER;INTARIAN_PEPPER_ROOT;XIRECS;12040.0;10
463900;TAKER;;INTARIAN_PEPPER_ROOT;XIRECS;12052.0;15
463900;;TAKER;ASH_COATED_OSMIUM;XIRECS;9992.0;10
464000;;TAKER;INTARIAN_PEPPER_ROOT;XIRECS;12039.0;11
464100;TAKER;;ASH_COATED_OSMIUM;XIRECS;10008.0;10
464300;;TAKER;ASH_COATED_OSMIUM;XIRECS;9991.0;5
464500;TAKER;;INTARIAN_PEPPER_ROOT;XIRECS;12054.0;12
464600;;TAKER;ASH_COATED_OSMIUM;XIRECS;9988.0;6
464700;;TAKER;ASH_COATED_OSMIUM;XIRECS;9992.0;3
464900;;TAKER;INTARIAN_PEPPER_ROOT;XIRECS;12037.0;6
465100;;TAKER;INTARIAN_PEPPER_ROOT;XIRECS;12039.0;5
465400;;TAKER;INTARIAN_PEPPER_ROOT;XIRECS;12040.0;11
466000;TAKER;;ASH_COATED_OSMIUM;XIRECS;10009.0;8
466400;;TAKER;INTARIAN_PEPPER_ROOT;XIRECS;12038.0;12
466400;TAKER;;ASH_COATED_OSMIUM;XIRECS;10007.0;13
466500;TAKER;;INTARIAN_PEPPER_ROOT;XIRECS;12053.0;5
466500;TAKER;;ASH_COATED_OSMIUM;XIRECS;10011.0;6
466600;TAKER;;INTARIAN_PEPPER_ROOT;XIRECS;12053.0;7
466600;;TAKER;ASH_COATED_OSMIUM;XIRECS;9990.0;15
467000;;TAKER;ASH_COATED_OSMIUM;XIRECS;9992.0;8
467400;;TAKER;INTARIAN_PEPPER_ROOT;XIRECS;12039.0;8
467700;;TAKER;INTARIAN_PEPPER_ROOT;XIRECS;12039.0;5
467800;;TAKER;INTARIAN_PEPPER_ROOT;XIRECS;12040.0;7
467800;;TAKER;ASH_COATED_OSMIUM;XIRECS;9989.0;15
467900;;TAKER;INTARIAN_PEPPER_ROOT;XIRECS;12038.0;11
467900;TAKER;;ASH_COATED_OSMIUM;XIRECS;10011.0;3
468000;;TAKER;INTARIAN_PEPPER_ROOT;XIRECS;12040.0;7
468200;;TAKER;INTARIAN_PEPPER_ROOT;XIRECS;12038.0;15
468300;;TAKER;ASH_COATED_OSMIUM;XIRECS;9993.0;4
468400;;TAKER;INTARIAN_PEPPER_ROOT;XIRECS;12040.0;10
468900;;TAKER;INTARIAN_PEPPER_ROOT;XIRECS;12041.0;3
468900;;TAKER;ASH_COATED_OSMIUM;XIRECS;9996.0;10
469200;TAKER;;INTARIAN_PEPPER_ROOT;XIRECS;12055.0;3
469200;TAKER;;ASH_COATED_OSMIUM;XIRECS;10010.0;15
469300;TAKER;;INTARIAN_PEPPER_ROOT;XIRECS;12054.0;11
469400;TAKER;;INTARIAN_PEPPER_ROOT;XIRECS;12053.0;15
469500;;TAKER;ASH_COATED_OSMIUM;XIRECS;9991.0;5
469600;;TAKER;INTARIAN_PEPPER_ROOT;XIRECS;12039.0;12
469700;TAKER;;ASH_COATED_OSMIUM;XIRECS;10010.0;11
469800;TAKER;;INTARIAN_PEPPER_ROOT;XIRECS;12054.0;13
469900;TAKER;;ASH_COATED_OSMIUM;XIRECS;10006.0;5
470100;TAKER;;INTARIAN_PEPPER_ROOT;XIRECS;12054.0;8
470300;TAKER;;INTARIAN_PEPPER_ROOT;XIRECS;12054.0;8
470400;;TAKER;ASH_COATED_OSMIUM;XIRECS;9990.0;6
470500;TAKER;;ASH_COATED_OSMIUM;XIRECS;10011.0;9
470600;TAKER;;INTARIAN_PEPPER_ROOT;XIRECS;12054.0;14
470700;TAKER;;INTARIAN_PEPPER_ROOT;XIRECS;12053.0;14
470700;;TAKER;ASH_COATED_OSMIUM;XIRECS;9992.0;9
470800;;TAKER;ASH_COATED_OSMIUM;XIRECS;9987.0;5
471300;;TAKER;INTARIAN_PEPPER_ROOT;XIRECS;12039.0;10
471400;;TAKER;INTARIAN_PEPPER_ROOT;XIRECS;12038.0;6
471500;;TAKER;INTARIAN_PEPPER_ROOT;XIRECS;12039.0;11
471700;;TAKER;INTARIAN_PEPPER_ROOT;XIRECS;12037.0;9
471800;TAKER;;ASH_COATED_OSMIUM;XIRECS;10009.0;14
472000;;TAKER;INTARIAN_PEPPER_ROOT;XIRECS;12042.0;10
472100;;TAKER;INTARIAN_PEPPER_ROOT;XIRECS;12042.0;12
472100;TAKER;;ASH_COATED_OSMIUM;XIRECS;10008.0;8
472200;TAKER;;ASH_COATED_OSMIUM;XIRECS;10008.0;3
472400;;TAKER;ASH_COATED_OSMIUM;XIRECS;9993.0;4
472700;;TAKER;INTARIAN_PEPPER_ROOT;XIRECS;12040.0;9
472700;TAKER;;ASH_COATED_OSMIUM;XIRECS;10007.0;8
472800;;TAKER;INTARIAN_PEPPER_ROOT;XIRECS;12042.0;11
473100;TAKER;;INTARIAN_PEPPER_ROOT;XIRECS;12054.0;9
473200;;TAKER;ASH_COATED_OSMIUM;XIRECS;9990.0;13
473300;TAKER;;ASH_COATED_OSMIUM;XIRECS;10007.0;11
473500;TAKER;;ASH_COATED_OSMIUM;XIRECS;10011.0;2
473600;;TAKER;ASH_COATED_OSMIUM;XIRECS;9991.0;9
473700;TAKER;;ASH_COATED_OSMIUM;XIRECS;10007.0;8
473800;;TAKER;INTARIAN_PEPPER_ROOT;XIRECS;12040.0;14
473800;TAKER;;ASH_COATED_OSMIUM;XIRECS;10012.0;7
473900;TAKER;;INTARIAN_PEPPER_ROOT;XIRECS;12053.0;10
474000;TAKER;;ASH_COATED_OSMIUM;XIRECS;10010.0;8
474400;TAKER;;ASH_COATED_OSMIUM;XIRECS;10007.0;8
474600;;TAKER;INTARIAN_PEPPER_ROOT;XIRECS;12037.0;6
474700;;TAKER;INTARIAN_PEPPER_ROOT;XIRECS;12039.0;13
474700;TAKER;;ASH_COATED_OSMIUM;XIRECS;10006.0;14
475400;;TAKER;ASH_COATED_OSMIUM;XIRECS;9993.0;3
475500;TAKER;;INTARIAN_PEPPER_ROOT;XIRECS;12054.0;5
475700;;TAKER;INTARIAN_PEPPER_ROOT;XIRECS;12044.0;2
475800;TAKER;;INTARIAN_PEPPER_ROOT;XIRECS;12055.0;8
476000;;TAKER;INTARIAN_PEPPER_ROOT;XIRECS;12040.0;8
476000;TAKER;;ASH_COATED_OSMIUM;XIRECS;10012.0;5
476500;TAKER;;INTARIAN_PEPPER_ROOT;XIRECS;12053.0;9
476500;;TAKER;ASH_COATED_OSMIUM;XIRECS;9988.0;5
476700;;TAKER;INTARIAN_PEPPER_ROOT;XIRECS;12038.0;10
476700;;TAKER;ASH_COATED_OSMIUM;XIRECS;9989.0;6
476800;TAKER;;INTARIAN_PEPPER_ROOT;XIRECS;12054.0;7
476900;TAKER;;INTARIAN_PEPPER_ROOT;XIRECS;12054.0;15
477200;TAKER;;INTARIAN_PEPPER_ROOT;XIRECS;12053.0;15
477400;;TAKER;INTARIAN_PEPPER_ROOT;XIRECS;12039.0;14
477800;;TAKER;INTARIAN_PEPPER_ROOT;XIRECS;12041.0;3
477900;;TAKER;ASH_COATED_OSMIUM;XIRECS;9989.0;2
478000;TAKER;;INTARIAN_PEPPER_ROOT;XIRECS;12055.0;8
478100;;TAKER;ASH_COATED_OSMIUM;XIRECS;9990.0;13
478200;;TAKER;INTARIAN_PEPPER_ROOT;XIRECS;12041.0;10
478300;TAKER;;ASH_COATED_OSMIUM;XIRECS;10010.0;2
478400;;TAKER;ASH_COATED_OSMIUM;XIRECS;9992.0;3
478500;TAKER;;INTARIAN_PEPPER_ROOT;XIRECS;12052.0;14
478900;;TAKER;ASH_COATED_OSMIUM;XIRECS;9993.0;4
479300;;TAKER;INTARIAN_PEPPER_ROOT;XIRECS;12040.0;9
479300;;TAKER;ASH_COATED_OSMIUM;XIRECS;9990.0;9
479400;;TAKER;INTARIAN_PEPPER_ROOT;XIRECS;12041.0;5
479500;TAKER;;INTARIAN_PEPPER_ROOT;XIRECS;12054.0;4
480100;;TAKER;ASH_COATED_OSMIUM;XIRECS;9990.0;7
480500;;TAKER;INTARIAN_PEPPER_ROOT;XIRECS;12040.0;3
480700;;TAKER;ASH_COATED_OSMIUM;XIRECS;9991.0;11
480900;;TAKER;INTARIAN_PEPPER_ROOT;XIRECS;12042.0;4
480900;;TAKER;ASH_COATED_OSMIUM;XIRECS;9990.0;13
481200;;TAKER;INTARIAN_PEPPER_ROOT;XIRECS;12041.0;4
481300;;TAKER;INTARIAN_PEPPER_ROOT;XIRECS;12040.0;6
481400;TAKER;;ASH_COATED_OSMIUM;XIRECS;10009.0;14
481500;TAKER;;INTARIAN_PEPPER_ROOT;XIRECS;12055.0;2
481600;TAKER;;INTARIAN_PEPPER_ROOT;XIRECS;12055.0;12
481600;;TAKER;ASH_COATED_OSMIUM;XIRECS;9993.0;2
481800;;TAKER;INTARIAN_PEPPER_ROOT;XIRECS;12041.0;6
481800;;TAKER;ASH_COATED_OSMIUM;XIRECS;9989.0;8
482000;;TAKER;INTARIAN_PEPPER_ROOT;XIRECS;12043.0;10
482000;;TAKER;ASH_COATED_OSMIUM;XIRECS;9990.0;2
482100;TAKER;;INTARIAN_PEPPER_ROOT;XIRECS;12057.0;14
482300;;TAKER;ASH_COATED_OSMIUM;XIRECS;9988.0;11
482800;;TAKER;INTARIAN_PEPPER_ROOT;XIRECS;12041.0;12
483200;;TAKER;INTARIAN_PEPPER_ROOT;XIRECS;12041.0;4
483300;TAKER;;ASH_COATED_OSMIUM;XIRECS;10011.0;3
483500;TAKER;;INTARIAN_PEPPER_ROOT;XIRECS;12056.0;7
483500;;TAKER;ASH_COATED_OSMIUM;XIRECS;9992.0;5
483600;TAKER;;ASH_COATED_OSMIUM;XIRECS;10009.0;14
483700;TAKER;;INTARIAN_PEPPER_ROOT;XIRECS;12055.0;10
483800;;TAKER;ASH_COATED_OSMIUM;XIRECS;9990.0;15
484100;;TAKER;ASH_COATED_OSMIUM;XIRECS;9990.0;11
484200;;TAKER;INTARIAN_PEPPER_ROOT;XIRECS;12041.0;5
484300;TAKER;;INTARIAN_PEPPER_ROOT;XIRECS;12056.0;15
484400;;TAKER;INTARIAN_PEPPER_ROOT;XIRECS;12040.0;9
484500;TAKER;;INTARIAN_PEPPER_ROOT;XIRECS;12056.0;10
484600;;TAKER;INTARIAN_PEPPER_ROOT;XIRECS;12040.0;3
484700;TAKER;;INTARIAN_PEPPER_ROOT;XIRECS;12054.0;15
484700;TAKER;;ASH_COATED_OSMIUM;XIRECS;10009.0;11
484800;TAKER;;ASH_COATED_OSMIUM;XIRECS;10012.0;15
485000;TAKER;;INTARIAN_PEPPER_ROOT;XIRECS;12056.0;10
485000;TAKER;;ASH_COATED_OSMIUM;XIRECS;10006.0;12
485100;;TAKER;INTARIAN_PEPPER_ROOT;XIRECS;12040.0;6
485100;;TAKER;ASH_COATED_OSMIUM;XIRECS;9992.0;14
485600;;TAKER;INTARIAN_PEPPER_ROOT;XIRECS;12041.0;10
486000;TAKER;;INTARIAN_PEPPER_ROOT;XIRECS;12054.0;11
486200;TAKER;;ASH_COATED_OSMIUM;XIRECS;10009.0;7
486300;TAKER;;INTARIAN_PEPPER_ROOT;XIRECS;12056.0;4
486500;TAKER;;ASH_COATED_OSMIUM;XIRECS;10005.0;2
486800;TAKER;;ASH_COATED_OSMIUM;XIRECS;10009.0;11
487000;TAKER;;INTARIAN_PEPPER_ROOT;XIRECS;12055.0;13
487100;TAKER;;ASH_COATED_OSMIUM;XIRECS;10008.0;13
487200;TAKER;;INTARIAN_PEPPER_ROOT;XIRECS;12056.0;5
487300;TAKER;;ASH_COATED_OSMIUM;XIRECS;10007.0;6
487500;;TAKER;ASH_COATED_OSMIUM;XIRECS;9993.0;13
487700;;TAKER;INTARIAN_PEPPER_ROOT;XIRECS;12044.0;3
488100;TAKER;;INTARIAN_PEPPER_ROOT;XIRECS;12054.0;15
488200;TAKER;;INTARIAN_PEPPER_ROOT;XIRECS;12055.0;5
488500;;TAKER;INTARIAN_PEPPER_ROOT;XIRECS;12043.0;6
488500;TAKER;;ASH_COATED_OSMIUM;XIRECS;10009.0;14
488600;TAKER;;INTARIAN_PEPPER_ROOT;XIRECS;12054.0;12
488700;TAKER;;INTARIAN_PEPPER_ROOT;XIRECS;12057.0;4
489100;;TAKER;ASH_COATED_OSMIUM;XIRECS;9992.0;12
489500;;TAKER;ASH_COATED_OSMIUM;XIRECS;9989.0;7
489600;TAKER;;ASH_COATED_OSMIUM;XIRECS;10011.0;2
489700;TAKER;;INTARIAN_PEPPER_ROOT;XIRECS;12056.0;7
489700;;TAKER;ASH_COATED_OSMIUM;XIRECS;9989.0;3
489800;;TAKER;INTARIAN_PEPPER_ROOT;XIRECS;12041.0;2
490100;;TAKER;ASH_COATED_OSMIUM;XIRECS;9992.0;15
490200;;TAKER;INTARIAN_PEPPER_ROOT;XIRECS;12042.0;11
490300;TAKER;;ASH_COATED_OSMIUM;XIRECS;10009.0;12
490400;;TAKER;INTARIAN_PEPPER_ROOT;XIRECS;12041.0;6
490500;;TAKER;INTARIAN_PEPPER_ROOT;XIRECS;12040.0;5
490600;TAKER;;ASH_COATED_OSMIUM;XIRECS;10010.0;5
490700;TAKER;;INTARIAN_PEPPER_ROOT;XIRECS;12056.0;6
490900;TAKER;;INTARIAN_PEPPER_ROOT;XIRECS;12057.0;15
490900;TAKER;;ASH_COATED_OSMIUM;XIRECS;10008.0;12
491300;TAKER;;ASH_COATED_OSMIUM;XIRECS;10012.0;4
491400;;TAKER;INTARIAN_PEPPER_ROOT;XIRECS;12042.0;3
491500;TAKER;;ASH_COATED_OSMIUM;XIRECS;10010.0;5
491600;TAKER;;ASH_COATED_OSMIUM;XIRECS;10010.0;12
491700;TAKER;;ASH_COATED_OSMIUM;XIRECS;10011.0;11
491900;;TAKER;INTARIAN_PEPPER_ROOT;XIRECS;12043.0;12
492100;;TAKER;ASH_COATED_OSMIUM;XIRECS;9991.0;3
492400;TAKER;;INTARIAN_PEPPER_ROOT;XIRECS;12056.0;14
492400;TAKER;;ASH_COATED_OSMIUM;XIRECS;10005.0;11
492500;TAKER;;ASH_COATED_OSMIUM;XIRECS;10007.0;14
492600;;TAKER;INTARIAN_PEPPER_ROOT;XIRECS;12043.0;14
492700;;TAKER;INTARIAN_PEPPER_ROOT;XIRECS;12040.0;3
493300;TAKER;;ASH_COATED_OSMIUM;XIRECS;10007.0;2
493600;;TAKER;INTARIAN_PEPPER_ROOT;XIRECS;12044.0;13
493900;TAKER;;ASH_COATED_OSMIUM;XIRECS;10006.0;7
494000;TAKER;;INTARIAN_PEPPER_ROOT;XIRECS;12056.0;8
494000;;TAKER;ASH_COATED_OSMIUM;XIRECS;9987.0;5
494300;TAKER;;ASH_COATED_OSMIUM;XIRECS;10012.0;5
494400;TAKER;;INTARIAN_PEPPER_ROOT;XIRECS;12057.0;4
494500;TAKER;;ASH_COATED_OSMIUM;XIRECS;10011.0;15
494600;;TAKER;INTARIAN_PEPPER_ROOT;XIRECS;12042.0;10
494900;;TAKER;INTARIAN_PEPPER_ROOT;XIRECS;12043.0;13
495300;;TAKER;INTARIAN_PEPPER_ROOT;XIRECS;12042.0;9
495400;TAKER;;INTARIAN_PEPPER_ROOT;XIRECS;12055.0;2
495500;;TAKER;INTARIAN_PEPPER_ROOT;XIRECS;12041.0;12
495600;;TAKER;ASH_COATED_OSMIUM;XIRECS;9995.0;14
495700;;TAKER;ASH_COATED_OSMIUM;XIRECS;9990.0;6
495800;;TAKER;INTARIAN_PEPPER_ROOT;XIRECS;12042.0;13
496000;TAKER;;ASH_COATED_OSMIUM;XIRECS;10012.0;10
496600;TAKER;;ASH_COATED_OSMIUM;XIRECS;10011.0;7
496800;TAKER;;INTARIAN_PEPPER_ROOT;XIRECS;12056.0;2
497000;;TAKER;ASH_COATED_OSMIUM;XIRECS;9994.0;11
497400;TAKER;;ASH_COATED_OSMIUM;XIRECS;10005.0;2
497500;;TAKER;INTARIAN_PEPPER_ROOT;XIRECS;12040.0;8
497600;;TAKER;ASH_COATED_OSMIUM;XIRECS;9992.0;7
497800;;TAKER;INTARIAN_PEPPER_ROOT;XIRECS;12040.0;11
497900;TAKER;;INTARIAN_PEPPER_ROOT;XIRECS;12058.0;13
498000;TAKER;;INTARIAN_PEPPER_ROOT;XIRECS;12057.0;15
498300;;TAKER;ASH_COATED_OSMIUM;XIRECS;9989.0;6
498600;;TAKER;INTARIAN_PEPPER_ROOT;XIRECS;12043.0;14
498600;;TAKER;ASH_COATED_OSMIUM;XIRECS;9991.0;7
498700;;TAKER;ASH_COATED_OSMIUM;XIRECS;9989.0;11
498800;;TAKER;INTARIAN_PEPPER_ROOT;XIRECS;12042.0;9
498800;;TAKER;ASH_COATED_OSMIUM;XIRECS;9989.0;13
499100;;TAKER;ASH_COATED_OSMIUM;XIRECS;9991.0;9
499200;TAKER;;INTARIAN_PEPPER_ROOT;XIRECS;12057.0;7
499300;;TAKER;INTARIAN_PEPPER_ROOT;XIRECS;12043.0;5
499400;TAKER;;INTARIAN_PEPPER_ROOT;XIRECS;12058.0;15
499500;;TAKER;INTARIAN_PEPPER_ROOT;XIRECS;12041.0;13
499600;TAKER;;ASH_COATED_OSMIUM;XIRECS;10006.0;6
499800;TAKER;;INTARIAN_PEPPER_ROOT;XIRECS;12056.0;14
499900;TAKER;;ASH_COATED_OSMIUM;XIRECS;10008.0;3
500000;TAKER;;INTARIAN_PEPPER_ROOT;XIRECS;12056.0;7
500000;TAKER;;ASH_COATED_OSMIUM;XIRECS;10008.0;13
500200;TAKER;;INTARIAN_PEPPER_ROOT;XIRECS;12056.0;5
500200;;TAKER;ASH_COATED_OSMIUM;XIRECS;9987.0;4
500300;;TAKER;INTARIAN_PEPPER_ROOT;XIRECS;12042.0;2
500300;;TAKER;ASH_COATED_OSMIUM;XIRECS;9991.0;13
500600;;TAKER;INTARIAN_PEPPER_ROOT;XIRECS;12042.0;15
500700;;TAKER;ASH_COATED_OSMIUM;XIRECS;9990.0;15
501000;;TAKER;ASH_COATED_OSMIUM;XIRECS;9989.0;7
501100;;TAKER;INTARIAN_PEPPER_ROOT;XIRECS;12041.0;3
501100;TAKER;;ASH_COATED_OSMIUM;XIRECS;10009.0;8
501500;TAKER;;ASH_COATED_OSMIUM;XIRECS;10009.0;8
501600;;TAKER;INTARIAN_PEPPER_ROOT;XIRECS;12043.0;2
501700;TAKER;;ASH_COATED_OSMIUM;XIRECS;10007.0;2
501900;TAKER;;INTARIAN_PEPPER_ROOT;XIRECS;12058.0;7
502000;;TAKER;ASH_COATED_OSMIUM;XIRECS;9992.0;13
502100;TAKER;;INTARIAN_PEPPER_ROOT;XIRECS;12058.0;7
502200;;TAKER;INTARIAN_PEPPER_ROOT;XIRECS;12044.0;5
502300;TAKER;;INTARIAN_PEPPER_ROOT;XIRECS;12056.0;5
502500;;TAKER;ASH_COATED_OSMIUM;XIRECS;9991.0;7
502600;;TAKER;INTARIAN_PEPPER_ROOT;XIRECS;12042.0;4
502800;TAKER;;ASH_COATED_OSMIUM;XIRECS;10004.0;8
502900;;TAKER;INTARIAN_PEPPER_ROOT;XIRECS;12044.0;9
503100;TAKER;;INTARIAN_PEPPER_ROOT;XIRECS;12057.0;5
503200;;TAKER;INTARIAN_PEPPER_ROOT;XIRECS;12043.0;8
503400;;TAKER;INTARIAN_PEPPER_ROOT;XIRECS;12043.0;9
503800;;TAKER;ASH_COATED_OSMIUM;XIRECS;9989.0;6
504000;TAKER;;INTARIAN_PEPPER_ROOT;XIRECS;12056.0;13
504300;;TAKER;ASH_COATED_OSMIUM;XIRECS;9991.0;6
504500;TAKER;;ASH_COATED_OSMIUM;XIRECS;10006.0;15
504600;;TAKER;INTARIAN_PEPPER_ROOT;XIRECS;12043.0;10
505100;TAKER;;ASH_COATED_OSMIUM;XIRECS;10006.0;12
505600;TAKER;;INTARIAN_PEPPER_ROOT;XIRECS;12056.0;8
505800;;TAKER;INTARIAN_PEPPER_ROOT;XIRECS;12042.0;3
506200;TAKER;;ASH_COATED_OSMIUM;XIRECS;10006.0;3
506300;;TAKER;ASH_COATED_OSMIUM;XIRECS;9987.0;11
506400;;TAKER;INTARIAN_PEPPER_ROOT;XIRECS;12043.0;12
506500;;TAKER;ASH_COATED_OSMIUM;XIRECS;9990.0;12
506600;TAKER;;INTARIAN_PEPPER_ROOT;XIRECS;12057.0;3
506700;;TAKER;INTARIAN_PEPPER_ROOT;XIRECS;12042.0;5
506700;;TAKER;ASH_COATED_OSMIUM;XIRECS;9991.0;10
506800;;TAKER;ASH_COATED_OSMIUM;XIRECS;9988.0;14
507000;TAKER;;INTARIAN_PEPPER_ROOT;XIRECS;12057.0;3
507100;TAKER;;ASH_COATED_OSMIUM;XIRECS;10008.0;10
507300;;TAKER;INTARIAN_PEPPER_ROOT;XIRECS;12044.0;13
507300;TAKER;;ASH_COATED_OSMIUM;XIRECS;10011.0;6
507400;TAKER;;ASH_COATED_OSMIUM;XIRECS;10010.0;15
507500;;TAKER;INTARIAN_PEPPER_ROOT;XIRECS;12044.0;4
507500;TAKER;;ASH_COATED_OSMIUM;XIRECS;10009.0;5
507600;TAKER;;INTARIAN_PEPPER_ROOT;XIRECS;12059.0;4
507700;;TAKER;ASH_COATED_OSMIUM;XIRECS;9989.0;10
507900;TAKER;;INTARIAN_PEPPER_ROOT;XIRECS;12057.0;8
507900;;TAKER;ASH_COATED_OSMIUM;XIRECS;9995.0;5
508200;TAKER;;ASH_COATED_OSMIUM;XIRECS;10010.0;6
508300;TAKER;;ASH_COATED_OSMIUM;XIRECS;10007.0;12
508500;TAKER;;ASH_COATED_OSMIUM;XIRECS;10009.0;14
508900;TAKER;;ASH_COATED_OSMIUM;XIRECS;10004.0;6
509400;;TAKER;ASH_COATED_OSMIUM;XIRECS;9988.0;13
509500;;TAKER;INTARIAN_PEPPER_ROOT;XIRECS;12042.0;13
509600;;TAKER;INTARIAN_PEPPER_ROOT;XIRECS;12043.0;10
510300;;TAKER;INTARIAN_PEPPER_ROOT;XIRECS;12043.0;2
510300;TAKER;;ASH_COATED_OSMIUM;XIRECS;10004.0;4
510400;TAKER;;ASH_COATED_OSMIUM;XIRECS;10006.0;13
510900;TAKER;;ASH_COATED_OSMIUM;XIRECS;10005.0;7
511500;;TAKER;INTARIAN_PEPPER_ROOT;XIRECS;12042.0;4
511700;;TAKER;INTARIAN_PEPPER_ROOT;XIRECS;12042.0;2
511800;;TAKER;INTARIAN_PEPPER_ROOT;XIRECS;12043.0;8
511900;TAKER;;ASH_COATED_OSMIUM;XIRECS;10012.0;10
512100;;TAKER;INTARIAN_PEPPER_ROOT;XIRECS;12046.0;5
512100;;TAKER;ASH_COATED_OSMIUM;XIRECS;9994.0;3
512300;;TAKER;ASH_COATED_OSMIUM;XIRECS;9989.0;10
512400;TAKER;;ASH_COATED_OSMIUM;XIRECS;10010.0;12
512500;;TAKER;ASH_COATED_OSMIUM;XIRECS;9991.0;10
512700;TAKER;;ASH_COATED_OSMIUM;XIRECS;10007.0;8
512800;TAKER;;ASH_COATED_OSMIUM;XIRECS;10013.0;4
512900;TAKER;;INTARIAN_PEPPER_ROOT;XIRECS;12057.0;12
513000;;TAKER;INTARIAN_PEPPER_ROOT;XIRECS;12044.0;6
513100;;TAKER;INTARIAN_PEPPER_ROOT;XIRECS;12043.0;5
513100;TAKER;;ASH_COATED_OSMIUM;XIRECS;10011.0;10
513300;;TAKER;INTARIAN_PEPPER_ROOT;XIRECS;12045.0;15
513400;;TAKER;ASH_COATED_OSMIUM;XIRECS;9992.0;2
513600;TAKER;;INTARIAN_PEPPER_ROOT;XIRECS;12058.0;9
513800;;TAKER;ASH_COATED_OSMIUM;XIRECS;9988.0;14
513900;;TAKER;INTARIAN_PEPPER_ROOT;XIRECS;12044.0;13
513900;;TAKER;ASH_COATED_OSMIUM;XIRECS;9993.0;7
514000;;TAKER;INTARIAN_PEPPER_ROOT;XIRECS;12044.0;12
514000;;TAKER;ASH_COATED_OSMIUM;XIRECS;9992.0;5
514300;TAKER;;ASH_COATED_OSMIUM;XIRECS;10009.0;9
514400;;TAKER;INTARIAN_PEPPER_ROOT;XIRECS;12042.0;8
514600;TAKER;;INTARIAN_PEPPER_ROOT;XIRECS;12059.0;10
514900;TAKER;;INTARIAN_PEPPER_ROOT;XIRECS;12058.0;12
515100;;TAKER;INTARIAN_PEPPER_ROOT;XIRECS;12044.0;2
515200;;TAKER;ASH_COATED_OSMIUM;XIRECS;9988.0;14
515600;TAKER;;ASH_COATED_OSMIUM;XIRECS;10009.0;3
516300;TAKER;;ASH_COATED_OSMIUM;XIRECS;10009.0;6
516400;TAKER;;ASH_COATED_OSMIUM;XIRECS;10010.0;10
516600;TAKER;;ASH_COATED_OSMIUM;XIRECS;10011.0;14
516700;TAKER;;ASH_COATED_OSMIUM;XIRECS;10007.0;6
516900;TAKER;;INTARIAN_PEPPER_ROOT;XIRECS;12058.0;13
517000;;TAKER;INTARIAN_PEPPER_ROOT;XIRECS;12044.0;11
517100;;TAKER;INTARIAN_PEPPER_ROOT;XIRECS;12044.0;9
517200;;TAKER;ASH_COATED_OSMIUM;XIRECS;9996.0;12
517300;;TAKER;INTARIAN_PEPPER_ROOT;XIRECS;12044.0;14
517500;TAKER;;ASH_COATED_OSMIUM;XIRECS;10007.0;7
517800;;TAKER;INTARIAN_PEPPER_ROOT;XIRECS;12043.0;15
517900;;TAKER;INTARIAN_PEPPER_ROOT;XIRECS;12046.0;9
518100;;TAKER;INTARIAN_PEPPER_ROOT;XIRECS;12043.0;14
518300;;TAKER;ASH_COATED_OSMIUM;XIRECS;9993.0;9
518700;TAKER;;INTARIAN_PEPPER_ROOT;XIRECS;12058.0;2
518900;;TAKER;ASH_COATED_OSMIUM;XIRECS;9990.0;10
519300;;TAKER;INTARIAN_PEPPER_ROOT;XIRECS;12044.0;6
519900;TAKER;;INTARIAN_PEPPER_ROOT;XIRECS;12059.0;13
519900;;TAKER;ASH_COATED_OSMIUM;XIRECS;9988.0;4
520000;;TAKER;ASH_COATED_OSMIUM;XIRECS;9995.0;6
520100;;TAKER;ASH_COATED_OSMIUM;XIRECS;9992.0;13
520300;;TAKER;ASH_COATED_OSMIUM;XIRECS;9991.0;14
520500;TAKER;;INTARIAN_PEPPER_ROOT;XIRECS;12060.0;6
520500;;TAKER;ASH_COATED_OSMIUM;XIRECS;9993.0;11
520600;TAKER;;INTARIAN_PEPPER_ROOT;XIRECS;12057.0;6
520700;TAKER;;INTARIAN_PEPPER_ROOT;XIRECS;12059.0;7
520700;TAKER;;ASH_COATED_OSMIUM;XIRECS;10011.0;3
520800;;TAKER;INTARIAN_PEPPER_ROOT;XIRECS;12044.0;7
520800;TAKER;;ASH_COATED_OSMIUM;XIRECS;10011.0;3
521200;;TAKER;INTARIAN_PEPPER_ROOT;XIRECS;12044.0;6
521400;TAKER;;INTARIAN_PEPPER_ROOT;XIRECS;12058.0;4
521700;TAKER;;INTARIAN_PEPPER_ROOT;XIRECS;12059.0;4
521800;;TAKER;INTARIAN_PEPPER_ROOT;XIRECS;12046.0;8
521900;;TAKER;ASH_COATED_OSMIUM;XIRECS;9991.0;9
522000;TAKER;;INTARIAN_PEPPER_ROOT;XIRECS;12059.0;7
522500;;TAKER;ASH_COATED_OSMIUM;XIRECS;9992.0;5
522700;TAKER;;INTARIAN_PEPPER_ROOT;XIRECS;12057.0;6
522900;TAKER;;INTARIAN_PEPPER_ROOT;XIRECS;12060.0;15
522900;;TAKER;ASH_COATED_OSMIUM;XIRECS;9992.0;13
523100;TAKER;;ASH_COATED_OSMIUM;XIRECS;10008.0;7
523300;TAKER;;ASH_COATED_OSMIUM;XIRECS;10012.0;13
524000;;TAKER;INTARIAN_PEPPER_ROOT;XIRECS;12045.0;5
524000;;TAKER;ASH_COATED_OSMIUM;XIRECS;9987.0;5
524100;TAKER;;INTARIAN_PEPPER_ROOT;XIRECS;12057.0;5
524200;;TAKER;INTARIAN_PEPPER_ROOT;XIRECS;12046.0;3
524300;TAKER;;ASH_COATED_OSMIUM;XIRECS;10008.0;3
524700;;TAKER;INTARIAN_PEPPER_ROOT;XIRECS;12044.0;3
525100;TAKER;;INTARIAN_PEPPER_ROOT;XIRECS;12059.0;2
525200;;TAKER;ASH_COATED_OSMIUM;XIRECS;9993.0;15
525400;;TAKER;INTARIAN_PEPPER_ROOT;XIRECS;12044.0;10
525400;TAKER;;ASH_COATED_OSMIUM;XIRECS;10008.0;2
525500;TAKER;;ASH_COATED_OSMIUM;XIRECS;10008.0;7
525600;TAKER;;INTARIAN_PEPPER_ROOT;XIRECS;12059.0;11
525600;;TAKER;ASH_COATED_OSMIUM;XIRECS;9985.0;12
525800;TAKER;;INTARIAN_PEPPER_ROOT;XIRECS;12059.0;2
525900;;TAKER;INTARIAN_PEPPER_ROOT;XIRECS;12046.0;11
526100;TAKER;;INTARIAN_PEPPER_ROOT;XIRECS;12060.0;5
526100;TAKER;;ASH_COATED_OSMIUM;XIRECS;10006.0;8
526500;;TAKER;INTARIAN_PEPPER_ROOT;XIRECS;12046.0;12
526600;TAKER;;INTARIAN_PEPPER_ROOT;XIRECS;12060.0;9
526900;;TAKER;ASH_COATED_OSMIUM;XIRECS;9987.0;10
527000;;TAKER;ASH_COATED_OSMIUM;XIRECS;9991.0;2
527100;;TAKER;ASH_COATED_OSMIUM;XIRECS;9994.0;7
527200;;TAKER;INTARIAN_PEPPER_ROOT;XIRECS;12046.0;7
527300;TAKER;;INTARIAN_PEPPER_ROOT;XIRECS;12060.0;5
527400;TAKER;;INTARIAN_PEPPER_ROOT;XIRECS;12060.0;5
527400;TAKER;;ASH_COATED_OSMIUM;XIRECS;10008.0;14
527500;;TAKER;INTARIAN_PEPPER_ROOT;XIRECS;12045.0;11
527600;;TAKER;ASH_COATED_OSMIUM;XIRECS;9989.0;3
527700;TAKER;;INTARIAN_PEPPER_ROOT;XIRECS;12060.0;13
527900;TAKER;;INTARIAN_PEPPER_ROOT;XIRECS;12058.0;14
528000;TAKER;;INTARIAN_PEPPER_ROOT;XIRECS;12060.0;6
528100;;TAKER;ASH_COATED_OSMIUM;XIRECS;9992.0;5
528200;;TAKER;INTARIAN_PEPPER_ROOT;XIRECS;12045.0;14
528200;TAKER;;ASH_COATED_OSMIUM;XIRECS;10007.0;3
528300;;TAKER;INTARIAN_PEPPER_ROOT;XIRECS;12044.0;3
528300;;TAKER;ASH_COATED_OSMIUM;XIRECS;9996.0;7
528400;TAKER;;INTARIAN_PEPPER_ROOT;XIRECS;12059.0;2
528400;TAKER;;ASH_COATED_OSMIUM;XIRECS;10009.0;4
528500;TAKER;;ASH_COATED_OSMIUM;XIRECS;10005.0;7
528900;;TAKER;INTARIAN_PEPPER_ROOT;XIRECS;12045.0;10
529100;;TAKER;ASH_COATED_OSMIUM;XIRECS;9990.0;12
529400;TAKER;;INTARIAN_PEPPER_ROOT;XIRECS;12060.0;2
529600;;TAKER;ASH_COATED_OSMIUM;XIRECS;9987.0;4
529800;TAKER;;INTARIAN_PEPPER_ROOT;XIRECS;12060.0;3
529800;;TAKER;ASH_COATED_OSMIUM;XIRECS;9988.0;5
529900;;TAKER;INTARIAN_PEPPER_ROOT;XIRECS;12047.0;15
530100;TAKER;;ASH_COATED_OSMIUM;XIRECS;10007.0;8
530600;;TAKER;INTARIAN_PEPPER_ROOT;XIRECS;12046.0;11
530800;TAKER;;ASH_COATED_OSMIUM;XIRECS;10009.0;5
530900;;TAKER;ASH_COATED_OSMIUM;XIRECS;9991.0;6
531100;TAKER;;ASH_COATED_OSMIUM;XIRECS;10008.0;9
531400;;TAKER;ASH_COATED_OSMIUM;XIRECS;9988.0;4
531600;TAKER;;INTARIAN_PEPPER_ROOT;XIRECS;12058.0;5
531800;TAKER;;ASH_COATED_OSMIUM;XIRECS;10008.0;15
531900;TAKER;;INTARIAN_PEPPER_ROOT;XIRECS;12059.0;4
532000;TAKER;;INTARIAN_PEPPER_ROOT;XIRECS;12058.0;6
532000;;TAKER;ASH_COATED_OSMIUM;XIRECS;9991.0;8
532200;;TAKER;INTARIAN_PEPPER_ROOT;XIRECS;12045.0;2
532200;;TAKER;ASH_COATED_OSMIUM;XIRECS;9993.0;9
532400;;TAKER;INTARIAN_PEPPER_ROOT;XIRECS;12045.0;3
532600;;TAKER;ASH_COATED_OSMIUM;XIRECS;9990.0;12
532700;TAKER;;INTARIAN_PEPPER_ROOT;XIRECS;12062.0;10
532700;TAKER;;ASH_COATED_OSMIUM;XIRECS;10006.0;4
532800;;TAKER;ASH_COATED_OSMIUM;XIRECS;9992.0;7
532900;;TAKER;INTARIAN_PEPPER_ROOT;XIRECS;12046.0;11
532900;;TAKER;ASH_COATED_OSMIUM;XIRECS;9990.0;10
533000;;TAKER;INTARIAN_PEPPER_ROOT;XIRECS;12047.0;2
533100;TAKER;;INTARIAN_PEPPER_ROOT;XIRECS;12058.0;7
533300;TAKER;;INTARIAN_PEPPER_ROOT;XIRECS;12059.0;9
533300;TAKER;;ASH_COATED_OSMIUM;XIRECS;10008.0;13
533400;;TAKER;INTARIAN_PEPPER_ROOT;XIRECS;12047.0;9
533400;;TAKER;ASH_COATED_OSMIUM;XIRECS;9995.0;10
533500;;TAKER;ASH_COATED_OSMIUM;XIRECS;9991.0;8
533600;;TAKER;ASH_COATED_OSMIUM;XIRECS;9990.0;13
533700;TAKER;;ASH_COATED_OSMIUM;XIRECS;10013.0;7
534100;TAKER;;ASH_COATED_OSMIUM;XIRECS;10009.0;3
534300;;TAKER;ASH_COATED_OSMIUM;XIRECS;9987.0;4
534400;;TAKER;INTARIAN_PEPPER_ROOT;XIRECS;12047.0;6
534600;;TAKER;ASH_COATED_OSMIUM;XIRECS;9991.0;3
534800;;TAKER;ASH_COATED_OSMIUM;XIRECS;9988.0;12
534900;TAKER;;INTARIAN_PEPPER_ROOT;XIRECS;12060.0;9
535400;;TAKER;ASH_COATED_OSMIUM;XIRECS;9988.0;5
535500;;TAKER;ASH_COATED_OSMIUM;XIRECS;9989.0;10
535800;TAKER;;INTARIAN_PEPPER_ROOT;XIRECS;12057.0;2
535800;TAKER;;ASH_COATED_OSMIUM;XIRECS;10011.0;14
536100;;TAKER;ASH_COATED_OSMIUM;XIRECS;9990.0;8
536200;TAKER;;ASH_COATED_OSMIUM;XIRECS;10007.0;6
536300;;TAKER;INTARIAN_PEPPER_ROOT;XIRECS;12046.0;12
536500;;TAKER;ASH_COATED_OSMIUM;XIRECS;9994.0;11
536600;TAKER;;INTARIAN_PEPPER_ROOT;XIRECS;12058.0;11
536700;;TAKER;ASH_COATED_OSMIUM;XIRECS;9990.0;13
536900;TAKER;;ASH_COATED_OSMIUM;XIRECS;10007.0;10
537000;TAKER;;INTARIAN_PEPPER_ROOT;XIRECS;12058.0;14
537000;;TAKER;ASH_COATED_OSMIUM;XIRECS;9988.0;3
537200;;TAKER;INTARIAN_PEPPER_ROOT;XIRECS;12046.0;11
537400;TAKER;;INTARIAN_PEPPER_ROOT;XIRECS;12063.0;11
537500;TAKER;;ASH_COATED_OSMIUM;XIRECS;10008.0;8
537600;TAKER;;ASH_COATED_OSMIUM;XIRECS;10006.0;8
537700;TAKER;;ASH_COATED_OSMIUM;XIRECS;10012.0;4
537800;;TAKER;ASH_COATED_OSMIUM;XIRECS;9992.0;12
538000;;TAKER;ASH_COATED_OSMIUM;XIRECS;9988.0;6
538200;TAKER;;ASH_COATED_OSMIUM;XIRECS;10011.0;8
538300;TAKER;;INTARIAN_PEPPER_ROOT;XIRECS;12062.0;13
538400;;TAKER;ASH_COATED_OSMIUM;XIRECS;9993.0;9
539000;TAKER;;INTARIAN_PEPPER_ROOT;XIRECS;12059.0;2
539000;;TAKER;ASH_COATED_OSMIUM;XIRECS;9989.0;13
539200;TAKER;;INTARIAN_PEPPER_ROOT;XIRECS;12059.0;5
539600;TAKER;;INTARIAN_PEPPER_ROOT;XIRECS;12057.0;8
539600;;TAKER;ASH_COATED_OSMIUM;XIRECS;9988.0;8
539700;TAKER;;INTARIAN_PEPPER_ROOT;XIRECS;12061.0;7
539700;;TAKER;ASH_COATED_OSMIUM;XIRECS;9991.0;3
539800;;TAKER;ASH_COATED_OSMIUM;XIRECS;9992.0;15
539900;TAKER;;INTARIAN_PEPPER_ROOT;XIRECS;12058.0;8
540300;;TAKER;INTARIAN_PEPPER_ROOT;XIRECS;12047.0;15
540600;;TAKER;INTARIAN_PEPPER_ROOT;XIRECS;12047.0;14
540700;;TAKER;ASH_COATED_OSMIUM;XIRECS;9989.0;13
540800;TAKER;;INTARIAN_PEPPER_ROOT;XIRECS;12061.0;5
540900;TAKER;;INTARIAN_PEPPER_ROOT;XIRECS;12061.0;3
540900;;TAKER;ASH_COATED_OSMIUM;XIRECS;9991.0;5
541100;TAKER;;INTARIAN_PEPPER_ROOT;XIRECS;12063.0;5
541100;;TAKER;ASH_COATED_OSMIUM;XIRECS;9989.0;15
541300;TAKER;;ASH_COATED_OSMIUM;XIRECS;10013.0;6
541400;;TAKER;ASH_COATED_OSMIUM;XIRECS;9991.0;4
541900;;TAKER;INTARIAN_PEPPER_ROOT;XIRECS;12047.0;11
542500;;TAKER;ASH_COATED_OSMIUM;XIRECS;9993.0;6
542600;TAKER;;ASH_COATED_OSMIUM;XIRECS;10003.0;9
542700;TAKER;;INTARIAN_PEPPER_ROOT;XIRECS;12060.0;9
542700;TAKER;;ASH_COATED_OSMIUM;XIRECS;10009.0;5
542800;;TAKER;ASH_COATED_OSMIUM;XIRECS;9991.0;8
542900;TAKER;;ASH_COATED_OSMIUM;XIRECS;10008.0;11
543200;TAKER;;INTARIAN_PEPPER_ROOT;XIRECS;12061.0;12
543400;;TAKER;ASH_COATED_OSMIUM;XIRECS;9992.0;9
543500;;TAKER;INTARIAN_PEPPER_ROOT;XIRECS;12045.0;10
543500;TAKER;;ASH_COATED_OSMIUM;XIRECS;10009.0;8
543600;;TAKER;INTARIAN_PEPPER_ROOT;XIRECS;12047.0;10
543700;TAKER;;ASH_COATED_OSMIUM;XIRECS;10009.0;11
543900;;TAKER;ASH_COATED_OSMIUM;XIRECS;9989.0;11
544200;;TAKER;ASH_COATED_OSMIUM;XIRECS;9991.0;10
544300;;TAKER;INTARIAN_PEPPER_ROOT;XIRECS;12047.0;14
544300;;TAKER;ASH_COATED_OSMIUM;XIRECS;9994.0;12
544400;TAKER;;INTARIAN_PEPPER_ROOT;XIRECS;12061.0;10
544500;TAKER;;INTARIAN_PEPPER_ROOT;XIRECS;12063.0;2
544500;;TAKER;ASH_COATED_OSMIUM;XIRECS;9992.0;12
544600;TAKER;;INTARIAN_PEPPER_ROOT;XIRECS;12062.0;12
544700;TAKER;;ASH_COATED_OSMIUM;XIRECS;10007.0;8
544800;TAKER;;ASH_COATED_OSMIUM;XIRECS;10009.0;8
544900;;TAKER;ASH_COATED_OSMIUM;XIRECS;9991.0;14
545000;TAKER;;INTARIAN_PEPPER_ROOT;XIRECS;12059.0;4
545000;TAKER;;ASH_COATED_OSMIUM;XIRECS;10008.0;12
545400;TAKER;;INTARIAN_PEPPER_ROOT;XIRECS;12059.0;6
545600;;TAKER;INTARIAN_PEPPER_ROOT;XIRECS;12047.0;4
545900;;TAKER;ASH_COATED_OSMIUM;XIRECS;9992.0;9
546200;;TAKER;ASH_COATED_OSMIUM;XIRECS;9992.0;11
546600;;TAKER;ASH_COATED_OSMIUM;XIRECS;9990.0;14
546700;;TAKER;ASH_COATED_OSMIUM;XIRECS;9991.0;8
546800;;TAKER;INTARIAN_PEPPER_ROOT;XIRECS;12049.0;3
546900;;TAKER;INTARIAN_PEPPER_ROOT;XIRECS;12047.0;2
546900;;TAKER;ASH_COATED_OSMIUM;XIRECS;9993.0;2
547100;;TAKER;INTARIAN_PEPPER_ROOT;XIRECS;12048.0;7
547400;TAKER;;ASH_COATED_OSMIUM;XIRECS;10011.0;13
547500;TAKER;;ASH_COATED_OSMIUM;XIRECS;10008.0;4
547700;;TAKER;INTARIAN_PEPPER_ROOT;XIRECS;12048.0;11
547800;TAKER;;INTARIAN_PEPPER_ROOT;XIRECS;12059.0;14
547800;;TAKER;ASH_COATED_OSMIUM;XIRECS;9986.0;13
547900;;TAKER;INTARIAN_PEPPER_ROOT;XIRECS;12050.0;2
548200;;TAKER;ASH_COATED_OSMIUM;XIRECS;9991.0;7
548300;;TAKER;ASH_COATED_OSMIUM;XIRECS;9993.0;2
548400;TAKER;;ASH_COATED_OSMIUM;XIRECS;10009.0;9
548500;TAKER;;INTARIAN_PEPPER_ROOT;XIRECS;12061.0;2
548700;;TAKER;INTARIAN_PEPPER_ROOT;XIRECS;12045.0;12
548700;TAKER;;ASH_COATED_OSMIUM;XIRECS;10012.0;14
548800;TAKER;;INTARIAN_PEPPER_ROOT;XIRECS;12060.0;7
548900;TAKER;;INTARIAN_PEPPER_ROOT;XIRECS;12064.0;12
548900;;TAKER;ASH_COATED_OSMIUM;XIRECS;9993.0;12
549000;;TAKER;INTARIAN_PEPPER_ROOT;XIRECS;12050.0;4
549000;;TAKER;ASH_COATED_OSMIUM;XIRECS;9990.0;10
549200;;TAKER;INTARIAN_PEPPER_ROOT;XIRECS;12049.0;6
549200;TAKER;;ASH_COATED_OSMIUM;XIRECS;10005.0;7
549300;;TAKER;INTARIAN_PEPPER_ROOT;XIRECS;12046.0;14
549600;;TAKER;ASH_COATED_OSMIUM;XIRECS;9990.0;4
549800;;TAKER;INTARIAN_PEPPER_ROOT;XIRECS;12047.0;11
550000;;TAKER;INTARIAN_PEPPER_ROOT;XIRECS;12047.0;15
550100;;TAKER;ASH_COATED_OSMIUM;XIRECS;9991.0;11
550200;;TAKER;INTARIAN_PEPPER_ROOT;XIRECS;12048.0;10
550500;TAKER;;ASH_COATED_OSMIUM;XIRECS;10011.0;14
550800;TAKER;;INTARIAN_PEPPER_ROOT;XIRECS;12061.0;7
550900;;TAKER;INTARIAN_PEPPER_ROOT;XIRECS;12047.0;15
551300;TAKER;;ASH_COATED_OSMIUM;XIRECS;10005.0;3
551400;;TAKER;ASH_COATED_OSMIUM;XIRECS;9995.0;9
551500;TAKER;;ASH_COATED_OSMIUM;XIRECS;10008.0;7
551600;TAKER;;ASH_COATED_OSMIUM;XIRECS;10010.0;5
551700;;TAKER;ASH_COATED_OSMIUM;XIRECS;9992.0;11
551900;TAKER;;INTARIAN_PEPPER_ROOT;XIRECS;12062.0;13
551900;;TAKER;ASH_COATED_OSMIUM;XIRECS;9992.0;15
552000;TAKER;;INTARIAN_PEPPER_ROOT;XIRECS;12064.0;9
552000;;TAKER;ASH_COATED_OSMIUM;XIRECS;9993.0;9
552100;;TAKER;INTARIAN_PEPPER_ROOT;XIRECS;12047.0;4
552200;TAKER;;INTARIAN_PEPPER_ROOT;XIRECS;12061.0;15
552300;;TAKER;INTARIAN_PEPPER_ROOT;XIRECS;12047.0;8
552400;;TAKER;INTARIAN_PEPPER_ROOT;XIRECS;12049.0;5
552500;;TAKER;ASH_COATED_OSMIUM;XIRECS;9991.0;7
553200;TAKER;;INTARIAN_PEPPER_ROOT;XIRECS;12061.0;2
553500;TAKER;;INTARIAN_PEPPER_ROOT;XIRECS;12060.0;7
553700;;TAKER;ASH_COATED_OSMIUM;XIRECS;9989.0;9
553900;;TAKER;INTARIAN_PEPPER_ROOT;XIRECS;12047.0;2
554000;TAKER;;ASH_COATED_OSMIUM;XIRECS;10007.0;11
554100;;TAKER;INTARIAN_PEPPER_ROOT;XIRECS;12048.0;2
554100;;TAKER;ASH_COATED_OSMIUM;XIRECS;9995.0;6
554200;TAKER;;INTARIAN_PEPPER_ROOT;XIRECS;12064.0;14
554300;;TAKER;ASH_COATED_OSMIUM;XIRECS;9994.0;12
554400;TAKER;;INTARIAN_PEPPER_ROOT;XIRECS;12061.0;3
554500;;TAKER;ASH_COATED_OSMIUM;XIRECS;9990.0;7
554600;TAKER;;ASH_COATED_OSMIUM;XIRECS;10007.0;12
554900;TAKER;;ASH_COATED_OSMIUM;XIRECS;10008.0;9
555000;TAKER;;INTARIAN_PEPPER_ROOT;XIRECS;12063.0;13
555200;;TAKER;INTARIAN_PEPPER_ROOT;XIRECS;12047.0;7
555300;;TAKER;ASH_COATED_OSMIUM;XIRECS;9990.0;8
555600;;TAKER;ASH_COATED_OSMIUM;XIRECS;9990.0;10
555700;TAKER;;INTARIAN_PEPPER_ROOT;XIRECS;12061.0;15
555900;;TAKER;ASH_COATED_OSMIUM;XIRECS;9989.0;13
556000;TAKER;;ASH_COATED_OSMIUM;XIRECS;10009.0;9
556200;TAKER;;ASH_COATED_OSMIUM;XIRECS;10008.0;10
556300;TAKER;;ASH_COATED_OSMIUM;XIRECS;10006.0;5
556400;TAKER;;INTARIAN_PEPPER_ROOT;XIRECS;12062.0;7
556500;TAKER;;INTARIAN_PEPPER_ROOT;XIRECS;12060.0;10
556600;;TAKER;ASH_COATED_OSMIUM;XIRECS;9993.0;11
556900;;TAKER;INTARIAN_PEPPER_ROOT;XIRECS;12047.0;15
557100;TAKER;;INTARIAN_PEPPER_ROOT;XIRECS;12062.0;3
557300;TAKER;;INTARIAN_PEPPER_ROOT;XIRECS;12063.0;7
557600;TAKER;;ASH_COATED_OSMIUM;XIRECS;10007.0;3
557700;TAKER;;INTARIAN_PEPPER_ROOT;XIRECS;12061.0;2
557800;TAKER;;INTARIAN_PEPPER_ROOT;XIRECS;12061.0;13
557900;TAKER;;INTARIAN_PEPPER_ROOT;XIRECS;12060.0;12
558100;TAKER;;ASH_COATED_OSMIUM;XIRECS;10010.0;11
558200;TAKER;;INTARIAN_PEPPER_ROOT;XIRECS;12064.0;13
558600;TAKER;;ASH_COATED_OSMIUM;XIRECS;10005.0;10
558800;TAKER;;INTARIAN_PEPPER_ROOT;XIRECS;12061.0;6
558900;TAKER;;INTARIAN_PEPPER_ROOT;XIRECS;12064.0;8
559000;;TAKER;INTARIAN_PEPPER_ROOT;XIRECS;12047.0;3
559200;;TAKER;INTARIAN_PEPPER_ROOT;XIRECS;12049.0;10
559200;TAKER;;ASH_COATED_OSMIUM;XIRECS;10007.0;3
559300;;TAKER;INTARIAN_PEPPER_ROOT;XIRECS;12049.0;9
559400;;TAKER;INTARIAN_PEPPER_ROOT;XIRECS;12049.0;12
559700;TAKER;;INTARIAN_PEPPER_ROOT;XIRECS;12063.0;7
559800;;TAKER;INTARIAN_PEPPER_ROOT;XIRECS;12049.0;2
560000;;TAKER;INTARIAN_PEPPER_ROOT;XIRECS;12049.0;5
560200;;TAKER;ASH_COATED_OSMIUM;XIRECS;9988.0;7
560300;TAKER;;ASH_COATED_OSMIUM;XIRECS;10009.0;5
560600;TAKER;;ASH_COATED_OSMIUM;XIRECS;10006.0;13
560700;;TAKER;ASH_COATED_OSMIUM;XIRECS;9990.0;12
561000;;TAKER;INTARIAN_PEPPER_ROOT;XIRECS;12049.0;6
561100;TAKER;;INTARIAN_PEPPER_ROOT;XIRECS;12065.0;14
561300;;TAKER;INTARIAN_PEPPER_ROOT;XIRECS;12050.0;12
561300;TAKER;;ASH_COATED_OSMIUM;XIRECS;10004.0;8
561500;;TAKER;ASH_COATED_OSMIUM;XIRECS;9989.0;2
561600;;TAKER;INTARIAN_PEPPER_ROOT;XIRECS;12050.0;3
561800;TAKER;;ASH_COATED_OSMIUM;XIRECS;10011.0;14
561900;TAKER;;INTARIAN_PEPPER_ROOT;XIRECS;12061.0;3
562200;;TAKER;ASH_COATED_OSMIUM;XIRECS;9989.0;2
562500;TAKER;;ASH_COATED_OSMIUM;XIRECS;10007.0;4
562600;TAKER;;INTARIAN_PEPPER_ROOT;XIRECS;12064.0;11
562700;;TAKER;INTARIAN_PEPPER_ROOT;XIRECS;12049.0;12
562800;TAKER;;INTARIAN_PEPPER_ROOT;XIRECS;12062.0;14
563000;TAKER;;INTARIAN_PEPPER_ROOT;XIRECS;12062.0;6
563100;TAKER;;INTARIAN_PEPPER_ROOT;XIRECS;12062.0;5
563900;TAKER;;INTARIAN_PEPPER_ROOT;XIRECS;12063.0;13
564100;;TAKER;INTARIAN_PEPPER_ROOT;XIRECS;12050.0;7
564100;TAKER;;ASH_COATED_OSMIUM;XIRECS;10005.0;12
564300;TAKER;;INTARIAN_PEPPER_ROOT;XIRECS;12062.0;4
564300;;TAKER;ASH_COATED_OSMIUM;XIRECS;9988.0;9
564500;;TAKER;INTARIAN_PEPPER_ROOT;XIRECS;12051.0;10
564500;TAKER;;ASH_COATED_OSMIUM;XIRECS;10008.0;4
564800;;TAKER;INTARIAN_PEPPER_ROOT;XIRECS;12050.0;7
564800;TAKER;;ASH_COATED_OSMIUM;XIRECS;10007.0;13
565000;;TAKER;ASH_COATED_OSMIUM;XIRECS;9991.0;15
565200;;TAKER;INTARIAN_PEPPER_ROOT;XIRECS;12051.0;4
565300;TAKER;;ASH_COATED_OSMIUM;XIRECS;10010.0;5
565500;;TAKER;ASH_COATED_OSMIUM;XIRECS;9991.0;12
565800;TAKER;;ASH_COATED_OSMIUM;XIRECS;10012.0;5
566200;TAKER;;ASH_COATED_OSMIUM;XIRECS;10008.0;5
566300;TAKER;;INTARIAN_PEPPER_ROOT;XIRECS;12062.0;5
566500;;TAKER;INTARIAN_PEPPER_ROOT;XIRECS;12051.0;14
566800;;TAKER;ASH_COATED_OSMIUM;XIRECS;9992.0;11
567100;TAKER;;ASH_COATED_OSMIUM;XIRECS;10013.0;10
567600;TAKER;;INTARIAN_PEPPER_ROOT;XIRECS;12063.0;14
567700;;TAKER;INTARIAN_PEPPER_ROOT;XIRECS;12048.0;8
567800;;TAKER;ASH_COATED_OSMIUM;XIRECS;9986.0;4
568000;;TAKER;ASH_COATED_OSMIUM;XIRECS;9993.0;2
568500;;TAKER;ASH_COATED_OSMIUM;XIRECS;9990.0;8
568600;TAKER;;ASH_COATED_OSMIUM;XIRECS;10007.0;5
568700;TAKER;;INTARIAN_PEPPER_ROOT;XIRECS;12065.0;6
568700;;TAKER;ASH_COATED_OSMIUM;XIRECS;9992.0;9
568800;;TAKER;ASH_COATED_OSMIUM;XIRECS;9987.0;5
569200;TAKER;;INTARIAN_PEPPER_ROOT;XIRECS;12063.0;9
569300;;TAKER;ASH_COATED_OSMIUM;XIRECS;9987.0;2
569500;;TAKER;ASH_COATED_OSMIUM;XIRECS;9988.0;3
569600;TAKER;;INTARIAN_PEPPER_ROOT;XIRECS;12063.0;6
569800;;TAKER;ASH_COATED_OSMIUM;XIRECS;9993.0;7
570000;;TAKER;ASH_COATED_OSMIUM;XIRECS;9995.0;13
570200;TAKER;;INTARIAN_PEPPER_ROOT;XIRECS;12064.0;9
570300;;TAKER;ASH_COATED_OSMIUM;XIRECS;9990.0;5
570400;TAKER;;INTARIAN_PEPPER_ROOT;XIRECS;12062.0;6
570800;TAKER;;ASH_COATED_OSMIUM;XIRECS;10013.0;8
571000;TAKER;;INTARIAN_PEPPER_ROOT;XIRECS;12064.0;7
571000;TAKER;;ASH_COATED_OSMIUM;XIRECS;10006.0;15
571100;;TAKER;INTARIAN_PEPPER_ROOT;XIRECS;12049.0;5
571100;TAKER;;ASH_COATED_OSMIUM;XIRECS;10005.0;2
571200;TAKER;;INTARIAN_PEPPER_ROOT;XIRECS;12064.0;5
571300;;TAKER;INTARIAN_PEPPER_ROOT;XIRECS;12050.0;9
571300;;TAKER;ASH_COATED_OSMIUM;XIRECS;9995.0;13
571500;;TAKER;INTARIAN_PEPPER_ROOT;XIRECS;12047.0;6
571600;;TAKER;ASH_COATED_OSMIUM;XIRECS;9991.0;11
571800;TAKER;;INTARIAN_PEPPER_ROOT;XIRECS;12061.0;6
572000;TAKER;;ASH_COATED_OSMIUM;XIRECS;10009.0;15
572100;;TAKER;ASH_COATED_OSMIUM;XIRECS;9991.0;15
572200;TAKER;;INTARIAN_PEPPER_ROOT;XIRECS;12063.0;9
572200;;TAKER;ASH_COATED_OSMIUM;XIRECS;9995.0;5
572300;;TAKER;INTARIAN_PEPPER_ROOT;XIRECS;12049.0;13
572600;;TAKER;INTARIAN_PEPPER_ROOT;XIRECS;12053.0;10
572700;TAKER;;INTARIAN_PEPPER_ROOT;XIRECS;12063.0;12
572800;;TAKER;INTARIAN_PEPPER_ROOT;XIRECS;12050.0;10
573300;TAKER;;ASH_COATED_OSMIUM;XIRECS;10005.0;4
573500;TAKER;;INTARIAN_PEPPER_ROOT;XIRECS;12062.0;4
573500;;TAKER;ASH_COATED_OSMIUM;XIRECS;9992.0;12
573700;TAKER;;INTARIAN_PEPPER_ROOT;XIRECS;12065.0;7
573800;TAKER;;ASH_COATED_OSMIUM;XIRECS;10006.0;5
573900;;TAKER;INTARIAN_PEPPER_ROOT;XIRECS;12051.0;4
574000;TAKER;;INTARIAN_PEPPER_ROOT;XIRECS;12064.0;11
574100;TAKER;;ASH_COATED_OSMIUM;XIRECS;10011.0;5
574200;;TAKER;INTARIAN_PEPPER_ROOT;XIRECS;12052.0;10
574200;;TAKER;ASH_COATED_OSMIUM;XIRECS;9994.0;12
574300;TAKER;;INTARIAN_PEPPER_ROOT;XIRECS;12065.0;6
574400;;TAKER;INTARIAN_PEPPER_ROOT;XIRECS;12051.0;2
574400;TAKER;;ASH_COATED_OSMIUM;XIRECS;10004.0;10
574500;TAKER;;ASH_COATED_OSMIUM;XIRECS;10011.0;10
574900;TAKER;;ASH_COATED_OSMIUM;XIRECS;10006.0;2
575100;;TAKER;INTARIAN_PEPPER_ROOT;XIRECS;12050.0;14
575100;TAKER;;ASH_COATED_OSMIUM;XIRECS;10008.0;4
575200;TAKER;;INTARIAN_PEPPER_ROOT;XIRECS;12064.0;10
575200;;TAKER;ASH_COATED_OSMIUM;XIRECS;9988.0;5
575300;;TAKER;INTARIAN_PEPPER_ROOT;XIRECS;12052.0;5
575800;;TAKER;ASH_COATED_OSMIUM;XIRECS;9994.0;6
576000;TAKER;;ASH_COATED_OSMIUM;XIRECS;10008.0;4
576100;;TAKER;ASH_COATED_OSMIUM;XIRECS;9994.0;4
576200;TAKER;;ASH_COATED_OSMIUM;XIRECS;10007.0;2
576300;;TAKER;INTARIAN_PEPPER_ROOT;XIRECS;12051.0;10
576500;TAKER;;INTARIAN_PEPPER_ROOT;XIRECS;12063.0;10
576700;TAKER;;INTARIAN_PEPPER_ROOT;XIRECS;12064.0;10
576800;;TAKER;ASH_COATED_OSMIUM;XIRECS;9991.0;8
577200;TAKER;;ASH_COATED_OSMIUM;XIRECS;10008.0;13
577300;TAKER;;INTARIAN_PEPPER_ROOT;XIRECS;12063.0;10
577700;;TAKER;INTARIAN_PEPPER_ROOT;XIRECS;12053.0;15
577800;;TAKER;INTARIAN_PEPPER_ROOT;XIRECS;12052.0;7
578000;;TAKER;INTARIAN_PEPPER_ROOT;XIRECS;12048.0;12
578100;;TAKER;ASH_COATED_OSMIUM;XIRECS;9992.0;11
578300;TAKER;;INTARIAN_PEPPER_ROOT;XIRECS;12065.0;4
578400;TAKER;;ASH_COATED_OSMIUM;XIRECS;10008.0;11
578600;;TAKER;INTARIAN_PEPPER_ROOT;XIRECS;12050.0;15
578700;TAKER;;ASH_COATED_OSMIUM;XIRECS;10010.0;3
578800;TAKER;;INTARIAN_PEPPER_ROOT;XIRECS;12065.0;13
578800;TAKER;;ASH_COATED_OSMIUM;XIRECS;10004.0;9
578900;;TAKER;ASH_COATED_OSMIUM;XIRECS;9990.0;9
579000;;TAKER;ASH_COATED_OSMIUM;XIRECS;9990.0;12
579200;TAKER;;INTARIAN_PEPPER_ROOT;XIRECS;12064.0;10
579200;TAKER;;ASH_COATED_OSMIUM;XIRECS;10008.0;5
579600;TAKER;;INTARIAN_PEPPER_ROOT;XIRECS;12063.0;10
579800;TAKER;;ASH_COATED_OSMIUM;XIRECS;10009.0;6
579900;;TAKER;INTARIAN_PEPPER_ROOT;XIRECS;12049.0;8
580200;;TAKER;INTARIAN_PEPPER_ROOT;XIRECS;12052.0;4
580200;;TAKER;ASH_COATED_OSMIUM;XIRECS;9988.0;9
580300;;TAKER;ASH_COATED_OSMIUM;XIRECS;9993.0;13
580400;TAKER;;ASH_COATED_OSMIUM;XIRECS;10011.0;14
580500;;TAKER;INTARIAN_PEPPER_ROOT;XIRECS;12050.0;7
580700;;TAKER;INTARIAN_PEPPER_ROOT;XIRECS;12051.0;11
581200;TAKER;;INTARIAN_PEPPER_ROOT;XIRECS;12065.0;10
581500;;TAKER;ASH_COATED_OSMIUM;XIRECS;9993.0;4
581600;TAKER;;INTARIAN_PEPPER_ROOT;XIRECS;12063.0;13
581600;;TAKER;ASH_COATED_OSMIUM;XIRECS;9991.0;13
582000;TAKER;;ASH_COATED_OSMIUM;XIRECS;10009.0;2
582100;TAKER;;INTARIAN_PEPPER_ROOT;XIRECS;12066.0;13
582200;;TAKER;INTARIAN_PEPPER_ROOT;XIRECS;12050.0;4
582200;;TAKER;ASH_COATED_OSMIUM;XIRECS;9986.0;7
582300;TAKER;;ASH_COATED_OSMIUM;XIRECS;10008.0;13
582400;;TAKER;INTARIAN_PEPPER_ROOT;XIRECS;12053.0;11
582400;;TAKER;ASH_COATED_OSMIUM;XIRECS;9991.0;11
582500;TAKER;;INTARIAN_PEPPER_ROOT;XIRECS;12064.0;9
582500;;TAKER;ASH_COATED_OSMIUM;XIRECS;9989.0;10
582700;TAKER;;INTARIAN_PEPPER_ROOT;XIRECS;12064.0;15
582800;TAKER;;INTARIAN_PEPPER_ROOT;XIRECS;12066.0;13
582800;;TAKER;ASH_COATED_OSMIUM;XIRECS;9993.0;2
583200;;TAKER;INTARIAN_PEPPER_ROOT;XIRECS;12052.0;13
583300;TAKER;;ASH_COATED_OSMIUM;XIRECS;10005.0;4
583400;TAKER;;ASH_COATED_OSMIUM;XIRECS;10005.0;10
583600;TAKER;;INTARIAN_PEPPER_ROOT;XIRECS;12064.0;9
583700;TAKER;;INTARIAN_PEPPER_ROOT;XIRECS;12065.0;8
583700;TAKER;;ASH_COATED_OSMIUM;XIRECS;10002.0;14
584200;;TAKER;INTARIAN_PEPPER_ROOT;XIRECS;12049.0;15
584200;;TAKER;ASH_COATED_OSMIUM;XIRECS;9991.0;11
584400;;TAKER;INTARIAN_PEPPER_ROOT;XIRECS;12051.0;5
584400;;TAKER;ASH_COATED_OSMIUM;XIRECS;9992.0;2
584600;TAKER;;INTARIAN_PEPPER_ROOT;XIRECS;12066.0;3
584600;TAKER;;ASH_COATED_OSMIUM;XIRECS;10012.0;9
584700;TAKER;;INTARIAN_PEPPER_ROOT;XIRECS;12063.0;11
584700;TAKER;;ASH_COATED_OSMIUM;XIRECS;10007.0;3
585100;;TAKER;INTARIAN_PEPPER_ROOT;XIRECS;12051.0;9
585200;;TAKER;INTARIAN_PEPPER_ROOT;XIRECS;12054.0;4
585300;;TAKER;ASH_COATED_OSMIUM;XIRECS;9990.0;5
585500;TAKER;;INTARIAN_PEPPER_ROOT;XIRECS;12065.0;5
585600;;TAKER;INTARIAN_PEPPER_ROOT;XIRECS;12051.0;14
585800;;TAKER;ASH_COATED_OSMIUM;XIRECS;9990.0;12
585900;TAKER;;INTARIAN_PEPPER_ROOT;XIRECS;12064.0;9
586000;TAKER;;ASH_COATED_OSMIUM;XIRECS;10010.0;8
586100;TAKER;;INTARIAN_PEPPER_ROOT;XIRECS;12065.0;7
586300;TAKER;;ASH_COATED_OSMIUM;XIRECS;10013.0;2
586600;;TAKER;ASH_COATED_OSMIUM;XIRECS;9990.0;11
586700;;TAKER;INTARIAN_PEPPER_ROOT;XIRECS;12053.0;7
586800;TAKER;;ASH_COATED_OSMIUM;XIRECS;10011.0;2
587000;TAKER;;INTARIAN_PEPPER_ROOT;XIRECS;12066.0;2
587100;;TAKER;INTARIAN_PEPPER_ROOT;XIRECS;12050.0;5
587100;TAKER;;ASH_COATED_OSMIUM;XIRECS;10009.0;13
587500;;TAKER;INTARIAN_PEPPER_ROOT;XIRECS;12052.0;8
587700;;TAKER;INTARIAN_PEPPER_ROOT;XIRECS;12052.0;4
587900;;TAKER;ASH_COATED_OSMIUM;XIRECS;9991.0;15
588000;;TAKER;ASH_COATED_OSMIUM;XIRECS;9991.0;2
588200;TAKER;;ASH_COATED_OSMIUM;XIRECS;10009.0;12
588300;TAKER;;ASH_COATED_OSMIUM;XIRECS;10008.0;12
588600;;TAKER;ASH_COATED_OSMIUM;XIRECS;9992.0;3
588700;;TAKER;INTARIAN_PEPPER_ROOT;XIRECS;12050.0;13
589000;;TAKER;INTARIAN_PEPPER_ROOT;XIRECS;12051.0;11
589000;TAKER;;ASH_COATED_OSMIUM;XIRECS;10010.0;4
589600;;TAKER;ASH_COATED_OSMIUM;XIRECS;9991.0;10
589700;;TAKER;INTARIAN_PEPPER_ROOT;XIRECS;12051.0;13
589900;TAKER;;ASH_COATED_OSMIUM;XIRECS;10010.0;7
590000;TAKER;;INTARIAN_PEPPER_ROOT;XIRECS;12066.0;5
590200;TAKER;;ASH_COATED_OSMIUM;XIRECS;10011.0;5
590400;;TAKER;INTARIAN_PEPPER_ROOT;XIRECS;12052.0;10
590500;TAKER;;INTARIAN_PEPPER_ROOT;XIRECS;12064.0;8
590600;;TAKER;INTARIAN_PEPPER_ROOT;XIRECS;12049.0;5
590800;;TAKER;INTARIAN_PEPPER_ROOT;XIRECS;12052.0;11
591200;;TAKER;INTARIAN_PEPPER_ROOT;XIRECS;12050.0;6
591400;TAKER;;INTARIAN_PEPPER_ROOT;XIRECS;12068.0;4
591400;TAKER;;ASH_COATED_OSMIUM;XIRECS;10009.0;13
591500;TAKER;;INTARIAN_PEPPER_ROOT;XIRECS;12066.0;5
591500;;TAKER;ASH_COATED_OSMIUM;XIRECS;9991.0;4
591600;TAKER;;INTARIAN_PEPPER_ROOT;XIRECS;12066.0;2
591700;TAKER;;ASH_COATED_OSMIUM;XIRECS;10009.0;5
591800;;TAKER;ASH_COATED_OSMIUM;XIRECS;9988.0;12
591900;;TAKER;ASH_COATED_OSMIUM;XIRECS;9991.0;12
592000;TAKER;;INTARIAN_PEPPER_ROOT;XIRECS;12067.0;6
592100;;TAKER;INTARIAN_PEPPER_ROOT;XIRECS;12052.0;10
592200;TAKER;;ASH_COATED_OSMIUM;XIRECS;10009.0;8
592300;TAKER;;ASH_COATED_OSMIUM;XIRECS;10010.0;7
592400;;TAKER;INTARIAN_PEPPER_ROOT;XIRECS;12050.0;12
592600;TAKER;;INTARIAN_PEPPER_ROOT;XIRECS;12065.0;6
592700;;TAKER;ASH_COATED_OSMIUM;XIRECS;9993.0;15
592800;;TAKER;INTARIAN_PEPPER_ROOT;XIRECS;12051.0;7
593000;;TAKER;ASH_COATED_OSMIUM;XIRECS;9995.0;12
593300;TAKER;;ASH_COATED_OSMIUM;XIRECS;10012.0;10
593700;;TAKER;ASH_COATED_OSMIUM;XIRECS;9988.0;14
593900;TAKER;;INTARIAN_PEPPER_ROOT;XIRECS;12066.0;2
594100;;TAKER;ASH_COATED_OSMIUM;XIRECS;9992.0;13
594300;;TAKER;INTARIAN_PEPPER_ROOT;XIRECS;12053.0;13
594400;TAKER;;ASH_COATED_OSMIUM;XIRECS;10009.0;3
594500;TAKER;;ASH_COATED_OSMIUM;XIRECS;10009.0;10
594600;;TAKER;ASH_COATED_OSMIUM;XIRECS;9989.0;15
594700;TAKER;;ASH_COATED_OSMIUM;XIRECS;10016.0;10
595100;;TAKER;ASH_COATED_OSMIUM;XIRECS;9989.0;14
595300;;TAKER;INTARIAN_PEPPER_ROOT;XIRECS;12051.0;6
595300;TAKER;;ASH_COATED_OSMIUM;XIRECS;10010.0;11
595400;;TAKER;ASH_COATED_OSMIUM;XIRECS;9990.0;3
595500;TAKER;;ASH_COATED_OSMIUM;XIRECS;10007.0;9
595600;TAKER;;INTARIAN_PEPPER_ROOT;XIRECS;12066.0;4
595600;;TAKER;ASH_COATED_OSMIUM;XIRECS;9993.0;6
595800;TAKER;;INTARIAN_PEPPER_ROOT;XIRECS;12067.0;2
595800;;TAKER;ASH_COATED_OSMIUM;XIRECS;9987.0;11
596000;TAKER;;INTARIAN_PEPPER_ROOT;XIRECS;12066.0;10
596000;TAKER;;ASH_COATED_OSMIUM;XIRECS;10008.0;11
596200;;TAKER;INTARIAN_PEPPER_ROOT;XIRECS;12051.0;8
596300;;TAKER;INTARIAN_PEPPER_ROOT;XIRECS;12051.0;3
596500;;TAKER;INTARIAN_PEPPER_ROOT;XIRECS;12052.0;8
596700;;TAKER;ASH_COATED_OSMIUM;XIRECS;9994.0;15
596800;;TAKER;INTARIAN_PEPPER_ROOT;XIRECS;12053.0;13
597300;TAKER;;INTARIAN_PEPPER_ROOT;XIRECS;12066.0;14
597500;TAKER;;ASH_COATED_OSMIUM;XIRECS;10007.0;3
597600;TAKER;;INTARIAN_PEPPER_ROOT;XIRECS;12066.0;8
597800;;TAKER;INTARIAN_PEPPER_ROOT;XIRECS;12051.0;8
597900;;TAKER;INTARIAN_PEPPER_ROOT;XIRECS;12051.0;14
598100;;TAKER;ASH_COATED_OSMIUM;XIRECS;9992.0;11
598300;;TAKER;INTARIAN_PEPPER_ROOT;XIRECS;12052.0;7
598400;;TAKER;ASH_COATED_OSMIUM;XIRECS;9987.0;15
598500;;TAKER;INTARIAN_PEPPER_ROOT;XIRECS;12052.0;15
598500;TAKER;;ASH_COATED_OSMIUM;XIRECS;10008.0;11
598600;;TAKER;INTARIAN_PEPPER_ROOT;XIRECS;12052.0;10
598700;;TAKER;ASH_COATED_OSMIUM;XIRECS;9991.0;9
598800;TAKER;;INTARIAN_PEPPER_ROOT;XIRECS;12066.0;12
598900;;TAKER;INTARIAN_PEPPER_ROOT;XIRECS;12055.0;14
599000;;TAKER;INTARIAN_PEPPER_ROOT;XIRECS;12054.0;8
599300;TAKER;;ASH_COATED_OSMIUM;XIRECS;10011.0;9
599400;;TAKER;ASH_COATED_OSMIUM;XIRECS;9990.0;6
599900;;TAKER;INTARIAN_PEPPER_ROOT;XIRECS;12054.0;9
600000;;TAKER;ASH_COATED_OSMIUM;XIRECS;9991.0;2
600100;;TAKER;ASH_COATED_OSMIUM;XIRECS;9992.0;9
600300;TAKER;;INTARIAN_PEPPER_ROOT;XIRECS;12064.0;15
600700;TAKER;;ASH_COATED_OSMIUM;XIRECS;10009.0;10
601300;TAKER;;INTARIAN_PEPPER_ROOT;XIRECS;12067.0;3
601400;TAKER;;ASH_COATED_OSMIUM;XIRECS;10009.0;3
601500;;TAKER;INTARIAN_PEPPER_ROOT;XIRECS;12052.0;9
601600;;TAKER;INTARIAN_PEPPER_ROOT;XIRECS;12054.0;7
601600;TAKER;;ASH_COATED_OSMIUM;XIRECS;10006.0;8
601700;TAKER;;INTARIAN_PEPPER_ROOT;XIRECS;12066.0;3
601700;;TAKER;ASH_COATED_OSMIUM;XIRECS;9993.0;2
601800;TAKER;;INTARIAN_PEPPER_ROOT;XIRECS;12066.0;13
602000;;TAKER;INTARIAN_PEPPER_ROOT;XIRECS;12054.0;11
602100;;TAKER;ASH_COATED_OSMIUM;XIRECS;9989.0;3
602200;;TAKER;INTARIAN_PEPPER_ROOT;XIRECS;12054.0;6
602300;TAKER;;INTARIAN_PEPPER_ROOT;XIRECS;12065.0;2
602300;;TAKER;ASH_COATED_OSMIUM;XIRECS;9993.0;15
602500;TAKER;;ASH_COATED_OSMIUM;XIRECS;10013.0;9
602600;TAKER;;ASH_COATED_OSMIUM;XIRECS;10009.0;10
602800;;TAKER;ASH_COATED_OSMIUM;XIRECS;9994.0;2
602900;;TAKER;INTARIAN_PEPPER_ROOT;XIRECS;12053.0;6
602900;TAKER;;ASH_COATED_OSMIUM;XIRECS;10009.0;7
603000;TAKER;;INTARIAN_PEPPER_ROOT;XIRECS;12067.0;14
603200;;TAKER;INTARIAN_PEPPER_ROOT;XIRECS;12053.0;14
603200;;TAKER;ASH_COATED_OSMIUM;XIRECS;9988.0;15
603400;;TAKER;INTARIAN_PEPPER_ROOT;XIRECS;12053.0;13
603400;;TAKER;ASH_COATED_OSMIUM;XIRECS;9992.0;3
603500;;TAKER;INTARIAN_PEPPER_ROOT;XIRECS;12054.0;12
603600;;TAKER;ASH_COATED_OSMIUM;XIRECS;9991.0;15
603800;;TAKER;INTARIAN_PEPPER_ROOT;XIRECS;12053.0;7
603900;;TAKER;ASH_COATED_OSMIUM;XIRECS;9992.0;11
604100;TAKER;;INTARIAN_PEPPER_ROOT;XIRECS;12067.0;2
604300;TAKER;;INTARIAN_PEPPER_ROOT;XIRECS;12066.0;4
604800;;TAKER;ASH_COATED_OSMIUM;XIRECS;9991.0;12
605000;;TAKER;INTARIAN_PEPPER_ROOT;XIRECS;12054.0;4
605100;TAKER;;INTARIAN_PEPPER_ROOT;XIRECS;12066.0;3
605400;TAKER;;INTARIAN_PEPPER_ROOT;XIRECS;12067.0;2
605900;TAKER;;INTARIAN_PEPPER_ROOT;XIRECS;12067.0;7
605900;;TAKER;ASH_COATED_OSMIUM;XIRECS;9990.0;13
606000;TAKER;;INTARIAN_PEPPER_ROOT;XIRECS;12066.0;5
606100;TAKER;;ASH_COATED_OSMIUM;XIRECS;10012.0;11
606400;;TAKER;INTARIAN_PEPPER_ROOT;XIRECS;12054.0;11
606500;;TAKER;INTARIAN_PEPPER_ROOT;XIRECS;12055.0;14
606600;;TAKER;INTARIAN_PEPPER_ROOT;XIRECS;12051.0;8
606600;TAKER;;ASH_COATED_OSMIUM;XIRECS;10009.0;6
606700;TAKER;;ASH_COATED_OSMIUM;XIRECS;10009.0;9
606800;;TAKER;ASH_COATED_OSMIUM;XIRECS;9990.0;12
606900;TAKER;;INTARIAN_PEPPER_ROOT;XIRECS;12067.0;10
607000;TAKER;;ASH_COATED_OSMIUM;XIRECS;10008.0;14
607100;TAKER;;ASH_COATED_OSMIUM;XIRECS;10009.0;3
607400;TAKER;;ASH_COATED_OSMIUM;XIRECS;10008.0;15
607700;;TAKER;INTARIAN_PEPPER_ROOT;XIRECS;12053.0;7
607800;TAKER;;INTARIAN_PEPPER_ROOT;XIRECS;12066.0;6
607900;;TAKER;INTARIAN_PEPPER_ROOT;XIRECS;12052.0;9
607900;;TAKER;ASH_COATED_OSMIUM;XIRECS;9990.0;4
608300;;TAKER;ASH_COATED_OSMIUM;XIRECS;9992.0;15
608400;TAKER;;ASH_COATED_OSMIUM;XIRECS;10007.0;14
608600;TAKER;;INTARIAN_PEPPER_ROOT;XIRECS;12066.0;6
608900;TAKER;;INTARIAN_PEPPER_ROOT;XIRECS;12064.0;7
609000;TAKER;;INTARIAN_PEPPER_ROOT;XIRECS;12067.0;5
609100;TAKER;;INTARIAN_PEPPER_ROOT;XIRECS;12066.0;2
609200;;TAKER;INTARIAN_PEPPER_ROOT;XIRECS;12053.0;3
609300;;TAKER;ASH_COATED_OSMIUM;XIRECS;9992.0;5
609400;TAKER;;ASH_COATED_OSMIUM;XIRECS;10005.0;7
609600;TAKER;;INTARIAN_PEPPER_ROOT;XIRECS;12067.0;12
609800;;TAKER;INTARIAN_PEPPER_ROOT;XIRECS;12055.0;15
610100;TAKER;;ASH_COATED_OSMIUM;XIRECS;10005.0;7
610600;;TAKER;ASH_COATED_OSMIUM;XIRECS;9992.0;15
610700;;TAKER;ASH_COATED_OSMIUM;XIRECS;9989.0;5
610800;TAKER;;INTARIAN_PEPPER_ROOT;XIRECS;12068.0;15
610800;TAKER;;ASH_COATED_OSMIUM;XIRECS;10013.0;4
610900;;TAKER;ASH_COATED_OSMIUM;XIRECS;9993.0;13
611100;TAKER;;ASH_COATED_OSMIUM;XIRECS;10010.0;15
611300;TAKER;;INTARIAN_PEPPER_ROOT;XIRECS;12067.0;15
611400;TAKER;;INTARIAN_PEPPER_ROOT;XIRECS;12067.0;13
611600;TAKER;;ASH_COATED_OSMIUM;XIRECS;10010.0;12
611700;;TAKER;INTARIAN_PEPPER_ROOT;XIRECS;12054.0;5
611800;;TAKER;INTARIAN_PEPPER_ROOT;XIRECS;12055.0;7
611800;;TAKER;ASH_COATED_OSMIUM;XIRECS;9989.0;15
612200;;TAKER;ASH_COATED_OSMIUM;XIRECS;9993.0;5
612300;;TAKER;INTARIAN_PEPPER_ROOT;XIRECS;12054.0;10
612400;TAKER;;ASH_COATED_OSMIUM;XIRECS;10010.0;12
612500;TAKER;;ASH_COATED_OSMIUM;XIRECS;10006.0;12
612600;TAKER;;ASH_COATED_OSMIUM;XIRECS;10009.0;2
612700;TAKER;;INTARIAN_PEPPER_ROOT;XIRECS;12067.0;12
612700;TAKER;;ASH_COATED_OSMIUM;XIRECS;10012.0;14
613000;TAKER;;INTARIAN_PEPPER_ROOT;XIRECS;12068.0;8
613200;TAKER;;INTARIAN_PEPPER_ROOT;XIRECS;12069.0;11
613200;TAKER;;ASH_COATED_OSMIUM;XIRECS;10007.0;10
613500;TAKER;;INTARIAN_PEPPER_ROOT;XIRECS;12068.0;8
613800;;TAKER;INTARIAN_PEPPER_ROOT;XIRECS;12053.0;14
613800;TAKER;;ASH_COATED_OSMIUM;XIRECS;10009.0;8
613900;TAKER;;ASH_COATED_OSMIUM;XIRECS;10005.0;7
614000;;TAKER;INTARIAN_PEPPER_ROOT;XIRECS;12053.0;6
614100;;TAKER;INTARIAN_PEPPER_ROOT;XIRECS;12054.0;10
614200;;TAKER;INTARIAN_PEPPER_ROOT;XIRECS;12054.0;11
614400;;TAKER;INTARIAN_PEPPER_ROOT;XIRECS;12055.0;5
614400;TAKER;;ASH_COATED_OSMIUM;XIRECS;10009.0;12
614500;TAKER;;INTARIAN_PEPPER_ROOT;XIRECS;12066.0;15
614900;TAKER;;INTARIAN_PEPPER_ROOT;XIRECS;12068.0;13
615100;;TAKER;ASH_COATED_OSMIUM;XIRECS;9988.0;3
615200;;TAKER;INTARIAN_PEPPER_ROOT;XIRECS;12054.0;8
615400;TAKER;;INTARIAN_PEPPER_ROOT;XIRECS;12066.0;2
615400;TAKER;;ASH_COATED_OSMIUM;XIRECS;10011.0;8
616000;;TAKER;ASH_COATED_OSMIUM;XIRECS;9991.0;10
616100;TAKER;;ASH_COATED_OSMIUM;XIRECS;10008.0;14
616400;;TAKER;INTARIAN_PEPPER_ROOT;XIRECS;12054.0;13
616500;TAKER;;INTARIAN_PEPPER_ROOT;XIRECS;12068.0;7
616700;;TAKER;INTARIAN_PEPPER_ROOT;XIRECS;12053.0;6
616900;;TAKER;INTARIAN_PEPPER_ROOT;XIRECS;12053.0;3
617100;;TAKER;INTARIAN_PEPPER_ROOT;XIRECS;12054.0;8
617100;TAKER;;ASH_COATED_OSMIUM;XIRECS;10010.0;11
617200;;TAKER;ASH_COATED_OSMIUM;XIRECS;9993.0;6
617300;TAKER;;INTARIAN_PEPPER_ROOT;XIRECS;12066.0;6
617600;TAKER;;ASH_COATED_OSMIUM;XIRECS;10010.0;10
618000;TAKER;;INTARIAN_PEPPER_ROOT;XIRECS;12067.0;14
618200;TAKER;;INTARIAN_PEPPER_ROOT;XIRECS;12068.0;8
618200;;TAKER;ASH_COATED_OSMIUM;XIRECS;9990.0;4
618500;TAKER;;ASH_COATED_OSMIUM;XIRECS;10005.0;6
618600;;TAKER;INTARIAN_PEPPER_ROOT;XIRECS;12055.0;14
618700;TAKER;;ASH_COATED_OSMIUM;XIRECS;10007.0;10
618800;;TAKER;ASH_COATED_OSMIUM;XIRECS;9993.0;6
618900;TAKER;;INTARIAN_PEPPER_ROOT;XIRECS;12069.0;15
619000;;TAKER;ASH_COATED_OSMIUM;XIRECS;9991.0;15
619100;;TAKER;INTARIAN_PEPPER_ROOT;XIRECS;12054.0;12
619200;;TAKER;INTARIAN_PEPPER_ROOT;XIRECS;12054.0;13
619200;;TAKER;ASH_COATED_OSMIUM;XIRECS;9990.0;10
619800;;TAKER;INTARIAN_PEPPER_ROOT;XIRECS;12054.0;8
620100;;TAKER;INTARIAN_PEPPER_ROOT;XIRECS;12055.0;8
620200;TAKER;;ASH_COATED_OSMIUM;XIRECS;10007.0;13
620400;TAKER;;INTARIAN_PEPPER_ROOT;XIRECS;12069.0;7
620500;;TAKER;INTARIAN_PEPPER_ROOT;XIRECS;12055.0;9
620600;TAKER;;ASH_COATED_OSMIUM;XIRECS;10012.0;6
620800;;TAKER;INTARIAN_PEPPER_ROOT;XIRECS;12054.0;5
620900;TAKER;;INTARIAN_PEPPER_ROOT;XIRECS;12069.0;12
621000;;TAKER;INTARIAN_PEPPER_ROOT;XIRECS;12055.0;7
621100;TAKER;;INTARIAN_PEPPER_ROOT;XIRECS;12068.0;4
621200;TAKER;;ASH_COATED_OSMIUM;XIRECS;10008.0;15
621300;TAKER;;INTARIAN_PEPPER_ROOT;XIRECS;12069.0;4
621600;;TAKER;INTARIAN_PEPPER_ROOT;XIRECS;12055.0;14
621700;;TAKER;INTARIAN_PEPPER_ROOT;XIRECS;12052.0;7
621900;;TAKER;INTARIAN_PEPPER_ROOT;XIRECS;12054.0;8
622600;TAKER;;ASH_COATED_OSMIUM;XIRECS;10010.0;2
622800;TAKER;;ASH_COATED_OSMIUM;XIRECS;10012.0;15
622900;TAKER;;INTARIAN_PEPPER_ROOT;XIRECS;12068.0;6
623000;;TAKER;INTARIAN_PEPPER_ROOT;XIRECS;12055.0;8
623100;TAKER;;INTARIAN_PEPPER_ROOT;XIRECS;12071.0;8
623100;;TAKER;ASH_COATED_OSMIUM;XIRECS;9995.0;7
623600;TAKER;;ASH_COATED_OSMIUM;XIRECS;10011.0;9
623700;TAKER;;ASH_COATED_OSMIUM;XIRECS;10007.0;10
623800;TAKER;;INTARIAN_PEPPER_ROOT;XIRECS;12071.0;7
624000;;TAKER;ASH_COATED_OSMIUM;XIRECS;9990.0;10
624200;TAKER;;INTARIAN_PEPPER_ROOT;XIRECS;12070.0;10
624300;TAKER;;INTARIAN_PEPPER_ROOT;XIRECS;12069.0;2
624600;TAKER;;ASH_COATED_OSMIUM;XIRECS;10013.0;8
624800;TAKER;;INTARIAN_PEPPER_ROOT;XIRECS;12068.0;5
624900;TAKER;;ASH_COATED_OSMIUM;XIRECS;10007.0;12
625000;;TAKER;ASH_COATED_OSMIUM;XIRECS;9987.0;5
625100;;TAKER;INTARIAN_PEPPER_ROOT;XIRECS;12055.0;8
625300;TAKER;;ASH_COATED_OSMIUM;XIRECS;10005.0;13
625600;;TAKER;INTARIAN_PEPPER_ROOT;XIRECS;12054.0;4
625900;TAKER;;INTARIAN_PEPPER_ROOT;XIRECS;12068.0;13
626100;;TAKER;INTARIAN_PEPPER_ROOT;XIRECS;12056.0;12
626400;;TAKER;ASH_COATED_OSMIUM;XIRECS;9991.0;10
626600;;TAKER;ASH_COATED_OSMIUM;XIRECS;9992.0;5
626700;TAKER;;INTARIAN_PEPPER_ROOT;XIRECS;12070.0;2
626800;;TAKER;INTARIAN_PEPPER_ROOT;XIRECS;12055.0;14
627200;TAKER;;ASH_COATED_OSMIUM;XIRECS;10012.0;2
627700;;TAKER;INTARIAN_PEPPER_ROOT;XIRECS;12055.0;5
627700;TAKER;;ASH_COATED_OSMIUM;XIRECS;10006.0;6
627800;TAKER;;ASH_COATED_OSMIUM;XIRECS;10012.0;13
627900;TAKER;;ASH_COATED_OSMIUM;XIRECS;10010.0;2
628000;TAKER;;ASH_COATED_OSMIUM;XIRECS;10009.0;8
628100;;TAKER;INTARIAN_PEPPER_ROOT;XIRECS;12052.0;7
628400;;TAKER;INTARIAN_PEPPER_ROOT;XIRECS;12054.0;4
628400;;TAKER;ASH_COATED_OSMIUM;XIRECS;9987.0;14
628600;TAKER;;ASH_COATED_OSMIUM;XIRECS;10008.0;8
628800;;TAKER;INTARIAN_PEPPER_ROOT;XIRECS;12055.0;13
628900;;TAKER;ASH_COATED_OSMIUM;XIRECS;9993.0;9
629000;TAKER;;INTARIAN_PEPPER_ROOT;XIRECS;12069.0;3
629300;;TAKER;ASH_COATED_OSMIUM;XIRECS;9990.0;4
629600;TAKER;;ASH_COATED_OSMIUM;XIRECS;10010.0;14
629800;TAKER;;ASH_COATED_OSMIUM;XIRECS;10010.0;6
630000;TAKER;;INTARIAN_PEPPER_ROOT;XIRECS;12069.0;15
630300;;TAKER;ASH_COATED_OSMIUM;XIRECS;9993.0;3
630600;;TAKER;INTARIAN_PEPPER_ROOT;XIRECS;12056.0;9
630600;;TAKER;ASH_COATED_OSMIUM;XIRECS;9990.0;11
630800;TAKER;;INTARIAN_PEPPER_ROOT;XIRECS;12068.0;14
630800;TAKER;;ASH_COATED_OSMIUM;XIRECS;10007.0;7
631100;TAKER;;INTARIAN_PEPPER_ROOT;XIRECS;12069.0;13
631200;TAKER;;INTARIAN_PEPPER_ROOT;XIRECS;12067.0;15
631300;;TAKER;ASH_COATED_OSMIUM;XIRECS;9991.0;10
631500;;TAKER;INTARIAN_PEPPER_ROOT;XIRECS;12055.0;11
631500;TAKER;;ASH_COATED_OSMIUM;XIRECS;10008.0;12
631700;;TAKER;ASH_COATED_OSMIUM;XIRECS;9990.0;2
631800;;TAKER;INTARIAN_PEPPER_ROOT;XIRECS;12056.0;7
631800;TAKER;;ASH_COATED_OSMIUM;XIRECS;10008.0;10
632100;;TAKER;ASH_COATED_OSMIUM;XIRECS;9990.0;8
632200;;TAKER;ASH_COATED_OSMIUM;XIRECS;9986.0;5
632700;TAKER;;ASH_COATED_OSMIUM;XIRECS;10009.0;9
632800;TAKER;;INTARIAN_PEPPER_ROOT;XIRECS;12070.0;11
632900;TAKER;;ASH_COATED_OSMIUM;XIRECS;10011.0;2
633000;TAKER;;INTARIAN_PEPPER_ROOT;XIRECS;12069.0;13
633100;;TAKER;ASH_COATED_OSMIUM;XIRECS;9994.0;6
633200;;TAKER;INTARIAN_PEPPER_ROOT;XIRECS;12057.0;13
633300;TAKER;;INTARIAN_PEPPER_ROOT;XIRECS;12070.0;7
633300;;TAKER;ASH_COATED_OSMIUM;XIRECS;9989.0;12
633600;;TAKER;ASH_COATED_OSMIUM;XIRECS;9989.0;11
633800;;TAKER;ASH_COATED_OSMIUM;XIRECS;9989.0;9
633900;TAKER;;ASH_COATED_OSMIUM;XIRECS;10011.0;6
634200;;TAKER;ASH_COATED_OSMIUM;XIRECS;9992.0;14
634300;;TAKER;ASH_COATED_OSMIUM;XIRECS;9988.0;10
634400;TAKER;;INTARIAN_PEPPER_ROOT;XIRECS;12066.0;12
634700;TAKER;;INTARIAN_PEPPER_ROOT;XIRECS;12069.0;13
634800;TAKER;;INTARIAN_PEPPER_ROOT;XIRECS;12073.0;6
635000;;TAKER;ASH_COATED_OSMIUM;XIRECS;9989.0;3
635200;;TAKER;INTARIAN_PEPPER_ROOT;XIRECS;12056.0;7
635300;TAKER;;ASH_COATED_OSMIUM;XIRECS;10009.0;4
635400;TAKER;;ASH_COATED_OSMIUM;XIRECS;10013.0;3
635500;;TAKER;INTARIAN_PEPPER_ROOT;XIRECS;12056.0;5
635600;;TAKER;INTARIAN_PEPPER_ROOT;XIRECS;12055.0;6
636300;;TAKER;ASH_COATED_OSMIUM;XIRECS;9992.0;5
636400;;TAKER;INTARIAN_PEPPER_ROOT;XIRECS;12057.0;8
636600;TAKER;;ASH_COATED_OSMIUM;XIRECS;10007.0;8
636800;;TAKER;INTARIAN_PEPPER_ROOT;XIRECS;12056.0;7
636800;;TAKER;ASH_COATED_OSMIUM;XIRECS;9995.0;13
636900;;TAKER;ASH_COATED_OSMIUM;XIRECS;9990.0;10
637000;;TAKER;INTARIAN_PEPPER_ROOT;XIRECS;12056.0;12
637000;TAKER;;ASH_COATED_OSMIUM;XIRECS;10013.0;4
637100;TAKER;;ASH_COATED_OSMIUM;XIRECS;10008.0;11
637200;;TAKER;ASH_COATED_OSMIUM;XIRECS;9989.0;4
637300;TAKER;;ASH_COATED_OSMIUM;XIRECS;10007.0;2
637500;TAKER;;ASH_COATED_OSMIUM;XIRECS;10011.0;11
637800;TAKER;;ASH_COATED_OSMIUM;XIRECS;10010.0;7
637900;TAKER;;ASH_COATED_OSMIUM;XIRECS;10005.0;15
638000;;TAKER;INTARIAN_PEPPER_ROOT;XIRECS;12056.0;13
638400;TAKER;;ASH_COATED_OSMIUM;XIRECS;10005.0;8
638600;TAKER;;INTARIAN_PEPPER_ROOT;XIRECS;12069.0;15
638600;;TAKER;ASH_COATED_OSMIUM;XIRECS;9989.0;6
638700;;TAKER;ASH_COATED_OSMIUM;XIRECS;9988.0;13
638900;TAKER;;INTARIAN_PEPPER_ROOT;XIRECS;12070.0;15
638900;TAKER;;ASH_COATED_OSMIUM;XIRECS;10011.0;6
639400;TAKER;;INTARIAN_PEPPER_ROOT;XIRECS;12069.0;14
639400;TAKER;;ASH_COATED_OSMIUM;XIRECS;10008.0;3
639600;;TAKER;ASH_COATED_OSMIUM;XIRECS;9989.0;6
639800;TAKER;;ASH_COATED_OSMIUM;XIRECS;10011.0;11
640000;TAKER;;INTARIAN_PEPPER_ROOT;XIRECS;12068.0;15
640000;TAKER;;ASH_COATED_OSMIUM;XIRECS;10010.0;9
640200;;TAKER;INTARIAN_PEPPER_ROOT;XIRECS;12057.0;14
640500;;TAKER;ASH_COATED_OSMIUM;XIRECS;9987.0;10
640900;TAKER;;INTARIAN_PEPPER_ROOT;XIRECS;12070.0;6
641100;TAKER;;INTARIAN_PEPPER_ROOT;XIRECS;12073.0;15
641100;TAKER;;ASH_COATED_OSMIUM;XIRECS;10012.0;6
641200;TAKER;;ASH_COATED_OSMIUM;XIRECS;10012.0;11
641600;;TAKER;ASH_COATED_OSMIUM;XIRECS;9989.0;7
641700;;TAKER;ASH_COATED_OSMIUM;XIRECS;9993.0;3
642000;TAKER;;INTARIAN_PEPPER_ROOT;XIRECS;12070.0;9
642200;TAKER;;ASH_COATED_OSMIUM;XIRECS;10007.0;5
642300;;TAKER;INTARIAN_PEPPER_ROOT;XIRECS;12055.0;3
642400;TAKER;;INTARIAN_PEPPER_ROOT;XIRECS;12071.0;10
642500;TAKER;;INTARIAN_PEPPER_ROOT;XIRECS;12071.0;3
642500;;TAKER;ASH_COATED_OSMIUM;XIRECS;9990.0;14
642600;TAKER;;INTARIAN_PEPPER_ROOT;XIRECS;12071.0;13
643300;TAKER;;ASH_COATED_OSMIUM;XIRECS;10006.0;15
643400;;TAKER;INTARIAN_PEPPER_ROOT;XIRECS;12057.0;12
643400;TAKER;;ASH_COATED_OSMIUM;XIRECS;10011.0;4
643600;;TAKER;INTARIAN_PEPPER_ROOT;XIRECS;12057.0;8
643900;TAKER;;ASH_COATED_OSMIUM;XIRECS;10007.0;3
644300;;TAKER;ASH_COATED_OSMIUM;XIRECS;9984.0;5
644500;TAKER;;INTARIAN_PEPPER_ROOT;XIRECS;12071.0;11
644700;TAKER;;INTARIAN_PEPPER_ROOT;XIRECS;12070.0;12
644900;TAKER;;ASH_COATED_OSMIUM;XIRECS;10010.0;4
645200;TAKER;;ASH_COATED_OSMIUM;XIRECS;10010.0;14
645300;;TAKER;INTARIAN_PEPPER_ROOT;XIRECS;12057.0;5
645400;TAKER;;ASH_COATED_OSMIUM;XIRECS;10006.0;6
645500;TAKER;;ASH_COATED_OSMIUM;XIRECS;10005.0;5
645600;;TAKER;INTARIAN_PEPPER_ROOT;XIRECS;12056.0;5
646000;;TAKER;INTARIAN_PEPPER_ROOT;XIRECS;12058.0;15
646100;;TAKER;ASH_COATED_OSMIUM;XIRECS;9989.0;15
646400;;TAKER;INTARIAN_PEPPER_ROOT;XIRECS;12058.0;13
646700;;TAKER;INTARIAN_PEPPER_ROOT;XIRECS;12056.0;12
646800;;TAKER;INTARIAN_PEPPER_ROOT;XIRECS;12058.0;12
646900;;TAKER;INTARIAN_PEPPER_ROOT;XIRECS;12056.0;4
646900;TAKER;;ASH_COATED_OSMIUM;XIRECS;10008.0;2
647000;;TAKER;ASH_COATED_OSMIUM;XIRECS;9992.0;6
647100;;TAKER;ASH_COATED_OSMIUM;XIRECS;9989.0;3
647400;;TAKER;INTARIAN_PEPPER_ROOT;XIRECS;12058.0;7
647500;;TAKER;ASH_COATED_OSMIUM;XIRECS;9992.0;13
647800;TAKER;;INTARIAN_PEPPER_ROOT;XIRECS;12073.0;2
647900;TAKER;;ASH_COATED_OSMIUM;XIRECS;10008.0;9
648100;TAKER;;INTARIAN_PEPPER_ROOT;XIRECS;12070.0;15
648200;TAKER;;INTARIAN_PEPPER_ROOT;XIRECS;12069.0;8
648200;TAKER;;ASH_COATED_OSMIUM;XIRECS;10009.0;9
648500;TAKER;;INTARIAN_PEPPER_ROOT;XIRECS;12070.0;7
648500;TAKER;;ASH_COATED_OSMIUM;XIRECS;10007.0;4
648700;;TAKER;INTARIAN_PEPPER_ROOT;XIRECS;12059.0;15
648700;TAKER;;ASH_COATED_OSMIUM;XIRECS;10004.0;13
649200;TAKER;;ASH_COATED_OSMIUM;XIRECS;10008.0;15
649300;;TAKER;ASH_COATED_OSMIUM;XIRECS;9989.0;14
649800;TAKER;;INTARIAN_PEPPER_ROOT;XIRECS;12072.0;13
650000;;TAKER;INTARIAN_PEPPER_ROOT;XIRECS;12058.0;6
650100;TAKER;;ASH_COATED_OSMIUM;XIRECS;10004.0;11
650200;;TAKER;INTARIAN_PEPPER_ROOT;XIRECS;12058.0;2
650300;;TAKER;INTARIAN_PEPPER_ROOT;XIRECS;12059.0;15
650600;TAKER;;ASH_COATED_OSMIUM;XIRECS;10012.0;5
651200;;TAKER;INTARIAN_PEPPER_ROOT;XIRECS;12058.0;4
651400;TAKER;;INTARIAN_PEPPER_ROOT;XIRECS;12071.0;4
651600;;TAKER;ASH_COATED_OSMIUM;XIRECS;9990.0;8
651700;;TAKER;INTARIAN_PEPPER_ROOT;XIRECS;12058.0;7
651900;TAKER;;ASH_COATED_OSMIUM;XIRECS;10007.0;10
652400;TAKER;;INTARIAN_PEPPER_ROOT;XIRECS;12072.0;2
652400;TAKER;;ASH_COATED_OSMIUM;XIRECS;10010.0;10
652500;;TAKER;ASH_COATED_OSMIUM;XIRECS;9991.0;14
652700;TAKER;;INTARIAN_PEPPER_ROOT;XIRECS;12071.0;3
652900;TAKER;;INTARIAN_PEPPER_ROOT;XIRECS;12072.0;5
652900;TAKER;;ASH_COATED_OSMIUM;XIRECS;10005.0;7
653100;TAKER;;ASH_COATED_OSMIUM;XIRECS;10007.0;7
653700;;TAKER;INTARIAN_PEPPER_ROOT;XIRECS;12058.0;9
653900;TAKER;;INTARIAN_PEPPER_ROOT;XIRECS;12072.0;2
653900;TAKER;;ASH_COATED_OSMIUM;XIRECS;10012.0;3
654000;TAKER;;INTARIAN_PEPPER_ROOT;XIRECS;12073.0;12
654000;TAKER;;ASH_COATED_OSMIUM;XIRECS;10006.0;4
654100;;TAKER;ASH_COATED_OSMIUM;XIRECS;9992.0;8
654400;TAKER;;ASH_COATED_OSMIUM;XIRECS;10011.0;3
654700;;TAKER;ASH_COATED_OSMIUM;XIRECS;9988.0;7
654800;TAKER;;ASH_COATED_OSMIUM;XIRECS;10004.0;15
655000;TAKER;;ASH_COATED_OSMIUM;XIRECS;10007.0;2
655100;TAKER;;INTARIAN_PEPPER_ROOT;XIRECS;12073.0;13
655200;TAKER;;INTARIAN_PEPPER_ROOT;XIRECS;12073.0;9
655200;;TAKER;ASH_COATED_OSMIUM;XIRECS;9988.0;10
655500;;TAKER;INTARIAN_PEPPER_ROOT;XIRECS;12058.0;12
655500;TAKER;;ASH_COATED_OSMIUM;XIRECS;10006.0;2
655600;TAKER;;ASH_COATED_OSMIUM;XIRECS;10011.0;9
655700;;TAKER;ASH_COATED_OSMIUM;XIRECS;9991.0;9
655800;;TAKER;INTARIAN_PEPPER_ROOT;XIRECS;12057.0;7
656100;;TAKER;INTARIAN_PEPPER_ROOT;XIRECS;12057.0;13
656300;;TAKER;ASH_COATED_OSMIUM;XIRECS;9996.0;15
656400;;TAKER;ASH_COATED_OSMIUM;XIRECS;9992.0;3
656700;TAKER;;INTARIAN_PEPPER_ROOT;XIRECS;12071.0;3
656900;TAKER;;INTARIAN_PEPPER_ROOT;XIRECS;12071.0;7
656900;;TAKER;ASH_COATED_OSMIUM;XIRECS;9988.0;12
657000;TAKER;;ASH_COATED_OSMIUM;XIRECS;10009.0;6
657100;TAKER;;ASH_COATED_OSMIUM;XIRECS;10012.0;15
657300;;TAKER;ASH_COATED_OSMIUM;XIRECS;9991.0;10
657400;TAKER;;INTARIAN_PEPPER_ROOT;XIRECS;12072.0;11
657500;TAKER;;INTARIAN_PEPPER_ROOT;XIRECS;12071.0;13
657600;TAKER;;ASH_COATED_OSMIUM;XIRECS;10013.0;3
657700;;TAKER;ASH_COATED_OSMIUM;XIRECS;9988.0;9
658200;TAKER;;INTARIAN_PEPPER_ROOT;XIRECS;12072.0;13
658500;;TAKER;INTARIAN_PEPPER_ROOT;XIRECS;12058.0;2
658600;;TAKER;INTARIAN_PEPPER_ROOT;XIRECS;12058.0;15
658800;;TAKER;ASH_COATED_OSMIUM;XIRECS;9989.0;12
659000;;TAKER;INTARIAN_PEPPER_ROOT;XIRECS;12060.0;9
659100;TAKER;;INTARIAN_PEPPER_ROOT;XIRECS;12072.0;11
659300;TAKER;;INTARIAN_PEPPER_ROOT;XIRECS;12072.0;14
659400;;TAKER;ASH_COATED_OSMIUM;XIRECS;9990.0;6
659500;TAKER;;ASH_COATED_OSMIUM;XIRECS;10006.0;15
659600;TAKER;;ASH_COATED_OSMIUM;XIRECS;10008.0;13
660000;;TAKER;INTARIAN_PEPPER_ROOT;XIRECS;12058.0;5
660100;;TAKER;INTARIAN_PEPPER_ROOT;XIRECS;12059.0;3
660200;TAKER;;INTARIAN_PEPPER_ROOT;XIRECS;12073.0;3
660300;TAKER;;ASH_COATED_OSMIUM;XIRECS;10010.0;14
660400;;TAKER;ASH_COATED_OSMIUM;XIRECS;9988.0;5
660800;;TAKER;INTARIAN_PEPPER_ROOT;XIRECS;12059.0;3
661000;;TAKER;ASH_COATED_OSMIUM;XIRECS;9990.0;6
661100;;TAKER;INTARIAN_PEPPER_ROOT;XIRECS;12060.0;14
661200;TAKER;;ASH_COATED_OSMIUM;XIRECS;10008.0;12
661300;TAKER;;INTARIAN_PEPPER_ROOT;XIRECS;12072.0;12
661400;TAKER;;ASH_COATED_OSMIUM;XIRECS;10009.0;11
661800;TAKER;;ASH_COATED_OSMIUM;XIRECS;10011.0;11
662100;;TAKER;INTARIAN_PEPPER_ROOT;XIRECS;12057.0;3
662200;;TAKER;ASH_COATED_OSMIUM;XIRECS;9989.0;12
662300;;TAKER;ASH_COATED_OSMIUM;XIRECS;9989.0;11
662600;TAKER;;INTARIAN_PEPPER_ROOT;XIRECS;12073.0;5
662600;;TAKER;ASH_COATED_OSMIUM;XIRECS;9991.0;12
662700;TAKER;;INTARIAN_PEPPER_ROOT;XIRECS;12073.0;7
662800;TAKER;;INTARIAN_PEPPER_ROOT;XIRECS;12072.0;5
662800;TAKER;;ASH_COATED_OSMIUM;XIRECS;10007.0;11
663100;;TAKER;INTARIAN_PEPPER_ROOT;XIRECS;12058.0;12
663100;TAKER;;ASH_COATED_OSMIUM;XIRECS;10005.0;14
663200;;TAKER;INTARIAN_PEPPER_ROOT;XIRECS;12059.0;2
663300;;TAKER;INTARIAN_PEPPER_ROOT;XIRECS;12060.0;7
664000;TAKER;;INTARIAN_PEPPER_ROOT;XIRECS;12074.0;4
664100;;TAKER;ASH_COATED_OSMIUM;XIRECS;9992.0;4
664200;;TAKER;INTARIAN_PEPPER_ROOT;XIRECS;12061.0;15
664600;TAKER;;INTARIAN_PEPPER_ROOT;XIRECS;12073.0;7
664700;TAKER;;ASH_COATED_OSMIUM;XIRECS;10008.0;12
665100;TAKER;;ASH_COATED_OSMIUM;XIRECS;10009.0;10
665200;TAKER;;INTARIAN_PEPPER_ROOT;XIRECS;12074.0;11
665500;TAKER;;ASH_COATED_OSMIUM;XIRECS;10007.0;14
666000;;TAKER;ASH_COATED_OSMIUM;XIRECS;9990.0;6
666200;;TAKER;ASH_COATED_OSMIUM;XIRECS;9988.0;10
666300;TAKER;;ASH_COATED_OSMIUM;XIRECS;10010.0;13
666500;TAKER;;INTARIAN_PEPPER_ROOT;XIRECS;12073.0;13
666900;TAKER;;INTARIAN_PEPPER_ROOT;XIRECS;12074.0;3
667000;TAKER;;INTARIAN_PEPPER_ROOT;XIRECS;12073.0;4
667200;TAKER;;INTARIAN_PEPPER_ROOT;XIRECS;12073.0;2
667300;;TAKER;ASH_COATED_OSMIUM;XIRECS;9993.0;3
667700;TAKER;;ASH_COATED_OSMIUM;XIRECS;10006.0;11
667800;TAKER;;ASH_COATED_OSMIUM;XIRECS;10007.0;14
668200;TAKER;;ASH_COATED_OSMIUM;XIRECS;10009.0;3
668300;TAKER;;ASH_COATED_OSMIUM;XIRECS;10008.0;2
668400;;TAKER;INTARIAN_PEPPER_ROOT;XIRECS;12061.0;5
668400;;TAKER;ASH_COATED_OSMIUM;XIRECS;9989.0;7
668600;;TAKER;INTARIAN_PEPPER_ROOT;XIRECS;12057.0;15
668900;;TAKER;INTARIAN_PEPPER_ROOT;XIRECS;12059.0;14
669100;TAKER;;INTARIAN_PEPPER_ROOT;XIRECS;12073.0;10
669100;;TAKER;ASH_COATED_OSMIUM;XIRECS;9992.0;12
669400;;TAKER;INTARIAN_PEPPER_ROOT;XIRECS;12060.0;7
669700;;TAKER;INTARIAN_PEPPER_ROOT;XIRECS;12059.0;8
670100;;TAKER;INTARIAN_PEPPER_ROOT;XIRECS;12060.0;7
670100;;TAKER;ASH_COATED_OSMIUM;XIRECS;9991.0;9
670300;;TAKER;INTARIAN_PEPPER_ROOT;XIRECS;12060.0;5
670700;;TAKER;INTARIAN_PEPPER_ROOT;XIRECS;12061.0;4
671300;TAKER;;INTARIAN_PEPPER_ROOT;XIRECS;12072.0;5
671300;TAKER;;ASH_COATED_OSMIUM;XIRECS;10006.0;2
671500;TAKER;;INTARIAN_PEPPER_ROOT;XIRECS;12076.0;11
671500;TAKER;;ASH_COATED_OSMIUM;XIRECS;10010.0;7
672000;;TAKER;ASH_COATED_OSMIUM;XIRECS;9992.0;14
672100;;TAKER;ASH_COATED_OSMIUM;XIRECS;9989.0;11
672200;TAKER;;INTARIAN_PEPPER_ROOT;XIRECS;12074.0;3
672200;;TAKER;ASH_COATED_OSMIUM;XIRECS;9996.0;9
672300;;TAKER;ASH_COATED_OSMIUM;XIRECS;9990.0;15
672400;;TAKER;INTARIAN_PEPPER_ROOT;XIRECS;12060.0;14
672400;;TAKER;ASH_COATED_OSMIUM;XIRECS;9993.0;3
672700;;TAKER;ASH_COATED_OSMIUM;XIRECS;9989.0;7
672800;TAKER;;ASH_COATED_OSMIUM;XIRECS;10007.0;3
672900;TAKER;;ASH_COATED_OSMIUM;XIRECS;10007.0;14
673000;;TAKER;INTARIAN_PEPPER_ROOT;XIRECS;12062.0;10
673000;;TAKER;ASH_COATED_OSMIUM;XIRECS;9990.0;3
673100;TAKER;;INTARIAN_PEPPER_ROOT;XIRECS;12074.0;12
673400;;TAKER;ASH_COATED_OSMIUM;XIRECS;9994.0;6
673500;;TAKER;INTARIAN_PEPPER_ROOT;XIRECS;12060.0;4
673600;;TAKER;ASH_COATED_OSMIUM;XIRECS;9989.0;5
673800;;TAKER;INTARIAN_PEPPER_ROOT;XIRECS;12061.0;15
674100;;TAKER;ASH_COATED_OSMIUM;XIRECS;9990.0;5
674200;;TAKER;ASH_COATED_OSMIUM;XIRECS;9993.0;6
674400;;TAKER;INTARIAN_PEPPER_ROOT;XIRECS;12060.0;4
674400;TAKER;;ASH_COATED_OSMIUM;XIRECS;10008.0;9
674500;;TAKER;ASH_COATED_OSMIUM;XIRECS;9995.0;13
674600;;TAKER;ASH_COATED_OSMIUM;XIRECS;9992.0;15
674700;;TAKER;ASH_COATED_OSMIUM;XIRECS;9991.0;2
674800;TAKER;;INTARIAN_PEPPER_ROOT;XIRECS;12076.0;9
674800;;TAKER;ASH_COATED_OSMIUM;XIRECS;9992.0;2
675200;;TAKER;INTARIAN_PEPPER_ROOT;XIRECS;12062.0;7
675400;;TAKER;ASH_COATED_OSMIUM;XIRECS;9989.0;11
675600;;TAKER;INTARIAN_PEPPER_ROOT;XIRECS;12059.0;8
675800;TAKER;;INTARIAN_PEPPER_ROOT;XIRECS;12074.0;6
675900;;TAKER;ASH_COATED_OSMIUM;XIRECS;9991.0;5
676000;TAKER;;ASH_COATED_OSMIUM;XIRECS;10008.0;6
676200;TAKER;;INTARIAN_PEPPER_ROOT;XIRECS;12074.0;12
676200;;TAKER;ASH_COATED_OSMIUM;XIRECS;9992.0;11
676500;TAKER;;INTARIAN_PEPPER_ROOT;XIRECS;12073.0;13
677000;;TAKER;ASH_COATED_OSMIUM;XIRECS;9991.0;9
677200;;TAKER;INTARIAN_PEPPER_ROOT;XIRECS;12060.0;11
677500;;TAKER;INTARIAN_PEPPER_ROOT;XIRECS;12060.0;11
677800;TAKER;;ASH_COATED_OSMIUM;XIRECS;10011.0;13
677900;TAKER;;ASH_COATED_OSMIUM;XIRECS;10008.0;10
678000;;TAKER;ASH_COATED_OSMIUM;XIRECS;9985.0;15
678100;;TAKER;INTARIAN_PEPPER_ROOT;XIRECS;12061.0;7
678200;;TAKER;ASH_COATED_OSMIUM;XIRECS;9991.0;4
678300;TAKER;;INTARIAN_PEPPER_ROOT;XIRECS;12074.0;15
678300;;TAKER;ASH_COATED_OSMIUM;XIRECS;9991.0;9
678400;;TAKER;ASH_COATED_OSMIUM;XIRECS;9990.0;13
678500;;TAKER;INTARIAN_PEPPER_ROOT;XIRECS;12062.0;4
678600;;TAKER;INTARIAN_PEPPER_ROOT;XIRECS;12061.0;3
678800;TAKER;;INTARIAN_PEPPER_ROOT;XIRECS;12074.0;15
678900;TAKER;;ASH_COATED_OSMIUM;XIRECS;10008.0;14
679000;;TAKER;ASH_COATED_OSMIUM;XIRECS;9992.0;12
679600;;TAKER;ASH_COATED_OSMIUM;XIRECS;9992.0;13
679700;TAKER;;ASH_COATED_OSMIUM;XIRECS;10010.0;14
679800;TAKER;;ASH_COATED_OSMIUM;XIRECS;10007.0;5
680000;TAKER;;INTARIAN_PEPPER_ROOT;XIRECS;12075.0;9
680300;;TAKER;ASH_COATED_OSMIUM;XIRECS;9991.0;2
680600;;TAKER;INTARIAN_PEPPER_ROOT;XIRECS;12062.0;7
680900;;TAKER;INTARIAN_PEPPER_ROOT;XIRECS;12061.0;2
681000;TAKER;;ASH_COATED_OSMIUM;XIRECS;10009.0;4
681100;;TAKER;INTARIAN_PEPPER_ROOT;XIRECS;12063.0;5
681200;TAKER;;INTARIAN_PEPPER_ROOT;XIRECS;12073.0;6
681400;;TAKER;INTARIAN_PEPPER_ROOT;XIRECS;12061.0;14
681700;TAKER;;INTARIAN_PEPPER_ROOT;XIRECS;12075.0;6
681700;TAKER;;ASH_COATED_OSMIUM;XIRECS;10011.0;12
681800;TAKER;;INTARIAN_PEPPER_ROOT;XIRECS;12075.0;5
681800;;TAKER;ASH_COATED_OSMIUM;XIRECS;9988.0;14
681900;;TAKER;INTARIAN_PEPPER_ROOT;XIRECS;12062.0;7
682000;TAKER;;INTARIAN_PEPPER_ROOT;XIRECS;12075.0;9
682200;TAKER;;INTARIAN_PEPPER_ROOT;XIRECS;12075.0;11
682300;;TAKER;INTARIAN_PEPPER_ROOT;XIRECS;12061.0;8
682500;TAKER;;INTARIAN_PEPPER_ROOT;XIRECS;12074.0;8
682500;TAKER;;ASH_COATED_OSMIUM;XIRECS;10008.0;2
682600;;TAKER;ASH_COATED_OSMIUM;XIRECS;9992.0;13
682900;TAKER;;ASH_COATED_OSMIUM;XIRECS;10010.0;14
683000;;TAKER;INTARIAN_PEPPER_ROOT;XIRECS;12059.0;13
683300;;TAKER;INTARIAN_PEPPER_ROOT;XIRECS;12061.0;5
683400;TAKER;;INTARIAN_PEPPER_ROOT;XIRECS;12074.0;5
684100;TAKER;;ASH_COATED_OSMIUM;XIRECS;10009.0;5
684200;;TAKER;ASH_COATED_OSMIUM;XIRECS;9993.0;11
684700;;TAKER;INTARIAN_PEPPER_ROOT;XIRECS;12060.0;15
684700;TAKER;;ASH_COATED_OSMIUM;XIRECS;10008.0;7
685100;TAKER;;ASH_COATED_OSMIUM;XIRECS;10008.0;4
685500;TAKER;;INTARIAN_PEPPER_ROOT;XIRECS;12075.0;5
685600;TAKER;;INTARIAN_PEPPER_ROOT;XIRECS;12076.0;11
685800;;TAKER;INTARIAN_PEPPER_ROOT;XIRECS;12061.0;4
686000;;TAKER;INTARIAN_PEPPER_ROOT;XIRECS;12062.0;11
686000;;TAKER;ASH_COATED_OSMIUM;XIRECS;9986.0;15
686400;TAKER;;INTARIAN_PEPPER_ROOT;XIRECS;12074.0;15
686600;;TAKER;ASH_COATED_OSMIUM;XIRECS;9990.0;7
687000;;TAKER;INTARIAN_PEPPER_ROOT;XIRECS;12059.0;10
687300;;TAKER;ASH_COATED_OSMIUM;XIRECS;9993.0;5
687500;TAKER;;INTARIAN_PEPPER_ROOT;XIRECS;12073.0;6
687500;TAKER;;ASH_COATED_OSMIUM;XIRECS;10011.0;15
687800;;TAKER;ASH_COATED_OSMIUM;XIRECS;9990.0;10
688000;TAKER;;INTARIAN_PEPPER_ROOT;XIRECS;12075.0;13
688100;TAKER;;ASH_COATED_OSMIUM;XIRECS;10009.0;15
688500;TAKER;;ASH_COATED_OSMIUM;XIRECS;10009.0;12
688600;TAKER;;ASH_COATED_OSMIUM;XIRECS;10011.0;5
688700;TAKER;;ASH_COATED_OSMIUM;XIRECS;10011.0;13
688800;;TAKER;ASH_COATED_OSMIUM;XIRECS;9989.0;3
688900;;TAKER;INTARIAN_PEPPER_ROOT;XIRECS;12060.0;11
689200;;TAKER;INTARIAN_PEPPER_ROOT;XIRECS;12060.0;3
689300;TAKER;;ASH_COATED_OSMIUM;XIRECS;10007.0;15
689700;TAKER;;INTARIAN_PEPPER_ROOT;XIRECS;12078.0;8
689700;TAKER;;ASH_COATED_OSMIUM;XIRECS;10008.0;12
689900;;TAKER;ASH_COATED_OSMIUM;XIRECS;9991.0;15
690000;TAKER;;ASH_COATED_OSMIUM;XIRECS;10007.0;13
690100;;TAKER;INTARIAN_PEPPER_ROOT;XIRECS;12061.0;7
690200;;TAKER;ASH_COATED_OSMIUM;XIRECS;9991.0;9
690400;TAKER;;ASH_COATED_OSMIUM;XIRECS;10011.0;5
690900;;TAKER;INTARIAN_PEPPER_ROOT;XIRECS;12061.0;3
691000;TAKER;;INTARIAN_PEPPER_ROOT;XIRECS;12074.0;10
691100;;TAKER;INTARIAN_PEPPER_ROOT;XIRECS;12064.0;5
691300;TAKER;;ASH_COATED_OSMIUM;XIRECS;10008.0;5
691400;TAKER;;ASH_COATED_OSMIUM;XIRECS;10013.0;10
691500;TAKER;;INTARIAN_PEPPER_ROOT;XIRECS;12075.0;11
691800;;TAKER;INTARIAN_PEPPER_ROOT;XIRECS;12060.0;9
692200;;TAKER;ASH_COATED_OSMIUM;XIRECS;9987.0;7
692400;TAKER;;ASH_COATED_OSMIUM;XIRECS;10006.0;11
692600;TAKER;;INTARIAN_PEPPER_ROOT;XIRECS;12076.0;2
692700;;TAKER;ASH_COATED_OSMIUM;XIRECS;9989.0;12
693000;TAKER;;ASH_COATED_OSMIUM;XIRECS;10010.0;2
693200;TAKER;;INTARIAN_PEPPER_ROOT;XIRECS;12077.0;13
693400;TAKER;;INTARIAN_PEPPER_ROOT;XIRECS;12077.0;11
693500;;TAKER;INTARIAN_PEPPER_ROOT;XIRECS;12063.0;3
693600;TAKER;;ASH_COATED_OSMIUM;XIRECS;10008.0;3
693700;TAKER;;ASH_COATED_OSMIUM;XIRECS;10011.0;11
694000;;TAKER;ASH_COATED_OSMIUM;XIRECS;9987.0;8
694200;TAKER;;INTARIAN_PEPPER_ROOT;XIRECS;12075.0;14
694200;;TAKER;ASH_COATED_OSMIUM;XIRECS;9992.0;8
694500;;TAKER;INTARIAN_PEPPER_ROOT;XIRECS;12060.0;5
694500;;TAKER;ASH_COATED_OSMIUM;XIRECS;9988.0;4
694600;TAKER;;INTARIAN_PEPPER_ROOT;XIRECS;12075.0;9
694600;;TAKER;ASH_COATED_OSMIUM;XIRECS;9987.0;13
694700;;TAKER;INTARIAN_PEPPER_ROOT;XIRECS;12064.0;9
694800;TAKER;;ASH_COATED_OSMIUM;XIRECS;10007.0;11
695100;;TAKER;ASH_COATED_OSMIUM;XIRECS;9991.0;7
695200;;TAKER;INTARIAN_PEPPER_ROOT;XIRECS;12061.0;5
695200;TAKER;;ASH_COATED_OSMIUM;XIRECS;10007.0;9
695300;;TAKER;INTARIAN_PEPPER_ROOT;XIRECS;12062.0;15
695700;;TAKER;ASH_COATED_OSMIUM;XIRECS;9989.0;7
695800;TAKER;;ASH_COATED_OSMIUM;XIRECS;10006.0;9
695900;TAKER;;INTARIAN_PEPPER_ROOT;XIRECS;12075.0;2
696100;;TAKER;INTARIAN_PEPPER_ROOT;XIRECS;12061.0;8
696100;;TAKER;ASH_COATED_OSMIUM;XIRECS;9989.0;12
696200;TAKER;;ASH_COATED_OSMIUM;XIRECS;10007.0;10
696300;;TAKER;INTARIAN_PEPPER_ROOT;XIRECS;12062.0;10
696300;TAKER;;ASH_COATED_OSMIUM;XIRECS;10006.0;13
696600;;TAKER;ASH_COATED_OSMIUM;XIRECS;9989.0;13
696800;;TAKER;ASH_COATED_OSMIUM;XIRECS;9996.0;6
697000;;TAKER;ASH_COATED_OSMIUM;XIRECS;9991.0;14
697100;TAKER;;INTARIAN_PEPPER_ROOT;XIRECS;12077.0;3
697300;;TAKER;INTARIAN_PEPPER_ROOT;XIRECS;12063.0;2
697300;TAKER;;ASH_COATED_OSMIUM;XIRECS;10007.0;6
697700;TAKER;;INTARIAN_PEPPER_ROOT;XIRECS;12076.0;6
697900;;TAKER;INTARIAN_PEPPER_ROOT;XIRECS;12063.0;7
698100;TAKER;;INTARIAN_PEPPER_ROOT;XIRECS;12076.0;15
698100;TAKER;;ASH_COATED_OSMIUM;XIRECS;10013.0;3
698200;;TAKER;INTARIAN_PEPPER_ROOT;XIRECS;12061.0;10
698200;TAKER;;ASH_COATED_OSMIUM;XIRECS;10008.0;15
698400;TAKER;;ASH_COATED_OSMIUM;XIRECS;10005.0;12
698500;;TAKER;INTARIAN_PEPPER_ROOT;XIRECS;12063.0;4
698700;;TAKER;INTARIAN_PEPPER_ROOT;XIRECS;12063.0;5
698800;TAKER;;ASH_COATED_OSMIUM;XIRECS;10007.0;4
699100;TAKER;;INTARIAN_PEPPER_ROOT;XIRECS;12076.0;6
699200;;TAKER;INTARIAN_PEPPER_ROOT;XIRECS;12063.0;10
699300;;TAKER;ASH_COATED_OSMIUM;XIRECS;9991.0;15
699400;;TAKER;INTARIAN_PEPPER_ROOT;XIRECS;12062.0;7
699700;;TAKER;INTARIAN_PEPPER_ROOT;XIRECS;12064.0;4
699900;TAKER;;INTARIAN_PEPPER_ROOT;XIRECS;12077.0;6
700100;;TAKER;INTARIAN_PEPPER_ROOT;XIRECS;12061.0;10
700300;TAKER;;ASH_COATED_OSMIUM;XIRECS;10006.0;10
700600;TAKER;;INTARIAN_PEPPER_ROOT;XIRECS;12074.0;10
701300;TAKER;;ASH_COATED_OSMIUM;XIRECS;10010.0;9
701400;;TAKER;ASH_COATED_OSMIUM;XIRECS;9989.0;8
701500;TAKER;;INTARIAN_PEPPER_ROOT;XIRECS;12077.0;12
701700;TAKER;;ASH_COATED_OSMIUM;XIRECS;10012.0;8
701800;TAKER;;INTARIAN_PEPPER_ROOT;XIRECS;12078.0;15
702000;;TAKER;ASH_COATED_OSMIUM;XIRECS;9990.0;11
702200;TAKER;;INTARIAN_PEPPER_ROOT;XIRECS;12077.0;15
702400;;TAKER;INTARIAN_PEPPER_ROOT;XIRECS;12062.0;3
702600;TAKER;;ASH_COATED_OSMIUM;XIRECS;10009.0;8
702700;;TAKER;INTARIAN_PEPPER_ROOT;XIRECS;12065.0;13
702800;TAKER;;INTARIAN_PEPPER_ROOT;XIRECS;12077.0;9
702800;TAKER;;ASH_COATED_OSMIUM;XIRECS;10007.0;12
703000;;TAKER;ASH_COATED_OSMIUM;XIRECS;9989.0;2
703600;TAKER;;INTARIAN_PEPPER_ROOT;XIRECS;12077.0;13
704400;;TAKER;INTARIAN_PEPPER_ROOT;XIRECS;12065.0;10
704500;;TAKER;INTARIAN_PEPPER_ROOT;XIRECS;12062.0;5
704600;;TAKER;ASH_COATED_OSMIUM;XIRECS;9991.0;15
704700;TAKER;;INTARIAN_PEPPER_ROOT;XIRECS;12078.0;3
704800;TAKER;;ASH_COATED_OSMIUM;XIRECS;10009.0;11
704900;TAKER;;INTARIAN_PEPPER_ROOT;XIRECS;12078.0;14
705000;;TAKER;INTARIAN_PEPPER_ROOT;XIRECS;12063.0;14
705000;TAKER;;ASH_COATED_OSMIUM;XIRECS;10007.0;12
705100;;TAKER;INTARIAN_PEPPER_ROOT;XIRECS;12063.0;10
705200;TAKER;;INTARIAN_PEPPER_ROOT;XIRECS;12076.0;13
705200;TAKER;;ASH_COATED_OSMIUM;XIRECS;10006.0;7
705400;TAKER;;INTARIAN_PEPPER_ROOT;XIRECS;12076.0;9
705500;;TAKER;ASH_COATED_OSMIUM;XIRECS;9989.0;14
705600;TAKER;;INTARIAN_PEPPER_ROOT;XIRECS;12077.0;10
706100;TAKER;;ASH_COATED_OSMIUM;XIRECS;10009.0;3
706300;;TAKER;INTARIAN_PEPPER_ROOT;XIRECS;12062.0;13
706300;TAKER;;ASH_COATED_OSMIUM;XIRECS;10009.0;11
706400;;TAKER;INTARIAN_PEPPER_ROOT;XIRECS;12064.0;5
706400;TAKER;;ASH_COATED_OSMIUM;XIRECS;10005.0;2
706700;TAKER;;ASH_COATED_OSMIUM;XIRECS;10005.0;14
706800;;TAKER;INTARIAN_PEPPER_ROOT;XIRECS;12063.0;7
706800;TAKER;;ASH_COATED_OSMIUM;XIRECS;10003.0;5
707400;TAKER;;INTARIAN_PEPPER_ROOT;XIRECS;12079.0;8
707400;TAKER;;ASH_COATED_OSMIUM;XIRECS;10005.0;7
707500;;TAKER;ASH_COATED_OSMIUM;XIRECS;9989.0;6
707600;;TAKER;INTARIAN_PEPPER_ROOT;XIRECS;12064.0;4
707700;;TAKER;ASH_COATED_OSMIUM;XIRECS;9993.0;6
708200;;TAKER;INTARIAN_PEPPER_ROOT;XIRECS;12064.0;4
708300;TAKER;;INTARIAN_PEPPER_ROOT;XIRECS;12080.0;5
708400;;TAKER;ASH_COATED_OSMIUM;XIRECS;9991.0;14
709000;TAKER;;INTARIAN_PEPPER_ROOT;XIRECS;12078.0;4
709300;TAKER;;INTARIAN_PEPPER_ROOT;XIRECS;12081.0;6
709300;TAKER;;ASH_COATED_OSMIUM;XIRECS;10006.0;14
709500;TAKER;;INTARIAN_PEPPER_ROOT;XIRECS;12076.0;3
709500;TAKER;;ASH_COATED_OSMIUM;XIRECS;10007.0;4
709600;;TAKER;INTARIAN_PEPPER_ROOT;XIRECS;12063.0;15
709800;;TAKER;ASH_COATED_OSMIUM;XIRECS;9990.0;8
709900;;TAKER;INTARIAN_PEPPER_ROOT;XIRECS;12065.0;8
710100;TAKER;;INTARIAN_PEPPER_ROOT;XIRECS;12079.0;8
710100;;TAKER;ASH_COATED_OSMIUM;XIRECS;9990.0;7
710600;TAKER;;ASH_COATED_OSMIUM;XIRECS;10008.0;9
711000;TAKER;;ASH_COATED_OSMIUM;XIRECS;10005.0;2
711200;;TAKER;INTARIAN_PEPPER_ROOT;XIRECS;12062.0;2
711400;TAKER;;INTARIAN_PEPPER_ROOT;XIRECS;12079.0;11
711500;;TAKER;INTARIAN_PEPPER_ROOT;XIRECS;12065.0;3
711800;;TAKER;ASH_COATED_OSMIUM;XIRECS;9988.0;12
712000;;TAKER;ASH_COATED_OSMIUM;XIRECS;9989.0;12
712200;TAKER;;ASH_COATED_OSMIUM;XIRECS;10009.0;14
712300;TAKER;;INTARIAN_PEPPER_ROOT;XIRECS;12076.0;11
712300;TAKER;;ASH_COATED_OSMIUM;XIRECS;10005.0;3
712400;;TAKER;ASH_COATED_OSMIUM;XIRECS;9996.0;2
712500;;TAKER;INTARIAN_PEPPER_ROOT;XIRECS;12063.0;13
712500;TAKER;;ASH_COATED_OSMIUM;XIRECS;10011.0;2
712600;TAKER;;ASH_COATED_OSMIUM;XIRECS;10005.0;10
712700;;TAKER;INTARIAN_PEPPER_ROOT;XIRECS;12063.0;11
712700;;TAKER;ASH_COATED_OSMIUM;XIRECS;9988.0;14
712800;;TAKER;INTARIAN_PEPPER_ROOT;XIRECS;12063.0;3
712900;TAKER;;INTARIAN_PEPPER_ROOT;XIRECS;12076.0;4
713000;;TAKER;ASH_COATED_OSMIUM;XIRECS;9989.0;15
713100;;TAKER;ASH_COATED_OSMIUM;XIRECS;9989.0;12
713200;;TAKER;INTARIAN_PEPPER_ROOT;XIRECS;12064.0;8
713500;;TAKER;ASH_COATED_OSMIUM;XIRECS;9989.0;14
713600;;TAKER;ASH_COATED_OSMIUM;XIRECS;9991.0;10
713700;;TAKER;INTARIAN_PEPPER_ROOT;XIRECS;12063.0;3
713900;TAKER;;INTARIAN_PEPPER_ROOT;XIRECS;12076.0;14
714200;;TAKER;ASH_COATED_OSMIUM;XIRECS;9990.0;9
714300;;TAKER;INTARIAN_PEPPER_ROOT;XIRECS;12063.0;7
714400;TAKER;;INTARIAN_PEPPER_ROOT;XIRECS;12078.0;11
714400;TAKER;;ASH_COATED_OSMIUM;XIRECS;10010.0;12
714600;;TAKER;INTARIAN_PEPPER_ROOT;XIRECS;12065.0;15
714700;;TAKER;INTARIAN_PEPPER_ROOT;XIRECS;12063.0;6
714700;;TAKER;ASH_COATED_OSMIUM;XIRECS;9989.0;13
714900;;TAKER;INTARIAN_PEPPER_ROOT;XIRECS;12063.0;13
715100;TAKER;;INTARIAN_PEPPER_ROOT;XIRECS;12079.0;7
715200;;TAKER;INTARIAN_PEPPER_ROOT;XIRECS;12063.0;12
715300;TAKER;;ASH_COATED_OSMIUM;XIRECS;10005.0;13
715400;TAKER;;INTARIAN_PEPPER_ROOT;XIRECS;12077.0;2
715500;;TAKER;INTARIAN_PEPPER_ROOT;XIRECS;12064.0;8
715600;TAKER;;ASH_COATED_OSMIUM;XIRECS;10006.0;15
715700;TAKER;;INTARIAN_PEPPER_ROOT;XIRECS;12077.0;4
715700;;TAKER;ASH_COATED_OSMIUM;XIRECS;9986.0;3
715900;;TAKER;INTARIAN_PEPPER_ROOT;XIRECS;12066.0;7
715900;TAKER;;ASH_COATED_OSMIUM;XIRECS;10007.0;13
716000;TAKER;;INTARIAN_PEPPER_ROOT;XIRECS;12077.0;14
716100;TAKER;;INTARIAN_PEPPER_ROOT;XIRECS;12076.0;11
716100;;TAKER;ASH_COATED_OSMIUM;XIRECS;9987.0;3
716200;TAKER;;ASH_COATED_OSMIUM;XIRECS;10009.0;15
716300;;TAKER;ASH_COATED_OSMIUM;XIRECS;9988.0;2
716500;TAKER;;ASH_COATED_OSMIUM;XIRECS;10008.0;8
716600;;TAKER;ASH_COATED_OSMIUM;XIRECS;9991.0;5
716700;;TAKER;ASH_COATED_OSMIUM;XIRECS;9990.0;15
717300;TAKER;;INTARIAN_PEPPER_ROOT;XIRECS;12079.0;4
717400;;TAKER;ASH_COATED_OSMIUM;XIRECS;9990.0;14
717600;TAKER;;ASH_COATED_OSMIUM;XIRECS;10004.0;5
717800;TAKER;;INTARIAN_PEPPER_ROOT;XIRECS;12078.0;9
718000;TAKER;;ASH_COATED_OSMIUM;XIRECS;10010.0;13
718300;;TAKER;ASH_COATED_OSMIUM;XIRECS;9995.0;9
718400;;TAKER;INTARIAN_PEPPER_ROOT;XIRECS;12063.0;5
718400;;TAKER;ASH_COATED_OSMIUM;XIRECS;9994.0;8
718600;;TAKER;ASH_COATED_OSMIUM;XIRECS;9991.0;3
718800;TAKER;;INTARIAN_PEPPER_ROOT;XIRECS;12077.0;11
719200;TAKER;;ASH_COATED_OSMIUM;XIRECS;10008.0;12
719600;;TAKER;ASH_COATED_OSMIUM;XIRECS;9989.0;15
719700;TAKER;;INTARIAN_PEPPER_ROOT;XIRECS;12078.0;13
719800;TAKER;;ASH_COATED_OSMIUM;XIRECS;10009.0;7
720000;;TAKER;ASH_COATED_OSMIUM;XIRECS;9991.0;6
720300;;TAKER;INTARIAN_PEPPER_ROOT;XIRECS;12066.0;6
720300;TAKER;;ASH_COATED_OSMIUM;XIRECS;10012.0;3
720400;TAKER;;INTARIAN_PEPPER_ROOT;XIRECS;12081.0;4
720400;;TAKER;ASH_COATED_OSMIUM;XIRECS;9988.0;3
720700;TAKER;;INTARIAN_PEPPER_ROOT;XIRECS;12077.0;8
720700;;TAKER;ASH_COATED_OSMIUM;XIRECS;9987.0;9
720800;;TAKER;ASH_COATED_OSMIUM;XIRECS;9993.0;6
721200;;TAKER;INTARIAN_PEPPER_ROOT;XIRECS;12063.0;2
721300;;TAKER;ASH_COATED_OSMIUM;XIRECS;9989.0;7
721500;;TAKER;ASH_COATED_OSMIUM;XIRECS;9991.0;14
721600;;TAKER;INTARIAN_PEPPER_ROOT;XIRECS;12063.0;15
721700;TAKER;;INTARIAN_PEPPER_ROOT;XIRECS;12080.0;14
721700;;TAKER;ASH_COATED_OSMIUM;XIRECS;9990.0;10
721800;TAKER;;INTARIAN_PEPPER_ROOT;XIRECS;12080.0;6
721900;TAKER;;ASH_COATED_OSMIUM;XIRECS;10006.0;5
722000;TAKER;;INTARIAN_PEPPER_ROOT;XIRECS;12077.0;11
722000;;TAKER;ASH_COATED_OSMIUM;XIRECS;9994.0;6
722100;;TAKER;INTARIAN_PEPPER_ROOT;XIRECS;12065.0;5
722200;;TAKER;INTARIAN_PEPPER_ROOT;XIRECS;12065.0;14
722300;TAKER;;ASH_COATED_OSMIUM;XIRECS;10008.0;7
722500;;TAKER;ASH_COATED_OSMIUM;XIRECS;9990.0;5
722600;;TAKER;ASH_COATED_OSMIUM;XIRECS;9991.0;3
722700;;TAKER;ASH_COATED_OSMIUM;XIRECS;9990.0;9
722800;TAKER;;INTARIAN_PEPPER_ROOT;XIRECS;12078.0;10
723000;;TAKER;INTARIAN_PEPPER_ROOT;XIRECS;12066.0;3
723000;;TAKER;ASH_COATED_OSMIUM;XIRECS;9991.0;11
723400;;TAKER;INTARIAN_PEPPER_ROOT;XIRECS;12065.0;5
723700;TAKER;;ASH_COATED_OSMIUM;XIRECS;10008.0;13
723800;;TAKER;INTARIAN_PEPPER_ROOT;XIRECS;12065.0;12
724300;TAKER;;ASH_COATED_OSMIUM;XIRECS;10008.0;14
724400;;TAKER;ASH_COATED_OSMIUM;XIRECS;9989.0;9
724600;;TAKER;INTARIAN_PEPPER_ROOT;XIRECS;12064.0;14
724700;;TAKER;INTARIAN_PEPPER_ROOT;XIRECS;12064.0;11
724700;TAKER;;ASH_COATED_OSMIUM;XIRECS;10009.0;3
724800;TAKER;;INTARIAN_PEPPER_ROOT;XIRECS;12079.0;4
725200;TAKER;;INTARIAN_PEPPER_ROOT;XIRECS;12080.0;6
725300;TAKER;;INTARIAN_PEPPER_ROOT;XIRECS;12076.0;5
725400;TAKER;;INTARIAN_PEPPER_ROOT;XIRECS;12080.0;6
725600;TAKER;;INTARIAN_PEPPER_ROOT;XIRECS;12079.0;2
725700;;TAKER;INTARIAN_PEPPER_ROOT;XIRECS;12066.0;2
726000;TAKER;;ASH_COATED_OSMIUM;XIRECS;10013.0;9
726100;TAKER;;INTARIAN_PEPPER_ROOT;XIRECS;12079.0;8
726100;TAKER;;ASH_COATED_OSMIUM;XIRECS;10004.0;5
726200;TAKER;;INTARIAN_PEPPER_ROOT;XIRECS;12079.0;15
726600;TAKER;;INTARIAN_PEPPER_ROOT;XIRECS;12079.0;14
726700;TAKER;;ASH_COATED_OSMIUM;XIRECS;10007.0;4
727000;;TAKER;ASH_COATED_OSMIUM;XIRECS;9992.0;12
727200;TAKER;;INTARIAN_PEPPER_ROOT;XIRECS;12080.0;12
727200;;TAKER;ASH_COATED_OSMIUM;XIRECS;9991.0;8
727500;TAKER;;INTARIAN_PEPPER_ROOT;XIRECS;12079.0;6
727600;TAKER;;ASH_COATED_OSMIUM;XIRECS;10005.0;5
727700;;TAKER;ASH_COATED_OSMIUM;XIRECS;9990.0;3
727800;;TAKER;ASH_COATED_OSMIUM;XIRECS;9994.0;9
728000;TAKER;;ASH_COATED_OSMIUM;XIRECS;10008.0;9
728100;;TAKER;INTARIAN_PEPPER_ROOT;XIRECS;12064.0;9
728200;TAKER;;ASH_COATED_OSMIUM;XIRECS;10009.0;10
728300;;TAKER;INTARIAN_PEPPER_ROOT;XIRECS;12064.0;5
728400;TAKER;;INTARIAN_PEPPER_ROOT;XIRECS;12079.0;4
728400;;TAKER;ASH_COATED_OSMIUM;XIRECS;9995.0;6
728500;TAKER;;INTARIAN_PEPPER_ROOT;XIRECS;12080.0;6
728800;;TAKER;INTARIAN_PEPPER_ROOT;XIRECS;12065.0;8
728900;;TAKER;INTARIAN_PEPPER_ROOT;XIRECS;12066.0;3
728900;TAKER;;ASH_COATED_OSMIUM;XIRECS;10008.0;4
729100;TAKER;;INTARIAN_PEPPER_ROOT;XIRECS;12081.0;9
729300;TAKER;;ASH_COATED_OSMIUM;XIRECS;10010.0;5
729400;TAKER;;ASH_COATED_OSMIUM;XIRECS;10009.0;15
729500;TAKER;;INTARIAN_PEPPER_ROOT;XIRECS;12078.0;5
729700;TAKER;;INTARIAN_PEPPER_ROOT;XIRECS;12078.0;2
729700;TAKER;;ASH_COATED_OSMIUM;XIRECS;10008.0;9
730000;TAKER;;INTARIAN_PEPPER_ROOT;XIRECS;12079.0;13
730100;;TAKER;ASH_COATED_OSMIUM;XIRECS;9988.0;10
730700;;TAKER;INTARIAN_PEPPER_ROOT;XIRECS;12066.0;10
730800;;TAKER;INTARIAN_PEPPER_ROOT;XIRECS;12066.0;4
731000;TAKER;;ASH_COATED_OSMIUM;XIRECS;10010.0;5
731300;TAKER;;INTARIAN_PEPPER_ROOT;XIRECS;12080.0;11
731500;;TAKER;INTARIAN_PEPPER_ROOT;XIRECS;12066.0;8
731700;TAKER;;ASH_COATED_OSMIUM;XIRECS;10008.0;12
731900;;TAKER;INTARIAN_PEPPER_ROOT;XIRECS;12062.0;3
732100;TAKER;;INTARIAN_PEPPER_ROOT;XIRECS;12081.0;12
732200;TAKER;;INTARIAN_PEPPER_ROOT;XIRECS;12080.0;9
732500;TAKER;;ASH_COATED_OSMIUM;XIRECS;10008.0;5
732600;TAKER;;ASH_COATED_OSMIUM;XIRECS;10008.0;2
732700;TAKER;;INTARIAN_PEPPER_ROOT;XIRECS;12080.0;10
732900;;TAKER;ASH_COATED_OSMIUM;XIRECS;9988.0;5
733000;TAKER;;INTARIAN_PEPPER_ROOT;XIRECS;12081.0;6
733200;TAKER;;ASH_COATED_OSMIUM;XIRECS;10010.0;15
733300;;TAKER;ASH_COATED_OSMIUM;XIRECS;9990.0;9
733600;;TAKER;INTARIAN_PEPPER_ROOT;XIRECS;12068.0;8
733700;;TAKER;ASH_COATED_OSMIUM;XIRECS;9990.0;2
733900;;TAKER;ASH_COATED_OSMIUM;XIRECS;9991.0;15
734000;;TAKER;ASH_COATED_OSMIUM;XIRECS;9990.0;15
734400;;TAKER;ASH_COATED_OSMIUM;XIRECS;9990.0;6
734600;;TAKER;INTARIAN_PEPPER_ROOT;XIRECS;12067.0;9
734700;;TAKER;ASH_COATED_OSMIUM;XIRECS;9992.0;13
734800;TAKER;;INTARIAN_PEPPER_ROOT;XIRECS;12079.0;3
734900;;TAKER;ASH_COATED_OSMIUM;XIRECS;9992.0;14
735000;;TAKER;INTARIAN_PEPPER_ROOT;XIRECS;12067.0;15
735100;TAKER;;INTARIAN_PEPPER_ROOT;XIRECS;12080.0;7
735200;TAKER;;ASH_COATED_OSMIUM;XIRECS;10009.0;9
735300;;TAKER;ASH_COATED_OSMIUM;XIRECS;9990.0;11
735500;;TAKER;INTARIAN_PEPPER_ROOT;XIRECS;12066.0;7
735600;;TAKER;ASH_COATED_OSMIUM;XIRECS;9991.0;11
735700;;TAKER;INTARIAN_PEPPER_ROOT;XIRECS;12064.0;10
735800;;TAKER;ASH_COATED_OSMIUM;XIRECS;9987.0;5
736000;;TAKER;ASH_COATED_OSMIUM;XIRECS;9991.0;13
736100;;TAKER;INTARIAN_PEPPER_ROOT;XIRECS;12068.0;11
736200;;TAKER;INTARIAN_PEPPER_ROOT;XIRECS;12066.0;2
736300;TAKER;;INTARIAN_PEPPER_ROOT;XIRECS;12080.0;10
736300;;TAKER;ASH_COATED_OSMIUM;XIRECS;9992.0;8
736400;;TAKER;INTARIAN_PEPPER_ROOT;XIRECS;12065.0;8
736600;TAKER;;INTARIAN_PEPPER_ROOT;XIRECS;12080.0;3
737100;;TAKER;INTARIAN_PEPPER_ROOT;XIRECS;12066.0;8
737200;;TAKER;INTARIAN_PEPPER_ROOT;XIRECS;12065.0;5
737200;TAKER;;ASH_COATED_OSMIUM;XIRECS;10008.0;6
737500;TAKER;;INTARIAN_PEPPER_ROOT;XIRECS;12080.0;10
737500;;TAKER;ASH_COATED_OSMIUM;XIRECS;9993.0;13
737600;;TAKER;INTARIAN_PEPPER_ROOT;XIRECS;12065.0;3
737700;TAKER;;ASH_COATED_OSMIUM;XIRECS;10010.0;15
737800;;TAKER;INTARIAN_PEPPER_ROOT;XIRECS;12066.0;7
737900;;TAKER;INTARIAN_PEPPER_ROOT;XIRECS;12067.0;3
738700;;TAKER;INTARIAN_PEPPER_ROOT;XIRECS;12067.0;9
738800;;TAKER;INTARIAN_PEPPER_ROOT;XIRECS;12068.0;5
739000;TAKER;;ASH_COATED_OSMIUM;XIRECS;10008.0;2
739200;TAKER;;INTARIAN_PEPPER_ROOT;XIRECS;12080.0;13
739600;TAKER;;INTARIAN_PEPPER_ROOT;XIRECS;12081.0;13
739600;TAKER;;ASH_COATED_OSMIUM;XIRECS;10013.0;8
739800;;TAKER;ASH_COATED_OSMIUM;XIRECS;9989.0;6
739900;;TAKER;INTARIAN_PEPPER_ROOT;XIRECS;12068.0;4
740000;TAKER;;INTARIAN_PEPPER_ROOT;XIRECS;12082.0;5
740000;TAKER;;ASH_COATED_OSMIUM;XIRECS;10009.0;9
740100;;TAKER;ASH_COATED_OSMIUM;XIRECS;9987.0;15
740200;TAKER;;ASH_COATED_OSMIUM;XIRECS;10003.0;6
740400;;TAKER;INTARIAN_PEPPER_ROOT;XIRECS;12063.0;3
740400;TAKER;;ASH_COATED_OSMIUM;XIRECS;10006.0;9
740700;;TAKER;INTARIAN_PEPPER_ROOT;XIRECS;12068.0;15
740800;;TAKER;ASH_COATED_OSMIUM;XIRECS;9989.0;15
740900;TAKER;;ASH_COATED_OSMIUM;XIRECS;10006.0;15
741000;TAKER;;ASH_COATED_OSMIUM;XIRECS;10011.0;10
741100;;TAKER;INTARIAN_PEPPER_ROOT;XIRECS;12066.0;13
741100;;TAKER;ASH_COATED_OSMIUM;XIRECS;9990.0;15
741400;TAKER;;INTARIAN_PEPPER_ROOT;XIRECS;12082.0;7
741500;TAKER;;ASH_COATED_OSMIUM;XIRECS;10007.0;12
741800;TAKER;;INTARIAN_PEPPER_ROOT;XIRECS;12079.0;10
742400;TAKER;;INTARIAN_PEPPER_ROOT;XIRECS;12082.0;12
742800;;TAKER;INTARIAN_PEPPER_ROOT;XIRECS;12067.0;5
742900;TAKER;;INTARIAN_PEPPER_ROOT;XIRECS;12081.0;3
742900;TAKER;;ASH_COATED_OSMIUM;XIRECS;10007.0;3
743000;TAKER;;ASH_COATED_OSMIUM;XIRECS;10010.0;12
743200;TAKER;;INTARIAN_PEPPER_ROOT;XIRECS;12081.0;13
743300;;TAKER;INTARIAN_PEPPER_ROOT;XIRECS;12067.0;5
743400;TAKER;;ASH_COATED_OSMIUM;XIRECS;10008.0;8
743600;;TAKER;INTARIAN_PEPPER_ROOT;XIRECS;12067.0;10
743600;TAKER;;ASH_COATED_OSMIUM;XIRECS;10008.0;15
743700;;TAKER;INTARIAN_PEPPER_ROOT;XIRECS;12067.0;2
743800;TAKER;;INTARIAN_PEPPER_ROOT;XIRECS;12082.0;2
744500;;TAKER;INTARIAN_PEPPER_ROOT;XIRECS;12069.0;4
744600;;TAKER;INTARIAN_PEPPER_ROOT;XIRECS;12070.0;13
744700;;TAKER;INTARIAN_PEPPER_ROOT;XIRECS;12065.0;8
745200;;TAKER;ASH_COATED_OSMIUM;XIRECS;9990.0;14
745300;;TAKER;ASH_COATED_OSMIUM;XIRECS;9987.0;13
745800;;TAKER;INTARIAN_PEPPER_ROOT;XIRECS;12069.0;10
746100;TAKER;;INTARIAN_PEPPER_ROOT;XIRECS;12083.0;9
746100;;TAKER;ASH_COATED_OSMIUM;XIRECS;9991.0;13
746200;TAKER;;ASH_COATED_OSMIUM;XIRECS;10008.0;5
746300;TAKER;;ASH_COATED_OSMIUM;XIRECS;10007.0;6
746500;TAKER;;INTARIAN_PEPPER_ROOT;XIRECS;12081.0;3
746500;TAKER;;ASH_COATED_OSMIUM;XIRECS;10010.0;8
746600;TAKER;;ASH_COATED_OSMIUM;XIRECS;10010.0;4
746700;;TAKER;ASH_COATED_OSMIUM;XIRECS;9993.0;3
746800;;TAKER;ASH_COATED_OSMIUM;XIRECS;9995.0;2
746900;;TAKER;INTARIAN_PEPPER_ROOT;XIRECS;12067.0;8
747000;;TAKER;INTARIAN_PEPPER_ROOT;XIRECS;12066.0;12
747000;;TAKER;ASH_COATED_OSMIUM;XIRECS;9990.0;14
747100;TAKER;;INTARIAN_PEPPER_ROOT;XIRECS;12080.0;15
747300;TAKER;;ASH_COATED_OSMIUM;XIRECS;10011.0;3
747600;;TAKER;INTARIAN_PEPPER_ROOT;XIRECS;12066.0;6
747700;;TAKER;INTARIAN_PEPPER_ROOT;XIRECS;12067.0;8
747800;;TAKER;ASH_COATED_OSMIUM;XIRECS;9993.0;12
747900;TAKER;;INTARIAN_PEPPER_ROOT;XIRECS;12081.0;12
747900;TAKER;;ASH_COATED_OSMIUM;XIRECS;10007.0;10
748000;TAKER;;INTARIAN_PEPPER_ROOT;XIRECS;12081.0;7
748000;;TAKER;ASH_COATED_OSMIUM;XIRECS;9988.0;8
748600;TAKER;;INTARIAN_PEPPER_ROOT;XIRECS;12082.0;13
748800;;TAKER;INTARIAN_PEPPER_ROOT;XIRECS;12069.0;7
748900;;TAKER;INTARIAN_PEPPER_ROOT;XIRECS;12067.0;11
748900;;TAKER;ASH_COATED_OSMIUM;XIRECS;9991.0;13
749000;;TAKER;ASH_COATED_OSMIUM;XIRECS;9992.0;5
749100;TAKER;;ASH_COATED_OSMIUM;XIRECS;10007.0;6
749400;;TAKER;ASH_COATED_OSMIUM;XIRECS;9992.0;8
749600;;TAKER;INTARIAN_PEPPER_ROOT;XIRECS;12068.0;8
749700;;TAKER;INTARIAN_PEPPER_ROOT;XIRECS;12070.0;4
749700;;TAKER;ASH_COATED_OSMIUM;XIRECS;9990.0;7
749800;;TAKER;INTARIAN_PEPPER_ROOT;XIRECS;12066.0;3
749900;TAKER;;ASH_COATED_OSMIUM;XIRECS;10006.0;12
750100;;TAKER;ASH_COATED_OSMIUM;XIRECS;9992.0;10
750400;;TAKER;ASH_COATED_OSMIUM;XIRECS;9993.0;13
750800;TAKER;;INTARIAN_PEPPER_ROOT;XIRECS;12080.0;5
750900;;TAKER;INTARIAN_PEPPER_ROOT;XIRECS;12068.0;2
751600;TAKER;;ASH_COATED_OSMIUM;XIRECS;10008.0;10
751900;;TAKER;INTARIAN_PEPPER_ROOT;XIRECS;12068.0;15
751900;TAKER;;ASH_COATED_OSMIUM;XIRECS;10010.0;12
752100;;TAKER;INTARIAN_PEPPER_ROOT;XIRECS;12067.0;5
752200;TAKER;;INTARIAN_PEPPER_ROOT;XIRECS;12083.0;6
752300;;TAKER;ASH_COATED_OSMIUM;XIRECS;9989.0;12
752500;TAKER;;INTARIAN_PEPPER_ROOT;XIRECS;12080.0;11
752600;TAKER;;ASH_COATED_OSMIUM;XIRECS;10009.0;15
752800;TAKER;;INTARIAN_PEPPER_ROOT;XIRECS;12083.0;15
752900;;TAKER;INTARIAN_PEPPER_ROOT;XIRECS;12068.0;7
752900;;TAKER;ASH_COATED_OSMIUM;XIRECS;9989.0;6
753000;;TAKER;INTARIAN_PEPPER_ROOT;XIRECS;12068.0;10
753200;TAKER;;INTARIAN_PEPPER_ROOT;XIRECS;12081.0;2
753200;;TAKER;ASH_COATED_OSMIUM;XIRECS;9989.0;3
753600;TAKER;;ASH_COATED_OSMIUM;XIRECS;10011.0;12
754000;TAKER;;INTARIAN_PEPPER_ROOT;XIRECS;12083.0;7
754100;TAKER;;INTARIAN_PEPPER_ROOT;XIRECS;12083.0;7
754200;;TAKER;ASH_COATED_OSMIUM;XIRECS;9988.0;4
754300;TAKER;;ASH_COATED_OSMIUM;XIRECS;10008.0;10
754500;;TAKER;INTARIAN_PEPPER_ROOT;XIRECS;12066.0;9
754600;TAKER;;INTARIAN_PEPPER_ROOT;XIRECS;12080.0;15
754600;;TAKER;ASH_COATED_OSMIUM;XIRECS;9988.0;2
754700;;TAKER;ASH_COATED_OSMIUM;XIRECS;9989.0;2
755200;;TAKER;INTARIAN_PEPPER_ROOT;XIRECS;12068.0;12
755500;TAKER;;ASH_COATED_OSMIUM;XIRECS;10010.0;8
755800;;TAKER;INTARIAN_PEPPER_ROOT;XIRECS;12067.0;3
755800;;TAKER;ASH_COATED_OSMIUM;XIRECS;9989.0;10
755900;TAKER;;ASH_COATED_OSMIUM;XIRECS;10007.0;5
756000;TAKER;;INTARIAN_PEPPER_ROOT;XIRECS;12083.0;4
756000;TAKER;;ASH_COATED_OSMIUM;XIRECS;10010.0;3
756100;TAKER;;INTARIAN_PEPPER_ROOT;XIRECS;12082.0;9
756100;TAKER;;ASH_COATED_OSMIUM;XIRECS;10008.0;13
756200;TAKER;;INTARIAN_PEPPER_ROOT;XIRECS;12081.0;4
756400;TAKER;;INTARIAN_PEPPER_ROOT;XIRECS;12081.0;7
756500;TAKER;;ASH_COATED_OSMIUM;XIRECS;10009.0;15
757100;;TAKER;ASH_COATED_OSMIUM;XIRECS;9988.0;15
757300;TAKER;;ASH_COATED_OSMIUM;XIRECS;10009.0;15
757600;TAKER;;INTARIAN_PEPPER_ROOT;XIRECS;12084.0;7
757700;TAKER;;INTARIAN_PEPPER_ROOT;XIRECS;12084.0;5
757800;;TAKER;ASH_COATED_OSMIUM;XIRECS;9992.0;10
757900;;TAKER;INTARIAN_PEPPER_ROOT;XIRECS;12069.0;15
758000;TAKER;;ASH_COATED_OSMIUM;XIRECS;10004.0;13
758100;TAKER;;ASH_COATED_OSMIUM;XIRECS;10009.0;2
758500;TAKER;;ASH_COATED_OSMIUM;XIRECS;10013.0;15
758600;;TAKER;INTARIAN_PEPPER_ROOT;XIRECS;12069.0;7
758700;TAKER;;INTARIAN_PEPPER_ROOT;XIRECS;12082.0;10
758800;TAKER;;ASH_COATED_OSMIUM;XIRECS;10008.0;9
759200;;TAKER;ASH_COATED_OSMIUM;XIRECS;9993.0;3
759300;;TAKER;INTARIAN_PEPPER_ROOT;XIRECS;12068.0;7
759400;TAKER;;INTARIAN_PEPPER_ROOT;XIRECS;12081.0;8
759400;TAKER;;ASH_COATED_OSMIUM;XIRECS;10009.0;5
759700;;TAKER;INTARIAN_PEPPER_ROOT;XIRECS;12070.0;13
759900;;TAKER;ASH_COATED_OSMIUM;XIRECS;9990.0;9
760100;;TAKER;ASH_COATED_OSMIUM;XIRECS;9989.0;6
760200;;TAKER;ASH_COATED_OSMIUM;XIRECS;9993.0;6
760400;;TAKER;ASH_COATED_OSMIUM;XIRECS;9988.0;13
760600;TAKER;;INTARIAN_PEPPER_ROOT;XIRECS;12082.0;8
760800;TAKER;;ASH_COATED_OSMIUM;XIRECS;10008.0;8
760900;TAKER;;INTARIAN_PEPPER_ROOT;XIRECS;12085.0;10
760900;TAKER;;ASH_COATED_OSMIUM;XIRECS;10009.0;5
761000;TAKER;;INTARIAN_PEPPER_ROOT;XIRECS;12083.0;14
761300;TAKER;;ASH_COATED_OSMIUM;XIRECS;10012.0;14
761400;;TAKER;ASH_COATED_OSMIUM;XIRECS;9989.0;7
761600;;TAKER;ASH_COATED_OSMIUM;XIRECS;9992.0;8
761800;TAKER;;ASH_COATED_OSMIUM;XIRECS;10011.0;4
761900;;TAKER;ASH_COATED_OSMIUM;XIRECS;9989.0;11
762000;TAKER;;INTARIAN_PEPPER_ROOT;XIRECS;12085.0;14
762200;;TAKER;ASH_COATED_OSMIUM;XIRECS;9990.0;15
762300;TAKER;;ASH_COATED_OSMIUM;XIRECS;10007.0;7
762700;;TAKER;ASH_COATED_OSMIUM;XIRECS;9992.0;10
762900;TAKER;;INTARIAN_PEPPER_ROOT;XIRECS;12083.0;8
763100;;TAKER;ASH_COATED_OSMIUM;XIRECS;9993.0;8
763200;TAKER;;INTARIAN_PEPPER_ROOT;XIRECS;12083.0;6
763500;;TAKER;ASH_COATED_OSMIUM;XIRECS;9990.0;8
763700;;TAKER;INTARIAN_PEPPER_ROOT;XIRECS;12068.0;13
763800;;TAKER;ASH_COATED_OSMIUM;XIRECS;9992.0;8
764200;;TAKER;INTARIAN_PEPPER_ROOT;XIRECS;12070.0;2
764400;TAKER;;INTARIAN_PEPPER_ROOT;XIRECS;12085.0;8
764400;TAKER;;ASH_COATED_OSMIUM;XIRECS;10011.0;13
764500;;TAKER;INTARIAN_PEPPER_ROOT;XIRECS;12068.0;4
764500;TAKER;;ASH_COATED_OSMIUM;XIRECS;10009.0;13
764600;;TAKER;ASH_COATED_OSMIUM;XIRECS;9990.0;3
764700;TAKER;;ASH_COATED_OSMIUM;XIRECS;10007.0;12
764800;TAKER;;INTARIAN_PEPPER_ROOT;XIRECS;12084.0;12
765000;;TAKER;INTARIAN_PEPPER_ROOT;XIRECS;12070.0;13
765100;;TAKER;ASH_COATED_OSMIUM;XIRECS;9993.0;13
765200;TAKER;;ASH_COATED_OSMIUM;XIRECS;10010.0;12
765500;;TAKER;INTARIAN_PEPPER_ROOT;XIRECS;12069.0;4
765600;;TAKER;ASH_COATED_OSMIUM;XIRECS;9987.0;5
765800;TAKER;;INTARIAN_PEPPER_ROOT;XIRECS;12082.0;9
765900;;TAKER;INTARIAN_PEPPER_ROOT;XIRECS;12069.0;11
766000;TAKER;;INTARIAN_PEPPER_ROOT;XIRECS;12084.0;3
766100;TAKER;;ASH_COATED_OSMIUM;XIRECS;10007.0;12
766400;;TAKER;ASH_COATED_OSMIUM;XIRECS;9991.0;10
766500;TAKER;;INTARIAN_PEPPER_ROOT;XIRECS;12082.0;4
766500;TAKER;;ASH_COATED_OSMIUM;XIRECS;10005.0;6
767000;TAKER;;INTARIAN_PEPPER_ROOT;XIRECS;12083.0;6
767100;;TAKER;ASH_COATED_OSMIUM;XIRECS;9989.0;5
767200;TAKER;;ASH_COATED_OSMIUM;XIRECS;10010.0;6
767500;TAKER;;ASH_COATED_OSMIUM;XIRECS;10009.0;8
767600;;TAKER;ASH_COATED_OSMIUM;XIRECS;9995.0;8
768100;TAKER;;INTARIAN_PEPPER_ROOT;XIRECS;12083.0;4
768300;;TAKER;INTARIAN_PEPPER_ROOT;XIRECS;12070.0;14
768400;TAKER;;INTARIAN_PEPPER_ROOT;XIRECS;12082.0;9
768400;TAKER;;ASH_COATED_OSMIUM;XIRECS;10006.0;5
768500;;TAKER;ASH_COATED_OSMIUM;XIRECS;9995.0;5
769700;;TAKER;ASH_COATED_OSMIUM;XIRECS;9991.0;12
769800;TAKER;;ASH_COATED_OSMIUM;XIRECS;10007.0;6
770800;TAKER;;INTARIAN_PEPPER_ROOT;XIRECS;12084.0;10
770900;;TAKER;INTARIAN_PEPPER_ROOT;XIRECS;12071.0;3
771000;;TAKER;INTARIAN_PEPPER_ROOT;XIRECS;12071.0;3
771000;;TAKER;ASH_COATED_OSMIUM;XIRECS;9990.0;11
771100;TAKER;;ASH_COATED_OSMIUM;XIRECS;10012.0;2
771400;;TAKER;ASH_COATED_OSMIUM;XIRECS;9991.0;4
771500;TAKER;;INTARIAN_PEPPER_ROOT;XIRECS;12084.0;12
771500;;TAKER;ASH_COATED_OSMIUM;XIRECS;9991.0;13
771600;TAKER;;ASH_COATED_OSMIUM;XIRECS;10005.0;8
771700;TAKER;;ASH_COATED_OSMIUM;XIRECS;10008.0;8
771800;TAKER;;INTARIAN_PEPPER_ROOT;XIRECS;12083.0;15
771800;TAKER;;ASH_COATED_OSMIUM;XIRECS;10006.0;7
772100;TAKER;;INTARIAN_PEPPER_ROOT;XIRECS;12083.0;8
772100;TAKER;;ASH_COATED_OSMIUM;XIRECS;10009.0;7
772200;;TAKER;ASH_COATED_OSMIUM;XIRECS;9990.0;14
772600;TAKER;;INTARIAN_PEPPER_ROOT;XIRECS;12083.0;5
772600;TAKER;;ASH_COATED_OSMIUM;XIRECS;10008.0;10
772800;;TAKER;ASH_COATED_OSMIUM;XIRECS;9994.0;12
773400;TAKER;;INTARIAN_PEPPER_ROOT;XIRECS;12083.0;3
773900;;TAKER;ASH_COATED_OSMIUM;XIRECS;9989.0;6
774100;;TAKER;INTARIAN_PEPPER_ROOT;XIRECS;12070.0;7
774200;TAKER;;INTARIAN_PEPPER_ROOT;XIRECS;12084.0;8
774200;TAKER;;ASH_COATED_OSMIUM;XIRECS;10011.0;15
774300;;TAKER;ASH_COATED_OSMIUM;XIRECS;9992.0;6
774600;;TAKER;INTARIAN_PEPPER_ROOT;XIRECS;12069.0;2
774800;TAKER;;INTARIAN_PEPPER_ROOT;XIRECS;12087.0;14
774800;TAKER;;ASH_COATED_OSMIUM;XIRECS;10012.0;9
775000;;TAKER;ASH_COATED_OSMIUM;XIRECS;9987.0;10
775100;TAKER;;INTARIAN_PEPPER_ROOT;XIRECS;12083.0;11
775400;TAKER;;INTARIAN_PEPPER_ROOT;XIRECS;12083.0;11
775500;;TAKER;ASH_COATED_OSMIUM;XIRECS;9991.0;3
775600;TAKER;;ASH_COATED_OSMIUM;XIRECS;10008.0;3
776400;;TAKER;INTARIAN_PEPPER_ROOT;XIRECS;12069.0;4
776700;;TAKER;INTARIAN_PEPPER_ROOT;XIRECS;12069.0;11
777200;;TAKER;ASH_COATED_OSMIUM;XIRECS;9992.0;13
777400;TAKER;;INTARIAN_PEPPER_ROOT;XIRECS;12082.0;2
777500;TAKER;;INTARIAN_PEPPER_ROOT;XIRECS;12084.0;15
777600;TAKER;;INTARIAN_PEPPER_ROOT;XIRECS;12083.0;4
777700;;TAKER;INTARIAN_PEPPER_ROOT;XIRECS;12071.0;2
778000;TAKER;;INTARIAN_PEPPER_ROOT;XIRECS;12084.0;9
778100;;TAKER;INTARIAN_PEPPER_ROOT;XIRECS;12072.0;14
778200;TAKER;;INTARIAN_PEPPER_ROOT;XIRECS;12084.0;8
778600;;TAKER;INTARIAN_PEPPER_ROOT;XIRECS;12073.0;11
779000;TAKER;;INTARIAN_PEPPER_ROOT;XIRECS;12083.0;9
779400;;TAKER;ASH_COATED_OSMIUM;XIRECS;9991.0;11
779500;;TAKER;INTARIAN_PEPPER_ROOT;XIRECS;12071.0;3
779700;;TAKER;INTARIAN_PEPPER_ROOT;XIRECS;12071.0;8
779800;TAKER;;ASH_COATED_OSMIUM;XIRECS;10009.0;7
780000;;TAKER;ASH_COATED_OSMIUM;XIRECS;9990.0;12
780100;TAKER;;INTARIAN_PEPPER_ROOT;XIRECS;12085.0;9
780100;;TAKER;ASH_COATED_OSMIUM;XIRECS;9993.0;5
780200;;TAKER;INTARIAN_PEPPER_ROOT;XIRECS;12071.0;6
780400;;TAKER;INTARIAN_PEPPER_ROOT;XIRECS;12070.0;5
780600;TAKER;;INTARIAN_PEPPER_ROOT;XIRECS;12084.0;14
780700;TAKER;;ASH_COATED_OSMIUM;XIRECS;10007.0;10
780800;;TAKER;ASH_COATED_OSMIUM;XIRECS;9993.0;4
780900;TAKER;;INTARIAN_PEPPER_ROOT;XIRECS;12086.0;6
780900;TAKER;;ASH_COATED_OSMIUM;XIRECS;10009.0;10
781100;;TAKER;ASH_COATED_OSMIUM;XIRECS;9991.0;5
781200;;TAKER;ASH_COATED_OSMIUM;XIRECS;9988.0;3
781300;TAKER;;ASH_COATED_OSMIUM;XIRECS;10009.0;3
781400;TAKER;;INTARIAN_PEPPER_ROOT;XIRECS;12084.0;11
781600;;TAKER;ASH_COATED_OSMIUM;XIRECS;9988.0;6
781700;TAKER;;ASH_COATED_OSMIUM;XIRECS;10006.0;11
781800;TAKER;;INTARIAN_PEPPER_ROOT;XIRECS;12083.0;2
782000;;TAKER;ASH_COATED_OSMIUM;XIRECS;9986.0;12
782200;;TAKER;ASH_COATED_OSMIUM;XIRECS;9989.0;6
782300;TAKER;;ASH_COATED_OSMIUM;XIRECS;10009.0;15
782400;TAKER;;ASH_COATED_OSMIUM;XIRECS;10005.0;12
782500;;TAKER;INTARIAN_PEPPER_ROOT;XIRECS;12073.0;7
782600;;TAKER;ASH_COATED_OSMIUM;XIRECS;9992.0;12
783100;;TAKER;ASH_COATED_OSMIUM;XIRECS;9989.0;3
783200;;TAKER;INTARIAN_PEPPER_ROOT;XIRECS;12069.0;12
783200;TAKER;;ASH_COATED_OSMIUM;XIRECS;10011.0;4
783300;;TAKER;ASH_COATED_OSMIUM;XIRECS;9993.0;14
783500;;TAKER;INTARIAN_PEPPER_ROOT;XIRECS;12070.0;15
783700;;TAKER;ASH_COATED_OSMIUM;XIRECS;9990.0;11
784000;TAKER;;ASH_COATED_OSMIUM;XIRECS;10007.0;4
784200;;TAKER;INTARIAN_PEPPER_ROOT;XIRECS;12072.0;7
784200;TAKER;;ASH_COATED_OSMIUM;XIRECS;10009.0;15
784400;TAKER;;ASH_COATED_OSMIUM;XIRECS;10009.0;4
784500;TAKER;;ASH_COATED_OSMIUM;XIRECS;10008.0;11
784600;TAKER;;ASH_COATED_OSMIUM;XIRECS;10005.0;13
784800;TAKER;;INTARIAN_PEPPER_ROOT;XIRECS;12084.0;3
784900;;TAKER;ASH_COATED_OSMIUM;XIRECS;9989.0;10
785200;;TAKER;INTARIAN_PEPPER_ROOT;XIRECS;12072.0;9
785200;;TAKER;ASH_COATED_OSMIUM;XIRECS;9991.0;7
785400;TAKER;;INTARIAN_PEPPER_ROOT;XIRECS;12085.0;8
785500;;TAKER;ASH_COATED_OSMIUM;XIRECS;9992.0;3
785600;TAKER;;INTARIAN_PEPPER_ROOT;XIRECS;12086.0;4
785700;;TAKER;INTARIAN_PEPPER_ROOT;XIRECS;12072.0;8
785700;;TAKER;ASH_COATED_OSMIUM;XIRECS;9989.0;6
785800;;TAKER;INTARIAN_PEPPER_ROOT;XIRECS;12072.0;11
785800;TAKER;;ASH_COATED_OSMIUM;XIRECS;10004.0;9
785900;TAKER;;ASH_COATED_OSMIUM;XIRECS;10008.0;2
786000;;TAKER;ASH_COATED_OSMIUM;XIRECS;9990.0;12
786100;TAKER;;ASH_COATED_OSMIUM;XIRECS;10006.0;4
786400;TAKER;;INTARIAN_PEPPER_ROOT;XIRECS;12085.0;11
786600;TAKER;;INTARIAN_PEPPER_ROOT;XIRECS;12086.0;9
786600;TAKER;;ASH_COATED_OSMIUM;XIRECS;10009.0;14
786800;;TAKER;INTARIAN_PEPPER_ROOT;XIRECS;12072.0;13
786800;;TAKER;ASH_COATED_OSMIUM;XIRECS;9989.0;13
787000;;TAKER;ASH_COATED_OSMIUM;XIRECS;9992.0;11
787100;TAKER;;INTARIAN_PEPPER_ROOT;XIRECS;12083.0;11
787100;TAKER;;ASH_COATED_OSMIUM;XIRECS;10010.0;14
787200;;TAKER;INTARIAN_PEPPER_ROOT;XIRECS;12070.0;6
787500;TAKER;;INTARIAN_PEPPER_ROOT;XIRECS;12084.0;5
787500;;TAKER;ASH_COATED_OSMIUM;XIRECS;9994.0;12
787600;;TAKER;ASH_COATED_OSMIUM;XIRECS;9990.0;9
787700;TAKER;;INTARIAN_PEPPER_ROOT;XIRECS;12086.0;6
788200;;TAKER;INTARIAN_PEPPER_ROOT;XIRECS;12072.0;11
788200;TAKER;;ASH_COATED_OSMIUM;XIRECS;10008.0;14
788400;TAKER;;INTARIAN_PEPPER_ROOT;XIRECS;12086.0;12
788400;;TAKER;ASH_COATED_OSMIUM;XIRECS;9987.0;4
788500;;TAKER;ASH_COATED_OSMIUM;XIRECS;9994.0;2
788600;TAKER;;INTARIAN_PEPPER_ROOT;XIRECS;12086.0;4
788700;TAKER;;ASH_COATED_OSMIUM;XIRECS;10005.0;9
789000;TAKER;;INTARIAN_PEPPER_ROOT;XIRECS;12085.0;6
789100;TAKER;;ASH_COATED_OSMIUM;XIRECS;10011.0;2
789400;TAKER;;INTARIAN_PEPPER_ROOT;XIRECS;12085.0;4
789500;TAKER;;INTARIAN_PEPPER_ROOT;XIRECS;12086.0;12
789600;;TAKER;ASH_COATED_OSMIUM;XIRECS;9990.0;13
789700;;TAKER;INTARIAN_PEPPER_ROOT;XIRECS;12070.0;14
789800;TAKER;;INTARIAN_PEPPER_ROOT;XIRECS;12086.0;3
790100;;TAKER;ASH_COATED_OSMIUM;XIRECS;9991.0;9
790200;TAKER;;ASH_COATED_OSMIUM;XIRECS;10007.0;7
790600;;TAKER;INTARIAN_PEPPER_ROOT;XIRECS;12072.0;10
790700;;TAKER;INTARIAN_PEPPER_ROOT;XIRECS;12071.0;6
790800;;TAKER;ASH_COATED_OSMIUM;XIRECS;9990.0;9
791000;;TAKER;ASH_COATED_OSMIUM;XIRECS;9993.0;6
791100;;TAKER;INTARIAN_PEPPER_ROOT;XIRECS;12073.0;8
791100;TAKER;;ASH_COATED_OSMIUM;XIRECS;10009.0;13
791200;;TAKER;ASH_COATED_OSMIUM;XIRECS;9990.0;3
791500;TAKER;;INTARIAN_PEPPER_ROOT;XIRECS;12084.0;15
791700;TAKER;;INTARIAN_PEPPER_ROOT;XIRECS;12086.0;15
791900;TAKER;;ASH_COATED_OSMIUM;XIRECS;10014.0;4
792100;TAKER;;INTARIAN_PEPPER_ROOT;XIRECS;12086.0;9
792200;;TAKER;INTARIAN_PEPPER_ROOT;XIRECS;12073.0;13
792300;TAKER;;INTARIAN_PEPPER_ROOT;XIRECS;12085.0;9
792400;TAKER;;ASH_COATED_OSMIUM;XIRECS;10012.0;10
792500;TAKER;;INTARIAN_PEPPER_ROOT;XIRECS;12086.0;10
792800;;TAKER;INTARIAN_PEPPER_ROOT;XIRECS;12070.0;7
792800;;TAKER;ASH_COATED_OSMIUM;XIRECS;9989.0;11
793000;;TAKER;ASH_COATED_OSMIUM;XIRECS;9989.0;12
793100;TAKER;;INTARIAN_PEPPER_ROOT;XIRECS;12085.0;2
793300;TAKER;;ASH_COATED_OSMIUM;XIRECS;10011.0;6
793400;TAKER;;INTARIAN_PEPPER_ROOT;XIRECS;12084.0;5
793600;TAKER;;INTARIAN_PEPPER_ROOT;XIRECS;12088.0;7
793700;;TAKER;ASH_COATED_OSMIUM;XIRECS;9987.0;2
793800;;TAKER;INTARIAN_PEPPER_ROOT;XIRECS;12073.0;15
794100;;TAKER;INTARIAN_PEPPER_ROOT;XIRECS;12071.0;12
794100;;TAKER;ASH_COATED_OSMIUM;XIRECS;9992.0;12
794200;TAKER;;INTARIAN_PEPPER_ROOT;XIRECS;12087.0;14
794300;;TAKER;ASH_COATED_OSMIUM;XIRECS;9988.0;4
794400;;TAKER;INTARIAN_PEPPER_ROOT;XIRECS;12071.0;14
794400;;TAKER;ASH_COATED_OSMIUM;XIRECS;9989.0;5
794500;;TAKER;ASH_COATED_OSMIUM;XIRECS;9994.0;8
794600;;TAKER;INTARIAN_PEPPER_ROOT;XIRECS;12073.0;3
794800;TAKER;;INTARIAN_PEPPER_ROOT;XIRECS;12086.0;10
794900;;TAKER;INTARIAN_PEPPER_ROOT;XIRECS;12071.0;11
795100;;TAKER;ASH_COATED_OSMIUM;XIRECS;9995.0;13
795200;;TAKER;ASH_COATED_OSMIUM;XIRECS;9987.0;10
795400;;TAKER;ASH_COATED_OSMIUM;XIRECS;9989.0;9
795500;TAKER;;INTARIAN_PEPPER_ROOT;XIRECS;12087.0;10
795500;TAKER;;ASH_COATED_OSMIUM;XIRECS;10012.0;15
795600;TAKER;;ASH_COATED_OSMIUM;XIRECS;10008.0;9
795900;;TAKER;INTARIAN_PEPPER_ROOT;XIRECS;12072.0;11
796100;TAKER;;ASH_COATED_OSMIUM;XIRECS;10011.0;5
796400;TAKER;;INTARIAN_PEPPER_ROOT;XIRECS;12087.0;5
796600;TAKER;;INTARIAN_PEPPER_ROOT;XIRECS;12086.0;8
796600;;TAKER;ASH_COATED_OSMIUM;XIRECS;9991.0;7
796700;;TAKER;ASH_COATED_OSMIUM;XIRECS;9987.0;4
796800;;TAKER;INTARIAN_PEPPER_ROOT;XIRECS;12071.0;3
796800;TAKER;;ASH_COATED_OSMIUM;XIRECS;10010.0;11
796900;;TAKER;ASH_COATED_OSMIUM;XIRECS;9989.0;14
797100;;TAKER;INTARIAN_PEPPER_ROOT;XIRECS;12072.0;14
797300;;TAKER;ASH_COATED_OSMIUM;XIRECS;9993.0;6
797400;;TAKER;INTARIAN_PEPPER_ROOT;XIRECS;12074.0;7
797500;TAKER;;INTARIAN_PEPPER_ROOT;XIRECS;12086.0;9
797500;TAKER;;ASH_COATED_OSMIUM;XIRECS;10012.0;5
797700;;TAKER;INTARIAN_PEPPER_ROOT;XIRECS;12073.0;11
798100;;TAKER;INTARIAN_PEPPER_ROOT;XIRECS;12074.0;7
798200;;TAKER;ASH_COATED_OSMIUM;XIRECS;9991.0;11
798300;TAKER;;ASH_COATED_OSMIUM;XIRECS;10010.0;8
798400;;TAKER;INTARIAN_PEPPER_ROOT;XIRECS;12074.0;11
798400;TAKER;;ASH_COATED_OSMIUM;XIRECS;10012.0;13
798900;TAKER;;ASH_COATED_OSMIUM;XIRECS;10008.0;7
799200;TAKER;;ASH_COATED_OSMIUM;XIRECS;10011.0;7
799400;;TAKER;ASH_COATED_OSMIUM;XIRECS;9991.0;7
799900;TAKER;;INTARIAN_PEPPER_ROOT;XIRECS;12088.0;4
800400;;TAKER;INTARIAN_PEPPER_ROOT;XIRECS;12072.0;8
800600;TAKER;;ASH_COATED_OSMIUM;XIRECS;10008.0;4
800800;TAKER;;INTARIAN_PEPPER_ROOT;XIRECS;12087.0;2
800900;;TAKER;INTARIAN_PEPPER_ROOT;XIRECS;12075.0;10
801100;TAKER;;INTARIAN_PEPPER_ROOT;XIRECS;12087.0;4
801400;;TAKER;INTARIAN_PEPPER_ROOT;XIRECS;12073.0;3
801600;TAKER;;INTARIAN_PEPPER_ROOT;XIRECS;12086.0;10
801600;TAKER;;ASH_COATED_OSMIUM;XIRECS;10007.0;7
801800;;TAKER;ASH_COATED_OSMIUM;XIRECS;9992.0;14
801900;TAKER;;INTARIAN_PEPPER_ROOT;XIRECS;12084.0;9
802300;TAKER;;ASH_COATED_OSMIUM;XIRECS;10011.0;5
802800;;TAKER;ASH_COATED_OSMIUM;XIRECS;9989.0;11
803200;;TAKER;INTARIAN_PEPPER_ROOT;XIRECS;12074.0;12
803400;;TAKER;INTARIAN_PEPPER_ROOT;XIRECS;12074.0;6
803500;TAKER;;INTARIAN_PEPPER_ROOT;XIRECS;12089.0;2
803600;TAKER;;ASH_COATED_OSMIUM;XIRECS;10005.0;14
803700;TAKER;;INTARIAN_PEPPER_ROOT;XIRECS;12086.0;4
803700;TAKER;;ASH_COATED_OSMIUM;XIRECS;10011.0;7
803800;TAKER;;ASH_COATED_OSMIUM;XIRECS;10011.0;12
803900;TAKER;;INTARIAN_PEPPER_ROOT;XIRECS;12087.0;9
804300;;TAKER;INTARIAN_PEPPER_ROOT;XIRECS;12072.0;5
804300;;TAKER;ASH_COATED_OSMIUM;XIRECS;9991.0;4
804400;TAKER;;ASH_COATED_OSMIUM;XIRECS;10010.0;8
804700;TAKER;;ASH_COATED_OSMIUM;XIRECS;10010.0;9
805100;;TAKER;INTARIAN_PEPPER_ROOT;XIRECS;12073.0;12
805100;;TAKER;ASH_COATED_OSMIUM;XIRECS;9991.0;5
805400;TAKER;;ASH_COATED_OSMIUM;XIRECS;10006.0;15
805700;TAKER;;ASH_COATED_OSMIUM;XIRECS;10009.0;15
805800;TAKER;;ASH_COATED_OSMIUM;XIRECS;10008.0;15
805900;TAKER;;ASH_COATED_OSMIUM;XIRECS;10008.0;5
806100;;TAKER;INTARIAN_PEPPER_ROOT;XIRECS;12075.0;10
806300;;TAKER;ASH_COATED_OSMIUM;XIRECS;9990.0;8
806400;TAKER;;ASH_COATED_OSMIUM;XIRECS;10011.0;6
806500;TAKER;;INTARIAN_PEPPER_ROOT;XIRECS;12087.0;13
806600;TAKER;;ASH_COATED_OSMIUM;XIRECS;10007.0;8
806800;;TAKER;INTARIAN_PEPPER_ROOT;XIRECS;12072.0;7
806800;;TAKER;ASH_COATED_OSMIUM;XIRECS;9992.0;6
806900;TAKER;;ASH_COATED_OSMIUM;XIRECS;10007.0;7
807000;TAKER;;ASH_COATED_OSMIUM;XIRECS;10011.0;13
807100;;TAKER;ASH_COATED_OSMIUM;XIRECS;9990.0;6
807200;;TAKER;ASH_COATED_OSMIUM;XIRECS;9990.0;7
807300;;TAKER;INTARIAN_PEPPER_ROOT;XIRECS;12075.0;8
807600;;TAKER;ASH_COATED_OSMIUM;XIRECS;9989.0;15
807800;TAKER;;INTARIAN_PEPPER_ROOT;XIRECS;12087.0;2
808100;;TAKER;ASH_COATED_OSMIUM;XIRECS;9994.0;10
808400;TAKER;;INTARIAN_PEPPER_ROOT;XIRECS;12085.0;5
808700;;TAKER;INTARIAN_PEPPER_ROOT;XIRECS;12075.0;11
809000;;TAKER;ASH_COATED_OSMIUM;XIRECS;9990.0;6
809100;;TAKER;ASH_COATED_OSMIUM;XIRECS;9992.0;5
809200;TAKER;;INTARIAN_PEPPER_ROOT;XIRECS;12087.0;13
809300;;TAKER;INTARIAN_PEPPER_ROOT;XIRECS;12074.0;13
809300;TAKER;;ASH_COATED_OSMIUM;XIRECS;10006.0;6
809500;TAKER;;ASH_COATED_OSMIUM;XIRECS;10010.0;15
809600;TAKER;;INTARIAN_PEPPER_ROOT;XIRECS;12088.0;11
809600;TAKER;;ASH_COATED_OSMIUM;XIRECS;10010.0;6
809800;TAKER;;INTARIAN_PEPPER_ROOT;XIRECS;12085.0;5
810000;TAKER;;INTARIAN_PEPPER_ROOT;XIRECS;12089.0;13
810100;;TAKER;INTARIAN_PEPPER_ROOT;XIRECS;12074.0;13
810300;TAKER;;ASH_COATED_OSMIUM;XIRECS;10011.0;14
810400;;TAKER;INTARIAN_PEPPER_ROOT;XIRECS;12075.0;11
810400;TAKER;;ASH_COATED_OSMIUM;XIRECS;10012.0;10
810500;;TAKER;INTARIAN_PEPPER_ROOT;XIRECS;12076.0;13
810500;TAKER;;ASH_COATED_OSMIUM;XIRECS;10009.0;10
810700;TAKER;;ASH_COATED_OSMIUM;XIRECS;10011.0;3
810900;TAKER;;ASH_COATED_OSMIUM;XIRECS;10007.0;13
811300;TAKER;;ASH_COATED_OSMIUM;XIRECS;10009.0;12
811500;TAKER;;ASH_COATED_OSMIUM;XIRECS;10012.0;14
811600;TAKER;;INTARIAN_PEPPER_ROOT;XIRECS;12087.0;12
811800;;TAKER;ASH_COATED_OSMIUM;XIRECS;9989.0;3
811900;;TAKER;INTARIAN_PEPPER_ROOT;XIRECS;12073.0;13
812200;;TAKER;INTARIAN_PEPPER_ROOT;XIRECS;12076.0;7
812300;TAKER;;INTARIAN_PEPPER_ROOT;XIRECS;12088.0;15
812700;TAKER;;ASH_COATED_OSMIUM;XIRECS;10006.0;4
813000;;TAKER;INTARIAN_PEPPER_ROOT;XIRECS;12073.0;11
813100;;TAKER;INTARIAN_PEPPER_ROOT;XIRECS;12075.0;5
813200;TAKER;;ASH_COATED_OSMIUM;XIRECS;10012.0;12
813300;TAKER;;INTARIAN_PEPPER_ROOT;XIRECS;12088.0;10
813400;TAKER;;INTARIAN_PEPPER_ROOT;XIRECS;12087.0;5
813500;;TAKER;ASH_COATED_OSMIUM;XIRECS;9989.0;12
813600;TAKER;;INTARIAN_PEPPER_ROOT;XIRECS;12088.0;7
813600;;TAKER;ASH_COATED_OSMIUM;XIRECS;9986.0;13
813700;TAKER;;ASH_COATED_OSMIUM;XIRECS;10004.0;6
813900;TAKER;;ASH_COATED_OSMIUM;XIRECS;10009.0;11
814200;TAKER;;INTARIAN_PEPPER_ROOT;XIRECS;12089.0;2
814200;TAKER;;ASH_COATED_OSMIUM;XIRECS;10013.0;4
814400;TAKER;;ASH_COATED_OSMIUM;XIRECS;10009.0;10
814500;TAKER;;INTARIAN_PEPPER_ROOT;XIRECS;12090.0;12
814500;TAKER;;ASH_COATED_OSMIUM;XIRECS;10009.0;8
814600;;TAKER;ASH_COATED_OSMIUM;XIRECS;9991.0;7
814700;TAKER;;INTARIAN_PEPPER_ROOT;XIRECS;12085.0;9
814800;;TAKER;ASH_COATED_OSMIUM;XIRECS;9991.0;8
814900;TAKER;;INTARIAN_PEPPER_ROOT;XIRECS;12087.0;3
814900;TAKER;;ASH_COATED_OSMIUM;XIRECS;10011.0;7
815300;TAKER;;ASH_COATED_OSMIUM;XIRECS;10009.0;13
815600;;TAKER;ASH_COATED_OSMIUM;XIRECS;9991.0;3
815800;TAKER;;INTARIAN_PEPPER_ROOT;XIRECS;12087.0;4
815800;TAKER;;ASH_COATED_OSMIUM;XIRECS;10012.0;8
815900;;TAKER;INTARIAN_PEPPER_ROOT;XIRECS;12076.0;13
816500;;TAKER;INTARIAN_PEPPER_ROOT;XIRECS;12074.0;3
816500;;TAKER;ASH_COATED_OSMIUM;XIRECS;9988.0;9
816600;;TAKER;INTARIAN_PEPPER_ROOT;XIRECS;12075.0;4
816600;;TAKER;ASH_COATED_OSMIUM;XIRECS;9988.0;2
816700;;TAKER;INTARIAN_PEPPER_ROOT;XIRECS;12074.0;6
816900;TAKER;;INTARIAN_PEPPER_ROOT;XIRECS;12088.0;10
817000;;TAKER;INTARIAN_PEPPER_ROOT;XIRECS;12073.0;13
817600;;TAKER;ASH_COATED_OSMIUM;XIRECS;9992.0;10
817900;;TAKER;INTARIAN_PEPPER_ROOT;XIRECS;12075.0;14
818000;;TAKER;INTARIAN_PEPPER_ROOT;XIRECS;12075.0;6
818200;;TAKER;ASH_COATED_OSMIUM;XIRECS;9988.0;8
818500;TAKER;;ASH_COATED_OSMIUM;XIRECS;10009.0;6
818600;;TAKER;INTARIAN_PEPPER_ROOT;XIRECS;12075.0;10
818800;;TAKER;INTARIAN_PEPPER_ROOT;XIRECS;12074.0;5
818900;TAKER;;ASH_COATED_OSMIUM;XIRECS;10012.0;8
819100;TAKER;;INTARIAN_PEPPER_ROOT;XIRECS;12090.0;8
819300;TAKER;;ASH_COATED_OSMIUM;XIRECS;10008.0;4
819400;TAKER;;ASH_COATED_OSMIUM;XIRECS;10011.0;11
819500;TAKER;;ASH_COATED_OSMIUM;XIRECS;10010.0;6
819800;TAKER;;ASH_COATED_OSMIUM;XIRECS;10006.0;10
819900;;TAKER;INTARIAN_PEPPER_ROOT;XIRECS;12075.0;13
820600;TAKER;;ASH_COATED_OSMIUM;XIRECS;10009.0;3
820800;TAKER;;INTARIAN_PEPPER_ROOT;XIRECS;12089.0;13
820900;TAKER;;INTARIAN_PEPPER_ROOT;XIRECS;12089.0;5
820900;;TAKER;ASH_COATED_OSMIUM;XIRECS;9991.0;9
821000;TAKER;;INTARIAN_PEPPER_ROOT;XIRECS;12089.0;5
821000;TAKER;;ASH_COATED_OSMIUM;XIRECS;10009.0;4
821800;;TAKER;INTARIAN_PEPPER_ROOT;XIRECS;12077.0;13
821900;;TAKER;INTARIAN_PEPPER_ROOT;XIRECS;12075.0;4
822100;;TAKER;INTARIAN_PEPPER_ROOT;XIRECS;12075.0;15
822200;;TAKER;INTARIAN_PEPPER_ROOT;XIRECS;12076.0;5
822400;;TAKER;ASH_COATED_OSMIUM;XIRECS;9991.0;11
822800;TAKER;;INTARIAN_PEPPER_ROOT;XIRECS;12091.0;13
822800;;TAKER;ASH_COATED_OSMIUM;XIRECS;9992.0;7
822900;TAKER;;INTARIAN_PEPPER_ROOT;XIRECS;12089.0;9
823200;TAKER;;INTARIAN_PEPPER_ROOT;XIRECS;12089.0;8
823300;TAKER;;ASH_COATED_OSMIUM;XIRECS;10009.0;2
823600;;TAKER;INTARIAN_PEPPER_ROOT;XIRECS;12074.0;6
824100;TAKER;;INTARIAN_PEPPER_ROOT;XIRECS;12088.0;15
824100;TAKER;;ASH_COATED_OSMIUM;XIRECS;10011.0;6
824300;TAKER;;INTARIAN_PEPPER_ROOT;XIRECS;12089.0;8
824700;TAKER;;INTARIAN_PEPPER_ROOT;XIRECS;12089.0;7
824800;;TAKER;INTARIAN_PEPPER_ROOT;XIRECS;12073.0;8
824900;TAKER;;ASH_COATED_OSMIUM;XIRECS;10011.0;6
825300;TAKER;;ASH_COATED_OSMIUM;XIRECS;10010.0;13
825400;;TAKER;INTARIAN_PEPPER_ROOT;XIRECS;12075.0;5
826100;TAKER;;ASH_COATED_OSMIUM;XIRECS;10008.0;4
826200;TAKER;;ASH_COATED_OSMIUM;XIRECS;10004.0;6
826500;;TAKER;ASH_COATED_OSMIUM;XIRECS;9989.0;2
826800;;TAKER;ASH_COATED_OSMIUM;XIRECS;9990.0;13
827000;;TAKER;INTARIAN_PEPPER_ROOT;XIRECS;12074.0;5
827300;TAKER;;INTARIAN_PEPPER_ROOT;XIRECS;12088.0;12
827400;TAKER;;INTARIAN_PEPPER_ROOT;XIRECS;12088.0;3
827400;TAKER;;ASH_COATED_OSMIUM;XIRECS;10007.0;2
827700;TAKER;;ASH_COATED_OSMIUM;XIRECS;10008.0;6
828000;;TAKER;INTARIAN_PEPPER_ROOT;XIRECS;12074.0;3
828000;;TAKER;ASH_COATED_OSMIUM;XIRECS;9991.0;2
828400;;TAKER;INTARIAN_PEPPER_ROOT;XIRECS;12076.0;10
828700;;TAKER;INTARIAN_PEPPER_ROOT;XIRECS;12075.0;13
829100;TAKER;;INTARIAN_PEPPER_ROOT;XIRECS;12091.0;2
829500;TAKER;;ASH_COATED_OSMIUM;XIRECS;10011.0;2
829600;TAKER;;INTARIAN_PEPPER_ROOT;XIRECS;12088.0;5
829800;TAKER;;ASH_COATED_OSMIUM;XIRECS;10007.0;9
830000;;TAKER;INTARIAN_PEPPER_ROOT;XIRECS;12077.0;15
830200;TAKER;;INTARIAN_PEPPER_ROOT;XIRECS;12090.0;14
830200;;TAKER;ASH_COATED_OSMIUM;XIRECS;9992.0;12
830300;TAKER;;ASH_COATED_OSMIUM;XIRECS;10007.0;15
830500;;TAKER;INTARIAN_PEPPER_ROOT;XIRECS;12078.0;6
830700;TAKER;;INTARIAN_PEPPER_ROOT;XIRECS;12088.0;8
830700;TAKER;;ASH_COATED_OSMIUM;XIRECS;10008.0;3
830900;;TAKER;ASH_COATED_OSMIUM;XIRECS;9991.0;8
831000;TAKER;;ASH_COATED_OSMIUM;XIRECS;10009.0;6
831300;;TAKER;ASH_COATED_OSMIUM;XIRECS;9993.0;5
831700;;TAKER;INTARIAN_PEPPER_ROOT;XIRECS;12075.0;3
831800;TAKER;;ASH_COATED_OSMIUM;XIRECS;10010.0;13
831900;TAKER;;INTARIAN_PEPPER_ROOT;XIRECS;12088.0;15
832400;;TAKER;ASH_COATED_OSMIUM;XIRECS;9991.0;7
832500;TAKER;;INTARIAN_PEPPER_ROOT;XIRECS;12091.0;14
832600;;TAKER;INTARIAN_PEPPER_ROOT;XIRECS;12075.0;5
832700;TAKER;;ASH_COATED_OSMIUM;XIRECS;10010.0;11
832800;;TAKER;INTARIAN_PEPPER_ROOT;XIRECS;12076.0;13
832900;;TAKER;ASH_COATED_OSMIUM;XIRECS;9992.0;7
833100;TAKER;;INTARIAN_PEPPER_ROOT;XIRECS;12090.0;9
833300;;TAKER;ASH_COATED_OSMIUM;XIRECS;9990.0;14
833900;;TAKER;ASH_COATED_OSMIUM;XIRECS;9989.0;11
834200;;TAKER;INTARIAN_PEPPER_ROOT;XIRECS;12076.0;15
834200;;TAKER;ASH_COATED_OSMIUM;XIRECS;9988.0;14
834300;TAKER;;INTARIAN_PEPPER_ROOT;XIRECS;12088.0;13
834300;TAKER;;ASH_COATED_OSMIUM;XIRECS;10010.0;15
834700;;TAKER;INTARIAN_PEPPER_ROOT;XIRECS;12074.0;12
834700;TAKER;;ASH_COATED_OSMIUM;XIRECS;10006.0;10
835100;TAKER;;ASH_COATED_OSMIUM;XIRECS;10008.0;4
835300;TAKER;;INTARIAN_PEPPER_ROOT;XIRECS;12090.0;2
835400;;TAKER;ASH_COATED_OSMIUM;XIRECS;9986.0;2
835500;;TAKER;ASH_COATED_OSMIUM;XIRECS;9987.0;14
835900;;TAKER;INTARIAN_PEPPER_ROOT;XIRECS;12076.0;2
835900;TAKER;;ASH_COATED_OSMIUM;XIRECS;10007.0;13
836000;TAKER;;INTARIAN_PEPPER_ROOT;XIRECS;12089.0;14
836200;TAKER;;ASH_COATED_OSMIUM;XIRECS;10009.0;3
836300;;TAKER;INTARIAN_PEPPER_ROOT;XIRECS;12078.0;13
836400;;TAKER;INTARIAN_PEPPER_ROOT;XIRECS;12077.0;7
836500;;TAKER;INTARIAN_PEPPER_ROOT;XIRECS;12077.0;6
836500;TAKER;;ASH_COATED_OSMIUM;XIRECS;10009.0;8
836800;TAKER;;INTARIAN_PEPPER_ROOT;XIRECS;12090.0;4
836800;TAKER;;ASH_COATED_OSMIUM;XIRECS;10007.0;7
837000;TAKER;;ASH_COATED_OSMIUM;XIRECS;10008.0;11
837100;;TAKER;ASH_COATED_OSMIUM;XIRECS;9989.0;4
837200;;TAKER;INTARIAN_PEPPER_ROOT;XIRECS;12076.0;10
837200;;TAKER;ASH_COATED_OSMIUM;XIRECS;9992.0;15
837300;;TAKER;ASH_COATED_OSMIUM;XIRECS;9989.0;6
837400;;TAKER;ASH_COATED_OSMIUM;XIRECS;9990.0;11
837700;TAKER;;INTARIAN_PEPPER_ROOT;XIRECS;12092.0;11
837900;;TAKER;ASH_COATED_OSMIUM;XIRECS;9990.0;15
838200;;TAKER;INTARIAN_PEPPER_ROOT;XIRECS;12077.0;13
838400;;TAKER;ASH_COATED_OSMIUM;XIRECS;9989.0;3
838500;TAKER;;INTARIAN_PEPPER_ROOT;XIRECS;12089.0;6
838600;;TAKER;INTARIAN_PEPPER_ROOT;XIRECS;12078.0;6
838600;;TAKER;ASH_COATED_OSMIUM;XIRECS;9993.0;5
838900;;TAKER;ASH_COATED_OSMIUM;XIRECS;9990.0;13
839000;;TAKER;ASH_COATED_OSMIUM;XIRECS;9992.0;10
839400;;TAKER;INTARIAN_PEPPER_ROOT;XIRECS;12078.0;5
839700;TAKER;;ASH_COATED_OSMIUM;XIRECS;10013.0;2
839900;;TAKER;ASH_COATED_OSMIUM;XIRECS;9991.0;7
840000;TAKER;;ASH_COATED_OSMIUM;XIRECS;10009.0;2
840100;;TAKER;INTARIAN_PEPPER_ROOT;XIRECS;12077.0;4
840200;;TAKER;ASH_COATED_OSMIUM;XIRECS;9996.0;14
840400;;TAKER;INTARIAN_PEPPER_ROOT;XIRECS;12076.0;8
840400;TAKER;;ASH_COATED_OSMIUM;XIRECS;10008.0;10
840500;TAKER;;ASH_COATED_OSMIUM;XIRECS;10006.0;9
840600;;TAKER;INTARIAN_PEPPER_ROOT;XIRECS;12077.0;3
840700;;TAKER;ASH_COATED_OSMIUM;XIRECS;9994.0;4
841100;TAKER;;INTARIAN_PEPPER_ROOT;XIRECS;12092.0;5
841200;;TAKER;INTARIAN_PEPPER_ROOT;XIRECS;12077.0;4
841200;TAKER;;ASH_COATED_OSMIUM;XIRECS;10009.0;15
841600;;TAKER;INTARIAN_PEPPER_ROOT;XIRECS;12076.0;7
841600;TAKER;;ASH_COATED_OSMIUM;XIRECS;10007.0;6
841800;;TAKER;ASH_COATED_OSMIUM;XIRECS;9992.0;9
842600;;TAKER;INTARIAN_PEPPER_ROOT;XIRECS;12078.0;13
842800;TAKER;;INTARIAN_PEPPER_ROOT;XIRECS;12090.0;6
843300;TAKER;;INTARIAN_PEPPER_ROOT;XIRECS;12093.0;14
843300;TAKER;;ASH_COATED_OSMIUM;XIRECS;10010.0;14
843400;;TAKER;ASH_COATED_OSMIUM;XIRECS;9990.0;10
843500;TAKER;;INTARIAN_PEPPER_ROOT;XIRECS;12091.0;12
843900;;TAKER;ASH_COATED_OSMIUM;XIRECS;9992.0;14
844300;TAKER;;ASH_COATED_OSMIUM;XIRECS;10007.0;14
844400;;TAKER;INTARIAN_PEPPER_ROOT;XIRECS;12078.0;15
844500;;TAKER;INTARIAN_PEPPER_ROOT;XIRECS;12078.0;10
844600;TAKER;;INTARIAN_PEPPER_ROOT;XIRECS;12091.0;4
844600;TAKER;;ASH_COATED_OSMIUM;XIRECS;10008.0;10
845100;;TAKER;ASH_COATED_OSMIUM;XIRECS;9988.0;8
845200;TAKER;;INTARIAN_PEPPER_ROOT;XIRECS;12091.0;14
845300;;TAKER;ASH_COATED_OSMIUM;XIRECS;9990.0;6
845700;;TAKER;ASH_COATED_OSMIUM;XIRECS;9991.0;7
845800;;TAKER;ASH_COATED_OSMIUM;XIRECS;9991.0;9
845900;TAKER;;ASH_COATED_OSMIUM;XIRECS;10006.0;7
846300;;TAKER;INTARIAN_PEPPER_ROOT;XIRECS;12075.0;12
846600;;TAKER;INTARIAN_PEPPER_ROOT;XIRECS;12077.0;11
846700;;TAKER;INTARIAN_PEPPER_ROOT;XIRECS;12079.0;7
846900;;TAKER;INTARIAN_PEPPER_ROOT;XIRECS;12077.0;13
846900;;TAKER;ASH_COATED_OSMIUM;XIRECS;9992.0;2
847000;;TAKER;INTARIAN_PEPPER_ROOT;XIRECS;12077.0;4
847000;TAKER;;ASH_COATED_OSMIUM;XIRECS;10008.0;15
847200;;TAKER;ASH_COATED_OSMIUM;XIRECS;9993.0;4
847400;TAKER;;INTARIAN_PEPPER_ROOT;XIRECS;12089.0;6
847500;;TAKER;ASH_COATED_OSMIUM;XIRECS;9992.0;11
847600;TAKER;;ASH_COATED_OSMIUM;XIRECS;10008.0;2
847900;TAKER;;INTARIAN_PEPPER_ROOT;XIRECS;12091.0;5
848100;TAKER;;INTARIAN_PEPPER_ROOT;XIRECS;12092.0;3
848300;;TAKER;ASH_COATED_OSMIUM;XIRECS;9993.0;3
848400;;TAKER;INTARIAN_PEPPER_ROOT;XIRECS;12077.0;11
848400;TAKER;;ASH_COATED_OSMIUM;XIRECS;10009.0;12
848500;;TAKER;INTARIAN_PEPPER_ROOT;XIRECS;12079.0;13
848800;TAKER;;INTARIAN_PEPPER_ROOT;XIRECS;12093.0;8
849200;;TAKER;INTARIAN_PEPPER_ROOT;XIRECS;12077.0;12
849300;;TAKER;INTARIAN_PEPPER_ROOT;XIRECS;12078.0;15
849400;;TAKER;INTARIAN_PEPPER_ROOT;XIRECS;12076.0;3
849400;TAKER;;ASH_COATED_OSMIUM;XIRECS;10008.0;14
849500;TAKER;;INTARIAN_PEPPER_ROOT;XIRECS;12091.0;2
849500;;TAKER;ASH_COATED_OSMIUM;XIRECS;9989.0;11
849600;;TAKER;INTARIAN_PEPPER_ROOT;XIRECS;12078.0;14
849600;;TAKER;ASH_COATED_OSMIUM;XIRECS;9992.0;9
850300;TAKER;;INTARIAN_PEPPER_ROOT;XIRECS;12092.0;5
850500;TAKER;;INTARIAN_PEPPER_ROOT;XIRECS;12091.0;12
850900;TAKER;;INTARIAN_PEPPER_ROOT;XIRECS;12092.0;8
851100;;TAKER;INTARIAN_PEPPER_ROOT;XIRECS;12078.0;11
851200;TAKER;;INTARIAN_PEPPER_ROOT;XIRECS;12092.0;11
851400;;TAKER;ASH_COATED_OSMIUM;XIRECS;9988.0;15
851500;;TAKER;ASH_COATED_OSMIUM;XIRECS;9992.0;10
851600;TAKER;;INTARIAN_PEPPER_ROOT;XIRECS;12091.0;14
851700;;TAKER;INTARIAN_PEPPER_ROOT;XIRECS;12078.0;15
851900;TAKER;;ASH_COATED_OSMIUM;XIRECS;10006.0;12
852100;;TAKER;INTARIAN_PEPPER_ROOT;XIRECS;12077.0;14
852100;TAKER;;ASH_COATED_OSMIUM;XIRECS;10008.0;15
852300;TAKER;;ASH_COATED_OSMIUM;XIRECS;10010.0;3
852400;TAKER;;INTARIAN_PEPPER_ROOT;XIRECS;12091.0;12
852400;;TAKER;ASH_COATED_OSMIUM;XIRECS;9992.0;5
852500;TAKER;;INTARIAN_PEPPER_ROOT;XIRECS;12091.0;2
852500;;TAKER;ASH_COATED_OSMIUM;XIRECS;9990.0;9
852600;;TAKER;INTARIAN_PEPPER_ROOT;XIRECS;12077.0;2
852700;TAKER;;INTARIAN_PEPPER_ROOT;XIRECS;12091.0;12
853300;;TAKER;ASH_COATED_OSMIUM;XIRECS;9991.0;8
853400;;TAKER;INTARIAN_PEPPER_ROOT;XIRECS;12077.0;10
853900;TAKER;;INTARIAN_PEPPER_ROOT;XIRECS;12092.0;9
854000;TAKER;;INTARIAN_PEPPER_ROOT;XIRECS;12092.0;8
854100;TAKER;;ASH_COATED_OSMIUM;XIRECS;10004.0;11
854200;;TAKER;ASH_COATED_OSMIUM;XIRECS;9988.0;10
854300;;TAKER;INTARIAN_PEPPER_ROOT;XIRECS;12077.0;7
854800;;TAKER;INTARIAN_PEPPER_ROOT;XIRECS;12076.0;7
854900;;TAKER;INTARIAN_PEPPER_ROOT;XIRECS;12080.0;13
855100;;TAKER;ASH_COATED_OSMIUM;XIRECS;9992.0;2
855400;;TAKER;INTARIAN_PEPPER_ROOT;XIRECS;12079.0;15
855500;;TAKER;INTARIAN_PEPPER_ROOT;XIRECS;12080.0;15
855500;TAKER;;ASH_COATED_OSMIUM;XIRECS;10009.0;14
855600;TAKER;;ASH_COATED_OSMIUM;XIRECS;10005.0;9
855700;TAKER;;ASH_COATED_OSMIUM;XIRECS;10007.0;2
855800;TAKER;;INTARIAN_PEPPER_ROOT;XIRECS;12092.0;8
855900;TAKER;;INTARIAN_PEPPER_ROOT;XIRECS;12092.0;5
856000;;TAKER;INTARIAN_PEPPER_ROOT;XIRECS;12079.0;14
856000;;TAKER;ASH_COATED_OSMIUM;XIRECS;9991.0;10
856100;TAKER;;ASH_COATED_OSMIUM;XIRECS;10010.0;8
856200;TAKER;;INTARIAN_PEPPER_ROOT;XIRECS;12091.0;9
856500;;TAKER;INTARIAN_PEPPER_ROOT;XIRECS;12076.0;10
856800;;TAKER;ASH_COATED_OSMIUM;XIRECS;9992.0;6
857000;;TAKER;ASH_COATED_OSMIUM;XIRECS;9993.0;12
857100;;TAKER;ASH_COATED_OSMIUM;XIRECS;9993.0;5
857300;;TAKER;INTARIAN_PEPPER_ROOT;XIRECS;12077.0;12
857500;TAKER;;ASH_COATED_OSMIUM;XIRECS;10010.0;5
857700;TAKER;;INTARIAN_PEPPER_ROOT;XIRECS;12092.0;12
857700;;TAKER;ASH_COATED_OSMIUM;XIRECS;9988.0;13
858100;TAKER;;INTARIAN_PEPPER_ROOT;XIRECS;12092.0;11
858200;;TAKER;INTARIAN_PEPPER_ROOT;XIRECS;12079.0;10
858400;TAKER;;INTARIAN_PEPPER_ROOT;XIRECS;12093.0;14
858500;;TAKER;ASH_COATED_OSMIUM;XIRECS;9989.0;12
858600;TAKER;;ASH_COATED_OSMIUM;XIRECS;10006.0;13
858800;TAKER;;INTARIAN_PEPPER_ROOT;XIRECS;12092.0;6
859000;TAKER;;INTARIAN_PEPPER_ROOT;XIRECS;12092.0;14
859100;TAKER;;INTARIAN_PEPPER_ROOT;XIRECS;12092.0;13
859200;;TAKER;INTARIAN_PEPPER_ROOT;XIRECS;12079.0;3
859300;TAKER;;INTARIAN_PEPPER_ROOT;XIRECS;12092.0;12
859300;;TAKER;ASH_COATED_OSMIUM;XIRECS;9988.0;3
859400;TAKER;;ASH_COATED_OSMIUM;XIRECS;10010.0;10
859500;;TAKER;INTARIAN_PEPPER_ROOT;XIRECS;12079.0;3
859500;;TAKER;ASH_COATED_OSMIUM;XIRECS;9995.0;4
859600;TAKER;;ASH_COATED_OSMIUM;XIRECS;10009.0;4
859900;;TAKER;INTARIAN_PEPPER_ROOT;XIRECS;12079.0;14
859900;;TAKER;ASH_COATED_OSMIUM;XIRECS;9993.0;10
860000;;TAKER;INTARIAN_PEPPER_ROOT;XIRECS;12077.0;4
860100;;TAKER;ASH_COATED_OSMIUM;XIRECS;9992.0;9
860200;TAKER;;INTARIAN_PEPPER_ROOT;XIRECS;12092.0;7
860200;;TAKER;ASH_COATED_OSMIUM;XIRECS;9996.0;2
860300;TAKER;;INTARIAN_PEPPER_ROOT;XIRECS;12092.0;10
860400;TAKER;;ASH_COATED_OSMIUM;XIRECS;10011.0;8
860500;TAKER;;INTARIAN_PEPPER_ROOT;XIRECS;12093.0;11
861000;;TAKER;INTARIAN_PEPPER_ROOT;XIRECS;12076.0;5
861300;TAKER;;ASH_COATED_OSMIUM;XIRECS;10010.0;2
861500;;TAKER;INTARIAN_PEPPER_ROOT;XIRECS;12077.0;3
861600;;TAKER;ASH_COATED_OSMIUM;XIRECS;9989.0;8
861700;;TAKER;ASH_COATED_OSMIUM;XIRECS;9995.0;5
861800;TAKER;;ASH_COATED_OSMIUM;XIRECS;10009.0;8
862300;TAKER;;INTARIAN_PEPPER_ROOT;XIRECS;12093.0;3
862400;;TAKER;INTARIAN_PEPPER_ROOT;XIRECS;12080.0;2
862500;;TAKER;INTARIAN_PEPPER_ROOT;XIRECS;12081.0;3
862700;;TAKER;ASH_COATED_OSMIUM;XIRECS;9994.0;14
862800;;TAKER;ASH_COATED_OSMIUM;XIRECS;9990.0;5
862900;;TAKER;ASH_COATED_OSMIUM;XIRECS;9992.0;9
863200;;TAKER;ASH_COATED_OSMIUM;XIRECS;9993.0;5
863300;;TAKER;ASH_COATED_OSMIUM;XIRECS;9989.0;4
863500;;TAKER;ASH_COATED_OSMIUM;XIRECS;9988.0;15
863700;;TAKER;INTARIAN_PEPPER_ROOT;XIRECS;12079.0;7
863800;;TAKER;INTARIAN_PEPPER_ROOT;XIRECS;12077.0;10
864100;;TAKER;INTARIAN_PEPPER_ROOT;XIRECS;12081.0;13
864300;TAKER;;INTARIAN_PEPPER_ROOT;XIRECS;12092.0;7
864600;;TAKER;INTARIAN_PEPPER_ROOT;XIRECS;12079.0;14
864600;TAKER;;ASH_COATED_OSMIUM;XIRECS;10013.0;9
864700;TAKER;;INTARIAN_PEPPER_ROOT;XIRECS;12092.0;6
864700;TAKER;;ASH_COATED_OSMIUM;XIRECS;10009.0;12
864900;;TAKER;INTARIAN_PEPPER_ROOT;XIRECS;12079.0;15
865300;TAKER;;ASH_COATED_OSMIUM;XIRECS;10011.0;5
865400;TAKER;;ASH_COATED_OSMIUM;XIRECS;10011.0;14
865600;;TAKER;INTARIAN_PEPPER_ROOT;XIRECS;12080.0;12
865700;;TAKER;INTARIAN_PEPPER_ROOT;XIRECS;12080.0;10
865700;;TAKER;ASH_COATED_OSMIUM;XIRECS;9988.0;4
865800;TAKER;;INTARIAN_PEPPER_ROOT;XIRECS;12094.0;12
865800;TAKER;;ASH_COATED_OSMIUM;XIRECS;10009.0;4
865900;;TAKER;INTARIAN_PEPPER_ROOT;XIRECS;12078.0;13
866000;TAKER;;ASH_COATED_OSMIUM;XIRECS;10008.0;4
866200;;TAKER;INTARIAN_PEPPER_ROOT;XIRECS;12078.0;11
866300;TAKER;;ASH_COATED_OSMIUM;XIRECS;10011.0;10
866400;;TAKER;ASH_COATED_OSMIUM;XIRECS;9992.0;13
866900;TAKER;;INTARIAN_PEPPER_ROOT;XIRECS;12093.0;11
867000;;TAKER;INTARIAN_PEPPER_ROOT;XIRECS;12078.0;6
867000;;TAKER;ASH_COATED_OSMIUM;XIRECS;9989.0;12
867100;;TAKER;ASH_COATED_OSMIUM;XIRECS;9992.0;5
867300;TAKER;;ASH_COATED_OSMIUM;XIRECS;10008.0;10
867800;TAKER;;ASH_COATED_OSMIUM;XIRECS;10009.0;14
867900;;TAKER;ASH_COATED_OSMIUM;XIRECS;9991.0;8
868000;TAKER;;ASH_COATED_OSMIUM;XIRECS;10009.0;6
868200;;TAKER;INTARIAN_PEPPER_ROOT;XIRECS;12079.0;2
868400;;TAKER;ASH_COATED_OSMIUM;XIRECS;9990.0;13
868500;;TAKER;INTARIAN_PEPPER_ROOT;XIRECS;12078.0;2
868700;;TAKER;INTARIAN_PEPPER_ROOT;XIRECS;12079.0;14
868800;TAKER;;INTARIAN_PEPPER_ROOT;XIRECS;12095.0;9
868800;TAKER;;ASH_COATED_OSMIUM;XIRECS;10009.0;13
868900;;TAKER;ASH_COATED_OSMIUM;XIRECS;9988.0;12
869000;;TAKER;INTARIAN_PEPPER_ROOT;XIRECS;12081.0;7
869100;;TAKER;INTARIAN_PEPPER_ROOT;XIRECS;12079.0;8
869300;TAKER;;INTARIAN_PEPPER_ROOT;XIRECS;12093.0;14
869600;;TAKER;ASH_COATED_OSMIUM;XIRECS;9991.0;13
869900;;TAKER;ASH_COATED_OSMIUM;XIRECS;9992.0;13
870200;;TAKER;INTARIAN_PEPPER_ROOT;XIRECS;12079.0;3
870200;TAKER;;ASH_COATED_OSMIUM;XIRECS;10010.0;11
870400;;TAKER;INTARIAN_PEPPER_ROOT;XIRECS;12080.0;13
870400;TAKER;;ASH_COATED_OSMIUM;XIRECS;10008.0;10
870600;;TAKER;ASH_COATED_OSMIUM;XIRECS;9993.0;8
870700;;TAKER;INTARIAN_PEPPER_ROOT;XIRECS;12081.0;10
871000;TAKER;;INTARIAN_PEPPER_ROOT;XIRECS;12092.0;2
871000;;TAKER;ASH_COATED_OSMIUM;XIRECS;9994.0;9
871100;;TAKER;INTARIAN_PEPPER_ROOT;XIRECS;12079.0;7
871400;TAKER;;INTARIAN_PEPPER_ROOT;XIRECS;12095.0;6
871500;TAKER;;ASH_COATED_OSMIUM;XIRECS;10009.0;9
871700;;TAKER;ASH_COATED_OSMIUM;XIRECS;9992.0;13
871900;;TAKER;INTARIAN_PEPPER_ROOT;XIRECS;12078.0;11
872100;;TAKER;ASH_COATED_OSMIUM;XIRECS;9989.0;2
872200;TAKER;;ASH_COATED_OSMIUM;XIRECS;10008.0;8
872300;;TAKER;ASH_COATED_OSMIUM;XIRECS;9991.0;13
872400;;TAKER;INTARIAN_PEPPER_ROOT;XIRECS;12079.0;3
873000;;TAKER;INTARIAN_PEPPER_ROOT;XIRECS;12079.0;7
873100;TAKER;;ASH_COATED_OSMIUM;XIRECS;10010.0;12
873200;;TAKER;INTARIAN_PEPPER_ROOT;XIRECS;12078.0;3
873200;;TAKER;ASH_COATED_OSMIUM;XIRECS;9988.0;12
873300;TAKER;;INTARIAN_PEPPER_ROOT;XIRECS;12093.0;11
873400;;TAKER;INTARIAN_PEPPER_ROOT;XIRECS;12080.0;2
873500;;TAKER;ASH_COATED_OSMIUM;XIRECS;9992.0;12
873600;;TAKER;INTARIAN_PEPPER_ROOT;XIRECS;12080.0;9
873600;;TAKER;ASH_COATED_OSMIUM;XIRECS;9990.0;13
873800;TAKER;;INTARIAN_PEPPER_ROOT;XIRECS;12094.0;11
873900;TAKER;;INTARIAN_PEPPER_ROOT;XIRECS;12092.0;11
873900;TAKER;;ASH_COATED_OSMIUM;XIRECS;10007.0;2
874000;TAKER;;INTARIAN_PEPPER_ROOT;XIRECS;12093.0;2
874100;TAKER;;ASH_COATED_OSMIUM;XIRECS;10005.0;13
874400;;TAKER;ASH_COATED_OSMIUM;XIRECS;9990.0;13
874700;;TAKER;INTARIAN_PEPPER_ROOT;XIRECS;12082.0;10
874700;TAKER;;ASH_COATED_OSMIUM;XIRECS;10011.0;7
874800;;TAKER;INTARIAN_PEPPER_ROOT;XIRECS;12081.0;13
874900;TAKER;;INTARIAN_PEPPER_ROOT;XIRECS;12092.0;11
874900;;TAKER;ASH_COATED_OSMIUM;XIRECS;9990.0;14
875000;;TAKER;ASH_COATED_OSMIUM;XIRECS;9992.0;14
875100;TAKER;;INTARIAN_PEPPER_ROOT;XIRECS;12095.0;10
875100;TAKER;;ASH_COATED_OSMIUM;XIRECS;10008.0;8
875300;;TAKER;INTARIAN_PEPPER_ROOT;XIRECS;12080.0;15
875300;TAKER;;ASH_COATED_OSMIUM;XIRECS;10007.0;4
875500;;TAKER;ASH_COATED_OSMIUM;XIRECS;9989.0;10
875600;TAKER;;INTARIAN_PEPPER_ROOT;XIRECS;12092.0;2
875700;TAKER;;ASH_COATED_OSMIUM;XIRECS;10006.0;10
876300;;TAKER;ASH_COATED_OSMIUM;XIRECS;9990.0;10
876600;TAKER;;INTARIAN_PEPPER_ROOT;XIRECS;12092.0;6
876800;;TAKER;INTARIAN_PEPPER_ROOT;XIRECS;12080.0;7
877400;TAKER;;ASH_COATED_OSMIUM;XIRECS;10010.0;14
877500;TAKER;;ASH_COATED_OSMIUM;XIRECS;10009.0;8
877700;;TAKER;ASH_COATED_OSMIUM;XIRECS;9989.0;8
877900;TAKER;;ASH_COATED_OSMIUM;XIRECS;10007.0;4
878000;TAKER;;INTARIAN_PEPPER_ROOT;XIRECS;12095.0;13
878300;;TAKER;INTARIAN_PEPPER_ROOT;XIRECS;12081.0;9
878400;TAKER;;ASH_COATED_OSMIUM;XIRECS;10009.0;13
878600;;TAKER;ASH_COATED_OSMIUM;XIRECS;9995.0;14
878700;;TAKER;ASH_COATED_OSMIUM;XIRECS;9992.0;13
879100;TAKER;;ASH_COATED_OSMIUM;XIRECS;10009.0;4
879300;;TAKER;INTARIAN_PEPPER_ROOT;XIRECS;12081.0;12
879700;;TAKER;INTARIAN_PEPPER_ROOT;XIRECS;12078.0;2
879800;TAKER;;ASH_COATED_OSMIUM;XIRECS;10011.0;9
879900;;TAKER;ASH_COATED_OSMIUM;XIRECS;9990.0;7
880000;;TAKER;INTARIAN_PEPPER_ROOT;XIRECS;12081.0;5
880200;TAKER;;ASH_COATED_OSMIUM;XIRECS;10009.0;4
880300;;TAKER;INTARIAN_PEPPER_ROOT;XIRECS;12082.0;10
880400;;TAKER;ASH_COATED_OSMIUM;XIRECS;9989.0;10
880600;;TAKER;INTARIAN_PEPPER_ROOT;XIRECS;12081.0;7
880900;TAKER;;ASH_COATED_OSMIUM;XIRECS;10011.0;9
881000;TAKER;;ASH_COATED_OSMIUM;XIRECS;10008.0;14
881300;TAKER;;ASH_COATED_OSMIUM;XIRECS;10008.0;2
881400;;TAKER;INTARIAN_PEPPER_ROOT;XIRECS;12080.0;6
881700;TAKER;;INTARIAN_PEPPER_ROOT;XIRECS;12095.0;7
881800;;TAKER;ASH_COATED_OSMIUM;XIRECS;9990.0;7
882200;TAKER;;INTARIAN_PEPPER_ROOT;XIRECS;12095.0;14
882500;;TAKER;ASH_COATED_OSMIUM;XIRECS;9992.0;10
882600;;TAKER;ASH_COATED_OSMIUM;XIRECS;9992.0;4
882700;;TAKER;ASH_COATED_OSMIUM;XIRECS;9989.0;12
882800;;TAKER;ASH_COATED_OSMIUM;XIRECS;9991.0;10
882900;;TAKER;INTARIAN_PEPPER_ROOT;XIRECS;12079.0;6
882900;TAKER;;ASH_COATED_OSMIUM;XIRECS;10008.0;8
883100;TAKER;;INTARIAN_PEPPER_ROOT;XIRECS;12094.0;12
883200;;TAKER;INTARIAN_PEPPER_ROOT;XIRECS;12084.0;13
883300;TAKER;;INTARIAN_PEPPER_ROOT;XIRECS;12094.0;14
883400;TAKER;;INTARIAN_PEPPER_ROOT;XIRECS;12093.0;15
883700;;TAKER;INTARIAN_PEPPER_ROOT;XIRECS;12080.0;10
883800;TAKER;;INTARIAN_PEPPER_ROOT;XIRECS;12096.0;6
883800;;TAKER;ASH_COATED_OSMIUM;XIRECS;9990.0;7
884200;TAKER;;ASH_COATED_OSMIUM;XIRECS;10004.0;13
884500;TAKER;;INTARIAN_PEPPER_ROOT;XIRECS;12097.0;4
884700;TAKER;;ASH_COATED_OSMIUM;XIRECS;10008.0;10
884800;;TAKER;ASH_COATED_OSMIUM;XIRECS;9990.0;9
884900;TAKER;;ASH_COATED_OSMIUM;XIRECS;10010.0;15
885000;TAKER;;INTARIAN_PEPPER_ROOT;XIRECS;12095.0;3
885200;;TAKER;INTARIAN_PEPPER_ROOT;XIRECS;12081.0;13
885300;TAKER;;INTARIAN_PEPPER_ROOT;XIRECS;12096.0;6
885400;TAKER;;INTARIAN_PEPPER_ROOT;XIRECS;12094.0;2
885600;;TAKER;ASH_COATED_OSMIUM;XIRECS;9987.0;5
885700;;TAKER;ASH_COATED_OSMIUM;XIRECS;9987.0;5
885800;;TAKER;INTARIAN_PEPPER_ROOT;XIRECS;12081.0;15
886100;TAKER;;ASH_COATED_OSMIUM;XIRECS;10009.0;3
886300;TAKER;;INTARIAN_PEPPER_ROOT;XIRECS;12096.0;3
886500;;TAKER;INTARIAN_PEPPER_ROOT;XIRECS;12082.0;7
886700;TAKER;;INTARIAN_PEPPER_ROOT;XIRECS;12095.0;11
886800;TAKER;;INTARIAN_PEPPER_ROOT;XIRECS;12095.0;12
886800;;TAKER;ASH_COATED_OSMIUM;XIRECS;9994.0;12
887000;;TAKER;INTARIAN_PEPPER_ROOT;XIRECS;12080.0;4
887100;TAKER;;INTARIAN_PEPPER_ROOT;XIRECS;12096.0;4
887100;TAKER;;ASH_COATED_OSMIUM;XIRECS;10012.0;14
887500;TAKER;;ASH_COATED_OSMIUM;XIRECS;10008.0;2
887600;TAKER;;INTARIAN_PEPPER_ROOT;XIRECS;12094.0;12
887700;TAKER;;ASH_COATED_OSMIUM;XIRECS;10007.0;14
887800;TAKER;;ASH_COATED_OSMIUM;XIRECS;10005.0;4
887900;;TAKER;INTARIAN_PEPPER_ROOT;XIRECS;12082.0;10
888100;;TAKER;ASH_COATED_OSMIUM;XIRECS;9989.0;12
888200;;TAKER;ASH_COATED_OSMIUM;XIRECS;9986.0;3
888300;TAKER;;INTARIAN_PEPPER_ROOT;XIRECS;12098.0;11
888400;TAKER;;INTARIAN_PEPPER_ROOT;XIRECS;12095.0;10
888400;TAKER;;ASH_COATED_OSMIUM;XIRECS;10008.0;9
888600;;TAKER;INTARIAN_PEPPER_ROOT;XIRECS;12083.0;11
889000;;TAKER;ASH_COATED_OSMIUM;XIRECS;9988.0;7
889200;TAKER;;ASH_COATED_OSMIUM;XIRECS;10009.0;2
889400;TAKER;;INTARIAN_PEPPER_ROOT;XIRECS;12096.0;3
889800;;TAKER;INTARIAN_PEPPER_ROOT;XIRECS;12082.0;9
889900;TAKER;;INTARIAN_PEPPER_ROOT;XIRECS;12095.0;12
889900;;TAKER;ASH_COATED_OSMIUM;XIRECS;9991.0;4
890300;TAKER;;INTARIAN_PEPPER_ROOT;XIRECS;12093.0;5
890400;;TAKER;INTARIAN_PEPPER_ROOT;XIRECS;12081.0;3
890800;TAKER;;INTARIAN_PEPPER_ROOT;XIRECS;12095.0;3
890800;;TAKER;ASH_COATED_OSMIUM;XIRECS;9988.0;3
891100;;TAKER;ASH_COATED_OSMIUM;XIRECS;9991.0;11
891200;;TAKER;ASH_COATED_OSMIUM;XIRECS;9994.0;10
891600;;TAKER;ASH_COATED_OSMIUM;XIRECS;9991.0;12
891700;TAKER;;INTARIAN_PEPPER_ROOT;XIRECS;12095.0;2
891800;TAKER;;INTARIAN_PEPPER_ROOT;XIRECS;12093.0;8
891900;TAKER;;INTARIAN_PEPPER_ROOT;XIRECS;12095.0;8
892000;TAKER;;INTARIAN_PEPPER_ROOT;XIRECS;12095.0;3
892400;;TAKER;ASH_COATED_OSMIUM;XIRECS;9990.0;12
892600;;TAKER;INTARIAN_PEPPER_ROOT;XIRECS;12083.0;11
892700;TAKER;;ASH_COATED_OSMIUM;XIRECS;10007.0;14
893000;;TAKER;INTARIAN_PEPPER_ROOT;XIRECS;12082.0;14
893300;TAKER;;INTARIAN_PEPPER_ROOT;XIRECS;12096.0;12
893300;TAKER;;ASH_COATED_OSMIUM;XIRECS;10007.0;13
893400;;TAKER;ASH_COATED_OSMIUM;XIRECS;9989.0;2
893500;;TAKER;INTARIAN_PEPPER_ROOT;XIRECS;12081.0;4
893600;TAKER;;INTARIAN_PEPPER_ROOT;XIRECS;12096.0;5
893800;;TAKER;INTARIAN_PEPPER_ROOT;XIRECS;12084.0;15
894300;;TAKER;ASH_COATED_OSMIUM;XIRECS;9992.0;12
894600;TAKER;;ASH_COATED_OSMIUM;XIRECS;10006.0;2
894800;TAKER;;ASH_COATED_OSMIUM;XIRECS;10010.0;11
895200;;TAKER;INTARIAN_PEPPER_ROOT;XIRECS;12084.0;13
895300;TAKER;;ASH_COATED_OSMIUM;XIRECS;10006.0;4
895400;TAKER;;INTARIAN_PEPPER_ROOT;XIRECS;12097.0;3
895500;TAKER;;INTARIAN_PEPPER_ROOT;XIRECS;12095.0;6
895500;;TAKER;ASH_COATED_OSMIUM;XIRECS;9990.0;8
895700;;TAKER;INTARIAN_PEPPER_ROOT;XIRECS;12082.0;12
895900;;TAKER;ASH_COATED_OSMIUM;XIRECS;9989.0;12
896400;;TAKER;INTARIAN_PEPPER_ROOT;XIRECS;12082.0;4
896600;;TAKER;ASH_COATED_OSMIUM;XIRECS;9991.0;6
896800;TAKER;;INTARIAN_PEPPER_ROOT;XIRECS;12094.0;6
897200;TAKER;;INTARIAN_PEPPER_ROOT;XIRECS;12096.0;13
897400;TAKER;;ASH_COATED_OSMIUM;XIRECS;10014.0;10
897500;;TAKER;INTARIAN_PEPPER_ROOT;XIRECS;12082.0;2
897700;;TAKER;INTARIAN_PEPPER_ROOT;XIRECS;12080.0;8
897700;TAKER;;ASH_COATED_OSMIUM;XIRECS;10007.0;4
897800;TAKER;;ASH_COATED_OSMIUM;XIRECS;10009.0;15
897900;;TAKER;ASH_COATED_OSMIUM;XIRECS;9991.0;12
898100;TAKER;;ASH_COATED_OSMIUM;XIRECS;10011.0;13
898200;TAKER;;ASH_COATED_OSMIUM;XIRECS;10006.0;11
898300;;TAKER;ASH_COATED_OSMIUM;XIRECS;9987.0;14
898700;;TAKER;ASH_COATED_OSMIUM;XIRECS;9993.0;12
898800;TAKER;;INTARIAN_PEPPER_ROOT;XIRECS;12095.0;5
898800;TAKER;;ASH_COATED_OSMIUM;XIRECS;10008.0;8
899200;TAKER;;INTARIAN_PEPPER_ROOT;XIRECS;12096.0;12
899200;;TAKER;ASH_COATED_OSMIUM;XIRECS;9988.0;8
899600;TAKER;;INTARIAN_PEPPER_ROOT;XIRECS;12097.0;12
899600;TAKER;;ASH_COATED_OSMIUM;XIRECS;10005.0;4
899700;;TAKER;INTARIAN_PEPPER_ROOT;XIRECS;12083.0;3
899800;TAKER;;INTARIAN_PEPPER_ROOT;XIRECS;12095.0;15
899800;;TAKER;ASH_COATED_OSMIUM;XIRECS;9992.0;14
900200;;TAKER;INTARIAN_PEPPER_ROOT;XIRECS;12083.0;15
900300;;TAKER;ASH_COATED_OSMIUM;XIRECS;9988.0;11
900400;;TAKER;INTARIAN_PEPPER_ROOT;XIRECS;12082.0;7
900600;TAKER;;INTARIAN_PEPPER_ROOT;XIRECS;12097.0;7
900600;TAKER;;ASH_COATED_OSMIUM;XIRECS;10009.0;8
901000;;TAKER;INTARIAN_PEPPER_ROOT;XIRECS;12084.0;8
901300;TAKER;;ASH_COATED_OSMIUM;XIRECS;10006.0;7
901500;TAKER;;ASH_COATED_OSMIUM;XIRECS;10008.0;5
901800;;TAKER;INTARIAN_PEPPER_ROOT;XIRECS;12082.0;7
901900;TAKER;;INTARIAN_PEPPER_ROOT;XIRECS;12097.0;9
902600;TAKER;;ASH_COATED_OSMIUM;XIRECS;10009.0;7
902700;TAKER;;INTARIAN_PEPPER_ROOT;XIRECS;12097.0;4
902900;TAKER;;INTARIAN_PEPPER_ROOT;XIRECS;12096.0;14
903000;;TAKER;ASH_COATED_OSMIUM;XIRECS;9994.0;10
903100;TAKER;;INTARIAN_PEPPER_ROOT;XIRECS;12096.0;2
903100;;TAKER;ASH_COATED_OSMIUM;XIRECS;9989.0;4
903200;TAKER;;INTARIAN_PEPPER_ROOT;XIRECS;12097.0;15
903300;TAKER;;ASH_COATED_OSMIUM;XIRECS;10007.0;9
903500;TAKER;;ASH_COATED_OSMIUM;XIRECS;10010.0;12
903800;;TAKER;ASH_COATED_OSMIUM;XIRECS;9992.0;11
903900;TAKER;;ASH_COATED_OSMIUM;XIRECS;10010.0;13
904000;TAKER;;INTARIAN_PEPPER_ROOT;XIRECS;12098.0;9
904200;TAKER;;INTARIAN_PEPPER_ROOT;XIRECS;12098.0;7
904300;;TAKER;INTARIAN_PEPPER_ROOT;XIRECS;12082.0;11
904400;;TAKER;ASH_COATED_OSMIUM;XIRECS;9986.0;8
904500;TAKER;;INTARIAN_PEPPER_ROOT;XIRECS;12097.0;10
904600;;TAKER;INTARIAN_PEPPER_ROOT;XIRECS;12082.0;15
904600;;TAKER;ASH_COATED_OSMIUM;XIRECS;9993.0;14
904800;;TAKER;INTARIAN_PEPPER_ROOT;XIRECS;12084.0;14
904900;;TAKER;ASH_COATED_OSMIUM;XIRECS;9990.0;4
905000;TAKER;;ASH_COATED_OSMIUM;XIRECS;10006.0;2
905200;;TAKER;INTARIAN_PEPPER_ROOT;XIRECS;12083.0;7
905200;;TAKER;ASH_COATED_OSMIUM;XIRECS;9989.0;4
905300;TAKER;;INTARIAN_PEPPER_ROOT;XIRECS;12095.0;5
905300;;TAKER;ASH_COATED_OSMIUM;XIRECS;9992.0;9
905800;TAKER;;INTARIAN_PEPPER_ROOT;XIRECS;12098.0;10
905800;;TAKER;ASH_COATED_OSMIUM;XIRECS;9989.0;4
905900;TAKER;;INTARIAN_PEPPER_ROOT;XIRECS;12097.0;14
906000;;TAKER;INTARIAN_PEPPER_ROOT;XIRECS;12084.0;7
906100;TAKER;;INTARIAN_PEPPER_ROOT;XIRECS;12099.0;8
906200;TAKER;;ASH_COATED_OSMIUM;XIRECS;10008.0;11
906300;;TAKER;ASH_COATED_OSMIUM;XIRECS;9990.0;14
906500;TAKER;;ASH_COATED_OSMIUM;XIRECS;10007.0;10
906700;TAKER;;INTARIAN_PEPPER_ROOT;XIRECS;12095.0;15
906800;;TAKER;ASH_COATED_OSMIUM;XIRECS;9991.0;2
907200;;TAKER;INTARIAN_PEPPER_ROOT;XIRECS;12084.0;8
907200;;TAKER;ASH_COATED_OSMIUM;XIRECS;9988.0;12
907300;TAKER;;INTARIAN_PEPPER_ROOT;XIRECS;12097.0;15
907300;;TAKER;ASH_COATED_OSMIUM;XIRECS;9990.0;11
907400;;TAKER;INTARIAN_PEPPER_ROOT;XIRECS;12084.0;6
907400;;TAKER;ASH_COATED_OSMIUM;XIRECS;9991.0;8
907700;;TAKER;INTARIAN_PEPPER_ROOT;XIRECS;12083.0;5
908400;TAKER;;INTARIAN_PEPPER_ROOT;XIRECS;12099.0;7
908700;;TAKER;INTARIAN_PEPPER_ROOT;XIRECS;12083.0;15
908800;;TAKER;ASH_COATED_OSMIUM;XIRECS;9992.0;2
909100;;TAKER;ASH_COATED_OSMIUM;XIRECS;9989.0;8
909400;TAKER;;INTARIAN_PEPPER_ROOT;XIRECS;12097.0;14
909400;TAKER;;ASH_COATED_OSMIUM;XIRECS;10009.0;4
909600;;TAKER;ASH_COATED_OSMIUM;XIRECS;9991.0;6
909700;;TAKER;INTARIAN_PEPPER_ROOT;XIRECS;12083.0;11
909900;;TAKER;INTARIAN_PEPPER_ROOT;XIRECS;12085.0;11
909900;TAKER;;ASH_COATED_OSMIUM;XIRECS;10005.0;5
910000;;TAKER;ASH_COATED_OSMIUM;XIRECS;9990.0;15
910300;TAKER;;INTARIAN_PEPPER_ROOT;XIRECS;12096.0;8
910300;TAKER;;ASH_COATED_OSMIUM;XIRECS;10009.0;13
910600;;TAKER;INTARIAN_PEPPER_ROOT;XIRECS;12084.0;8
910600;;TAKER;ASH_COATED_OSMIUM;XIRECS;9989.0;6
910700;;TAKER;ASH_COATED_OSMIUM;XIRECS;9993.0;11
910800;;TAKER;ASH_COATED_OSMIUM;XIRECS;9989.0;8
911100;TAKER;;INTARIAN_PEPPER_ROOT;XIRECS;12099.0;8
911300;;TAKER;ASH_COATED_OSMIUM;XIRECS;9990.0;4
911600;TAKER;;ASH_COATED_OSMIUM;XIRECS;10009.0;2
911700;TAKER;;INTARIAN_PEPPER_ROOT;XIRECS;12099.0;14
911800;TAKER;;ASH_COATED_OSMIUM;XIRECS;10011.0;2
912200;;TAKER;ASH_COATED_OSMIUM;XIRECS;9991.0;15
912800;TAKER;;ASH_COATED_OSMIUM;XIRECS;10007.0;5
912900;TAKER;;INTARIAN_PEPPER_ROOT;XIRECS;12098.0;2
913000;;TAKER;ASH_COATED_OSMIUM;XIRECS;9989.0;9
913600;TAKER;;INTARIAN_PEPPER_ROOT;XIRECS;12098.0;2
913600;TAKER;;ASH_COATED_OSMIUM;XIRECS;10008.0;7
913700;;TAKER;ASH_COATED_OSMIUM;XIRECS;9988.0;10
913800;;TAKER;ASH_COATED_OSMIUM;XIRECS;9991.0;9
913900;;TAKER;ASH_COATED_OSMIUM;XIRECS;9992.0;5
914100;TAKER;;INTARIAN_PEPPER_ROOT;XIRECS;12098.0;3
914100;;TAKER;ASH_COATED_OSMIUM;XIRECS;9990.0;10
914200;TAKER;;ASH_COATED_OSMIUM;XIRECS;10007.0;15
914300;TAKER;;ASH_COATED_OSMIUM;XIRECS;10012.0;7
914500;;TAKER;INTARIAN_PEPPER_ROOT;XIRECS;12084.0;3
914700;;TAKER;INTARIAN_PEPPER_ROOT;XIRECS;12084.0;10
915000;;TAKER;ASH_COATED_OSMIUM;XIRECS;9988.0;3
915100;TAKER;;INTARIAN_PEPPER_ROOT;XIRECS;12101.0;4
915100;TAKER;;ASH_COATED_OSMIUM;XIRECS;10011.0;12
915200;;TAKER;ASH_COATED_OSMIUM;XIRECS;9989.0;9
915300;TAKER;;INTARIAN_PEPPER_ROOT;XIRECS;12097.0;15
915300;;TAKER;ASH_COATED_OSMIUM;XIRECS;9991.0;9
915600;TAKER;;INTARIAN_PEPPER_ROOT;XIRECS;12099.0;9
915700;;TAKER;ASH_COATED_OSMIUM;XIRECS;9989.0;11
915800;;TAKER;INTARIAN_PEPPER_ROOT;XIRECS;12086.0;8
915800;;TAKER;ASH_COATED_OSMIUM;XIRECS;9990.0;5
916100;TAKER;;INTARIAN_PEPPER_ROOT;XIRECS;12096.0;11
916100;TAKER;;ASH_COATED_OSMIUM;XIRECS;10007.0;10
916200;;TAKER;ASH_COATED_OSMIUM;XIRECS;9988.0;12
916400;TAKER;;ASH_COATED_OSMIUM;XIRECS;10010.0;10
916500;TAKER;;ASH_COATED_OSMIUM;XIRECS;10006.0;13
916600;;TAKER;ASH_COATED_OSMIUM;XIRECS;9991.0;12
916800;TAKER;;INTARIAN_PEPPER_ROOT;XIRECS;12097.0;15
916800;TAKER;;ASH_COATED_OSMIUM;XIRECS;10011.0;9
916900;TAKER;;INTARIAN_PEPPER_ROOT;XIRECS;12098.0;7
917000;TAKER;;ASH_COATED_OSMIUM;XIRECS;10008.0;9
917300;TAKER;;ASH_COATED_OSMIUM;XIRECS;10009.0;13
917500;TAKER;;INTARIAN_PEPPER_ROOT;XIRECS;12097.0;8
917600;;TAKER;ASH_COATED_OSMIUM;XIRECS;9993.0;15
917800;TAKER;;INTARIAN_PEPPER_ROOT;XIRECS;12099.0;8
917900;;TAKER;INTARIAN_PEPPER_ROOT;XIRECS;12084.0;12
918100;;TAKER;INTARIAN_PEPPER_ROOT;XIRECS;12083.0;10
918200;;TAKER;INTARIAN_PEPPER_ROOT;XIRECS;12085.0;15
918300;;TAKER;ASH_COATED_OSMIUM;XIRECS;9992.0;6
918400;TAKER;;INTARIAN_PEPPER_ROOT;XIRECS;12098.0;4
918400;;TAKER;ASH_COATED_OSMIUM;XIRECS;9992.0;5
918500;TAKER;;ASH_COATED_OSMIUM;XIRECS;10010.0;13
918800;;TAKER;ASH_COATED_OSMIUM;XIRECS;9989.0;6
918900;;TAKER;INTARIAN_PEPPER_ROOT;XIRECS;12082.0;8
918900;TAKER;;ASH_COATED_OSMIUM;XIRECS;10010.0;4
919100;TAKER;;INTARIAN_PEPPER_ROOT;XIRECS;12096.0;3
919200;TAKER;;ASH_COATED_OSMIUM;XIRECS;10007.0;3
919300;;TAKER;ASH_COATED_OSMIUM;XIRECS;9993.0;2
919400;TAKER;;INTARIAN_PEPPER_ROOT;XIRECS;12098.0;9
919400;TAKER;;ASH_COATED_OSMIUM;XIRECS;10008.0;12
919600;;TAKER;ASH_COATED_OSMIUM;XIRECS;9995.0;7
919700;TAKER;;ASH_COATED_OSMIUM;XIRECS;10012.0;13
919800;;TAKER;ASH_COATED_OSMIUM;XIRECS;9991.0;5
919900;TAKER;;ASH_COATED_OSMIUM;XIRECS;10007.0;4
920000;TAKER;;INTARIAN_PEPPER_ROOT;XIRECS;12099.0;2
920100;;TAKER;INTARIAN_PEPPER_ROOT;XIRECS;12084.0;10
920100;TAKER;;ASH_COATED_OSMIUM;XIRECS;10006.0;3
920200;;TAKER;INTARIAN_PEPPER_ROOT;XIRECS;12084.0;8
920200;TAKER;;ASH_COATED_OSMIUM;XIRECS;10006.0;13
920300;TAKER;;ASH_COATED_OSMIUM;XIRECS;10009.0;8
920400;;TAKER;INTARIAN_PEPPER_ROOT;XIRECS;12087.0;14
920800;;TAKER;ASH_COATED_OSMIUM;XIRECS;9992.0;7
920900;TAKER;;INTARIAN_PEPPER_ROOT;XIRECS;12098.0;4
921100;TAKER;;ASH_COATED_OSMIUM;XIRECS;10008.0;14
921600;TAKER;;INTARIAN_PEPPER_ROOT;XIRECS;12099.0;12
921600;TAKER;;ASH_COATED_OSMIUM;XIRECS;10009.0;12
921800;;TAKER;ASH_COATED_OSMIUM;XIRECS;9990.0;2
921900;TAKER;;ASH_COATED_OSMIUM;XIRECS;10006.0;9
922600;TAKER;;INTARIAN_PEPPER_ROOT;XIRECS;12098.0;2
922800;TAKER;;INTARIAN_PEPPER_ROOT;XIRECS;12098.0;8
923100;TAKER;;ASH_COATED_OSMIUM;XIRECS;10008.0;2
923400;;TAKER;INTARIAN_PEPPER_ROOT;XIRECS;12085.0;3
923600;TAKER;;INTARIAN_PEPPER_ROOT;XIRECS;12098.0;4
923900;TAKER;;INTARIAN_PEPPER_ROOT;XIRECS;12098.0;12
924300;;TAKER;ASH_COATED_OSMIUM;XIRECS;9991.0;7
924400;TAKER;;ASH_COATED_OSMIUM;XIRECS;10009.0;6
924500;;TAKER;INTARIAN_PEPPER_ROOT;XIRECS;12085.0;4
924800;;TAKER;INTARIAN_PEPPER_ROOT;XIRECS;12087.0;4
924800;;TAKER;ASH_COATED_OSMIUM;XIRECS;9987.0;4
924900;TAKER;;ASH_COATED_OSMIUM;XIRECS;10011.0;8
925000;TAKER;;INTARIAN_PEPPER_ROOT;XIRECS;12099.0;11
925000;;TAKER;ASH_COATED_OSMIUM;XIRECS;9990.0;11
925200;TAKER;;INTARIAN_PEPPER_ROOT;XIRECS;12100.0;11
925500;TAKER;;INTARIAN_PEPPER_ROOT;XIRECS;12100.0;15
925500;TAKER;;ASH_COATED_OSMIUM;XIRECS;10011.0;10
925600;;TAKER;ASH_COATED_OSMIUM;XIRECS;9993.0;15
925900;;TAKER;INTARIAN_PEPPER_ROOT;XIRECS;12085.0;2
926200;TAKER;;INTARIAN_PEPPER_ROOT;XIRECS;12098.0;8
926700;TAKER;;ASH_COATED_OSMIUM;XIRECS;10006.0;12
926900;TAKER;;INTARIAN_PEPPER_ROOT;XIRECS;12099.0;11
927200;TAKER;;INTARIAN_PEPPER_ROOT;XIRECS;12098.0;4
927200;;TAKER;ASH_COATED_OSMIUM;XIRECS;9990.0;4
927300;;TAKER;ASH_COATED_OSMIUM;XIRECS;9991.0;11
927400;TAKER;;INTARIAN_PEPPER_ROOT;XIRECS;12100.0;10
927700;TAKER;;INTARIAN_PEPPER_ROOT;XIRECS;12097.0;3
927800;;TAKER;INTARIAN_PEPPER_ROOT;XIRECS;12085.0;2
927900;;TAKER;INTARIAN_PEPPER_ROOT;XIRECS;12086.0;8
927900;TAKER;;ASH_COATED_OSMIUM;XIRECS;10008.0;4
928100;TAKER;;INTARIAN_PEPPER_ROOT;XIRECS;12101.0;7
928200;TAKER;;INTARIAN_PEPPER_ROOT;XIRECS;12097.0;8
928300;;TAKER;ASH_COATED_OSMIUM;XIRECS;9992.0;12
928600;;TAKER;INTARIAN_PEPPER_ROOT;XIRECS;12086.0;9
928600;TAKER;;ASH_COATED_OSMIUM;XIRECS;10008.0;3
928700;;TAKER;INTARIAN_PEPPER_ROOT;XIRECS;12085.0;2
928800;;TAKER;INTARIAN_PEPPER_ROOT;XIRECS;12085.0;12
929000;;TAKER;ASH_COATED_OSMIUM;XIRECS;9992.0;13
929200;TAKER;;ASH_COATED_OSMIUM;XIRECS;10008.0;4
929600;TAKER;;INTARIAN_PEPPER_ROOT;XIRECS;12098.0;11
930300;;TAKER;ASH_COATED_OSMIUM;XIRECS;9992.0;5
930500;;TAKER;INTARIAN_PEPPER_ROOT;XIRECS;12084.0;15
930700;;TAKER;INTARIAN_PEPPER_ROOT;XIRECS;12086.0;7
930700;TAKER;;ASH_COATED_OSMIUM;XIRECS;10012.0;9
930800;TAKER;;INTARIAN_PEPPER_ROOT;XIRECS;12098.0;13
931000;;TAKER;ASH_COATED_OSMIUM;XIRECS;9991.0;2
931300;TAKER;;INTARIAN_PEPPER_ROOT;XIRECS;12099.0;8
931400;;TAKER;ASH_COATED_OSMIUM;XIRECS;9989.0;6
931600;TAKER;;ASH_COATED_OSMIUM;XIRECS;10009.0;7
931700;;TAKER;ASH_COATED_OSMIUM;XIRECS;9989.0;4
931800;TAKER;;ASH_COATED_OSMIUM;XIRECS;10005.0;13
931900;;TAKER;INTARIAN_PEPPER_ROOT;XIRECS;12085.0;14
931900;TAKER;;ASH_COATED_OSMIUM;XIRECS;10008.0;10
932200;TAKER;;INTARIAN_PEPPER_ROOT;XIRECS;12102.0;13
932200;TAKER;;ASH_COATED_OSMIUM;XIRECS;10008.0;3
932300;;TAKER;INTARIAN_PEPPER_ROOT;XIRECS;12085.0;12
932400;;TAKER;INTARIAN_PEPPER_ROOT;XIRECS;12087.0;13
932400;TAKER;;ASH_COATED_OSMIUM;XIRECS;10010.0;12
932800;;TAKER;ASH_COATED_OSMIUM;XIRECS;9990.0;5
932900;;TAKER;INTARIAN_PEPPER_ROOT;XIRECS;12085.0;5
933000;;TAKER;ASH_COATED_OSMIUM;XIRECS;9989.0;5
933400;;TAKER;INTARIAN_PEPPER_ROOT;XIRECS;12085.0;11
933400;;TAKER;ASH_COATED_OSMIUM;XIRECS;9989.0;9
933500;TAKER;;INTARIAN_PEPPER_ROOT;XIRECS;12100.0;12
933800;;TAKER;ASH_COATED_OSMIUM;XIRECS;9993.0;9
933900;TAKER;;ASH_COATED_OSMIUM;XIRECS;10006.0;4
934000;TAKER;;INTARIAN_PEPPER_ROOT;XIRECS;12100.0;13
934200;TAKER;;ASH_COATED_OSMIUM;XIRECS;10011.0;4
934300;;TAKER;ASH_COATED_OSMIUM;XIRECS;9991.0;7
934400;;TAKER;INTARIAN_PEPPER_ROOT;XIRECS;12086.0;15
934400;TAKER;;ASH_COATED_OSMIUM;XIRECS;10007.0;12
934500;;TAKER;INTARIAN_PEPPER_ROOT;XIRECS;12087.0;5
934600;TAKER;;ASH_COATED_OSMIUM;XIRECS;10012.0;12
935500;TAKER;;ASH_COATED_OSMIUM;XIRECS;10012.0;12
935600;TAKER;;ASH_COATED_OSMIUM;XIRECS;10011.0;14
936000;;TAKER;ASH_COATED_OSMIUM;XIRECS;9991.0;10
936100;TAKER;;ASH_COATED_OSMIUM;XIRECS;10008.0;10
936200;;TAKER;INTARIAN_PEPPER_ROOT;XIRECS;12086.0;11
936200;TAKER;;ASH_COATED_OSMIUM;XIRECS;10011.0;9
936600;;TAKER;INTARIAN_PEPPER_ROOT;XIRECS;12087.0;15
936800;TAKER;;ASH_COATED_OSMIUM;XIRECS;10007.0;11
936900;;TAKER;ASH_COATED_OSMIUM;XIRECS;9990.0;3
937000;;TAKER;INTARIAN_PEPPER_ROOT;XIRECS;12085.0;2
937400;TAKER;;ASH_COATED_OSMIUM;XIRECS;10007.0;3
937600;TAKER;;INTARIAN_PEPPER_ROOT;XIRECS;12101.0;11
937800;;TAKER;ASH_COATED_OSMIUM;XIRECS;9992.0;15
938000;;TAKER;ASH_COATED_OSMIUM;XIRECS;9989.0;6
938200;TAKER;;ASH_COATED_OSMIUM;XIRECS;10008.0;2
938400;;TAKER;INTARIAN_PEPPER_ROOT;XIRECS;12087.0;3
938500;TAKER;;ASH_COATED_OSMIUM;XIRECS;10008.0;12
938600;;TAKER;INTARIAN_PEPPER_ROOT;XIRECS;12086.0;9
938800;;TAKER;ASH_COATED_OSMIUM;XIRECS;9990.0;9
938900;;TAKER;INTARIAN_PEPPER_ROOT;XIRECS;12086.0;13
939000;;TAKER;INTARIAN_PEPPER_ROOT;XIRECS;12086.0;15
939300;TAKER;;ASH_COATED_OSMIUM;XIRECS;10005.0;2
939700;;TAKER;ASH_COATED_OSMIUM;XIRECS;9992.0;7
939900;TAKER;;ASH_COATED_OSMIUM;XIRECS;10007.0;8
940200;;TAKER;ASH_COATED_OSMIUM;XIRECS;9990.0;10
940300;;TAKER;ASH_COATED_OSMIUM;XIRECS;9989.0;8
940500;TAKER;;ASH_COATED_OSMIUM;XIRECS;10007.0;11
940600;;TAKER;INTARIAN_PEPPER_ROOT;XIRECS;12087.0;7
940700;TAKER;;INTARIAN_PEPPER_ROOT;XIRECS;12099.0;12
941100;TAKER;;ASH_COATED_OSMIUM;XIRECS;10010.0;4
941400;;TAKER;ASH_COATED_OSMIUM;XIRECS;9996.0;11
941500;;TAKER;INTARIAN_PEPPER_ROOT;XIRECS;12087.0;12
941600;TAKER;;INTARIAN_PEPPER_ROOT;XIRECS;12100.0;4
941900;TAKER;;INTARIAN_PEPPER_ROOT;XIRECS;12098.0;11
941900;TAKER;;ASH_COATED_OSMIUM;XIRECS;10007.0;9
942000;TAKER;;INTARIAN_PEPPER_ROOT;XIRECS;12101.0;6
942100;;TAKER;ASH_COATED_OSMIUM;XIRECS;9993.0;5
942200;TAKER;;INTARIAN_PEPPER_ROOT;XIRECS;12100.0;9
942400;TAKER;;ASH_COATED_OSMIUM;XIRECS;10008.0;6
942600;TAKER;;INTARIAN_PEPPER_ROOT;XIRECS;12099.0;2
942700;TAKER;;INTARIAN_PEPPER_ROOT;XIRECS;12101.0;8
943300;;TAKER;ASH_COATED_OSMIUM;XIRECS;9989.0;3
943500;;TAKER;INTARIAN_PEPPER_ROOT;XIRECS;12086.0;13
943600;;TAKER;ASH_COATED_OSMIUM;XIRECS;9990.0;5
943700;TAKER;;ASH_COATED_OSMIUM;XIRECS;10007.0;2
944000;;TAKER;INTARIAN_PEPPER_ROOT;XIRECS;12087.0;4
944400;;TAKER;INTARIAN_PEPPER_ROOT;XIRECS;12087.0;14
944400;TAKER;;ASH_COATED_OSMIUM;XIRECS;10006.0;10
944500;TAKER;;INTARIAN_PEPPER_ROOT;XIRECS;12101.0;8
944600;TAKER;;ASH_COATED_OSMIUM;XIRECS;10010.0;9
944800;;TAKER;ASH_COATED_OSMIUM;XIRECS;9988.0;9
944900;TAKER;;INTARIAN_PEPPER_ROOT;XIRECS;12101.0;10
945000;TAKER;;INTARIAN_PEPPER_ROOT;XIRECS;12100.0;8
945100;;TAKER;INTARIAN_PEPPER_ROOT;XIRECS;12089.0;7
945200;;TAKER;INTARIAN_PEPPER_ROOT;XIRECS;12085.0;7
945300;TAKER;;ASH_COATED_OSMIUM;XIRECS;10010.0;2
945500;TAKER;;INTARIAN_PEPPER_ROOT;XIRECS;12102.0;3
945600;;TAKER;INTARIAN_PEPPER_ROOT;XIRECS;12087.0;8
945900;;TAKER;ASH_COATED_OSMIUM;XIRECS;9990.0;9
946100;TAKER;;ASH_COATED_OSMIUM;XIRECS;10009.0;7
946300;TAKER;;INTARIAN_PEPPER_ROOT;XIRECS;12101.0;9
946500;TAKER;;INTARIAN_PEPPER_ROOT;XIRECS;12101.0;4
946700;;TAKER;ASH_COATED_OSMIUM;XIRECS;9991.0;8
946800;TAKER;;ASH_COATED_OSMIUM;XIRECS;10009.0;13
947300;TAKER;;INTARIAN_PEPPER_ROOT;XIRECS;12102.0;6
947300;TAKER;;ASH_COATED_OSMIUM;XIRECS;10008.0;15
947500;TAKER;;ASH_COATED_OSMIUM;XIRECS;10009.0;4
947600;;TAKER;INTARIAN_PEPPER_ROOT;XIRECS;12087.0;4
947700;TAKER;;ASH_COATED_OSMIUM;XIRECS;10005.0;9
947800;;TAKER;ASH_COATED_OSMIUM;XIRECS;9987.0;9
948300;TAKER;;ASH_COATED_OSMIUM;XIRECS;10009.0;5
948600;;TAKER;ASH_COATED_OSMIUM;XIRECS;9989.0;8
948900;TAKER;;ASH_COATED_OSMIUM;XIRECS;10006.0;9
949100;TAKER;;ASH_COATED_OSMIUM;XIRECS;10004.0;9
949200;;TAKER;INTARIAN_PEPPER_ROOT;XIRECS;12087.0;9
949200;;TAKER;ASH_COATED_OSMIUM;XIRECS;9986.0;14
949300;TAKER;;INTARIAN_PEPPER_ROOT;XIRECS;12102.0;3
949600;;TAKER;INTARIAN_PEPPER_ROOT;XIRECS;12088.0;13
949600;;TAKER;ASH_COATED_OSMIUM;XIRECS;9991.0;9
949700;;TAKER;INTARIAN_PEPPER_ROOT;XIRECS;12088.0;4
949800;TAKER;;INTARIAN_PEPPER_ROOT;XIRECS;12101.0;11
950000;TAKER;;INTARIAN_PEPPER_ROOT;XIRECS;12103.0;9
950100;TAKER;;INTARIAN_PEPPER_ROOT;XIRECS;12101.0;8
950400;TAKER;;INTARIAN_PEPPER_ROOT;XIRECS;12102.0;3
950900;;TAKER;INTARIAN_PEPPER_ROOT;XIRECS;12087.0;5
951000;TAKER;;INTARIAN_PEPPER_ROOT;XIRECS;12101.0;10
951200;;TAKER;ASH_COATED_OSMIUM;XIRECS;9989.0;5
951300;TAKER;;ASH_COATED_OSMIUM;XIRECS;10007.0;8
951500;TAKER;;ASH_COATED_OSMIUM;XIRECS;10006.0;2
951600;;TAKER;INTARIAN_PEPPER_ROOT;XIRECS;12087.0;4
951900;TAKER;;INTARIAN_PEPPER_ROOT;XIRECS;12102.0;8
951900;;TAKER;ASH_COATED_OSMIUM;XIRECS;9991.0;9
952000;TAKER;;INTARIAN_PEPPER_ROOT;XIRECS;12101.0;11
952000;TAKER;;ASH_COATED_OSMIUM;XIRECS;10007.0;4
952200;TAKER;;INTARIAN_PEPPER_ROOT;XIRECS;12099.0;12
952400;TAKER;;INTARIAN_PEPPER_ROOT;XIRECS;12101.0;2
952500;;TAKER;INTARIAN_PEPPER_ROOT;XIRECS;12088.0;2
952500;TAKER;;ASH_COATED_OSMIUM;XIRECS;10008.0;4
953000;TAKER;;ASH_COATED_OSMIUM;XIRECS;10012.0;10
953100;;TAKER;ASH_COATED_OSMIUM;XIRECS;9987.0;10
953300;;TAKER;INTARIAN_PEPPER_ROOT;XIRECS;12088.0;8
953300;TAKER;;ASH_COATED_OSMIUM;XIRECS;10009.0;7
953500;;TAKER;INTARIAN_PEPPER_ROOT;XIRECS;12088.0;3
953700;;TAKER;ASH_COATED_OSMIUM;XIRECS;9987.0;8
954000;;TAKER;INTARIAN_PEPPER_ROOT;XIRECS;12086.0;3
954300;;TAKER;INTARIAN_PEPPER_ROOT;XIRECS;12090.0;3
954500;;TAKER;INTARIAN_PEPPER_ROOT;XIRECS;12088.0;7
954600;;TAKER;INTARIAN_PEPPER_ROOT;XIRECS;12089.0;12
954700;TAKER;;INTARIAN_PEPPER_ROOT;XIRECS;12101.0;12
954700;TAKER;;ASH_COATED_OSMIUM;XIRECS;10007.0;5
954800;TAKER;;INTARIAN_PEPPER_ROOT;XIRECS;12103.0;7
954800;TAKER;;ASH_COATED_OSMIUM;XIRECS;10006.0;5
954900;;TAKER;INTARIAN_PEPPER_ROOT;XIRECS;12086.0;15
954900;;TAKER;ASH_COATED_OSMIUM;XIRECS;9988.0;8
955100;;TAKER;INTARIAN_PEPPER_ROOT;XIRECS;12088.0;3
955200;;TAKER;INTARIAN_PEPPER_ROOT;XIRECS;12086.0;10
955800;;TAKER;INTARIAN_PEPPER_ROOT;XIRECS;12086.0;14
955900;TAKER;;INTARIAN_PEPPER_ROOT;XIRECS;12102.0;8
955900;;TAKER;ASH_COATED_OSMIUM;XIRECS;9990.0;14
956000;;TAKER;ASH_COATED_OSMIUM;XIRECS;9989.0;3
956100;TAKER;;INTARIAN_PEPPER_ROOT;XIRECS;12103.0;9
956200;TAKER;;INTARIAN_PEPPER_ROOT;XIRECS;12103.0;2
956800;;TAKER;ASH_COATED_OSMIUM;XIRECS;9991.0;15
956900;;TAKER;INTARIAN_PEPPER_ROOT;XIRECS;12090.0;8
957000;;TAKER;INTARIAN_PEPPER_ROOT;XIRECS;12087.0;13
957100;;TAKER;INTARIAN_PEPPER_ROOT;XIRECS;12091.0;2
957200;;TAKER;ASH_COATED_OSMIUM;XIRECS;9989.0;4
957300;;TAKER;ASH_COATED_OSMIUM;XIRECS;9992.0;2
957400;;TAKER;INTARIAN_PEPPER_ROOT;XIRECS;12087.0;15
957800;;TAKER;INTARIAN_PEPPER_ROOT;XIRECS;12087.0;9
957900;TAKER;;ASH_COATED_OSMIUM;XIRECS;10012.0;12
958000;TAKER;;ASH_COATED_OSMIUM;XIRECS;10012.0;9
958200;TAKER;;ASH_COATED_OSMIUM;XIRECS;10013.0;15
958300;;TAKER;ASH_COATED_OSMIUM;XIRECS;9993.0;13
958400;TAKER;;INTARIAN_PEPPER_ROOT;XIRECS;12101.0;4
958500;TAKER;;ASH_COATED_OSMIUM;XIRECS;10013.0;6
958700;;TAKER;INTARIAN_PEPPER_ROOT;XIRECS;12089.0;13
958800;;TAKER;INTARIAN_PEPPER_ROOT;XIRECS;12088.0;10
958900;;TAKER;INTARIAN_PEPPER_ROOT;XIRECS;12089.0;3
958900;;TAKER;ASH_COATED_OSMIUM;XIRECS;9994.0;3
959200;TAKER;;INTARIAN_PEPPER_ROOT;XIRECS;12101.0;14
959700;TAKER;;INTARIAN_PEPPER_ROOT;XIRECS;12102.0;13
959700;TAKER;;ASH_COATED_OSMIUM;XIRECS;10011.0;7
960100;TAKER;;ASH_COATED_OSMIUM;XIRECS;10013.0;2
960400;TAKER;;INTARIAN_PEPPER_ROOT;XIRECS;12103.0;13
960500;;TAKER;ASH_COATED_OSMIUM;XIRECS;9994.0;2
960600;TAKER;;INTARIAN_PEPPER_ROOT;XIRECS;12100.0;11
960800;;TAKER;INTARIAN_PEPPER_ROOT;XIRECS;12089.0;9
961700;TAKER;;ASH_COATED_OSMIUM;XIRECS;10010.0;8
962100;;TAKER;INTARIAN_PEPPER_ROOT;XIRECS;12090.0;3
962200;TAKER;;ASH_COATED_OSMIUM;XIRECS;10007.0;6
962300;TAKER;;INTARIAN_PEPPER_ROOT;XIRECS;12103.0;10
962300;TAKER;;ASH_COATED_OSMIUM;XIRECS;10008.0;6
962400;;TAKER;INTARIAN_PEPPER_ROOT;XIRECS;12089.0;12
962600;TAKER;;INTARIAN_PEPPER_ROOT;XIRECS;12102.0;4
963000;TAKER;;ASH_COATED_OSMIUM;XIRECS;10005.0;15
963100;TAKER;;INTARIAN_PEPPER_ROOT;XIRECS;12102.0;15
963200;;TAKER;INTARIAN_PEPPER_ROOT;XIRECS;12089.0;13
963200;TAKER;;ASH_COATED_OSMIUM;XIRECS;10009.0;2
963600;TAKER;;INTARIAN_PEPPER_ROOT;XIRECS;12103.0;7
963800;TAKER;;ASH_COATED_OSMIUM;XIRECS;10008.0;3
964000;TAKER;;ASH_COATED_OSMIUM;XIRECS;10007.0;13
964200;;TAKER;INTARIAN_PEPPER_ROOT;XIRECS;12089.0;4
964200;;TAKER;ASH_COATED_OSMIUM;XIRECS;9990.0;2
964800;TAKER;;ASH_COATED_OSMIUM;XIRECS;10004.0;9
965000;;TAKER;INTARIAN_PEPPER_ROOT;XIRECS;12088.0;6
965200;TAKER;;INTARIAN_PEPPER_ROOT;XIRECS;12103.0;8
965900;;TAKER;INTARIAN_PEPPER_ROOT;XIRECS;12090.0;9
966100;;TAKER;INTARIAN_PEPPER_ROOT;XIRECS;12089.0;5
966100;;TAKER;ASH_COATED_OSMIUM;XIRECS;9992.0;6
966200;TAKER;;INTARIAN_PEPPER_ROOT;XIRECS;12103.0;2
966200;TAKER;;ASH_COATED_OSMIUM;XIRECS;10009.0;2
966400;;TAKER;ASH_COATED_OSMIUM;XIRECS;9993.0;11
966500;;TAKER;INTARIAN_PEPPER_ROOT;XIRECS;12090.0;11
966500;;TAKER;ASH_COATED_OSMIUM;XIRECS;9990.0;10
966600;;TAKER;ASH_COATED_OSMIUM;XIRECS;9992.0;9
966700;TAKER;;ASH_COATED_OSMIUM;XIRECS;10005.0;10
966900;TAKER;;INTARIAN_PEPPER_ROOT;XIRECS;12104.0;5
967400;TAKER;;ASH_COATED_OSMIUM;XIRECS;10011.0;8
967900;;TAKER;ASH_COATED_OSMIUM;XIRECS;9989.0;15
968200;TAKER;;INTARIAN_PEPPER_ROOT;XIRECS;12103.0;3
968200;;TAKER;ASH_COATED_OSMIUM;XIRECS;9991.0;10
968300;TAKER;;INTARIAN_PEPPER_ROOT;XIRECS;12102.0;3
968400;;TAKER;ASH_COATED_OSMIUM;XIRECS;9990.0;13
968700;;TAKER;ASH_COATED_OSMIUM;XIRECS;9990.0;6
968800;;TAKER;ASH_COATED_OSMIUM;XIRECS;9991.0;9
968900;TAKER;;ASH_COATED_OSMIUM;XIRECS;10008.0;4
969100;;TAKER;INTARIAN_PEPPER_ROOT;XIRECS;12090.0;3
969200;;TAKER;INTARIAN_PEPPER_ROOT;XIRECS;12088.0;9
969200;;TAKER;ASH_COATED_OSMIUM;XIRECS;9988.0;7
969400;TAKER;;ASH_COATED_OSMIUM;XIRECS;10010.0;2
970100;TAKER;;INTARIAN_PEPPER_ROOT;XIRECS;12103.0;14
970100;;TAKER;ASH_COATED_OSMIUM;XIRECS;9989.0;8
970200;;TAKER;INTARIAN_PEPPER_ROOT;XIRECS;12088.0;8
970300;;TAKER;ASH_COATED_OSMIUM;XIRECS;9991.0;12
970600;;TAKER;INTARIAN_PEPPER_ROOT;XIRECS;12089.0;8
970800;TAKER;;INTARIAN_PEPPER_ROOT;XIRECS;12104.0;9
971100;;TAKER;INTARIAN_PEPPER_ROOT;XIRECS;12091.0;15
971200;TAKER;;ASH_COATED_OSMIUM;XIRECS;10011.0;12
971300;TAKER;;ASH_COATED_OSMIUM;XIRECS;10007.0;11
971500;TAKER;;ASH_COATED_OSMIUM;XIRECS;10006.0;9
971600;TAKER;;ASH_COATED_OSMIUM;XIRECS;10007.0;8
971700;;TAKER;INTARIAN_PEPPER_ROOT;XIRECS;12089.0;11
971800;TAKER;;INTARIAN_PEPPER_ROOT;XIRECS;12105.0;11
971800;;TAKER;ASH_COATED_OSMIUM;XIRECS;9990.0;4
972200;;TAKER;ASH_COATED_OSMIUM;XIRECS;9992.0;12
972800;TAKER;;INTARIAN_PEPPER_ROOT;XIRECS;12103.0;6
972900;TAKER;;INTARIAN_PEPPER_ROOT;XIRECS;12103.0;2
972900;TAKER;;ASH_COATED_OSMIUM;XIRECS;10008.0;8
973000;;TAKER;INTARIAN_PEPPER_ROOT;XIRECS;12091.0;10
973100;;TAKER;INTARIAN_PEPPER_ROOT;XIRECS;12090.0;10
973100;;TAKER;ASH_COATED_OSMIUM;XIRECS;9990.0;2
973200;;TAKER;ASH_COATED_OSMIUM;XIRECS;9989.0;9
973300;;TAKER;INTARIAN_PEPPER_ROOT;XIRECS;12089.0;8
973500;TAKER;;INTARIAN_PEPPER_ROOT;XIRECS;12104.0;2
973600;;TAKER;ASH_COATED_OSMIUM;XIRECS;9993.0;6
973700;TAKER;;ASH_COATED_OSMIUM;XIRECS;10007.0;13
973900;TAKER;;INTARIAN_PEPPER_ROOT;XIRECS;12105.0;10
974200;;TAKER;ASH_COATED_OSMIUM;XIRECS;9987.0;10
974300;TAKER;;ASH_COATED_OSMIUM;XIRECS;10008.0;6
974500;TAKER;;INTARIAN_PEPPER_ROOT;XIRECS;12105.0;2
974600;;TAKER;INTARIAN_PEPPER_ROOT;XIRECS;12092.0;8
974600;;TAKER;ASH_COATED_OSMIUM;XIRECS;9991.0;13
974700;TAKER;;ASH_COATED_OSMIUM;XIRECS;10008.0;4
974900;TAKER;;INTARIAN_PEPPER_ROOT;XIRECS;12106.0;12
975100;TAKER;;ASH_COATED_OSMIUM;XIRECS;10010.0;6
975400;TAKER;;ASH_COATED_OSMIUM;XIRECS;10012.0;12
975500;TAKER;;ASH_COATED_OSMIUM;XIRECS;10010.0;9
975700;;TAKER;INTARIAN_PEPPER_ROOT;XIRECS;12090.0;13
975900;TAKER;;ASH_COATED_OSMIUM;XIRECS;10013.0;13
976400;TAKER;;ASH_COATED_OSMIUM;XIRECS;10010.0;10
976500;;TAKER;ASH_COATED_OSMIUM;XIRECS;9989.0;11
976600;;TAKER;ASH_COATED_OSMIUM;XIRECS;9989.0;2
976900;TAKER;;ASH_COATED_OSMIUM;XIRECS;10010.0;10
977600;;TAKER;INTARIAN_PEPPER_ROOT;XIRECS;12091.0;9
977700;;TAKER;ASH_COATED_OSMIUM;XIRECS;9991.0;10
977900;;TAKER;INTARIAN_PEPPER_ROOT;XIRECS;12091.0;5
978000;;TAKER;INTARIAN_PEPPER_ROOT;XIRECS;12091.0;10
978000;;TAKER;ASH_COATED_OSMIUM;XIRECS;9994.0;3
978100;TAKER;;ASH_COATED_OSMIUM;XIRECS;10010.0;14
978300;;TAKER;INTARIAN_PEPPER_ROOT;XIRECS;12090.0;12
978400;;TAKER;INTARIAN_PEPPER_ROOT;XIRECS;12094.0;2
978600;;TAKER;INTARIAN_PEPPER_ROOT;XIRECS;12091.0;13
978600;TAKER;;ASH_COATED_OSMIUM;XIRECS;10004.0;6
978800;TAKER;;INTARIAN_PEPPER_ROOT;XIRECS;12104.0;7
978900;TAKER;;ASH_COATED_OSMIUM;XIRECS;10004.0;14
979100;;TAKER;ASH_COATED_OSMIUM;XIRECS;9990.0;14
979300;;TAKER;INTARIAN_PEPPER_ROOT;XIRECS;12090.0;5
979500;TAKER;;INTARIAN_PEPPER_ROOT;XIRECS;12103.0;13
979600;;TAKER;ASH_COATED_OSMIUM;XIRECS;9990.0;11
979700;;TAKER;INTARIAN_PEPPER_ROOT;XIRECS;12091.0;9
979900;;TAKER;INTARIAN_PEPPER_ROOT;XIRECS;12091.0;4
979900;;TAKER;ASH_COATED_OSMIUM;XIRECS;9991.0;14
980100;TAKER;;INTARIAN_PEPPER_ROOT;XIRECS;12105.0;12
980100;;TAKER;ASH_COATED_OSMIUM;XIRECS;9989.0;13
980200;;TAKER;ASH_COATED_OSMIUM;XIRECS;9992.0;11
980300;TAKER;;ASH_COATED_OSMIUM;XIRECS;10007.0;14
980500;TAKER;;INTARIAN_PEPPER_ROOT;XIRECS;12107.0;4
980600;;TAKER;ASH_COATED_OSMIUM;XIRECS;9990.0;14
980800;TAKER;;ASH_COATED_OSMIUM;XIRECS;10007.0;8
980900;;TAKER;ASH_COATED_OSMIUM;XIRECS;9991.0;8
981200;;TAKER;ASH_COATED_OSMIUM;XIRECS;9991.0;10
981300;;TAKER;ASH_COATED_OSMIUM;XIRECS;9991.0;3
981400;TAKER;;ASH_COATED_OSMIUM;XIRECS;10004.0;2
981500;;TAKER;INTARIAN_PEPPER_ROOT;XIRECS;12092.0;8
981600;TAKER;;ASH_COATED_OSMIUM;XIRECS;10009.0;6
981700;TAKER;;ASH_COATED_OSMIUM;XIRECS;10012.0;15
982000;TAKER;;ASH_COATED_OSMIUM;XIRECS;10007.0;6
982100;;TAKER;INTARIAN_PEPPER_ROOT;XIRECS;12092.0;6
982400;;TAKER;INTARIAN_PEPPER_ROOT;XIRECS;12092.0;12
982400;TAKER;;ASH_COATED_OSMIUM;XIRECS;10008.0;6
982700;TAKER;;ASH_COATED_OSMIUM;XIRECS;10009.0;10
982800;;TAKER;INTARIAN_PEPPER_ROOT;XIRECS;12091.0;10
983200;TAKER;;INTARIAN_PEPPER_ROOT;XIRECS;12104.0;2
983500;TAKER;;INTARIAN_PEPPER_ROOT;XIRECS;12105.0;5
983600;TAKER;;ASH_COATED_OSMIUM;XIRECS;10011.0;2
983700;TAKER;;INTARIAN_PEPPER_ROOT;XIRECS;12105.0;4
984000;TAKER;;INTARIAN_PEPPER_ROOT;XIRECS;12106.0;15
984100;TAKER;;ASH_COATED_OSMIUM;XIRECS;10012.0;6
984900;TAKER;;INTARIAN_PEPPER_ROOT;XIRECS;12103.0;8
985000;TAKER;;INTARIAN_PEPPER_ROOT;XIRECS;12105.0;7
985100;TAKER;;INTARIAN_PEPPER_ROOT;XIRECS;12103.0;10
985400;TAKER;;ASH_COATED_OSMIUM;XIRECS;10008.0;14
985600;;TAKER;ASH_COATED_OSMIUM;XIRECS;9990.0;10
985900;;TAKER;ASH_COATED_OSMIUM;XIRECS;9991.0;9
986100;;TAKER;INTARIAN_PEPPER_ROOT;XIRECS;12090.0;6
986400;TAKER;;ASH_COATED_OSMIUM;XIRECS;10010.0;11
986600;TAKER;;ASH_COATED_OSMIUM;XIRECS;10006.0;6
986900;;TAKER;ASH_COATED_OSMIUM;XIRECS;9990.0;14
987200;;TAKER;ASH_COATED_OSMIUM;XIRECS;9990.0;4
988100;;TAKER;ASH_COATED_OSMIUM;XIRECS;9993.0;11
988200;;TAKER;ASH_COATED_OSMIUM;XIRECS;9990.0;11
988400;TAKER;;INTARIAN_PEPPER_ROOT;XIRECS;12107.0;2
988800;TAKER;;INTARIAN_PEPPER_ROOT;XIRECS;12106.0;6
988900;TAKER;;ASH_COATED_OSMIUM;XIRECS;10009.0;15
989400;;TAKER;INTARIAN_PEPPER_ROOT;XIRECS;12092.0;8
989400;;TAKER;ASH_COATED_OSMIUM;XIRECS;9993.0;10
989700;;TAKER;INTARIAN_PEPPER_ROOT;XIRECS;12092.0;12
989700;;TAKER;ASH_COATED_OSMIUM;XIRECS;9996.0;6
989800;;TAKER;ASH_COATED_OSMIUM;XIRECS;9993.0;12
990000;;TAKER;INTARIAN_PEPPER_ROOT;XIRECS;12090.0;14
990000;;TAKER;ASH_COATED_OSMIUM;XIRECS;9990.0;7
990400;;TAKER;ASH_COATED_OSMIUM;XIRECS;9991.0;3
990600;TAKER;;INTARIAN_PEPPER_ROOT;XIRECS;12104.0;5
990800;;TAKER;ASH_COATED_OSMIUM;XIRECS;9991.0;9
991000;;TAKER;ASH_COATED_OSMIUM;XIRECS;9992.0;7
991100;;TAKER;ASH_COATED_OSMIUM;XIRECS;9990.0;13
991200;;TAKER;INTARIAN_PEPPER_ROOT;XIRECS;12093.0;3
991300;;TAKER;INTARIAN_PEPPER_ROOT;XIRECS;12091.0;2
992400;;TAKER;ASH_COATED_OSMIUM;XIRECS;9991.0;15
992500;;TAKER;INTARIAN_PEPPER_ROOT;XIRECS;12094.0;7
992700;;TAKER;ASH_COATED_OSMIUM;XIRECS;9992.0;4
992800;TAKER;;ASH_COATED_OSMIUM;XIRECS;10011.0;13
993100;;TAKER;INTARIAN_PEPPER_ROOT;XIRECS;12095.0;4
993100;TAKER;;ASH_COATED_OSMIUM;XIRECS;10011.0;12
993600;TAKER;;INTARIAN_PEPPER_ROOT;XIRECS;12104.0;7
993700;;TAKER;INTARIAN_PEPPER_ROOT;XIRECS;12093.0;13
993900;;TAKER;ASH_COATED_OSMIUM;XIRECS;9991.0;12
994000;;TAKER;ASH_COATED_OSMIUM;XIRECS;9991.0;6
994300;;TAKER;ASH_COATED_OSMIUM;XIRECS;9991.0;6
994400;;TAKER;ASH_COATED_OSMIUM;XIRECS;9992.0;15
994500;;TAKER;INTARIAN_PEPPER_ROOT;XIRECS;12093.0;12
994700;TAKER;;INTARIAN_PEPPER_ROOT;XIRECS;12106.0;15
994700;;TAKER;ASH_COATED_OSMIUM;XIRECS;9991.0;4
994900;;TAKER;INTARIAN_PEPPER_ROOT;XIRECS;12092.0;9
994900;TAKER;;ASH_COATED_OSMIUM;XIRECS;10012.0;8
995100;;TAKER;INTARIAN_PEPPER_ROOT;XIRECS;12091.0;8
995400;;TAKER;ASH_COATED_OSMIUM;XIRECS;9990.0;13
996100;;TAKER;ASH_COATED_OSMIUM;XIRECS;9989.0;4
996300;TAKER;;INTARIAN_PEPPER_ROOT;XIRECS;12107.0;10
996500;TAKER;;INTARIAN_PEPPER_ROOT;XIRECS;12105.0;11
996500;;TAKER;ASH_COATED_OSMIUM;XIRECS;9989.0;4
996900;;TAKER;INTARIAN_PEPPER_ROOT;XIRECS;12093.0;3
996900;TAKER;;ASH_COATED_OSMIUM;XIRECS;10008.0;15
997000;TAKER;;ASH_COATED_OSMIUM;XIRECS;10013.0;14
997100;;TAKER;ASH_COATED_OSMIUM;XIRECS;9993.0;6
997200;;TAKER;INTARIAN_PEPPER_ROOT;XIRECS;12091.0;5
997600;;TAKER;INTARIAN_PEPPER_ROOT;XIRECS;12092.0;10
997700;;TAKER;ASH_COATED_OSMIUM;XIRECS;9991.0;2
997800;TAKER;;INTARIAN_PEPPER_ROOT;XIRECS;12106.0;5
998100;;TAKER;INTARIAN_PEPPER_ROOT;XIRECS;12092.0;3
998200;TAKER;;ASH_COATED_OSMIUM;XIRECS;10014.0;12
998300;TAKER;;INTARIAN_PEPPER_ROOT;XIRECS;12107.0;15
998300;;TAKER;ASH_COATED_OSMIUM;XIRECS;9989.0;5
998500;TAKER;;INTARIAN_PEPPER_ROOT;XIRECS;12107.0;10
998600;TAKER;;ASH_COATED_OSMIUM;XIRECS;10011.0;6
998700;TAKER;;INTARIAN_PEPPER_ROOT;XIRECS;12106.0;11
999200;;TAKER;INTARIAN_PEPPER_ROOT;XIRECS;12093.0;8
999300;TAKER;;ASH_COATED_OSMIUM;XIRECS;10006.0;4
999400;;TAKER;INTARIAN_PEPPER_ROOT;XIRECS;12093.0;12
999600;;TAKER;INTARIAN_PEPPER_ROOT;XIRECS;12093.0;5
999600;;TAKER;ASH_COATED_OSMIUM;XIRECS;9988.0;12
999900;;TAKER;INTARIAN_PEPPER_ROOT;XIRECS;12093.0;6
